              ##                                     
   ####        #                  #                  
  #   #        #             #                       
 #       ###   #  ###   ### ###  ##   ### ## ##   ## 
 #       #  #  #  #  # #  #  #    #  #  #  #  #  #   
 #   ###  ###  #   ### #     #    #  #     #  #   #  
  #   #  #  #  #  #  # #     #    #  #     #  #    # 
   ####  #### ### ####  ###   ## ###  ###   #### ##  

 © 2009, 2010, 2011, 2012, 2013, 2014, 2015, 2016,
   2017, 2018, 2019, 2020, 2021, 2022, 2023, 2024,
   2025, 2026                                     
   - Andrew Benson

MM: NOTE: datasets are being read from /home/sackah/Galacticus/datasets/static/
MM: WARNING: parameter file may be missing important parameter updates - consider updating by running:

              ./scripts/aux/parametersMigrate.py /home/sackah/milkyway/parameter_files/baryonsMilkyWay.xml newParameterFile.xml

MM: -> Begin task: merger tree evolution
00:     NOTE: memory available (256.000 GB) determined from SLURM
00:     Memory usage: 10.407 GB / 256.000 GB
00:     -> Evolving tree number 10000 {1}
02:     Memory usage: 17.570 GB / 256.000 GB
02:     -> Evolving tree number 9998 {1}
17:     -> Evolving tree number 9983 {1}
01:     -> Evolving tree number 9999 {1}
61:     -> Evolving tree number 9939 {1}
32:     -> Evolving tree number 9968 {1}
62:     -> Evolving tree number 9938 {1}
31:     -> Evolving tree number 9969 {1}
08:     -> Evolving tree number 9992 {1}
46:     -> Evolving tree number 9954 {1}
21:     -> Evolving tree number 9979 {1}
38:     -> Evolving tree number 9962 {1}
11:     -> Evolving tree number 9989 {1}
52:     -> Evolving tree number 9948 {1}
09:     -> Evolving tree number 9991 {1}
14:     -> Evolving tree number 9986 {1}
29:     -> Evolving tree number 9971 {1}
45:     -> Evolving tree number 9955 {1}
13:     -> Evolving tree number 9987 {1}
18:     -> Evolving tree number 9982 {1}
48:     -> Evolving tree number 9952 {1}
59:     -> Evolving tree number 9941 {1}
19:     -> Evolving tree number 9981 {1}
22:     -> Evolving tree number 9978 {1}
33:     -> Evolving tree number 9967 {1}
43:     -> Evolving tree number 9957 {1}
10:     -> Evolving tree number 9990 {1}
26:     -> Evolving tree number 9974 {1}
03:     -> Evolving tree number 9997 {1}
07:     -> Evolving tree number 9993 {1}
12:     -> Evolving tree number 9988 {1}
06:     -> Evolving tree number 9994 {1}
51:     -> Evolving tree number 9949 {1}
27:     -> Evolving tree number 9973 {1}
49:     -> Evolving tree number 9951 {1}
24:     -> Evolving tree number 9976 {1}
53:     -> Evolving tree number 9947 {1}
50:     -> Evolving tree number 9950 {1}
57:     -> Evolving tree number 9943 {1}
47:     -> Evolving tree number 9953 {1}
60:     -> Evolving tree number 9940 {1}
41:     -> Evolving tree number 9959 {1}
15:     -> Evolving tree number 9985 {1}
54:     -> Evolving tree number 9946 {1}
63:     -> Evolving tree number 9937 {1}
55:     -> Evolving tree number 9945 {1}
36:     -> Evolving tree number 9964 {1}
34:     -> Evolving tree number 9966 {1}
37:     -> Evolving tree number 9963 {1}
25:     -> Evolving tree number 9975 {1}
16:     -> Evolving tree number 9984 {1}
35:     -> Evolving tree number 9965 {1}
44:     Memory usage: 21.157 GB / 256.000 GB
44:     -> Evolving tree number 9956 {1}
30:     -> Evolving tree number 9970 {1}
05:     -> Evolving tree number 9995 {1}
39:     -> Evolving tree number 9961 {1}
23:     -> Evolving tree number 9977 {1}
42:     -> Evolving tree number 9958 {1}
04:     -> Evolving tree number 9996 {1}
56:     -> Evolving tree number 9944 {1}
28:     -> Evolving tree number 9972 {1}
40:     -> Evolving tree number 9960 {1}
58:     -> Evolving tree number 9942 {1}
20:     -> Evolving tree number 9980 {1}
43:         Memory usage: 80.928 GB / 256.000 GB
43:         Output tree data at t=13.80 Gyr (output 1 of 1)
43:     <- Finished tree
43:     Progress: 1 trees processed; elapsed 11.5 m
43:     -> Evolving tree number 9893 {1}
53:         Output tree data at t=13.80 Gyr (output 1 of 1)
53:     <- Finished tree
53:     Progress: 2 trees processed; elapsed 14.2 m
53:     -> Evolving tree number 9883 {1}
30:         Output tree data at t=13.80 Gyr (output 1 of 1)
30:     <- Finished tree
30:     Progress: 3 trees processed; elapsed 16.0 m
30:     -> Evolving tree number 9906 {1}
07:         Output tree data at t=13.80 Gyr (output 1 of 1)
07:     <- Finished tree
07:     Progress: 4 trees processed; elapsed 17.3 m
62:         Output tree data at t=13.80 Gyr (output 1 of 1)
62:     <- Finished tree
07:     -> Evolving tree number 9929 {1}
29:         Output tree data at t=13.80 Gyr (output 1 of 1)
29:     <- Finished tree
62:     -> Evolving tree number 9874 {1}
29:     -> Evolving tree number 9907 {1}
41:         Output tree data at t=13.80 Gyr (output 1 of 1)
41:     <- Finished tree
41:     -> Evolving tree number 9895 {1}
19:         Output tree data at t=13.80 Gyr (output 1 of 1)
19:     <- Finished tree
19:     -> Evolving tree number 9917 {1}
04:         Output tree data at t=13.80 Gyr (output 1 of 1)
04:     <- Finished tree
04:     Progress: 9 trees processed; elapsed 18.5 m
04:     -> Evolving tree number 9932 {1}
17:         Output tree data at t=13.80 Gyr (output 1 of 1)
17:     <- Finished tree
17:     -> Evolving tree number 9919 {1}
47:         Output tree data at t=13.80 Gyr (output 1 of 1)
47:     <- Finished tree
47:     -> Evolving tree number 9889 {1}
31:         Output tree data at t=13.80 Gyr (output 1 of 1)
31:     <- Finished tree
31:     Progress: 12 trees processed; elapsed 19.6 m
54:         Output tree data at t=13.80 Gyr (output 1 of 1)
54:     <- Finished tree
55:         Output tree data at t=13.80 Gyr (output 1 of 1)
55:     <- Finished tree
31:     -> Evolving tree number 9905 {1}
54:     -> Evolving tree number 9882 {1}
60:         Output tree data at t=13.80 Gyr (output 1 of 1)
60:     <- Finished tree
03:         Output tree data at t=13.80 Gyr (output 1 of 1)
03:     <- Finished tree
55:     -> Evolving tree number 9881 {1}
42:         Output tree data at t=13.80 Gyr (output 1 of 1)
42:     <- Finished tree
34:         Output tree data at t=13.80 Gyr (output 1 of 1)
34:     <- Finished tree
03:     -> Evolving tree number 9933 {1}
60:     -> Evolving tree number 9876 {1}
42:     -> Evolving tree number 9894 {1}
34:     -> Evolving tree number 9902 {1}
45:         Output tree data at t=13.80 Gyr (output 1 of 1)
45:     <- Finished tree
45:     -> Evolving tree number 9891 {1}
40:         Output tree data at t=13.80 Gyr (output 1 of 1)
40:     <- Finished tree
38:         Output tree data at t=13.80 Gyr (output 1 of 1)
38:     <- Finished tree
02:         Output tree data at t=13.80 Gyr (output 1 of 1)
02:     <- Finished tree
08:         Output tree data at t=13.80 Gyr (output 1 of 1)
08:     <- Finished tree
40:     -> Evolving tree number 9896 {1}
38:     -> Evolving tree number 9898 {1}
02:     -> Evolving tree number 9934 {1}
10:         Output tree data at t=13.80 Gyr (output 1 of 1)
10:     <- Finished tree
10:     Progress: 24 trees processed; elapsed 20.7 m
08:     -> Evolving tree number 9928 {1}
56:         Output tree data at t=13.80 Gyr (output 1 of 1)
56:     <- Finished tree
10:     -> Evolving tree number 9926 {1}
56:     -> Evolving tree number 9880 {1}
51:         Output tree data at t=13.80 Gyr (output 1 of 1)
51:     <- Finished tree
12:         Output tree data at t=13.80 Gyr (output 1 of 1)
12:     <- Finished tree
49:         Output tree data at t=13.80 Gyr (output 1 of 1)
49:     <- Finished tree
51:     -> Evolving tree number 9885 {1}
12:     -> Evolving tree number 9924 {1}
49:     -> Evolving tree number 9887 {1}
21:         Output tree data at t=13.80 Gyr (output 1 of 1)
21:     <- Finished tree
48:         Output tree data at t=13.80 Gyr (output 1 of 1)
48:     <- Finished tree
09:         Output tree data at t=13.80 Gyr (output 1 of 1)
09:     <- Finished tree
21:     -> Evolving tree number 9915 {1}
48:     -> Evolving tree number 9888 {1}
09:     -> Evolving tree number 9927 {1}
28:         Output tree data at t=13.80 Gyr (output 1 of 1)
28:     <- Finished tree
28:     Progress: 32 trees processed; elapsed 22.2 m
58:         Output tree data at t=13.80 Gyr (output 1 of 1)
58:     <- Finished tree
28:     -> Evolving tree number 9908 {1}
58:     -> Evolving tree number 9878 {1}
20:         Output tree data at t=13.80 Gyr (output 1 of 1)
20:     <- Finished tree
20:     -> Evolving tree number 9916 {1}
44:         Output tree data at t=13.80 Gyr (output 1 of 1)
44:     <- Finished tree
44:     Progress: 35 trees processed; elapsed 23.2 m
44:     -> Evolving tree number 9892 {1}
25:         Output tree data at t=13.80 Gyr (output 1 of 1)
25:     <- Finished tree
25:     -> Evolving tree number 9911 {1}
01:         Output tree data at t=13.80 Gyr (output 1 of 1)
01:     <- Finished tree
50:         Output tree data at t=13.80 Gyr (output 1 of 1)
50:     <- Finished tree
18:         Output tree data at t=13.80 Gyr (output 1 of 1)
18:     <- Finished tree
33:         Output tree data at t=13.80 Gyr (output 1 of 1)
33:     <- Finished tree
01:     -> Evolving tree number 9935 {1}
50:     -> Evolving tree number 9886 {1}
18:     -> Evolving tree number 9918 {1}
33:     -> Evolving tree number 9903 {1}
06:         Output tree data at t=13.80 Gyr (output 1 of 1)
06:     <- Finished tree
06:     -> Evolving tree number 9930 {1}
39:         Output tree data at t=13.80 Gyr (output 1 of 1)
39:     <- Finished tree
39:     Progress: 42 trees processed; elapsed 24.2 m
39:     -> Evolving tree number 9897 {1}
46:         Output tree data at t=13.80 Gyr (output 1 of 1)
46:     <- Finished tree
46:     -> Evolving tree number 9890 {1}
23:         Output tree data at t=13.80 Gyr (output 1 of 1)
23:     <- Finished tree
11:         Output tree data at t=13.80 Gyr (output 1 of 1)
11:     <- Finished tree
52:         Output tree data at t=13.80 Gyr (output 1 of 1)
52:     <- Finished tree
23:     -> Evolving tree number 9913 {1}
11:     -> Evolving tree number 9925 {1}
52:     -> Evolving tree number 9884 {1}
26:         Output tree data at t=13.80 Gyr (output 1 of 1)
26:     <- Finished tree
26:     Progress: 47 trees processed; elapsed 25.3 m
26:     -> Evolving tree number 9910 {1}
63:         Output tree data at t=13.80 Gyr (output 1 of 1)
63:     <- Finished tree
63:     -> Evolving tree number 9873 {1}
15:         Output tree data at t=13.80 Gyr (output 1 of 1)
15:     <- Finished tree
57:         Output tree data at t=13.80 Gyr (output 1 of 1)
57:     <- Finished tree
15:     -> Evolving tree number 9921 {1}
57:     -> Evolving tree number 9879 {1}
27:         Output tree data at t=13.80 Gyr (output 1 of 1)
27:     <- Finished tree
27:     Progress: 51 trees processed; elapsed 27.1 m
43:         Output tree data at t=13.80 Gyr (output 1 of 1)
43:     <- Finished tree
27:     -> Evolving tree number 9909 {1}
43:     -> Evolving tree number 9829 {1}
59:         Output tree data at t=13.80 Gyr (output 1 of 1)
59:     <- Finished tree
59:     -> Evolving tree number 9877 {1}
16:         Output tree data at t=13.80 Gyr (output 1 of 1)
16:     <- Finished tree
32:         Output tree data at t=13.80 Gyr (output 1 of 1)
32:     <- Finished tree
32:     Progress: 55 trees processed; elapsed 28.1 m
16:     -> Evolving tree number 9920 {1}
32:     -> Evolving tree number 9904 {1}
14:         Output tree data at t=13.80 Gyr (output 1 of 1)
14:     <- Finished tree
14:     -> Evolving tree number 9922 {1}
36:         Output tree data at t=13.80 Gyr (output 1 of 1)
36:     <- Finished tree
36:     -> Evolving tree number 9900 {1}
05:         Output tree data at t=13.80 Gyr (output 1 of 1)
05:     <- Finished tree
05:     Progress: 58 trees processed; elapsed 29.5 m
05:     -> Evolving tree number 9931 {1}
00:         Output tree data at t=13.80 Gyr (output 1 of 1)
00:     <- Finished tree
00:     -> Evolving tree number 9936 {1}
41:         Output tree data at t=13.80 Gyr (output 1 of 1)
41:     <- Finished tree
37:         Output tree data at t=13.80 Gyr (output 1 of 1)
37:     <- Finished tree
41:     -> Evolving tree number 9831 {1}
37:     -> Evolving tree number 9899 {1}
24:         Output tree data at t=13.80 Gyr (output 1 of 1)
24:     <- Finished tree
24:     Progress: 62 trees processed; elapsed 30.5 m
13:         Output tree data at t=13.80 Gyr (output 1 of 1)
13:     <- Finished tree
24:     -> Evolving tree number 9912 {1}
13:     -> Evolving tree number 9923 {1}
35:         Output tree data at t=13.80 Gyr (output 1 of 1)
35:     <- Finished tree
35:     -> Evolving tree number 9901 {1}
62:         Output tree data at t=13.80 Gyr (output 1 of 1)
62:     <- Finished tree
62:     -> Evolving tree number 9810 {1}
61:         Output tree data at t=13.80 Gyr (output 1 of 1)
61:     <- Finished tree
61:     Progress: 66 trees processed; elapsed 33.9 m
61:     -> Evolving tree number 9875 {1}
21:         Output tree data at t=13.80 Gyr (output 1 of 1)
21:     <- Finished tree
21:     -> Evolving tree number 9851 {1}
22:         Output tree data at t=13.80 Gyr (output 1 of 1)
22:     <- Finished tree
22:     Progress: 68 trees processed; elapsed 35.1 m
22:     -> Evolving tree number 9914 {1}
30:         Output tree data at t=13.80 Gyr (output 1 of 1)
30:     <- Finished tree
30:     Progress: 69 trees processed; elapsed 36.5 m
30:     -> Evolving tree number 9842 {1}
49:         Output tree data at t=13.80 Gyr (output 1 of 1)
49:     <- Finished tree
49:     Progress: 70 trees processed; elapsed 38.4 m
49:     -> Evolving tree number 9823 {1}
17:         Output tree data at t=13.80 Gyr (output 1 of 1)
17:     <- Finished tree
17:     -> Evolving tree number 9855 {1}
47:         Output tree data at t=13.80 Gyr (output 1 of 1)
47:     <- Finished tree
01:         Output tree data at t=13.80 Gyr (output 1 of 1)
01:     <- Finished tree
47:     -> Evolving tree number 9825 {1}
01:     -> Evolving tree number 9871 {1}
50:         Output tree data at t=13.80 Gyr (output 1 of 1)
50:     <- Finished tree
50:     Progress: 74 trees processed; elapsed 39.9 m
50:     -> Evolving tree number 9822 {1}
44:         Output tree data at t=13.80 Gyr (output 1 of 1)
44:     <- Finished tree
44:     -> Evolving tree number 9828 {1}
56:         Output tree data at t=13.80 Gyr (output 1 of 1)
56:     <- Finished tree
56:     Progress: 76 trees processed; elapsed 41.0 m
56:     -> Evolving tree number 9816 {1}
19:         Output tree data at t=13.80 Gyr (output 1 of 1)
19:     <- Finished tree
19:     Progress: 77 trees processed; elapsed 42.1 m
34:         Output tree data at t=13.80 Gyr (output 1 of 1)
34:     <- Finished tree
19:     -> Evolving tree number 9853 {1}
08:         Output tree data at t=13.80 Gyr (output 1 of 1)
08:     <- Finished tree
34:     -> Evolving tree number 9838 {1}
29:         Output tree data at t=13.80 Gyr (output 1 of 1)
29:     <- Finished tree
08:     -> Evolving tree number 9864 {1}
20:         Output tree data at t=13.80 Gyr (output 1 of 1)
20:     <- Finished tree
29:     -> Evolving tree number 9843 {1}
20:     -> Evolving tree number 9852 {1}
40:         Output tree data at t=13.80 Gyr (output 1 of 1)
40:     <- Finished tree
40:     -> Evolving tree number 9832 {1}
53:         Output tree data at t=13.80 Gyr (output 1 of 1)
53:     <- Finished tree
53:     -> Evolving tree number 9819 {1}
55:         Output tree data at t=13.80 Gyr (output 1 of 1)
55:     <- Finished tree
55:     Progress: 84 trees processed; elapsed 43.3 m
55:     -> Evolving tree number 9817 {1}
51:         Output tree data at t=13.80 Gyr (output 1 of 1)
51:     <- Finished tree
51:     -> Evolving tree number 9821 {1}
07:         Output tree data at t=13.80 Gyr (output 1 of 1)
07:     <- Finished tree
07:     -> Evolving tree number 9865 {1}
09:         Output tree data at t=13.80 Gyr (output 1 of 1)
09:     <- Finished tree
09:     -> Evolving tree number 9863 {1}
13:         Output tree data at t=13.80 Gyr (output 1 of 1)
13:     <- Finished tree
13:     Progress: 88 trees processed; elapsed 44.4 m
39:         Output tree data at t=13.80 Gyr (output 1 of 1)
39:     <- Finished tree
13:     -> Evolving tree number 9859 {1}
39:     -> Evolving tree number 9833 {1}
04:         Output tree data at t=13.80 Gyr (output 1 of 1)
04:     <- Finished tree
04:     -> Evolving tree number 9868 {1}
59:         Output tree data at t=13.80 Gyr (output 1 of 1)
59:     <- Finished tree
03:         Output tree data at t=13.80 Gyr (output 1 of 1)
03:     <- Finished tree
27:         Output tree data at t=13.80 Gyr (output 1 of 1)
27:     <- Finished tree
59:     -> Evolving tree number 9813 {1}
03:     -> Evolving tree number 9869 {1}
27:     -> Evolving tree number 9845 {1}
05:         Output tree data at t=13.80 Gyr (output 1 of 1)
05:     <- Finished tree
05:     Progress: 94 trees processed; elapsed 45.9 m
31:         Output tree data at t=13.80 Gyr (output 1 of 1)
31:     <- Finished tree
05:     -> Evolving tree number 9867 {1}
31:     -> Evolving tree number 9841 {1}
54:         Output tree data at t=13.80 Gyr (output 1 of 1)
54:     <- Finished tree
54:     -> Evolving tree number 9818 {1}
38:         Output tree data at t=13.80 Gyr (output 1 of 1)
38:     <- Finished tree
62:         Output tree data at t=13.80 Gyr (output 1 of 1)
62:     <- Finished tree
38:     -> Evolving tree number 9834 {1}
62:     -> Evolving tree number 9746 {1}
45:         Output tree data at t=13.80 Gyr (output 1 of 1)
45:     <- Finished tree
45:     Progress: 99 trees processed; elapsed 47.3 m
12:         Output tree data at t=13.80 Gyr (output 1 of 1)
12:     <- Finished tree
45:     -> Evolving tree number 9827 {1}
12:     -> Evolving tree number 9860 {1}
23:         Output tree data at t=13.80 Gyr (output 1 of 1)
23:     <- Finished tree
18:         Output tree data at t=13.80 Gyr (output 1 of 1)
18:     <- Finished tree
23:     -> Evolving tree number 9849 {1}
18:     -> Evolving tree number 9854 {1}
28:         Output tree data at t=13.80 Gyr (output 1 of 1)
28:     <- Finished tree
28:     -> Evolving tree number 9844 {1}
37:         Output tree data at t=13.80 Gyr (output 1 of 1)
37:     <- Finished tree
37:     Progress: 104 trees processed; elapsed 48.9 m
10:         Output tree data at t=13.80 Gyr (output 1 of 1)
10:     <- Finished tree
37:     -> Evolving tree number 9835 {1}
42:         Output tree data at t=13.80 Gyr (output 1 of 1)
42:     <- Finished tree
10:     -> Evolving tree number 9862 {1}
42:     -> Evolving tree number 9830 {1}
46:         Output tree data at t=13.80 Gyr (output 1 of 1)
46:     <- Finished tree
58:         Output tree data at t=13.80 Gyr (output 1 of 1)
58:     <- Finished tree
46:     -> Evolving tree number 9826 {1}
58:     -> Evolving tree number 9814 {1}
43:         Output tree data at t=13.80 Gyr (output 1 of 1)
43:     <- Finished tree
33:         Output tree data at t=13.80 Gyr (output 1 of 1)
33:     <- Finished tree
43:     -> Evolving tree number 9765 {1}
33:     -> Evolving tree number 9839 {1}
57:         Output tree data at t=13.80 Gyr (output 1 of 1)
57:     <- Finished tree
57:     Progress: 111 trees processed; elapsed 50.2 m
57:     -> Evolving tree number 9815 {1}
06:         Output tree data at t=13.80 Gyr (output 1 of 1)
06:     <- Finished tree
26:         Output tree data at t=13.80 Gyr (output 1 of 1)
26:     <- Finished tree
06:     -> Evolving tree number 9866 {1}
26:     -> Evolving tree number 9846 {1}
60:         Output tree data at t=13.80 Gyr (output 1 of 1)
60:     <- Finished tree
60:     Progress: 114 trees processed; elapsed 51.3 m
24:         Output tree data at t=13.80 Gyr (output 1 of 1)
24:     <- Finished tree
60:     -> Evolving tree number 9812 {1}
24:     -> Evolving tree number 9848 {1}
49:         Output tree data at t=13.80 Gyr (output 1 of 1)
49:     <- Finished tree
49:     -> Evolving tree number 9759 {1}
11:         Output tree data at t=13.80 Gyr (output 1 of 1)
11:     <- Finished tree
32:         Output tree data at t=13.80 Gyr (output 1 of 1)
32:     <- Finished tree
00:         Output tree data at t=13.80 Gyr (output 1 of 1)
00:     <- Finished tree
11:     -> Evolving tree number 9861 {1}
32:     -> Evolving tree number 9840 {1}
00:     -> Evolving tree number 9872 {1}
48:         Output tree data at t=13.80 Gyr (output 1 of 1)
48:     <- Finished tree
48:     Progress: 120 trees processed; elapsed 52.8 m
16:         Output tree data at t=13.80 Gyr (output 1 of 1)
16:     <- Finished tree
48:     -> Evolving tree number 9824 {1}
16:     -> Evolving tree number 9856 {1}
25:         Output tree data at t=13.80 Gyr (output 1 of 1)
25:     <- Finished tree
63:         Output tree data at t=13.80 Gyr (output 1 of 1)
63:     <- Finished tree
25:     -> Evolving tree number 9847 {1}
15:         Output tree data at t=13.80 Gyr (output 1 of 1)
15:     <- Finished tree
63:     -> Evolving tree number 9809 {1}
15:     -> Evolving tree number 9857 {1}
02:         Output tree data at t=13.80 Gyr (output 1 of 1)
02:     <- Finished tree
02:     Progress: 125 trees processed; elapsed 53.9 m
02:     -> Evolving tree number 9870 {1}
36:         Output tree data at t=13.80 Gyr (output 1 of 1)
36:     <- Finished tree
36:     -> Evolving tree number 9836 {1}
52:         Output tree data at t=13.80 Gyr (output 1 of 1)
52:     <- Finished tree
52:     -> Evolving tree number 9820 {1}
22:         Output tree data at t=13.80 Gyr (output 1 of 1)
22:     <- Finished tree
22:     Progress: 128 trees processed; elapsed 55.3 m
22:     -> Evolving tree number 9850 {1}
34:         Output tree data at t=13.80 Gyr (output 1 of 1)
34:     <- Finished tree
34:     -> Evolving tree number 9774 {1}
14:         Output tree data at t=13.80 Gyr (output 1 of 1)
14:     <- Finished tree
14:     -> Evolving tree number 9858 {1}
09:         Output tree data at t=13.80 Gyr (output 1 of 1)
09:     <- Finished tree
09:     Progress: 131 trees processed; elapsed 57.1 m
41:         Output tree data at t=13.80 Gyr (output 1 of 1)
41:     <- Finished tree
09:     -> Evolving tree number 9799 {1}
41:     -> Evolving tree number 9767 {1}
30:         Output tree data at t=13.80 Gyr (output 1 of 1)
30:     <- Finished tree
30:     Progress: 133 trees processed; elapsed 58.3 m
30:     -> Evolving tree number 9778 {1}
53:         Output tree data at t=13.80 Gyr (output 1 of 1)
53:     <- Finished tree
53:     -> Evolving tree number 9755 {1}
61:         Output tree data at t=13.80 Gyr (output 1 of 1)
61:     <- Finished tree
61:     -> Evolving tree number 9811 {1}
08:         Output tree data at t=13.80 Gyr (output 1 of 1)
08:     <- Finished tree
08:     -> Evolving tree number 9800 {1}
35:         Output tree data at t=13.80 Gyr (output 1 of 1)
35:     <- Finished tree
35:     Progress: 137 trees processed; elapsed 59.5 m
35:     -> Evolving tree number 9837 {1}
21:         Output tree data at t=13.80 Gyr (output 1 of 1)
21:     <- Finished tree
21:     -> Evolving tree number 9787 {1}
19:         Output tree data at t=13.80 Gyr (output 1 of 1)
19:     <- Finished tree
19:     Progress: 139 trees processed; elapsed 1.04 h
19:     -> Evolving tree number 9789 {1}
50:         Output tree data at t=13.80 Gyr (output 1 of 1)
50:     <- Finished tree
01:         Output tree data at t=13.80 Gyr (output 1 of 1)
01:     <- Finished tree
50:     -> Evolving tree number 9758 {1}
01:     -> Evolving tree number 9807 {1}
46:         Output tree data at t=13.80 Gyr (output 1 of 1)
46:     <- Finished tree
46:     -> Evolving tree number 9762 {1}
47:         Output tree data at t=13.80 Gyr (output 1 of 1)
47:     <- Finished tree
47:     Progress: 143 trees processed; elapsed 1.07 h
40:         Output tree data at t=13.80 Gyr (output 1 of 1)
40:     <- Finished tree
47:     -> Evolving tree number 9761 {1}
40:     -> Evolving tree number 9768 {1}
13:         Output tree data at t=13.80 Gyr (output 1 of 1)
13:     <- Finished tree
13:     Progress: 145 trees processed; elapsed 1.10 h
04:         Output tree data at t=13.80 Gyr (output 1 of 1)
04:     <- Finished tree
13:     -> Evolving tree number 9795 {1}
07:         Output tree data at t=13.80 Gyr (output 1 of 1)
07:     <- Finished tree
51:         Output tree data at t=13.80 Gyr (output 1 of 1)
51:     <- Finished tree
04:     -> Evolving tree number 9804 {1}
07:     -> Evolving tree number 9801 {1}
10:         Output tree data at t=13.80 Gyr (output 1 of 1)
10:     <- Finished tree
51:     -> Evolving tree number 9757 {1}
10:     -> Evolving tree number 9798 {1}
23:         Output tree data at t=13.80 Gyr (output 1 of 1)
23:     <- Finished tree
23:     -> Evolving tree number 9785 {1}
54:         Output tree data at t=13.80 Gyr (output 1 of 1)
54:     <- Finished tree
54:     Progress: 151 trees processed; elapsed 1.12 h
54:     -> Evolving tree number 9754 {1}
39:         Output tree data at t=13.80 Gyr (output 1 of 1)
39:     <- Finished tree
39:     -> Evolving tree number 9769 {1}
20:         Output tree data at t=13.80 Gyr (output 1 of 1)
20:     <- Finished tree
56:         Output tree data at t=13.80 Gyr (output 1 of 1)
56:     <- Finished tree
20:     -> Evolving tree number 9788 {1}
56:     -> Evolving tree number 9752 {1}
38:         Output tree data at t=13.80 Gyr (output 1 of 1)
38:     <- Finished tree
38:     Progress: 155 trees processed; elapsed 1.14 h
38:     -> Evolving tree number 9770 {1}
00:         Output tree data at t=13.80 Gyr (output 1 of 1)
00:     <- Finished tree
00:     -> Evolving tree number 9808 {1}
12:         Output tree data at t=13.80 Gyr (output 1 of 1)
12:     <- Finished tree
58:         Output tree data at t=13.80 Gyr (output 1 of 1)
58:     <- Finished tree
12:     -> Evolving tree number 9796 {1}
58:     -> Evolving tree number 9750 {1}
05:         Output tree data at t=13.80 Gyr (output 1 of 1)
05:     <- Finished tree
05:     Progress: 159 trees processed; elapsed 1.17 h
44:         Output tree data at t=13.80 Gyr (output 1 of 1)
44:     <- Finished tree
44:     -> Evolving tree number 9764 {1}
05:     -> Evolving tree number 9803 {1}
55:         Output tree data at t=13.80 Gyr (output 1 of 1)
55:     <- Finished tree
37:         Output tree data at t=13.80 Gyr (output 1 of 1)
37:     <- Finished tree
48:         Output tree data at t=13.80 Gyr (output 1 of 1)
48:     <- Finished tree
55:     -> Evolving tree number 9753 {1}
37:     -> Evolving tree number 9771 {1}
48:     -> Evolving tree number 9760 {1}
29:         Output tree data at t=13.80 Gyr (output 1 of 1)
29:     <- Finished tree
29:     Progress: 164 trees processed; elapsed 1.18 h
03:         Output tree data at t=13.80 Gyr (output 1 of 1)
03:     <- Finished tree
29:     -> Evolving tree number 9779 {1}
03:     -> Evolving tree number 9805 {1}
57:         Output tree data at t=13.80 Gyr (output 1 of 1)
57:     <- Finished tree
57:     -> Evolving tree number 9751 {1}
43:         Output tree data at t=13.80 Gyr (output 1 of 1)
43:     <- Finished tree
43:     -> Evolving tree number 9701 {1}
63:         Output tree data at t=13.80 Gyr (output 1 of 1)
63:     <- Finished tree
63:     -> Evolving tree number 9745 {1}
31:         Output tree data at t=13.80 Gyr (output 1 of 1)
31:     <- Finished tree
31:     Progress: 169 trees processed; elapsed 1.20 h
42:         Output tree data at t=13.80 Gyr (output 1 of 1)
42:     <- Finished tree
31:     -> Evolving tree number 9777 {1}
42:     -> Evolving tree number 9766 {1}
22:         Output tree data at t=13.80 Gyr (output 1 of 1)
22:     <- Finished tree
59:         Output tree data at t=13.80 Gyr (output 1 of 1)
59:     <- Finished tree
22:     -> Evolving tree number 9786 {1}
59:     -> Evolving tree number 9749 {1}
17:         Output tree data at t=13.80 Gyr (output 1 of 1)
17:     <- Finished tree
17:     Progress: 173 trees processed; elapsed 1.23 h
18:         Output tree data at t=13.80 Gyr (output 1 of 1)
18:     <- Finished tree
45:         Output tree data at t=13.80 Gyr (output 1 of 1)
45:     <- Finished tree
17:     -> Evolving tree number 9791 {1}
18:     -> Evolving tree number 9790 {1}
45:     -> Evolving tree number 9763 {1}
27:         Output tree data at t=13.80 Gyr (output 1 of 1)
27:     <- Finished tree
28:         Output tree data at t=13.80 Gyr (output 1 of 1)
28:     <- Finished tree
27:     -> Evolving tree number 9781 {1}
28:     -> Evolving tree number 9780 {1}
62:         Output tree data at t=13.80 Gyr (output 1 of 1)
62:     <- Finished tree
62:     Progress: 178 trees processed; elapsed 1.25 h
62:     -> Evolving tree number 9682 {1}
02:         Output tree data at t=13.80 Gyr (output 1 of 1)
02:     <- Finished tree
02:     -> Evolving tree number 9806 {1}
60:         Output tree data at t=13.80 Gyr (output 1 of 1)
60:     <- Finished tree
60:     Progress: 180 trees processed; elapsed 1.28 h
34:         Output tree data at t=13.80 Gyr (output 1 of 1)
34:     <- Finished tree
60:     -> Evolving tree number 9748 {1}
34:     -> Evolving tree number 9710 {1}
24:         Output tree data at t=13.80 Gyr (output 1 of 1)
24:     <- Finished tree
24:     -> Evolving tree number 9784 {1}
41:         Output tree data at t=13.80 Gyr (output 1 of 1)
41:     <- Finished tree
41:     Progress: 183 trees processed; elapsed 1.30 h
33:         Output tree data at t=13.80 Gyr (output 1 of 1)
33:     <- Finished tree
41:     -> Evolving tree number 9703 {1}
33:     -> Evolving tree number 9775 {1}
15:         Output tree data at t=13.80 Gyr (output 1 of 1)
15:     <- Finished tree
26:         Output tree data at t=13.80 Gyr (output 1 of 1)
26:     <- Finished tree
15:     -> Evolving tree number 9793 {1}
26:     -> Evolving tree number 9782 {1}
25:         Output tree data at t=13.80 Gyr (output 1 of 1)
25:     <- Finished tree
25:     -> Evolving tree number 9783 {1}
32:         Output tree data at t=13.80 Gyr (output 1 of 1)
32:     <- Finished tree
32:     Progress: 188 trees processed; elapsed 1.32 h
32:     -> Evolving tree number 9776 {1}
30:         Output tree data at t=13.80 Gyr (output 1 of 1)
30:     <- Finished tree
30:     -> Evolving tree number 9714 {1}
49:         Output tree data at t=13.80 Gyr (output 1 of 1)
49:     <- Finished tree
49:     -> Evolving tree number 9695 {1}
06:         Output tree data at t=13.80 Gyr (output 1 of 1)
06:     <- Finished tree
06:     Progress: 191 trees processed; elapsed 1.34 h
06:     -> Evolving tree number 9802 {1}
16:         Output tree data at t=13.80 Gyr (output 1 of 1)
16:     <- Finished tree
16:     Progress: 192 trees processed; elapsed 1.38 h
36:         Output tree data at t=13.80 Gyr (output 1 of 1)
36:     <- Finished tree
16:     -> Evolving tree number 9792 {1}
36:     -> Evolving tree number 9772 {1}
53:         Output tree data at t=13.80 Gyr (output 1 of 1)
53:     <- Finished tree
11:         Output tree data at t=13.80 Gyr (output 1 of 1)
11:     <- Finished tree
53:     -> Evolving tree number 9691 {1}
11:     -> Evolving tree number 9797 {1}
52:         Output tree data at t=13.80 Gyr (output 1 of 1)
52:     <- Finished tree
52:     Progress: 196 trees processed; elapsed 1.40 h
52:     -> Evolving tree number 9756 {1}
14:         Output tree data at t=13.80 Gyr (output 1 of 1)
14:     <- Finished tree
09:         Output tree data at t=13.80 Gyr (output 1 of 1)
09:     <- Finished tree
14:     -> Evolving tree number 9794 {1}
09:     -> Evolving tree number 9735 {1}
46:         Output tree data at t=13.80 Gyr (output 1 of 1)
46:     <- Finished tree
46:     Progress: 199 trees processed; elapsed 1.42 h
46:     -> Evolving tree number 9698 {1}
50:         Output tree data at t=13.80 Gyr (output 1 of 1)
50:     <- Finished tree
50:     -> Evolving tree number 9694 {1}
35:         Output tree data at t=13.80 Gyr (output 1 of 1)
35:     <- Finished tree
35:     -> Evolving tree number 9773 {1}
23:         Output tree data at t=13.80 Gyr (output 1 of 1)
23:     <- Finished tree
39:         Output tree data at t=13.80 Gyr (output 1 of 1)
39:     <- Finished tree
23:     -> Evolving tree number 9721 {1}
20:         Output tree data at t=13.80 Gyr (output 1 of 1)
20:     <- Finished tree
39:     -> Evolving tree number 9705 {1}
38:         Output tree data at t=13.80 Gyr (output 1 of 1)
38:     <- Finished tree
38:     Progress: 205 trees processed; elapsed 1.44 h
20:     -> Evolving tree number 9724 {1}
38:     -> Evolving tree number 9706 {1}
01:         Output tree data at t=13.80 Gyr (output 1 of 1)
01:     <- Finished tree
40:         Output tree data at t=13.80 Gyr (output 1 of 1)
40:     <- Finished tree
01:     -> Evolving tree number 9743 {1}
40:     -> Evolving tree number 9704 {1}
51:         Output tree data at t=13.80 Gyr (output 1 of 1)
51:     <- Finished tree
51:     -> Evolving tree number 9693 {1}
00:         Output tree data at t=13.80 Gyr (output 1 of 1)
00:     <- Finished tree
00:     -> Evolving tree number 9744 {1}
61:         Output tree data at t=13.80 Gyr (output 1 of 1)
61:     <- Finished tree
61:     Progress: 210 trees processed; elapsed 1.46 h
61:     -> Evolving tree number 9747 {1}
21:         Output tree data at t=13.80 Gyr (output 1 of 1)
21:     <- Finished tree
10:         Output tree data at t=13.80 Gyr (output 1 of 1)
10:     <- Finished tree
21:     -> Evolving tree number 9723 {1}
10:     -> Evolving tree number 9734 {1}
08:         Output tree data at t=13.80 Gyr (output 1 of 1)
08:     <- Finished tree
08:     -> Evolving tree number 9736 {1}
13:         Output tree data at t=13.80 Gyr (output 1 of 1)
13:     <- Finished tree
13:     Progress: 214 trees processed; elapsed 1.48 h
13:     -> Evolving tree number 9731 {1}
48:         Output tree data at t=13.80 Gyr (output 1 of 1)
48:     <- Finished tree
48:     -> Evolving tree number 9696 {1}
43:         Output tree data at t=13.80 Gyr (output 1 of 1)
43:     <- Finished tree
43:     Progress: 216 trees processed; elapsed 1.50 h
43:     -> Evolving tree number 9637 {1}
04:         Output tree data at t=13.80 Gyr (output 1 of 1)
04:     <- Finished tree
04:     -> Evolving tree number 9740 {1}
54:         Output tree data at t=13.80 Gyr (output 1 of 1)
54:     <- Finished tree
54:     Progress: 218 trees processed; elapsed 1.53 h
54:     -> Evolving tree number 9690 {1}
57:         Output tree data at t=13.80 Gyr (output 1 of 1)
57:     <- Finished tree
47:         Output tree data at t=13.80 Gyr (output 1 of 1)
47:     <- Finished tree
57:     -> Evolving tree number 9687 {1}
47:     -> Evolving tree number 9697 {1}
37:         Output tree data at t=13.80 Gyr (output 1 of 1)
37:     <- Finished tree
19:         Output tree data at t=13.80 Gyr (output 1 of 1)
19:     <- Finished tree
37:     -> Evolving tree number 9707 {1}
19:     -> Evolving tree number 9725 {1}
12:         Output tree data at t=13.80 Gyr (output 1 of 1)
12:     <- Finished tree
12:     Progress: 223 trees processed; elapsed 1.56 h
12:     -> Evolving tree number 9732 {1}
24:         Output tree data at t=13.80 Gyr (output 1 of 1)
24:     <- Finished tree
24:     -> Evolving tree number 9720 {1}
05:         Output tree data at t=13.80 Gyr (output 1 of 1)
05:     <- Finished tree
05:     -> Evolving tree number 9739 {1}
56:         Output tree data at t=13.80 Gyr (output 1 of 1)
56:     <- Finished tree
56:     Progress: 226 trees processed; elapsed 1.57 h
42:         Output tree data at t=13.80 Gyr (output 1 of 1)
42:     <- Finished tree
56:     -> Evolving tree number 9688 {1}
42:     -> Evolving tree number 9702 {1}
55:         Output tree data at t=13.80 Gyr (output 1 of 1)
55:     <- Finished tree
58:         Output tree data at t=13.80 Gyr (output 1 of 1)
58:     <- Finished tree
55:     -> Evolving tree number 9689 {1}
58:     -> Evolving tree number 9686 {1}
17:         Output tree data at t=13.80 Gyr (output 1 of 1)
17:     <- Finished tree
17:     -> Evolving tree number 9727 {1}
31:         Output tree data at t=13.80 Gyr (output 1 of 1)
31:     <- Finished tree
31:     Progress: 231 trees processed; elapsed 1.59 h
30:         Output tree data at t=13.80 Gyr (output 1 of 1)
30:     <- Finished tree
31:     -> Evolving tree number 9713 {1}
30:     -> Evolving tree number 9650 {1}
18:         Output tree data at t=13.80 Gyr (output 1 of 1)
18:     <- Finished tree
18:     -> Evolving tree number 9726 {1}
29:         Output tree data at t=13.80 Gyr (output 1 of 1)
29:     <- Finished tree
29:     -> Evolving tree number 9715 {1}
60:         Output tree data at t=13.80 Gyr (output 1 of 1)
60:     <- Finished tree
07:         Output tree data at t=13.80 Gyr (output 1 of 1)
07:     <- Finished tree
60:     -> Evolving tree number 9684 {1}
07:     -> Evolving tree number 9737 {1}
27:         Output tree data at t=13.80 Gyr (output 1 of 1)
27:     <- Finished tree
27:     Progress: 237 trees processed; elapsed 1.61 h
27:     -> Evolving tree number 9717 {1}
41:         Output tree data at t=13.80 Gyr (output 1 of 1)
41:     <- Finished tree
41:     -> Evolving tree number 9639 {1}
63:         Output tree data at t=13.80 Gyr (output 1 of 1)
63:     <- Finished tree
63:     -> Evolving tree number 9681 {1}
45:         Output tree data at t=13.80 Gyr (output 1 of 1)
45:     <- Finished tree
03:         Output tree data at t=13.80 Gyr (output 1 of 1)
03:     <- Finished tree
44:         Output tree data at t=13.80 Gyr (output 1 of 1)
44:     <- Finished tree
44:     Progress: 242 trees processed; elapsed 1.63 h
45:     -> Evolving tree number 9699 {1}
03:     -> Evolving tree number 9741 {1}
44:     -> Evolving tree number 9700 {1}
22:         Output tree data at t=13.80 Gyr (output 1 of 1)
22:     <- Finished tree
22:     -> Evolving tree number 9722 {1}
33:         Output tree data at t=13.80 Gyr (output 1 of 1)
33:     <- Finished tree
33:     Progress: 244 trees processed; elapsed 1.65 h
33:     -> Evolving tree number 9711 {1}
35:         Output tree data at t=13.80 Gyr (output 1 of 1)
35:     <- Finished tree
35:     -> Evolving tree number 9709 {1}
32:         Output tree data at t=13.80 Gyr (output 1 of 1)
32:     <- Finished tree
32:     -> Evolving tree number 9712 {1}
62:         Output tree data at t=13.80 Gyr (output 1 of 1)
62:     <- Finished tree
15:         Output tree data at t=13.80 Gyr (output 1 of 1)
15:     <- Finished tree
49:         Output tree data at t=13.80 Gyr (output 1 of 1)
49:     <- Finished tree
49:     Progress: 249 trees processed; elapsed 1.67 h
62:     -> Evolving tree number 9618 {1}
11:         Output tree data at t=13.80 Gyr (output 1 of 1)
11:     <- Finished tree
15:     -> Evolving tree number 9729 {1}
49:     -> Evolving tree number 9631 {1}
11:     -> Evolving tree number 9733 {1}
28:         Output tree data at t=13.80 Gyr (output 1 of 1)
28:     <- Finished tree
28:     -> Evolving tree number 9716 {1}
14:         Output tree data at t=13.80 Gyr (output 1 of 1)
14:     <- Finished tree
14:     Progress: 252 trees processed; elapsed 1.69 h
14:     -> Evolving tree number 9730 {1}
59:         Output tree data at t=13.80 Gyr (output 1 of 1)
59:     <- Finished tree
59:     -> Evolving tree number 9685 {1}
52:         Output tree data at t=13.80 Gyr (output 1 of 1)
52:     <- Finished tree
52:     Progress: 254 trees processed; elapsed 1.72 h
52:     -> Evolving tree number 9692 {1}
26:         Output tree data at t=13.80 Gyr (output 1 of 1)
26:     <- Finished tree
16:         Output tree data at t=13.80 Gyr (output 1 of 1)
16:     <- Finished tree
26:     -> Evolving tree number 9718 {1}
16:     -> Evolving tree number 9728 {1}
38:         Output tree data at t=13.80 Gyr (output 1 of 1)
38:     <- Finished tree
38:     -> Evolving tree number 9642 {1}
02:         Output tree data at t=13.80 Gyr (output 1 of 1)
02:     <- Finished tree
02:     Progress: 258 trees processed; elapsed 1.74 h
02:     -> Evolving tree number 9742 {1}
51:         Output tree data at t=13.80 Gyr (output 1 of 1)
51:     <- Finished tree
51:     Progress: 259 trees processed; elapsed 1.76 h
48:         Output tree data at t=13.80 Gyr (output 1 of 1)
48:     <- Finished tree
51:     -> Evolving tree number 9629 {1}
48:     -> Evolving tree number 9632 {1}
00:         Output tree data at t=13.80 Gyr (output 1 of 1)
00:     <- Finished tree
00:     -> Evolving tree number 9680 {1}
13:         Output tree data at t=13.80 Gyr (output 1 of 1)
13:     <- Finished tree
13:     -> Evolving tree number 9667 {1}
46:         Output tree data at t=13.80 Gyr (output 1 of 1)
46:     <- Finished tree
46:     Progress: 263 trees processed; elapsed 1.79 h
46:     -> Evolving tree number 9634 {1}
54:         Output tree data at t=13.80 Gyr (output 1 of 1)
54:     <- Finished tree
54:     -> Evolving tree number 9626 {1}
47:         Output tree data at t=13.80 Gyr (output 1 of 1)
47:     <- Finished tree
47:     -> Evolving tree number 9633 {1}
34:         Output tree data at t=13.80 Gyr (output 1 of 1)
34:     <- Finished tree
34:     Progress: 266 trees processed; elapsed 1.82 h
34:     -> Evolving tree number 9646 {1}
06:         Output tree data at t=13.80 Gyr (output 1 of 1)
06:     <- Finished tree
06:     -> Evolving tree number 9738 {1}
09:         Output tree data at t=13.80 Gyr (output 1 of 1)
09:     <- Finished tree
09:     -> Evolving tree number 9671 {1}
01:         Output tree data at t=13.80 Gyr (output 1 of 1)
01:     <- Finished tree
01:     -> Evolving tree number 9679 {1}
53:         Output tree data at t=13.80 Gyr (output 1 of 1)
53:     <- Finished tree
53:     Progress: 270 trees processed; elapsed 1.84 h
53:     -> Evolving tree number 9627 {1}
25:         Output tree data at t=13.80 Gyr (output 1 of 1)
25:     <- Finished tree
25:     Progress: 271 trees processed; elapsed 1.86 h
24:         Output tree data at t=13.80 Gyr (output 1 of 1)
24:     <- Finished tree
23:         Output tree data at t=13.80 Gyr (output 1 of 1)
23:     <- Finished tree
36:         Output tree data at t=13.80 Gyr (output 1 of 1)
36:     <- Finished tree
57:         Output tree data at t=13.80 Gyr (output 1 of 1)
57:     <- Finished tree
25:     -> Evolving tree number 9719 {1}
24:     -> Evolving tree number 9656 {1}
36:     -> Evolving tree number 9708 {1}
23:     -> Evolving tree number 9657 {1}
57:     -> Evolving tree number 9623 {1}
21:         Output tree data at t=13.80 Gyr (output 1 of 1)
21:     <- Finished tree
21:     -> Evolving tree number 9659 {1}
03:         Output tree data at t=13.80 Gyr (output 1 of 1)
03:     <- Finished tree
03:     -> Evolving tree number 9677 {1}
05:         Output tree data at t=13.80 Gyr (output 1 of 1)
05:     <- Finished tree
05:     Progress: 278 trees processed; elapsed 1.89 h
05:     -> Evolving tree number 9675 {1}
40:         Output tree data at t=13.80 Gyr (output 1 of 1)
40:     <- Finished tree
60:         Output tree data at t=13.80 Gyr (output 1 of 1)
60:     <- Finished tree
30:         Output tree data at t=13.80 Gyr (output 1 of 1)
30:     <- Finished tree
30:     Progress: 281 trees processed; elapsed 1.90 h
40:     -> Evolving tree number 9640 {1}
60:     -> Evolving tree number 9620 {1}
30:     -> Evolving tree number 9586 {1}
08:         Output tree data at t=13.80 Gyr (output 1 of 1)
08:     <- Finished tree
08:     Progress: 282 trees processed; elapsed 1.92 h
49:         Output tree data at t=13.80 Gyr (output 1 of 1)
49:     <- Finished tree
08:     -> Evolving tree number 9672 {1}
42:         Output tree data at t=13.80 Gyr (output 1 of 1)
42:     <- Finished tree
07:         Output tree data at t=13.80 Gyr (output 1 of 1)
07:     <- Finished tree
49:     -> Evolving tree number 9567 {1}
42:     -> Evolving tree number 9638 {1}
07:     -> Evolving tree number 9673 {1}
50:         Output tree data at t=13.80 Gyr (output 1 of 1)
50:     <- Finished tree
50:     -> Evolving tree number 9630 {1}
19:         Output tree data at t=13.80 Gyr (output 1 of 1)
19:     <- Finished tree
39:         Output tree data at t=13.80 Gyr (output 1 of 1)
39:     <- Finished tree
19:     -> Evolving tree number 9661 {1}
39:     -> Evolving tree number 9641 {1}
44:         Output tree data at t=13.80 Gyr (output 1 of 1)
44:     <- Finished tree
44:     Progress: 289 trees processed; elapsed 1.94 h
10:         Output tree data at t=13.80 Gyr (output 1 of 1)
10:     <- Finished tree
56:         Output tree data at t=13.80 Gyr (output 1 of 1)
56:     <- Finished tree
44:     -> Evolving tree number 9636 {1}
10:     -> Evolving tree number 9670 {1}
56:     -> Evolving tree number 9624 {1}
58:         Output tree data at t=13.80 Gyr (output 1 of 1)
58:     <- Finished tree
58:     -> Evolving tree number 9622 {1}
41:         Output tree data at t=13.80 Gyr (output 1 of 1)
41:     <- Finished tree
41:     -> Evolving tree number 9575 {1}
31:         Output tree data at t=13.80 Gyr (output 1 of 1)
31:     <- Finished tree
17:         Output tree data at t=13.80 Gyr (output 1 of 1)
17:     <- Finished tree
31:     -> Evolving tree number 9649 {1}
17:     -> Evolving tree number 9663 {1}
43:         Output tree data at t=13.80 Gyr (output 1 of 1)
43:     <- Finished tree
43:     Progress: 296 trees processed; elapsed 1.96 h
43:     -> Evolving tree number 9573 {1}
37:         Output tree data at t=13.80 Gyr (output 1 of 1)
37:     <- Finished tree
04:         Output tree data at t=13.80 Gyr (output 1 of 1)
04:     <- Finished tree
04:     -> Evolving tree number 9676 {1}
37:     -> Evolving tree number 9643 {1}
20:         Output tree data at t=13.80 Gyr (output 1 of 1)
20:     <- Finished tree
59:         Output tree data at t=13.80 Gyr (output 1 of 1)
59:     <- Finished tree
20:     -> Evolving tree number 9660 {1}
59:     -> Evolving tree number 9621 {1}
18:         Output tree data at t=13.80 Gyr (output 1 of 1)
18:     <- Finished tree
18:     Progress: 301 trees processed; elapsed 1.98 h
18:     -> Evolving tree number 9662 {1}
28:         Output tree data at t=13.80 Gyr (output 1 of 1)
28:     <- Finished tree
28:     -> Evolving tree number 9652 {1}
61:         Output tree data at t=13.80 Gyr (output 1 of 1)
61:     <- Finished tree
61:     Progress: 303 trees processed; elapsed 2.00 h
61:     -> Evolving tree number 9683 {1}
51:         Output tree data at t=13.80 Gyr (output 1 of 1)
51:     <- Finished tree
51:     -> Evolving tree number 9565 {1}
35:         Output tree data at t=13.80 Gyr (output 1 of 1)
35:     <- Finished tree
35:     Progress: 305 trees processed; elapsed 2.02 h
35:     -> Evolving tree number 9645 {1}
27:         Output tree data at t=13.80 Gyr (output 1 of 1)
27:     <- Finished tree
27:     -> Evolving tree number 9653 {1}
12:         Output tree data at t=13.80 Gyr (output 1 of 1)
12:     <- Finished tree
12:     -> Evolving tree number 9668 {1}
14:         Output tree data at t=13.80 Gyr (output 1 of 1)
14:     <- Finished tree
14:     Progress: 308 trees processed; elapsed 2.04 h
29:         Output tree data at t=13.80 Gyr (output 1 of 1)
29:     <- Finished tree
14:     -> Evolving tree number 9666 {1}
29:     -> Evolving tree number 9651 {1}
48:         Output tree data at t=13.80 Gyr (output 1 of 1)
48:     <- Finished tree
48:     Progress: 310 trees processed; elapsed 2.05 h
48:     -> Evolving tree number 9568 {1}
63:         Output tree data at t=13.80 Gyr (output 1 of 1)
63:     <- Finished tree
63:     -> Evolving tree number 9617 {1}
52:         Output tree data at t=13.80 Gyr (output 1 of 1)
52:     <- Finished tree
52:     -> Evolving tree number 9628 {1}
26:         Output tree data at t=13.80 Gyr (output 1 of 1)
26:     <- Finished tree
55:         Output tree data at t=13.80 Gyr (output 1 of 1)
55:     <- Finished tree
55:     Progress: 314 trees processed; elapsed 2.07 h
26:     -> Evolving tree number 9654 {1}
45:         Output tree data at t=13.80 Gyr (output 1 of 1)
45:     <- Finished tree
55:     -> Evolving tree number 9625 {1}
45:     -> Evolving tree number 9635 {1}
03:         Output tree data at t=13.80 Gyr (output 1 of 1)
03:     <- Finished tree
38:         Output tree data at t=13.80 Gyr (output 1 of 1)
38:     <- Finished tree
38:     -> Evolving tree number 9578 {1}
03:     -> Evolving tree number 9613 {1}
16:         Output tree data at t=13.80 Gyr (output 1 of 1)
16:     <- Finished tree
16:     Progress: 318 trees processed; elapsed 2.12 h
16:     -> Evolving tree number 9664 {1}
00:         Output tree data at t=13.80 Gyr (output 1 of 1)
00:     <- Finished tree
15:         Output tree data at t=13.80 Gyr (output 1 of 1)
15:     <- Finished tree
00:     -> Evolving tree number 9616 {1}
15:     -> Evolving tree number 9665 {1}
02:         Output tree data at t=13.80 Gyr (output 1 of 1)
02:     <- Finished tree
02:     -> Evolving tree number 9678 {1}
11:         Output tree data at t=13.80 Gyr (output 1 of 1)
11:     <- Finished tree
11:     Progress: 322 trees processed; elapsed 2.14 h
11:     -> Evolving tree number 9669 {1}
58:         Output tree data at t=13.80 Gyr (output 1 of 1)
58:     <- Finished tree
46:         Output tree data at t=13.80 Gyr (output 1 of 1)
46:     <- Finished tree
58:     -> Evolving tree number 9558 {1}
46:     -> Evolving tree number 9570 {1}
62:         Output tree data at t=13.80 Gyr (output 1 of 1)
62:     <- Finished tree
62:     Progress: 325 trees processed; elapsed 2.16 h
62:     -> Evolving tree number 9554 {1}
23:         Output tree data at t=13.80 Gyr (output 1 of 1)
23:     <- Finished tree
25:         Output tree data at t=13.80 Gyr (output 1 of 1)
25:     <- Finished tree
23:     -> Evolving tree number 9593 {1}
24:         Output tree data at t=13.80 Gyr (output 1 of 1)
24:     <- Finished tree
25:     -> Evolving tree number 9655 {1}
36:         Output tree data at t=13.80 Gyr (output 1 of 1)
36:     <- Finished tree
24:     -> Evolving tree number 9592 {1}
44:         Output tree data at t=13.80 Gyr (output 1 of 1)
44:     <- Finished tree
36:     -> Evolving tree number 9644 {1}
44:     -> Evolving tree number 9572 {1}
47:         Output tree data at t=13.80 Gyr (output 1 of 1)
47:     <- Finished tree
47:     Progress: 331 trees processed; elapsed 2.18 h
22:         Output tree data at t=13.80 Gyr (output 1 of 1)
22:     <- Finished tree
54:         Output tree data at t=13.80 Gyr (output 1 of 1)
54:     <- Finished tree
47:     -> Evolving tree number 9569 {1}
22:     -> Evolving tree number 9658 {1}
54:     -> Evolving tree number 9562 {1}
10:         Output tree data at t=13.80 Gyr (output 1 of 1)
10:     <- Finished tree
53:         Output tree data at t=13.80 Gyr (output 1 of 1)
53:     <- Finished tree
10:     -> Evolving tree number 9606 {1}
53:     -> Evolving tree number 9563 {1}
31:         Output tree data at t=13.80 Gyr (output 1 of 1)
31:     <- Finished tree
31:     Progress: 336 trees processed; elapsed 2.20 h
31:     -> Evolving tree number 9585 {1}
05:         Output tree data at t=13.80 Gyr (output 1 of 1)
05:     <- Finished tree
05:     Progress: 337 trees processed; elapsed 2.23 h
05:     -> Evolving tree number 9611 {1}
33:         Output tree data at t=13.80 Gyr (output 1 of 1)
33:     <- Finished tree
33:     -> Evolving tree number 9647 {1}
41:         Output tree data at t=13.80 Gyr (output 1 of 1)
41:     <- Finished tree
41:     -> Evolving tree number 9511 {1}
09:         Output tree data at t=13.80 Gyr (output 1 of 1)
09:     <- Finished tree
09:     Progress: 340 trees processed; elapsed 2.25 h
09:     -> Evolving tree number 9607 {1}
17:         Output tree data at t=13.80 Gyr (output 1 of 1)
17:     <- Finished tree
17:     -> Evolving tree number 9599 {1}
29:         Output tree data at t=13.80 Gyr (output 1 of 1)
29:     <- Finished tree
50:         Output tree data at t=13.80 Gyr (output 1 of 1)
50:     <- Finished tree
29:     -> Evolving tree number 9587 {1}
50:     -> Evolving tree number 9566 {1}
13:         Output tree data at t=13.80 Gyr (output 1 of 1)
13:     <- Finished tree
32:         Output tree data at t=13.80 Gyr (output 1 of 1)
32:     <- Finished tree
13:     -> Evolving tree number 9603 {1}
32:     -> Evolving tree number 9648 {1}
01:         Output tree data at t=13.80 Gyr (output 1 of 1)
01:     <- Finished tree
01:     Progress: 346 trees processed; elapsed 2.27 h
34:         Output tree data at t=13.80 Gyr (output 1 of 1)
34:     <- Finished tree
01:     -> Evolving tree number 9615 {1}
34:     -> Evolving tree number 9582 {1}
49:         Output tree data at t=13.80 Gyr (output 1 of 1)
49:     <- Finished tree
49:     -> Evolving tree number 9503 {1}
14:         Output tree data at t=13.80 Gyr (output 1 of 1)
14:     <- Finished tree
14:     Progress: 349 trees processed; elapsed 2.29 h
07:         Output tree data at t=13.80 Gyr (output 1 of 1)
07:     <- Finished tree
14:     -> Evolving tree number 9602 {1}
07:     -> Evolving tree number 9609 {1}
18:         Output tree data at t=13.80 Gyr (output 1 of 1)
18:     <- Finished tree
56:         Output tree data at t=13.80 Gyr (output 1 of 1)
56:     <- Finished tree
18:     -> Evolving tree number 9598 {1}
56:     -> Evolving tree number 9560 {1}
42:         Output tree data at t=13.80 Gyr (output 1 of 1)
42:     <- Finished tree
42:     Progress: 353 trees processed; elapsed 2.32 h
21:         Output tree data at t=13.80 Gyr (output 1 of 1)
21:     <- Finished tree
08:         Output tree data at t=13.80 Gyr (output 1 of 1)
08:     <- Finished tree
42:     -> Evolving tree number 9574 {1}
21:     -> Evolving tree number 9595 {1}
08:     -> Evolving tree number 9608 {1}
40:         Output tree data at t=13.80 Gyr (output 1 of 1)
40:     <- Finished tree
37:         Output tree data at t=13.80 Gyr (output 1 of 1)
37:     <- Finished tree
37:     Progress: 357 trees processed; elapsed 2.33 h
40:     -> Evolving tree number 9576 {1}
30:         Output tree data at t=13.80 Gyr (output 1 of 1)
30:     <- Finished tree
37:     -> Evolving tree number 9579 {1}
30:     -> Evolving tree number 9522 {1}
47:         Output tree data at t=13.80 Gyr (output 1 of 1)
47:     <- Finished tree
47:     Progress: 359 trees processed; elapsed 2.36 h
47:     -> Evolving tree number 9505 {1}
19:         Output tree data at t=13.80 Gyr (output 1 of 1)
19:     <- Finished tree
12:         Output tree data at t=13.80 Gyr (output 1 of 1)
12:     <- Finished tree
19:     -> Evolving tree number 9597 {1}
12:     -> Evolving tree number 9604 {1}
06:         Output tree data at t=13.80 Gyr (output 1 of 1)
06:     <- Finished tree
39:         Output tree data at t=13.80 Gyr (output 1 of 1)
39:     <- Finished tree
06:     -> Evolving tree number 9674 {1}
04:         Output tree data at t=13.80 Gyr (output 1 of 1)
04:     <- Finished tree
39:     -> Evolving tree number 9577 {1}
04:     -> Evolving tree number 9612 {1}
28:         Output tree data at t=13.80 Gyr (output 1 of 1)
28:     <- Finished tree
28:     Progress: 365 trees processed; elapsed 2.38 h
28:     -> Evolving tree number 9588 {1}
27:         Output tree data at t=13.80 Gyr (output 1 of 1)
27:     <- Finished tree
43:         Output tree data at t=13.80 Gyr (output 1 of 1)
43:     <- Finished tree
27:     -> Evolving tree number 9589 {1}
43:     -> Evolving tree number 9509 {1}
61:         Output tree data at t=13.80 Gyr (output 1 of 1)
61:     <- Finished tree
46:         Output tree data at t=13.80 Gyr (output 1 of 1)
46:     <- Finished tree
46:     Progress: 369 trees processed; elapsed 2.39 h
61:     -> Evolving tree number 9619 {1}
46:     -> Evolving tree number 9506 {1}
51:         Output tree data at t=13.80 Gyr (output 1 of 1)
51:     <- Finished tree
51:     -> Evolving tree number 9501 {1}
35:         Output tree data at t=13.80 Gyr (output 1 of 1)
35:     <- Finished tree
35:     Progress: 371 trees processed; elapsed 2.41 h
59:         Output tree data at t=13.80 Gyr (output 1 of 1)
59:     <- Finished tree
59:     -> Evolving tree number 9557 {1}
35:     -> Evolving tree number 9581 {1}
48:         Output tree data at t=13.80 Gyr (output 1 of 1)
48:     <- Finished tree
48:     -> Evolving tree number 9504 {1}
62:         Output tree data at t=13.80 Gyr (output 1 of 1)
62:     <- Finished tree
52:         Output tree data at t=13.80 Gyr (output 1 of 1)
52:     <- Finished tree
55:         Output tree data at t=13.80 Gyr (output 1 of 1)
55:     <- Finished tree
62:     -> Evolving tree number 9490 {1}
52:     -> Evolving tree number 9564 {1}
55:     -> Evolving tree number 9561 {1}
57:         Output tree data at t=13.80 Gyr (output 1 of 1)
57:     <- Finished tree
57:     Progress: 377 trees processed; elapsed 2.43 h
57:     -> Evolving tree number 9559 {1}
03:         Output tree data at t=13.80 Gyr (output 1 of 1)
03:     <- Finished tree
03:     -> Evolving tree number 9549 {1}
45:         Output tree data at t=13.80 Gyr (output 1 of 1)
45:     <- Finished tree
45:     Progress: 379 trees processed; elapsed 2.45 h
05:         Output tree data at t=13.80 Gyr (output 1 of 1)
05:     <- Finished tree
45:     -> Evolving tree number 9571 {1}
16:         Output tree data at t=13.80 Gyr (output 1 of 1)
16:     <- Finished tree
20:         Output tree data at t=13.80 Gyr (output 1 of 1)
20:     <- Finished tree
05:     -> Evolving tree number 9547 {1}
16:     -> Evolving tree number 9600 {1}
20:     -> Evolving tree number 9596 {1}
38:         Output tree data at t=13.80 Gyr (output 1 of 1)
38:     <- Finished tree
38:     Progress: 383 trees processed; elapsed 2.47 h
38:     -> Evolving tree number 9514 {1}
60:         Output tree data at t=13.80 Gyr (output 1 of 1)
60:     <- Finished tree
60:     -> Evolving tree number 9556 {1}
22:         Output tree data at t=13.80 Gyr (output 1 of 1)
22:     <- Finished tree
22:     Progress: 385 trees processed; elapsed 2.49 h
22:     -> Evolving tree number 9594 {1}
09:         Output tree data at t=13.80 Gyr (output 1 of 1)
09:     <- Finished tree
09:     Progress: 386 trees processed; elapsed 2.51 h
09:     -> Evolving tree number 9543 {1}
41:         Output tree data at t=13.80 Gyr (output 1 of 1)
41:     <- Finished tree
10:         Output tree data at t=13.80 Gyr (output 1 of 1)
10:     <- Finished tree
10:     -> Evolving tree number 9542 {1}
41:     -> Evolving tree number 9447 {1}
25:         Output tree data at t=13.80 Gyr (output 1 of 1)
25:     <- Finished tree
11:         Output tree data at t=13.80 Gyr (output 1 of 1)
11:     <- Finished tree
25:     -> Evolving tree number 9591 {1}
11:     -> Evolving tree number 9605 {1}
53:         Output tree data at t=13.80 Gyr (output 1 of 1)
53:     <- Finished tree
53:     Progress: 391 trees processed; elapsed 2.53 h
53:     -> Evolving tree number 9499 {1}
15:         Output tree data at t=13.80 Gyr (output 1 of 1)
15:     <- Finished tree
15:     -> Evolving tree number 9601 {1}
63:         Output tree data at t=13.80 Gyr (output 1 of 1)
63:     <- Finished tree
63:     Progress: 393 trees processed; elapsed 2.55 h
63:     -> Evolving tree number 9553 {1}
33:         Output tree data at t=13.80 Gyr (output 1 of 1)
33:     <- Finished tree
33:     -> Evolving tree number 9583 {1}
49:         Output tree data at t=13.80 Gyr (output 1 of 1)
49:     <- Finished tree
21:         Output tree data at t=13.80 Gyr (output 1 of 1)
21:     <- Finished tree
49:     -> Evolving tree number 9439 {1}
21:     -> Evolving tree number 9531 {1}
50:         Output tree data at t=13.80 Gyr (output 1 of 1)
50:     <- Finished tree
50:     -> Evolving tree number 9502 {1}
31:         Output tree data at t=13.80 Gyr (output 1 of 1)
31:     <- Finished tree
31:     Progress: 398 trees processed; elapsed 2.57 h
31:     -> Evolving tree number 9521 {1}
26:         Output tree data at t=13.80 Gyr (output 1 of 1)
26:     <- Finished tree
26:     -> Evolving tree number 9590 {1}
44:         Output tree data at t=13.80 Gyr (output 1 of 1)
44:     <- Finished tree
44:     -> Evolving tree number 9508 {1}
36:         Output tree data at t=13.80 Gyr (output 1 of 1)
36:     <- Finished tree
36:     Progress: 401 trees processed; elapsed 2.60 h
36:     -> Evolving tree number 9580 {1}
58:         Output tree data at t=13.80 Gyr (output 1 of 1)
58:     <- Finished tree
58:     -> Evolving tree number 9494 {1}
02:         Output tree data at t=13.80 Gyr (output 1 of 1)
02:     <- Finished tree
02:     -> Evolving tree number 9614 {1}
51:         Output tree data at t=13.80 Gyr (output 1 of 1)
51:     <- Finished tree
51:     Progress: 404 trees processed; elapsed 2.64 h
51:     -> Evolving tree number 9437 {1}
01:         Output tree data at t=13.80 Gyr (output 1 of 1)
01:     <- Finished tree
01:     -> Evolving tree number 9551 {1}
08:         Output tree data at t=13.80 Gyr (output 1 of 1)
08:     <- Finished tree
08:     Progress: 406 trees processed; elapsed 2.66 h
34:         Output tree data at t=13.80 Gyr (output 1 of 1)
34:     <- Finished tree
08:     -> Evolving tree number 9544 {1}
34:     -> Evolving tree number 9518 {1}
00:         Output tree data at t=13.80 Gyr (output 1 of 1)
00:     <- Finished tree
00:     -> Evolving tree number 9552 {1}
06:         Output tree data at t=13.80 Gyr (output 1 of 1)
06:     <- Finished tree
06:     Progress: 409 trees processed; elapsed 2.68 h
06:     -> Evolving tree number 9610 {1}
23:         Output tree data at t=13.80 Gyr (output 1 of 1)
23:     <- Finished tree
29:         Output tree data at t=13.80 Gyr (output 1 of 1)
29:     <- Finished tree
23:     -> Evolving tree number 9529 {1}
29:     -> Evolving tree number 9523 {1}
54:         Output tree data at t=13.80 Gyr (output 1 of 1)
54:     <- Finished tree
54:     -> Evolving tree number 9498 {1}
47:         Output tree data at t=13.80 Gyr (output 1 of 1)
47:     <- Finished tree
47:     Progress: 413 trees processed; elapsed 2.70 h
37:         Output tree data at t=13.80 Gyr (output 1 of 1)
37:     <- Finished tree
24:         Output tree data at t=13.80 Gyr (output 1 of 1)
24:     <- Finished tree
47:     -> Evolving tree number 9441 {1}
37:     -> Evolving tree number 9515 {1}
46:         Output tree data at t=13.80 Gyr (output 1 of 1)
46:     <- Finished tree
24:     -> Evolving tree number 9528 {1}
46:     -> Evolving tree number 9442 {1}
40:         Output tree data at t=13.80 Gyr (output 1 of 1)
40:     <- Finished tree
40:     -> Evolving tree number 9512 {1}
42:         Output tree data at t=13.80 Gyr (output 1 of 1)
42:     <- Finished tree
42:     Progress: 418 trees processed; elapsed 2.72 h
62:         Output tree data at t=13.80 Gyr (output 1 of 1)
62:     <- Finished tree
42:     -> Evolving tree number 9510 {1}
62:     -> Evolving tree number 9426 {1}
18:         Output tree data at t=13.80 Gyr (output 1 of 1)
18:     <- Finished tree
18:     -> Evolving tree number 9534 {1}
30:         Output tree data at t=13.80 Gyr (output 1 of 1)
30:     <- Finished tree
30:     -> Evolving tree number 9458 {1}
07:         Output tree data at t=13.80 Gyr (output 1 of 1)
07:     <- Finished tree
07:     Progress: 422 trees processed; elapsed 2.74 h
07:     -> Evolving tree number 9545 {1}
56:         Output tree data at t=13.80 Gyr (output 1 of 1)
56:     <- Finished tree
56:     -> Evolving tree number 9496 {1}
17:         Output tree data at t=13.80 Gyr (output 1 of 1)
17:     <- Finished tree
17:     -> Evolving tree number 9535 {1}
59:         Output tree data at t=13.80 Gyr (output 1 of 1)
59:     <- Finished tree
59:     Progress: 425 trees processed; elapsed 2.76 h
59:     -> Evolving tree number 9493 {1}
43:         Output tree data at t=13.80 Gyr (output 1 of 1)
43:     <- Finished tree
19:         Output tree data at t=13.80 Gyr (output 1 of 1)
19:     <- Finished tree
43:     -> Evolving tree number 9445 {1}
19:     -> Evolving tree number 9533 {1}
32:         Output tree data at t=13.80 Gyr (output 1 of 1)
32:     <- Finished tree
32:     -> Evolving tree number 9584 {1}
12:         Output tree data at t=13.80 Gyr (output 1 of 1)
12:     <- Finished tree
12:     Progress: 429 trees processed; elapsed 2.77 h
12:     -> Evolving tree number 9540 {1}
48:         Output tree data at t=13.80 Gyr (output 1 of 1)
48:     <- Finished tree
48:     -> Evolving tree number 9440 {1}
27:         Output tree data at t=13.80 Gyr (output 1 of 1)
27:     <- Finished tree
39:         Output tree data at t=13.80 Gyr (output 1 of 1)
39:     <- Finished tree
27:     -> Evolving tree number 9525 {1}
39:     -> Evolving tree number 9513 {1}
57:         Output tree data at t=13.80 Gyr (output 1 of 1)
57:     <- Finished tree
57:     Progress: 433 trees processed; elapsed 2.79 h
57:     -> Evolving tree number 9495 {1}
28:         Output tree data at t=13.80 Gyr (output 1 of 1)
28:     <- Finished tree
28:     -> Evolving tree number 9524 {1}
60:         Output tree data at t=13.80 Gyr (output 1 of 1)
60:     <- Finished tree
60:     -> Evolving tree number 9492 {1}
61:         Output tree data at t=13.80 Gyr (output 1 of 1)
61:     <- Finished tree
61:     Progress: 436 trees processed; elapsed 2.81 h
61:     -> Evolving tree number 9555 {1}
20:         Output tree data at t=13.80 Gyr (output 1 of 1)
20:     <- Finished tree
13:         Output tree data at t=13.80 Gyr (output 1 of 1)
13:     <- Finished tree
20:     -> Evolving tree number 9532 {1}
13:     -> Evolving tree number 9539 {1}
10:         Output tree data at t=13.80 Gyr (output 1 of 1)
10:     <- Finished tree
10:     -> Evolving tree number 9478 {1}
31:         Output tree data at t=13.80 Gyr (output 1 of 1)
31:     <- Finished tree
31:     Progress: 440 trees processed; elapsed 2.83 h
31:     -> Evolving tree number 9457 {1}
35:         Output tree data at t=13.80 Gyr (output 1 of 1)
35:     <- Finished tree
35:     -> Evolving tree number 9517 {1}
36:         Output tree data at t=13.80 Gyr (output 1 of 1)
36:     <- Finished tree
36:     Progress: 442 trees processed; elapsed 2.86 h
36:     -> Evolving tree number 9516 {1}
11:         Output tree data at t=13.80 Gyr (output 1 of 1)
11:     <- Finished tree
52:         Output tree data at t=13.80 Gyr (output 1 of 1)
52:     <- Finished tree
11:     -> Evolving tree number 9541 {1}
16:         Output tree data at t=13.80 Gyr (output 1 of 1)
16:     <- Finished tree
52:     -> Evolving tree number 9500 {1}
05:         Output tree data at t=13.80 Gyr (output 1 of 1)
05:     <- Finished tree
16:     -> Evolving tree number 9536 {1}
04:         Output tree data at t=13.80 Gyr (output 1 of 1)
04:     <- Finished tree
05:     -> Evolving tree number 9483 {1}
04:     -> Evolving tree number 9548 {1}
38:         Output tree data at t=13.80 Gyr (output 1 of 1)
38:     <- Finished tree
49:         Output tree data at t=13.80 Gyr (output 1 of 1)
49:     <- Finished tree
44:         Output tree data at t=13.80 Gyr (output 1 of 1)
44:     <- Finished tree
33:         Output tree data at t=13.80 Gyr (output 1 of 1)
33:     <- Finished tree
38:     -> Evolving tree number 9450 {1}
44:     -> Evolving tree number 9444 {1}
49:     -> Evolving tree number 9375 {1}
33:     -> Evolving tree number 9519 {1}
14:         Output tree data at t=13.80 Gyr (output 1 of 1)
14:     <- Finished tree
14:     Progress: 452 trees processed; elapsed 2.88 h
14:     -> Evolving tree number 9538 {1}
26:         Output tree data at t=13.80 Gyr (output 1 of 1)
26:     <- Finished tree
26:     -> Evolving tree number 9526 {1}
03:         Output tree data at t=13.80 Gyr (output 1 of 1)
03:     <- Finished tree
03:     Progress: 454 trees processed; elapsed 2.90 h
03:     -> Evolving tree number 9485 {1}
22:         Output tree data at t=13.80 Gyr (output 1 of 1)
22:     <- Finished tree
55:         Output tree data at t=13.80 Gyr (output 1 of 1)
55:     <- Finished tree
22:     -> Evolving tree number 9530 {1}
55:     -> Evolving tree number 9497 {1}
53:         Output tree data at t=13.80 Gyr (output 1 of 1)
53:     <- Finished tree
53:     Progress: 457 trees processed; elapsed 2.92 h
53:     -> Evolving tree number 9435 {1}
45:         Output tree data at t=13.80 Gyr (output 1 of 1)
45:     <- Finished tree
58:         Output tree data at t=13.80 Gyr (output 1 of 1)
58:     <- Finished tree
45:     -> Evolving tree number 9507 {1}
58:     -> Evolving tree number 9430 {1}
23:         Output tree data at t=13.80 Gyr (output 1 of 1)
23:     <- Finished tree
23:     Progress: 460 trees processed; elapsed 2.95 h
23:     -> Evolving tree number 9465 {1}
63:         Output tree data at t=13.80 Gyr (output 1 of 1)
63:     <- Finished tree
63:     -> Evolving tree number 9489 {1}
29:         Output tree data at t=13.80 Gyr (output 1 of 1)
29:     <- Finished tree
29:     -> Evolving tree number 9459 {1}
50:         Output tree data at t=13.80 Gyr (output 1 of 1)
50:     <- Finished tree
50:     Progress: 463 trees processed; elapsed 2.98 h
50:     -> Evolving tree number 9438 {1}
09:         Output tree data at t=13.80 Gyr (output 1 of 1)
09:     <- Finished tree
09:     -> Evolving tree number 9479 {1}
15:         Output tree data at t=13.80 Gyr (output 1 of 1)
15:     <- Finished tree
15:     Progress: 465 trees processed; elapsed 3.00 h
41:         Output tree data at t=13.80 Gyr (output 1 of 1)
41:     <- Finished tree
25:         Output tree data at t=13.80 Gyr (output 1 of 1)
25:     <- Finished tree
15:     -> Evolving tree number 9537 {1}
41:     -> Evolving tree number 9383 {1}
25:     -> Evolving tree number 9527 {1}
47:         Output tree data at t=13.80 Gyr (output 1 of 1)
47:     <- Finished tree
07:         Output tree data at t=13.80 Gyr (output 1 of 1)
07:     <- Finished tree
47:     -> Evolving tree number 9377 {1}
39:         Output tree data at t=13.80 Gyr (output 1 of 1)
39:     <- Finished tree
07:     -> Evolving tree number 9481 {1}
39:     -> Evolving tree number 9449 {1}
08:         Output tree data at t=13.80 Gyr (output 1 of 1)
08:     <- Finished tree
08:     Progress: 471 trees processed; elapsed 3.02 h
08:     -> Evolving tree number 9480 {1}
21:         Output tree data at t=13.80 Gyr (output 1 of 1)
21:     <- Finished tree
21:     -> Evolving tree number 9467 {1}
56:         Output tree data at t=13.80 Gyr (output 1 of 1)
56:     <- Finished tree
56:     -> Evolving tree number 9432 {1}
01:         Output tree data at t=13.80 Gyr (output 1 of 1)
01:     <- Finished tree
01:     -> Evolving tree number 9487 {1}
18:         Output tree data at t=13.80 Gyr (output 1 of 1)
18:     <- Finished tree
18:     Progress: 475 trees processed; elapsed 3.04 h
18:     -> Evolving tree number 9470 {1}
51:         Output tree data at t=13.80 Gyr (output 1 of 1)
51:     <- Finished tree
40:         Output tree data at t=13.80 Gyr (output 1 of 1)
40:     <- Finished tree
51:     -> Evolving tree number 9373 {1}
40:     -> Evolving tree number 9448 {1}
02:         Output tree data at t=13.80 Gyr (output 1 of 1)
02:     <- Finished tree
37:         Output tree data at t=13.80 Gyr (output 1 of 1)
37:     <- Finished tree
02:     -> Evolving tree number 9550 {1}
37:     -> Evolving tree number 9451 {1}
32:         Output tree data at t=13.80 Gyr (output 1 of 1)
32:     <- Finished tree
32:     Progress: 480 trees processed; elapsed 3.06 h
32:     -> Evolving tree number 9520 {1}
62:         Output tree data at t=13.80 Gyr (output 1 of 1)
62:     <- Finished tree
62:     Progress: 481 trees processed; elapsed 3.08 h
54:         Output tree data at t=13.80 Gyr (output 1 of 1)
54:     <- Finished tree
10:         Output tree data at t=13.80 Gyr (output 1 of 1)
10:     <- Finished tree
62:     -> Evolving tree number 9362 {1}
54:     -> Evolving tree number 9434 {1}
10:     -> Evolving tree number 9414 {1}
34:         Output tree data at t=13.80 Gyr (output 1 of 1)
34:     <- Finished tree
34:     -> Evolving tree number 9454 {1}
43:         Output tree data at t=13.80 Gyr (output 1 of 1)
43:     <- Finished tree
43:     Progress: 485 trees processed; elapsed 3.10 h
43:     -> Evolving tree number 9381 {1}
27:         Output tree data at t=13.80 Gyr (output 1 of 1)
27:     <- Finished tree
27:     -> Evolving tree number 9461 {1}
00:         Output tree data at t=13.80 Gyr (output 1 of 1)
00:     <- Finished tree
06:         Output tree data at t=13.80 Gyr (output 1 of 1)
06:     <- Finished tree
00:     -> Evolving tree number 9488 {1}
44:         Output tree data at t=13.80 Gyr (output 1 of 1)
44:     <- Finished tree
06:     -> Evolving tree number 9546 {1}
44:     -> Evolving tree number 9380 {1}
35:         Output tree data at t=13.80 Gyr (output 1 of 1)
35:     <- Finished tree
35:     Progress: 490 trees processed; elapsed 3.13 h
48:         Output tree data at t=13.80 Gyr (output 1 of 1)
48:     <- Finished tree
35:     -> Evolving tree number 9453 {1}
13:         Output tree data at t=13.80 Gyr (output 1 of 1)
13:     <- Finished tree
48:     -> Evolving tree number 9376 {1}
13:     -> Evolving tree number 9475 {1}
30:         Output tree data at t=13.80 Gyr (output 1 of 1)
30:     <- Finished tree
30:     -> Evolving tree number 9394 {1}
17:         Output tree data at t=13.80 Gyr (output 1 of 1)
17:     <- Finished tree
17:     Progress: 494 trees processed; elapsed 3.15 h
17:     -> Evolving tree number 9471 {1}
31:         Output tree data at t=13.80 Gyr (output 1 of 1)
31:     <- Finished tree
59:         Output tree data at t=13.80 Gyr (output 1 of 1)
59:     <- Finished tree
31:     -> Evolving tree number 9393 {1}
59:     -> Evolving tree number 9429 {1}
19:         Output tree data at t=13.80 Gyr (output 1 of 1)
19:     <- Finished tree
19:     -> Evolving tree number 9469 {1}
24:         Output tree data at t=13.80 Gyr (output 1 of 1)
24:     <- Finished tree
24:     -> Evolving tree number 9464 {1}
42:         Output tree data at t=13.80 Gyr (output 1 of 1)
42:     <- Finished tree
42:     Progress: 499 trees processed; elapsed 3.17 h
42:     -> Evolving tree number 9446 {1}
61:         Output tree data at t=13.80 Gyr (output 1 of 1)
61:     <- Finished tree
61:     -> Evolving tree number 9491 {1}
12:         Output tree data at t=13.80 Gyr (output 1 of 1)
12:     <- Finished tree
12:     -> Evolving tree number 9476 {1}
38:         Output tree data at t=13.80 Gyr (output 1 of 1)
38:     <- Finished tree
38:     -> Evolving tree number 9386 {1}
20:         Output tree data at t=13.80 Gyr (output 1 of 1)
20:     <- Finished tree
20:     Progress: 503 trees processed; elapsed 3.20 h
20:     -> Evolving tree number 9468 {1}
04:         Output tree data at t=13.80 Gyr (output 1 of 1)
04:     <- Finished tree
04:     -> Evolving tree number 9484 {1}
45:         Output tree data at t=13.80 Gyr (output 1 of 1)
45:     <- Finished tree
14:         Output tree data at t=13.80 Gyr (output 1 of 1)
14:     <- Finished tree
45:     -> Evolving tree number 9443 {1}
14:     -> Evolving tree number 9474 {1}
58:         Output tree data at t=13.80 Gyr (output 1 of 1)
58:     <- Finished tree
58:     -> Evolving tree number 9366 {1}
50:         Output tree data at t=13.80 Gyr (output 1 of 1)
50:     <- Finished tree
05:         Output tree data at t=13.80 Gyr (output 1 of 1)
05:     <- Finished tree
05:     Progress: 509 trees processed; elapsed 3.22 h
50:     -> Evolving tree number 9374 {1}
05:     -> Evolving tree number 9419 {1}
28:         Output tree data at t=13.80 Gyr (output 1 of 1)
28:     <- Finished tree
46:         Output tree data at t=13.80 Gyr (output 1 of 1)
46:     <- Finished tree
60:         Output tree data at t=13.80 Gyr (output 1 of 1)
60:     <- Finished tree
28:     -> Evolving tree number 9460 {1}
49:         Output tree data at t=13.80 Gyr (output 1 of 1)
49:     <- Finished tree
46:     -> Evolving tree number 9378 {1}
60:     -> Evolving tree number 9428 {1}
49:     -> Evolving tree number 9311 {1}
26:         Output tree data at t=13.80 Gyr (output 1 of 1)
26:     <- Finished tree
26:     Progress: 514 trees processed; elapsed 3.24 h
26:     -> Evolving tree number 9462 {1}
53:         Output tree data at t=13.80 Gyr (output 1 of 1)
53:     <- Finished tree
53:     -> Evolving tree number 9371 {1}
63:         Output tree data at t=13.80 Gyr (output 1 of 1)
63:     <- Finished tree
63:     -> Evolving tree number 9425 {1}
11:         Output tree data at t=13.80 Gyr (output 1 of 1)
11:     <- Finished tree
11:     Progress: 517 trees processed; elapsed 3.26 h
11:     -> Evolving tree number 9477 {1}
33:         Output tree data at t=13.80 Gyr (output 1 of 1)
33:     <- Finished tree
33:     -> Evolving tree number 9455 {1}
16:         Output tree data at t=13.80 Gyr (output 1 of 1)
16:     <- Finished tree
16:     Progress: 519 trees processed; elapsed 3.27 h
16:     -> Evolving tree number 9472 {1}
03:         Output tree data at t=13.80 Gyr (output 1 of 1)
03:     <- Finished tree
03:     -> Evolving tree number 9421 {1}
07:         Output tree data at t=13.80 Gyr (output 1 of 1)
07:     <- Finished tree
07:     -> Evolving tree number 9417 {1}
47:         Output tree data at t=13.80 Gyr (output 1 of 1)
47:     <- Finished tree
47:     Progress: 522 trees processed; elapsed 3.30 h
47:     -> Evolving tree number 9313 {1}
25:         Output tree data at t=13.80 Gyr (output 1 of 1)
25:     <- Finished tree
32:         Output tree data at t=13.80 Gyr (output 1 of 1)
32:     <- Finished tree
25:     -> Evolving tree number 9463 {1}
32:     -> Evolving tree number 9456 {1}
22:         Output tree data at t=13.80 Gyr (output 1 of 1)
22:     <- Finished tree
22:     Progress: 525 trees processed; elapsed 3.32 h
22:     -> Evolving tree number 9466 {1}
39:         Output tree data at t=13.80 Gyr (output 1 of 1)
39:     <- Finished tree
21:         Output tree data at t=13.80 Gyr (output 1 of 1)
21:     <- Finished tree
39:     -> Evolving tree number 9385 {1}
21:     -> Evolving tree number 9403 {1}
57:         Output tree data at t=13.80 Gyr (output 1 of 1)
57:     <- Finished tree
57:     -> Evolving tree number 9431 {1}
15:         Output tree data at t=13.80 Gyr (output 1 of 1)
15:     <- Finished tree
15:     -> Evolving tree number 9473 {1}
40:         Output tree data at t=13.80 Gyr (output 1 of 1)
40:     <- Finished tree
40:     Progress: 530 trees processed; elapsed 3.35 h
40:     -> Evolving tree number 9384 {1}
36:         Output tree data at t=13.80 Gyr (output 1 of 1)
36:     <- Finished tree
55:         Output tree data at t=13.80 Gyr (output 1 of 1)
55:     <- Finished tree
36:     -> Evolving tree number 9452 {1}
55:     -> Evolving tree number 9433 {1}
23:         Output tree data at t=13.80 Gyr (output 1 of 1)
23:     <- Finished tree
23:     Progress: 533 trees processed; elapsed 3.38 h
23:     -> Evolving tree number 9401 {1}
08:         Output tree data at t=13.80 Gyr (output 1 of 1)
08:     <- Finished tree
41:         Output tree data at t=13.80 Gyr (output 1 of 1)
41:     <- Finished tree
08:     -> Evolving tree number 9416 {1}
41:     -> Evolving tree number 9319 {1}
34:         Output tree data at t=13.80 Gyr (output 1 of 1)
34:     <- Finished tree
34:     -> Evolving tree number 9390 {1}
54:         Output tree data at t=13.80 Gyr (output 1 of 1)
54:     <- Finished tree
54:     Progress: 537 trees processed; elapsed 3.40 h
54:     -> Evolving tree number 9370 {1}
13:         Output tree data at t=13.80 Gyr (output 1 of 1)
13:     <- Finished tree
06:         Output tree data at t=13.80 Gyr (output 1 of 1)
06:     <- Finished tree
13:     -> Evolving tree number 9411 {1}
06:     -> Evolving tree number 9482 {1}
18:         Output tree data at t=13.80 Gyr (output 1 of 1)
18:     <- Finished tree
18:     Progress: 540 trees processed; elapsed 3.43 h
18:     -> Evolving tree number 9406 {1}
01:         Output tree data at t=13.80 Gyr (output 1 of 1)
01:     <- Finished tree
01:     -> Evolving tree number 9423 {1}
31:         Output tree data at t=13.80 Gyr (output 1 of 1)
31:     <- Finished tree
31:     Progress: 542 trees processed; elapsed 3.45 h
31:     -> Evolving tree number 9329 {1}
00:         Output tree data at t=13.80 Gyr (output 1 of 1)
00:     <- Finished tree
00:     -> Evolving tree number 9424 {1}
56:         Output tree data at t=13.80 Gyr (output 1 of 1)
56:     <- Finished tree
56:     -> Evolving tree number 9368 {1}
42:         Output tree data at t=13.80 Gyr (output 1 of 1)
42:     <- Finished tree
29:         Output tree data at t=13.80 Gyr (output 1 of 1)
29:     <- Finished tree
42:     -> Evolving tree number 9382 {1}
29:     -> Evolving tree number 9395 {1}
35:         Output tree data at t=13.80 Gyr (output 1 of 1)
35:     <- Finished tree
35:     Progress: 547 trees processed; elapsed 3.47 h
35:     -> Evolving tree number 9389 {1}
24:         Output tree data at t=13.80 Gyr (output 1 of 1)
24:     <- Finished tree
24:     -> Evolving tree number 9400 {1}
10:         Output tree data at t=13.80 Gyr (output 1 of 1)
10:     <- Finished tree
51:         Output tree data at t=13.80 Gyr (output 1 of 1)
51:     <- Finished tree
10:     -> Evolving tree number 9350 {1}
51:     -> Evolving tree number 9309 {1}
43:         Output tree data at t=13.80 Gyr (output 1 of 1)
43:     <- Finished tree
43:     -> Evolving tree number 9317 {1}
38:         Output tree data at t=13.80 Gyr (output 1 of 1)
38:     <- Finished tree
38:     Progress: 552 trees processed; elapsed 3.49 h
09:         Output tree data at t=13.80 Gyr (output 1 of 1)
09:     <- Finished tree
38:     -> Evolving tree number 9322 {1}
09:     -> Evolving tree number 9415 {1}
48:         Output tree data at t=13.80 Gyr (output 1 of 1)
48:     <- Finished tree
48:     -> Evolving tree number 9312 {1}
59:         Output tree data at t=13.80 Gyr (output 1 of 1)
59:     <- Finished tree
59:     -> Evolving tree number 9365 {1}
19:         Output tree data at t=13.80 Gyr (output 1 of 1)
19:     <- Finished tree
19:     -> Evolving tree number 9405 {1}
20:         Output tree data at t=13.80 Gyr (output 1 of 1)
20:     <- Finished tree
20:     Progress: 557 trees processed; elapsed 3.52 h
44:         Output tree data at t=13.80 Gyr (output 1 of 1)
44:     <- Finished tree
20:     -> Evolving tree number 9404 {1}
02:         Output tree data at t=13.80 Gyr (output 1 of 1)
02:     <- Finished tree
44:     -> Evolving tree number 9316 {1}
02:     -> Evolving tree number 9486 {1}
47:         Output tree data at t=13.80 Gyr (output 1 of 1)
47:     <- Finished tree
27:         Output tree data at t=13.80 Gyr (output 1 of 1)
27:     <- Finished tree
27:     Progress: 561 trees processed; elapsed 3.54 h
37:         Output tree data at t=13.80 Gyr (output 1 of 1)
37:     <- Finished tree
47:     -> Evolving tree number 9249 {1}
27:     -> Evolving tree number 9397 {1}
37:     -> Evolving tree number 9387 {1}
05:         Output tree data at t=13.80 Gyr (output 1 of 1)
05:     <- Finished tree
05:     -> Evolving tree number 9355 {1}
30:         Output tree data at t=13.80 Gyr (output 1 of 1)
30:     <- Finished tree
30:     -> Evolving tree number 9330 {1}
62:         Output tree data at t=13.80 Gyr (output 1 of 1)
62:     <- Finished tree
62:     Progress: 565 trees processed; elapsed 3.56 h
62:     -> Evolving tree number 9298 {1}
52:         Output tree data at t=13.80 Gyr (output 1 of 1)
52:     <- Finished tree
60:         Output tree data at t=13.80 Gyr (output 1 of 1)
60:     <- Finished tree
52:     -> Evolving tree number 9436 {1}
60:     -> Evolving tree number 9364 {1}
33:         Output tree data at t=13.80 Gyr (output 1 of 1)
33:     <- Finished tree
33:     Progress: 568 trees processed; elapsed 3.58 h
33:     -> Evolving tree number 9391 {1}
04:         Output tree data at t=13.80 Gyr (output 1 of 1)
04:     <- Finished tree
04:     -> Evolving tree number 9420 {1}
12:         Output tree data at t=13.80 Gyr (output 1 of 1)
12:     <- Finished tree
12:     Progress: 570 trees processed; elapsed 3.60 h
12:     -> Evolving tree number 9412 {1}
58:         Output tree data at t=13.80 Gyr (output 1 of 1)
58:     <- Finished tree
58:     -> Evolving tree number 9302 {1}
46:         Output tree data at t=13.80 Gyr (output 1 of 1)
46:     <- Finished tree
46:     -> Evolving tree number 9314 {1}
49:         Output tree data at t=13.80 Gyr (output 1 of 1)
49:     <- Finished tree
49:     Progress: 573 trees processed; elapsed 3.62 h
49:     -> Evolving tree number 9247 {1}
32:         Output tree data at t=13.80 Gyr (output 1 of 1)
32:     <- Finished tree
63:         Output tree data at t=13.80 Gyr (output 1 of 1)
63:     <- Finished tree
14:         Output tree data at t=13.80 Gyr (output 1 of 1)
14:     <- Finished tree
26:         Output tree data at t=13.80 Gyr (output 1 of 1)
26:     <- Finished tree
32:     -> Evolving tree number 9392 {1}
63:     -> Evolving tree number 9361 {1}
14:     -> Evolving tree number 9410 {1}
26:     -> Evolving tree number 9398 {1}
07:         Output tree data at t=13.80 Gyr (output 1 of 1)
07:     <- Finished tree
07:     Progress: 578 trees processed; elapsed 3.65 h
07:     -> Evolving tree number 9353 {1}
03:         Output tree data at t=13.80 Gyr (output 1 of 1)
03:     <- Finished tree
03:     -> Evolving tree number 9357 {1}
21:         Output tree data at t=13.80 Gyr (output 1 of 1)
21:     <- Finished tree
21:     Progress: 580 trees processed; elapsed 3.68 h
45:         Output tree data at t=13.80 Gyr (output 1 of 1)
45:     <- Finished tree
21:     -> Evolving tree number 9339 {1}
45:     -> Evolving tree number 9379 {1}
28:         Output tree data at t=13.80 Gyr (output 1 of 1)
28:     <- Finished tree
28:     -> Evolving tree number 9396 {1}
17:         Output tree data at t=13.80 Gyr (output 1 of 1)
17:     <- Finished tree
17:     Progress: 583 trees processed; elapsed 3.70 h
17:     -> Evolving tree number 9407 {1}
11:         Output tree data at t=13.80 Gyr (output 1 of 1)
11:     <- Finished tree
11:     -> Evolving tree number 9413 {1}
23:         Output tree data at t=13.80 Gyr (output 1 of 1)
23:     <- Finished tree
23:     Progress: 585 trees processed; elapsed 3.73 h
23:     -> Evolving tree number 9337 {1}
61:         Output tree data at t=13.80 Gyr (output 1 of 1)
61:     <- Finished tree
57:         Output tree data at t=13.80 Gyr (output 1 of 1)
57:     <- Finished tree
50:         Output tree data at t=13.80 Gyr (output 1 of 1)
50:     <- Finished tree
61:     -> Evolving tree number 9427 {1}
57:     -> Evolving tree number 9367 {1}
50:     -> Evolving tree number 9310 {1}
15:         Output tree data at t=13.80 Gyr (output 1 of 1)
15:     <- Finished tree
15:     Progress: 589 trees processed; elapsed 3.74 h
15:     -> Evolving tree number 9409 {1}
55:         Output tree data at t=13.80 Gyr (output 1 of 1)
55:     <- Finished tree
55:     -> Evolving tree number 9369 {1}
41:         Output tree data at t=13.80 Gyr (output 1 of 1)
41:     <- Finished tree
41:     Progress: 591 trees processed; elapsed 3.76 h
41:     -> Evolving tree number 9255 {1}
53:         Output tree data at t=13.80 Gyr (output 1 of 1)
53:     <- Finished tree
34:         Output tree data at t=13.80 Gyr (output 1 of 1)
34:     <- Finished tree
34:     -> Evolving tree number 9326 {1}
53:     -> Evolving tree number 9307 {1}
19:         Output tree data at t=13.80 Gyr (output 1 of 1)
19:     <- Finished tree
19:     -> Evolving tree number 9341 {1}
06:         Output tree data at t=13.80 Gyr (output 1 of 1)
06:     <- Finished tree
06:     -> Evolving tree number 9418 {1}
22:         Output tree data at t=13.80 Gyr (output 1 of 1)
22:     <- Finished tree
22:     Progress: 596 trees processed; elapsed 3.78 h
22:     -> Evolving tree number 9402 {1}
31:         Output tree data at t=13.80 Gyr (output 1 of 1)
31:     <- Finished tree
40:         Output tree data at t=13.80 Gyr (output 1 of 1)
40:     <- Finished tree
31:     -> Evolving tree number 9265 {1}
40:     -> Evolving tree number 9320 {1}
54:         Output tree data at t=13.80 Gyr (output 1 of 1)
54:     <- Finished tree
18:         Output tree data at t=13.80 Gyr (output 1 of 1)
18:     <- Finished tree
25:         Output tree data at t=13.80 Gyr (output 1 of 1)
25:     <- Finished tree
54:     -> Evolving tree number 9306 {1}
18:     -> Evolving tree number 9342 {1}
25:     -> Evolving tree number 9399 {1}
44:         Output tree data at t=13.80 Gyr (output 1 of 1)
44:     <- Finished tree
43:         Output tree data at t=13.80 Gyr (output 1 of 1)
43:     <- Finished tree
44:     -> Evolving tree number 9252 {1}
43:     -> Evolving tree number 9253 {1}
36:         Output tree data at t=13.80 Gyr (output 1 of 1)
36:     <- Finished tree
36:     Progress: 604 trees processed; elapsed 3.80 h
36:     -> Evolving tree number 9388 {1}
13:         Output tree data at t=13.80 Gyr (output 1 of 1)
13:     <- Finished tree
01:         Output tree data at t=13.80 Gyr (output 1 of 1)
01:     <- Finished tree
13:     -> Evolving tree number 9347 {1}
01:     -> Evolving tree number 9359 {1}
56:         Output tree data at t=13.80 Gyr (output 1 of 1)
56:     <- Finished tree
56:     -> Evolving tree number 9304 {1}
27:         Output tree data at t=13.80 Gyr (output 1 of 1)
27:     <- Finished tree
27:     Progress: 608 trees processed; elapsed 3.82 h
27:     -> Evolving tree number 9333 {1}
08:         Output tree data at t=13.80 Gyr (output 1 of 1)
08:     <- Finished tree
39:         Output tree data at t=13.80 Gyr (output 1 of 1)
39:     <- Finished tree
08:     -> Evolving tree number 9352 {1}
39:     -> Evolving tree number 9321 {1}
30:         Output tree data at t=13.80 Gyr (output 1 of 1)
30:     <- Finished tree
51:         Output tree data at t=13.80 Gyr (output 1 of 1)
51:     <- Finished tree
30:     -> Evolving tree number 9266 {1}
10:         Output tree data at t=13.80 Gyr (output 1 of 1)
10:     <- Finished tree
51:     -> Evolving tree number 9245 {1}
48:         Output tree data at t=13.80 Gyr (output 1 of 1)
48:     <- Finished tree
10:     -> Evolving tree number 9286 {1}
48:     -> Evolving tree number 9248 {1}
47:         Output tree data at t=13.80 Gyr (output 1 of 1)
47:     <- Finished tree
47:     Progress: 615 trees processed; elapsed 3.84 h
59:         Output tree data at t=13.80 Gyr (output 1 of 1)
59:     <- Finished tree
47:     -> Evolving tree number 9185 {1}
59:     -> Evolving tree number 9301 {1}
24:         Output tree data at t=13.80 Gyr (output 1 of 1)
24:     <- Finished tree
24:     -> Evolving tree number 9336 {1}
20:         Output tree data at t=13.80 Gyr (output 1 of 1)
20:     <- Finished tree
20:     -> Evolving tree number 9340 {1}
62:         Output tree data at t=13.80 Gyr (output 1 of 1)
62:     <- Finished tree
62:     Progress: 619 trees processed; elapsed 3.87 h
62:     -> Evolving tree number 9234 {1}
04:         Output tree data at t=13.80 Gyr (output 1 of 1)
04:     <- Finished tree
04:     -> Evolving tree number 9356 {1}
33:         Output tree data at t=13.80 Gyr (output 1 of 1)
33:     <- Finished tree
33:     Progress: 621 trees processed; elapsed 3.89 h
33:     -> Evolving tree number 9327 {1}
16:         Output tree data at t=13.80 Gyr (output 1 of 1)
16:     <- Finished tree
35:         Output tree data at t=13.80 Gyr (output 1 of 1)
35:     <- Finished tree
16:     -> Evolving tree number 9408 {1}
35:     -> Evolving tree number 9325 {1}
09:         Output tree data at t=13.80 Gyr (output 1 of 1)
09:     <- Finished tree
09:     -> Evolving tree number 9351 {1}
07:         Output tree data at t=13.80 Gyr (output 1 of 1)
07:     <- Finished tree
07:     Progress: 625 trees processed; elapsed 3.93 h
07:     -> Evolving tree number 9289 {1}
52:         Output tree data at t=13.80 Gyr (output 1 of 1)
52:     <- Finished tree
52:     -> Evolving tree number 9372 {1}
37:         Output tree data at t=13.80 Gyr (output 1 of 1)
37:     <- Finished tree
37:     Progress: 627 trees processed; elapsed 3.96 h
37:     -> Evolving tree number 9323 {1}
38:         Output tree data at t=13.80 Gyr (output 1 of 1)
38:     <- Finished tree
38:     -> Evolving tree number 9258 {1}
60:         Output tree data at t=13.80 Gyr (output 1 of 1)
60:     <- Finished tree
02:         Output tree data at t=13.80 Gyr (output 1 of 1)
02:     <- Finished tree
60:     -> Evolving tree number 9300 {1}
02:     -> Evolving tree number 9422 {1}
42:         Output tree data at t=13.80 Gyr (output 1 of 1)
42:     <- Finished tree
42:     -> Evolving tree number 9318 {1}
49:         Output tree data at t=13.80 Gyr (output 1 of 1)
49:     <- Finished tree
49:     Progress: 632 trees processed; elapsed 4.00 h
46:         Output tree data at t=13.80 Gyr (output 1 of 1)
46:     <- Finished tree
49:     -> Evolving tree number 9183 {1}
46:     -> Evolving tree number 9250 {1}
32:         Output tree data at t=13.80 Gyr (output 1 of 1)
32:     <- Finished tree
32:     Progress: 634 trees processed; elapsed 4.02 h
41:         Output tree data at t=13.80 Gyr (output 1 of 1)
41:     <- Finished tree
32:     -> Evolving tree number 9328 {1}
28:         Output tree data at t=13.80 Gyr (output 1 of 1)
28:     <- Finished tree
41:     -> Evolving tree number 9191 {1}
28:     -> Evolving tree number 9332 {1}
29:         Output tree data at t=13.80 Gyr (output 1 of 1)
29:     <- Finished tree
26:         Output tree data at t=13.80 Gyr (output 1 of 1)
26:     <- Finished tree
00:         Output tree data at t=13.80 Gyr (output 1 of 1)
00:     <- Finished tree
29:     -> Evolving tree number 9331 {1}
26:     -> Evolving tree number 9334 {1}
00:     -> Evolving tree number 9360 {1}
21:         Output tree data at t=13.80 Gyr (output 1 of 1)
21:     <- Finished tree
21:     -> Evolving tree number 9275 {1}
58:         Output tree data at t=13.80 Gyr (output 1 of 1)
58:     <- Finished tree
58:     Progress: 641 trees processed; elapsed 4.05 h
58:     -> Evolving tree number 9238 {1}
19:         Output tree data at t=13.80 Gyr (output 1 of 1)
19:     <- Finished tree
19:     -> Evolving tree number 9277 {1}
31:         Output tree data at t=13.80 Gyr (output 1 of 1)
31:     <- Finished tree
31:     -> Evolving tree number 9201 {1}
50:         Output tree data at t=13.80 Gyr (output 1 of 1)
50:     <- Finished tree
03:         Output tree data at t=13.80 Gyr (output 1 of 1)
03:     <- Finished tree
50:     -> Evolving tree number 9246 {1}
03:     -> Evolving tree number 9293 {1}
44:         Output tree data at t=13.80 Gyr (output 1 of 1)
44:     <- Finished tree
44:     Progress: 646 trees processed; elapsed 4.07 h
44:     -> Evolving tree number 9188 {1}
14:         Output tree data at t=13.80 Gyr (output 1 of 1)
14:     <- Finished tree
14:     -> Evolving tree number 9346 {1}
22:         Output tree data at t=13.80 Gyr (output 1 of 1)
22:     <- Finished tree
22:     -> Evolving tree number 9338 {1}
05:         Output tree data at t=13.80 Gyr (output 1 of 1)
05:     <- Finished tree
05:     -> Evolving tree number 9291 {1}
57:         Output tree data at t=13.80 Gyr (output 1 of 1)
57:     <- Finished tree
57:     Progress: 650 trees processed; elapsed 4.09 h
57:     -> Evolving tree number 9303 {1}
45:         Output tree data at t=13.80 Gyr (output 1 of 1)
45:     <- Finished tree
45:     -> Evolving tree number 9315 {1}
18:         Output tree data at t=13.80 Gyr (output 1 of 1)
18:     <- Finished tree
18:     -> Evolving tree number 9278 {1}
12:         Output tree data at t=13.80 Gyr (output 1 of 1)
12:     <- Finished tree
12:     Progress: 653 trees processed; elapsed 4.11 h
12:     -> Evolving tree number 9348 {1}
53:         Output tree data at t=13.80 Gyr (output 1 of 1)
53:     <- Finished tree
53:     -> Evolving tree number 9243 {1}
23:         Output tree data at t=13.80 Gyr (output 1 of 1)
23:     <- Finished tree
23:     -> Evolving tree number 9273 {1}
17:         Output tree data at t=13.80 Gyr (output 1 of 1)
17:     <- Finished tree
17:     Progress: 656 trees processed; elapsed 4.13 h
59:         Output tree data at t=13.80 Gyr (output 1 of 1)
59:     <- Finished tree
17:     -> Evolving tree number 9343 {1}
59:     -> Evolving tree number 9237 {1}
55:         Output tree data at t=13.80 Gyr (output 1 of 1)
55:     <- Finished tree
55:     -> Evolving tree number 9305 {1}
30:         Output tree data at t=13.80 Gyr (output 1 of 1)
30:     <- Finished tree
30:     Progress: 659 trees processed; elapsed 4.15 h
62:         Output tree data at t=13.80 Gyr (output 1 of 1)
62:     <- Finished tree
30:     -> Evolving tree number 9202 {1}
40:         Output tree data at t=13.80 Gyr (output 1 of 1)
40:     <- Finished tree
62:     -> Evolving tree number 9170 {1}
40:     -> Evolving tree number 9256 {1}
15:         Output tree data at t=13.80 Gyr (output 1 of 1)
15:     <- Finished tree
01:         Output tree data at t=13.80 Gyr (output 1 of 1)
01:     <- Finished tree
15:     -> Evolving tree number 9345 {1}
01:     -> Evolving tree number 9295 {1}
63:         Output tree data at t=13.80 Gyr (output 1 of 1)
63:     <- Finished tree
63:     -> Evolving tree number 9297 {1}
25:         Output tree data at t=13.80 Gyr (output 1 of 1)
25:     <- Finished tree
25:     Progress: 665 trees processed; elapsed 4.17 h
25:     -> Evolving tree number 9335 {1}
43:         Output tree data at t=13.80 Gyr (output 1 of 1)
43:     <- Finished tree
43:     -> Evolving tree number 9189 {1}
24:         Output tree data at t=13.80 Gyr (output 1 of 1)
24:     <- Finished tree
08:         Output tree data at t=13.80 Gyr (output 1 of 1)
08:     <- Finished tree
34:         Output tree data at t=13.80 Gyr (output 1 of 1)
34:     <- Finished tree
24:     -> Evolving tree number 9272 {1}
08:     -> Evolving tree number 9288 {1}
61:         Output tree data at t=13.80 Gyr (output 1 of 1)
61:     <- Finished tree
61:     Progress: 670 trees processed; elapsed 4.18 h
34:     -> Evolving tree number 9262 {1}
13:         Output tree data at t=13.80 Gyr (output 1 of 1)
13:     <- Finished tree
61:     -> Evolving tree number 9363 {1}
13:     -> Evolving tree number 9283 {1}
09:         Output tree data at t=13.80 Gyr (output 1 of 1)
09:     <- Finished tree
09:     -> Evolving tree number 9287 {1}
35:         Output tree data at t=13.80 Gyr (output 1 of 1)
35:     <- Finished tree
35:     Progress: 673 trees processed; elapsed 4.20 h
35:     -> Evolving tree number 9261 {1}
27:         Output tree data at t=13.80 Gyr (output 1 of 1)
27:     <- Finished tree
27:     -> Evolving tree number 9269 {1}
11:         Output tree data at t=13.80 Gyr (output 1 of 1)
11:     <- Finished tree
11:     -> Evolving tree number 9349 {1}
16:         Output tree data at t=13.80 Gyr (output 1 of 1)
16:     <- Finished tree
16:     -> Evolving tree number 9344 {1}
06:         Output tree data at t=13.80 Gyr (output 1 of 1)
06:     <- Finished tree
06:     Progress: 677 trees processed; elapsed 4.22 h
06:     -> Evolving tree number 9354 {1}
36:         Output tree data at t=13.80 Gyr (output 1 of 1)
36:     <- Finished tree
36:     -> Evolving tree number 9324 {1}
56:         Output tree data at t=13.80 Gyr (output 1 of 1)
56:     <- Finished tree
02:         Output tree data at t=13.80 Gyr (output 1 of 1)
02:     <- Finished tree
02:     Progress: 680 trees processed; elapsed 4.24 h
56:     -> Evolving tree number 9240 {1}
20:         Output tree data at t=13.80 Gyr (output 1 of 1)
20:     <- Finished tree
02:     -> Evolving tree number 9358 {1}
20:     -> Evolving tree number 9276 {1}
54:         Output tree data at t=13.80 Gyr (output 1 of 1)
54:     <- Finished tree
54:     -> Evolving tree number 9242 {1}
04:         Output tree data at t=13.80 Gyr (output 1 of 1)
04:     <- Finished tree
04:     Progress: 683 trees processed; elapsed 4.26 h
07:         Output tree data at t=13.80 Gyr (output 1 of 1)
07:     <- Finished tree
04:     -> Evolving tree number 9292 {1}
07:     -> Evolving tree number 9225 {1}
26:         Output tree data at t=13.80 Gyr (output 1 of 1)
26:     <- Finished tree
26:     -> Evolving tree number 9270 {1}
19:         Output tree data at t=13.80 Gyr (output 1 of 1)
19:     <- Finished tree
19:     Progress: 686 trees processed; elapsed 4.28 h
19:     -> Evolving tree number 9213 {1}
33:         Output tree data at t=13.80 Gyr (output 1 of 1)
33:     <- Finished tree
33:     Progress: 687 trees processed; elapsed 4.31 h
60:         Output tree data at t=13.80 Gyr (output 1 of 1)
60:     <- Finished tree
33:     -> Evolving tree number 9263 {1}
60:     -> Evolving tree number 9236 {1}
48:         Output tree data at t=13.80 Gyr (output 1 of 1)
48:     <- Finished tree
48:     -> Evolving tree number 9184 {1}
46:         Output tree data at t=13.80 Gyr (output 1 of 1)
46:     <- Finished tree
46:     -> Evolving tree number 9186 {1}
00:         Output tree data at t=13.80 Gyr (output 1 of 1)
00:     <- Finished tree
00:     -> Evolving tree number 9296 {1}
37:         Output tree data at t=13.80 Gyr (output 1 of 1)
37:     <- Finished tree
37:     Progress: 692 trees processed; elapsed 4.33 h
10:         Output tree data at t=13.80 Gyr (output 1 of 1)
10:     <- Finished tree
37:     -> Evolving tree number 9259 {1}
10:     -> Evolving tree number 9222 {1}
39:         Output tree data at t=13.80 Gyr (output 1 of 1)
39:     <- Finished tree
39:     -> Evolving tree number 9257 {1}
49:         Output tree data at t=13.80 Gyr (output 1 of 1)
49:     <- Finished tree
51:         Output tree data at t=13.80 Gyr (output 1 of 1)
51:     <- Finished tree
49:     -> Evolving tree number 9119 {1}
51:     -> Evolving tree number 9181 {1}
41:         Output tree data at t=13.80 Gyr (output 1 of 1)
41:     <- Finished tree
41:     Progress: 697 trees processed; elapsed 4.35 h
41:     -> Evolving tree number 9127 {1}
50:         Output tree data at t=13.80 Gyr (output 1 of 1)
50:     <- Finished tree
28:         Output tree data at t=13.80 Gyr (output 1 of 1)
28:     <- Finished tree
50:     -> Evolving tree number 9182 {1}
28:     -> Evolving tree number 9268 {1}
21:         Output tree data at t=13.80 Gyr (output 1 of 1)
21:     <- Finished tree
21:     Progress: 700 trees processed; elapsed 4.37 h
44:         Output tree data at t=13.80 Gyr (output 1 of 1)
44:     <- Finished tree
21:     -> Evolving tree number 9211 {1}
44:     -> Evolving tree number 9124 {1}
52:         Output tree data at t=13.80 Gyr (output 1 of 1)
52:     <- Finished tree
52:     -> Evolving tree number 9308 {1}
29:         Output tree data at t=13.80 Gyr (output 1 of 1)
29:     <- Finished tree
29:     Progress: 703 trees processed; elapsed 4.39 h
14:         Output tree data at t=13.80 Gyr (output 1 of 1)
14:     <- Finished tree
29:     -> Evolving tree number 9267 {1}
14:     -> Evolving tree number 9282 {1}
58:         Output tree data at t=13.80 Gyr (output 1 of 1)
58:     <- Finished tree
58:     -> Evolving tree number 9174 {1}
47:         Output tree data at t=13.80 Gyr (output 1 of 1)
47:     <- Finished tree
47:     -> Evolving tree number 9121 {1}
42:         Output tree data at t=13.80 Gyr (output 1 of 1)
42:     <- Finished tree
42:     Progress: 707 trees processed; elapsed 4.41 h
42:     -> Evolving tree number 9254 {1}
57:         Output tree data at t=13.80 Gyr (output 1 of 1)
57:     <- Finished tree
17:         Output tree data at t=13.80 Gyr (output 1 of 1)
17:     <- Finished tree
57:     -> Evolving tree number 9239 {1}
17:     -> Evolving tree number 9279 {1}
22:         Output tree data at t=13.80 Gyr (output 1 of 1)
22:     <- Finished tree
22:     Progress: 710 trees processed; elapsed 4.43 h
22:     -> Evolving tree number 9274 {1}
55:         Output tree data at t=13.80 Gyr (output 1 of 1)
55:     <- Finished tree
55:     -> Evolving tree number 9241 {1}
38:         Output tree data at t=13.80 Gyr (output 1 of 1)
38:     <- Finished tree
38:     Progress: 712 trees processed; elapsed 4.45 h
05:         Output tree data at t=13.80 Gyr (output 1 of 1)
05:     <- Finished tree
38:     -> Evolving tree number 9194 {1}
05:     -> Evolving tree number 9227 {1}
36:         Output tree data at t=13.80 Gyr (output 1 of 1)
36:     <- Finished tree
36:     -> Evolving tree number 9260 {1}
61:         Output tree data at t=13.80 Gyr (output 1 of 1)
61:     <- Finished tree
59:         Output tree data at t=13.80 Gyr (output 1 of 1)
59:     <- Finished tree
59:     Progress: 716 trees processed; elapsed 4.46 h
61:     -> Evolving tree number 9299 {1}
59:     -> Evolving tree number 9173 {1}
63:         Output tree data at t=13.80 Gyr (output 1 of 1)
63:     <- Finished tree
30:         Output tree data at t=13.80 Gyr (output 1 of 1)
30:     <- Finished tree
63:     -> Evolving tree number 9233 {1}
30:     -> Evolving tree number 9138 {1}
62:         Output tree data at t=13.80 Gyr (output 1 of 1)
62:     <- Finished tree
62:     Progress: 719 trees processed; elapsed 4.48 h
62:     -> Evolving tree number 9106 {1}
31:         Output tree data at t=13.80 Gyr (output 1 of 1)
31:     <- Finished tree
31:     Progress: 720 trees processed; elapsed 4.51 h
33:         Output tree data at t=13.80 Gyr (output 1 of 1)
33:     <- Finished tree
26:         Output tree data at t=13.80 Gyr (output 1 of 1)
26:     <- Finished tree
31:     -> Evolving tree number 9137 {1}
33:     -> Evolving tree number 9199 {1}
26:     -> Evolving tree number 9206 {1}
23:         Output tree data at t=13.80 Gyr (output 1 of 1)
23:     <- Finished tree
23:     -> Evolving tree number 9209 {1}
53:         Output tree data at t=13.80 Gyr (output 1 of 1)
53:     <- Finished tree
15:         Output tree data at t=13.80 Gyr (output 1 of 1)
15:     <- Finished tree
53:     -> Evolving tree number 9179 {1}
15:     -> Evolving tree number 9281 {1}
45:         Output tree data at t=13.80 Gyr (output 1 of 1)
45:     <- Finished tree
45:     -> Evolving tree number 9251 {1}
24:         Output tree data at t=13.80 Gyr (output 1 of 1)
24:     <- Finished tree
24:     Progress: 727 trees processed; elapsed 4.52 h
12:         Output tree data at t=13.80 Gyr (output 1 of 1)
12:     <- Finished tree
24:     -> Evolving tree number 9208 {1}
12:     -> Evolving tree number 9284 {1}
32:         Output tree data at t=13.80 Gyr (output 1 of 1)
32:     <- Finished tree
32:     -> Evolving tree number 9264 {1}
18:         Output tree data at t=13.80 Gyr (output 1 of 1)
18:     <- Finished tree
18:     -> Evolving tree number 9214 {1}
54:         Output tree data at t=13.80 Gyr (output 1 of 1)
54:     <- Finished tree
54:     Progress: 731 trees processed; elapsed 4.55 h
54:     -> Evolving tree number 9178 {1}
34:         Output tree data at t=13.80 Gyr (output 1 of 1)
34:     <- Finished tree
50:         Output tree data at t=13.80 Gyr (output 1 of 1)
50:     <- Finished tree
34:     -> Evolving tree number 9198 {1}
50:     -> Evolving tree number 9118 {1}
25:         Output tree data at t=13.80 Gyr (output 1 of 1)
25:     <- Finished tree
25:     Progress: 734 trees processed; elapsed 4.57 h
25:     -> Evolving tree number 9271 {1}
08:         Output tree data at t=13.80 Gyr (output 1 of 1)
08:     <- Finished tree
13:         Output tree data at t=13.80 Gyr (output 1 of 1)
13:     <- Finished tree
08:     -> Evolving tree number 9224 {1}
13:     -> Evolving tree number 9219 {1}
19:         Output tree data at t=13.80 Gyr (output 1 of 1)
19:     <- Finished tree
03:         Output tree data at t=13.80 Gyr (output 1 of 1)
03:     <- Finished tree
19:     -> Evolving tree number 9149 {1}
03:     -> Evolving tree number 9229 {1}
40:         Output tree data at t=13.80 Gyr (output 1 of 1)
40:     <- Finished tree
40:     -> Evolving tree number 9192 {1}
16:         Output tree data at t=13.80 Gyr (output 1 of 1)
16:     <- Finished tree
16:     Progress: 740 trees processed; elapsed 4.60 h
16:     -> Evolving tree number 9280 {1}
27:         Output tree data at t=13.80 Gyr (output 1 of 1)
27:     <- Finished tree
27:     -> Evolving tree number 9205 {1}
48:         Output tree data at t=13.80 Gyr (output 1 of 1)
48:     <- Finished tree
35:         Output tree data at t=13.80 Gyr (output 1 of 1)
35:     <- Finished tree
48:     -> Evolving tree number 9120 {1}
35:     -> Evolving tree number 9197 {1}
39:         Output tree data at t=13.80 Gyr (output 1 of 1)
39:     <- Finished tree
39:     Progress: 744 trees processed; elapsed 4.62 h
39:     -> Evolving tree number 9193 {1}
09:         Output tree data at t=13.80 Gyr (output 1 of 1)
09:     <- Finished tree
11:         Output tree data at t=13.80 Gyr (output 1 of 1)
11:     <- Finished tree
09:     -> Evolving tree number 9223 {1}
11:     -> Evolving tree number 9285 {1}
60:         Output tree data at t=13.80 Gyr (output 1 of 1)
60:     <- Finished tree
60:     Progress: 747 trees processed; elapsed 4.65 h
41:         Output tree data at t=13.80 Gyr (output 1 of 1)
41:     <- Finished tree
60:     -> Evolving tree number 9172 {1}
41:     -> Evolving tree number 9063 {1}
01:         Output tree data at t=13.80 Gyr (output 1 of 1)
01:     <- Finished tree
10:         Output tree data at t=13.80 Gyr (output 1 of 1)
10:     <- Finished tree
01:     -> Evolving tree number 9231 {1}
10:     -> Evolving tree number 9158 {1}
17:         Output tree data at t=13.80 Gyr (output 1 of 1)
17:     <- Finished tree
02:         Output tree data at t=13.80 Gyr (output 1 of 1)
02:     <- Finished tree
17:     -> Evolving tree number 9215 {1}
02:     -> Evolving tree number 9294 {1}
43:         Output tree data at t=13.80 Gyr (output 1 of 1)
43:     <- Finished tree
43:     Progress: 753 trees processed; elapsed 4.68 h
43:     -> Evolving tree number 9125 {1}
04:         Output tree data at t=13.80 Gyr (output 1 of 1)
04:     <- Finished tree
04:     -> Evolving tree number 9228 {1}
37:         Output tree data at t=13.80 Gyr (output 1 of 1)
37:     <- Finished tree
37:     Progress: 755 trees processed; elapsed 4.70 h
37:     -> Evolving tree number 9195 {1}
21:         Output tree data at t=13.80 Gyr (output 1 of 1)
21:     <- Finished tree
21:     -> Evolving tree number 9147 {1}
00:         Output tree data at t=13.80 Gyr (output 1 of 1)
00:     <- Finished tree
06:         Output tree data at t=13.80 Gyr (output 1 of 1)
06:     <- Finished tree
00:     -> Evolving tree number 9232 {1}
06:     -> Evolving tree number 9290 {1}
42:         Output tree data at t=13.80 Gyr (output 1 of 1)
42:     <- Finished tree
42:     Progress: 759 trees processed; elapsed 4.72 h
42:     -> Evolving tree number 9190 {1}
30:         Output tree data at t=13.80 Gyr (output 1 of 1)
30:     <- Finished tree
30:     -> Evolving tree number 9074 {1}
51:         Output tree data at t=13.80 Gyr (output 1 of 1)
51:     <- Finished tree
51:     Progress: 761 trees processed; elapsed 4.73 h
51:     -> Evolving tree number 9117 {1}
57:         Output tree data at t=13.80 Gyr (output 1 of 1)
57:     <- Finished tree
58:         Output tree data at t=13.80 Gyr (output 1 of 1)
58:     <- Finished tree
57:     -> Evolving tree number 9175 {1}
58:     -> Evolving tree number 9110 {1}
14:         Output tree data at t=13.80 Gyr (output 1 of 1)
14:     <- Finished tree
14:     Progress: 764 trees processed; elapsed 4.75 h
14:     -> Evolving tree number 9218 {1}
07:         Output tree data at t=13.80 Gyr (output 1 of 1)
07:     <- Finished tree
07:     -> Evolving tree number 9161 {1}
55:         Output tree data at t=13.80 Gyr (output 1 of 1)
55:     <- Finished tree
56:         Output tree data at t=13.80 Gyr (output 1 of 1)
56:     <- Finished tree
56:     -> Evolving tree number 9176 {1}
55:     -> Evolving tree number 9177 {1}
52:         Output tree data at t=13.80 Gyr (output 1 of 1)
52:     <- Finished tree
52:     Progress: 768 trees processed; elapsed 4.77 h
52:     -> Evolving tree number 9244 {1}
61:         Output tree data at t=13.80 Gyr (output 1 of 1)
61:     <- Finished tree
61:     -> Evolving tree number 9235 {1}
45:         Output tree data at t=13.80 Gyr (output 1 of 1)
45:     <- Finished tree
45:     -> Evolving tree number 9187 {1}
63:         Output tree data at t=13.80 Gyr (output 1 of 1)
63:     <- Finished tree
63:     Progress: 771 trees processed; elapsed 4.80 h
29:         Output tree data at t=13.80 Gyr (output 1 of 1)
29:     <- Finished tree
63:     -> Evolving tree number 9169 {1}
29:     -> Evolving tree number 9203 {1}
28:         Output tree data at t=13.80 Gyr (output 1 of 1)
28:     <- Finished tree
33:         Output tree data at t=13.80 Gyr (output 1 of 1)
33:     <- Finished tree
28:     -> Evolving tree number 9204 {1}
33:     -> Evolving tree number 9135 {1}
49:         Output tree data at t=13.80 Gyr (output 1 of 1)
49:     <- Finished tree
03:         Output tree data at t=13.80 Gyr (output 1 of 1)
03:     <- Finished tree
49:     -> Evolving tree number 9055 {1}
03:     -> Evolving tree number 9165 {1}
32:         Output tree data at t=13.80 Gyr (output 1 of 1)
32:     <- Finished tree
32:     Progress: 777 trees processed; elapsed 4.81 h
20:         Output tree data at t=13.80 Gyr (output 1 of 1)
20:     <- Finished tree
32:     -> Evolving tree number 9200 {1}
20:     -> Evolving tree number 9212 {1}
54:         Output tree data at t=13.80 Gyr (output 1 of 1)
54:     <- Finished tree
54:     -> Evolving tree number 9114 {1}
44:         Output tree data at t=13.80 Gyr (output 1 of 1)
44:     <- Finished tree
47:         Output tree data at t=13.80 Gyr (output 1 of 1)
47:     <- Finished tree
47:     Progress: 781 trees processed; elapsed 4.83 h
44:     -> Evolving tree number 9060 {1}
47:     -> Evolving tree number 9057 {1}
38:         Output tree data at t=13.80 Gyr (output 1 of 1)
38:     <- Finished tree
38:     -> Evolving tree number 9130 {1}
05:         Output tree data at t=13.80 Gyr (output 1 of 1)
05:     <- Finished tree
05:     -> Evolving tree number 9163 {1}
24:         Output tree data at t=13.80 Gyr (output 1 of 1)
24:     <- Finished tree
24:     Progress: 784 trees processed; elapsed 4.85 h
24:     -> Evolving tree number 9144 {1}
46:         Output tree data at t=13.80 Gyr (output 1 of 1)
46:     <- Finished tree
46:     -> Evolving tree number 9122 {1}
59:         Output tree data at t=13.80 Gyr (output 1 of 1)
59:     <- Finished tree
59:     -> Evolving tree number 9109 {1}
27:         Output tree data at t=13.80 Gyr (output 1 of 1)
27:     <- Finished tree
27:     Progress: 787 trees processed; elapsed 4.88 h
27:     -> Evolving tree number 9141 {1}
53:         Output tree data at t=13.80 Gyr (output 1 of 1)
53:     <- Finished tree
53:     -> Evolving tree number 9115 {1}
50:         Output tree data at t=13.80 Gyr (output 1 of 1)
50:     <- Finished tree
50:     Progress: 789 trees processed; elapsed 4.91 h
31:         Output tree data at t=13.80 Gyr (output 1 of 1)
31:     <- Finished tree
50:     -> Evolving tree number 9054 {1}
31:     -> Evolving tree number 9073 {1}
26:         Output tree data at t=13.80 Gyr (output 1 of 1)
26:     <- Finished tree
62:         Output tree data at t=13.80 Gyr (output 1 of 1)
62:     <- Finished tree
26:     -> Evolving tree number 9142 {1}
34:         Output tree data at t=13.80 Gyr (output 1 of 1)
34:     <- Finished tree
02:         Output tree data at t=13.80 Gyr (output 1 of 1)
02:     <- Finished tree
62:     -> Evolving tree number 9042 {1}
34:     -> Evolving tree number 9134 {1}
02:     -> Evolving tree number 9230 {1}
36:         Output tree data at t=13.80 Gyr (output 1 of 1)
36:     <- Finished tree
36:     Progress: 795 trees processed; elapsed 4.92 h
08:         Output tree data at t=13.80 Gyr (output 1 of 1)
08:     <- Finished tree
07:         Output tree data at t=13.80 Gyr (output 1 of 1)
07:     <- Finished tree
36:     -> Evolving tree number 9196 {1}
08:     -> Evolving tree number 9160 {1}
07:     -> Evolving tree number 9097 {1}
25:         Output tree data at t=13.80 Gyr (output 1 of 1)
25:     <- Finished tree
25:     -> Evolving tree number 9207 {1}
22:         Output tree data at t=13.80 Gyr (output 1 of 1)
22:     <- Finished tree
22:     -> Evolving tree number 9210 {1}
39:         Output tree data at t=13.80 Gyr (output 1 of 1)
39:     <- Finished tree
39:     Progress: 800 trees processed; elapsed 4.94 h
04:         Output tree data at t=13.80 Gyr (output 1 of 1)
04:     <- Finished tree
39:     -> Evolving tree number 9129 {1}
04:     -> Evolving tree number 9164 {1}
15:         Output tree data at t=13.80 Gyr (output 1 of 1)
15:     <- Finished tree
15:     -> Evolving tree number 9217 {1}
10:         Output tree data at t=13.80 Gyr (output 1 of 1)
10:     <- Finished tree
10:     Progress: 803 trees processed; elapsed 4.97 h
10:     -> Evolving tree number 9094 {1}
09:         Output tree data at t=13.80 Gyr (output 1 of 1)
09:     <- Finished tree
01:         Output tree data at t=13.80 Gyr (output 1 of 1)
01:     <- Finished tree
09:     -> Evolving tree number 9159 {1}
01:     -> Evolving tree number 9167 {1}
19:         Output tree data at t=13.80 Gyr (output 1 of 1)
19:     <- Finished tree
41:         Output tree data at t=13.80 Gyr (output 1 of 1)
41:     <- Finished tree
19:     -> Evolving tree number 9085 {1}
41:     -> Evolving tree number 8999 {1}
11:         Output tree data at t=13.80 Gyr (output 1 of 1)
11:     <- Finished tree
11:     Progress: 808 trees processed; elapsed 4.99 h
11:     -> Evolving tree number 9221 {1}
12:         Output tree data at t=13.80 Gyr (output 1 of 1)
12:     <- Finished tree
48:         Output tree data at t=13.80 Gyr (output 1 of 1)
48:     <- Finished tree
12:     -> Evolving tree number 9220 {1}
48:     -> Evolving tree number 9056 {1}
21:         Output tree data at t=13.80 Gyr (output 1 of 1)
21:     <- Finished tree
21:     -> Evolving tree number 9083 {1}
30:         Output tree data at t=13.80 Gyr (output 1 of 1)
30:     <- Finished tree
30:     Progress: 812 trees processed; elapsed 5.01 h
30:     -> Evolving tree number 9010 {1}
33:         Output tree data at t=13.80 Gyr (output 1 of 1)
33:     <- Finished tree
55:         Output tree data at t=13.80 Gyr (output 1 of 1)
55:     <- Finished tree
33:     -> Evolving tree number 9071 {1}
40:         Output tree data at t=13.80 Gyr (output 1 of 1)
40:     <- Finished tree
55:     -> Evolving tree number 9113 {1}
40:     -> Evolving tree number 9128 {1}
16:         Output tree data at t=13.80 Gyr (output 1 of 1)
16:     <- Finished tree
16:     Progress: 816 trees processed; elapsed 5.03 h
13:         Output tree data at t=13.80 Gyr (output 1 of 1)
13:     <- Finished tree
16:     -> Evolving tree number 9216 {1}
13:     -> Evolving tree number 9155 {1}
35:         Output tree data at t=13.80 Gyr (output 1 of 1)
35:     <- Finished tree
35:     -> Evolving tree number 9133 {1}
06:         Output tree data at t=13.80 Gyr (output 1 of 1)
06:     <- Finished tree
06:     -> Evolving tree number 9226 {1}
43:         Output tree data at t=13.80 Gyr (output 1 of 1)
18:         Output tree data at t=13.80 Gyr (output 1 of 1)
43:     <- Finished tree
43:     Progress: 820 trees processed; elapsed 5.05 h
18:     <- Finished tree
60:         Output tree data at t=13.80 Gyr (output 1 of 1)
60:     <- Finished tree
18:     -> Evolving tree number 9150 {1}
43:     -> Evolving tree number 9061 {1}
60:     -> Evolving tree number 9108 {1}
14:         Output tree data at t=13.80 Gyr (output 1 of 1)
14:     <- Finished tree
14:     Progress: 823 trees processed; elapsed 5.07 h
14:     -> Evolving tree number 9154 {1}
17:         Output tree data at t=13.80 Gyr (output 1 of 1)
17:     <- Finished tree
17:     -> Evolving tree number 9151 {1}
23:         Output tree data at t=13.80 Gyr (output 1 of 1)
23:     <- Finished tree
23:     Progress: 825 trees processed; elapsed 5.11 h
23:     -> Evolving tree number 9145 {1}
00:         Output tree data at t=13.80 Gyr (output 1 of 1)
00:     <- Finished tree
00:     -> Evolving tree number 9168 {1}
61:         Output tree data at t=13.80 Gyr (output 1 of 1)
61:     <- Finished tree
61:     -> Evolving tree number 9171 {1}
57:         Output tree data at t=13.80 Gyr (output 1 of 1)
57:     <- Finished tree
57:     Progress: 828 trees processed; elapsed 5.13 h
57:     -> Evolving tree number 9111 {1}
54:         Output tree data at t=13.80 Gyr (output 1 of 1)
54:     <- Finished tree
54:     -> Evolving tree number 9050 {1}
51:         Output tree data at t=13.80 Gyr (output 1 of 1)
51:     <- Finished tree
51:     -> Evolving tree number 9053 {1}
37:         Output tree data at t=13.80 Gyr (output 1 of 1)
37:     <- Finished tree
37:     -> Evolving tree number 9131 {1}
58:         Output tree data at t=13.80 Gyr (output 1 of 1)
58:     <- Finished tree
58:     Progress: 832 trees processed; elapsed 5.15 h
58:     -> Evolving tree number 9046 {1}
03:         Output tree data at t=13.80 Gyr (output 1 of 1)
03:     <- Finished tree
03:     -> Evolving tree number 9101 {1}
29:         Output tree data at t=13.80 Gyr (output 1 of 1)
29:     <- Finished tree
29:     -> Evolving tree number 9139 {1}
49:         Output tree data at t=13.80 Gyr (output 1 of 1)
49:     <- Finished tree
49:     -> Evolving tree number 8991 {1}
56:         Output tree data at t=13.80 Gyr (output 1 of 1)
56:     <- Finished tree
56:     Progress: 836 trees processed; elapsed 5.17 h
27:         Output tree data at t=13.80 Gyr (output 1 of 1)
27:     <- Finished tree
39:         Output tree data at t=13.80 Gyr (output 1 of 1)
39:     <- Finished tree
56:     -> Evolving tree number 9112 {1}
27:     -> Evolving tree number 9077 {1}
39:     -> Evolving tree number 9065 {1}
04:         Output tree data at t=13.80 Gyr (output 1 of 1)
04:     <- Finished tree
04:     -> Evolving tree number 9100 {1}
46:         Output tree data at t=13.80 Gyr (output 1 of 1)
46:     <- Finished tree
46:     -> Evolving tree number 9058 {1}
07:         Output tree data at t=13.80 Gyr (output 1 of 1)
07:     <- Finished tree
07:     Progress: 841 trees processed; elapsed 5.19 h
07:     -> Evolving tree number 9033 {1}
32:         Output tree data at t=13.80 Gyr (output 1 of 1)
32:     <- Finished tree
32:     -> Evolving tree number 9136 {1}
62:         Output tree data at t=13.80 Gyr (output 1 of 1)
62:     <- Finished tree
62:     -> Evolving tree number 8978 {1}
53:         Output tree data at t=13.80 Gyr (output 1 of 1)
53:     <- Finished tree
36:         Output tree data at t=13.80 Gyr (output 1 of 1)
36:     <- Finished tree
53:     -> Evolving tree number 9051 {1}
36:     -> Evolving tree number 9132 {1}
42:         Output tree data at t=13.80 Gyr (output 1 of 1)
42:     <- Finished tree
42:     Progress: 846 trees processed; elapsed 5.21 h
42:     -> Evolving tree number 9126 {1}
45:         Output tree data at t=13.80 Gyr (output 1 of 1)
45:     <- Finished tree
45:     Progress: 847 trees processed; elapsed 5.24 h
45:     -> Evolving tree number 9123 {1}
31:         Output tree data at t=13.80 Gyr (output 1 of 1)
31:     <- Finished tree
31:     -> Evolving tree number 9009 {1}
05:         Output tree data at t=13.80 Gyr (output 1 of 1)
05:     <- Finished tree
05:     -> Evolving tree number 9099 {1}
52:         Output tree data at t=13.80 Gyr (output 1 of 1)
52:     <- Finished tree
52:     Progress: 850 trees processed; elapsed 5.26 h
52:     -> Evolving tree number 9180 {1}
25:         Output tree data at t=13.80 Gyr (output 1 of 1)
25:     <- Finished tree
25:     -> Evolving tree number 9143 {1}
63:         Output tree data at t=13.80 Gyr (output 1 of 1)
63:     <- Finished tree
09:         Output tree data at t=13.80 Gyr (output 1 of 1)
09:     <- Finished tree
63:     -> Evolving tree number 9105 {1}
09:     -> Evolving tree number 9095 {1}
24:         Output tree data at t=13.80 Gyr (output 1 of 1)
24:     <- Finished tree
24:     Progress: 854 trees processed; elapsed 5.28 h
24:     -> Evolving tree number 9080 {1}
44:         Output tree data at t=13.80 Gyr (output 1 of 1)
44:     <- Finished tree
44:     -> Evolving tree number 8996 {1}
38:         Output tree data at t=13.80 Gyr (output 1 of 1)
38:     <- Finished tree
38:     -> Evolving tree number 9066 {1}
28:         Output tree data at t=13.80 Gyr (output 1 of 1)
28:     <- Finished tree
01:         Output tree data at t=13.80 Gyr (output 1 of 1)
01:     <- Finished tree
28:     -> Evolving tree number 9140 {1}
01:     -> Evolving tree number 9103 {1}
33:         Output tree data at t=13.80 Gyr (output 1 of 1)
33:     <- Finished tree
33:     Progress: 859 trees processed; elapsed 5.31 h
47:         Output tree data at t=13.80 Gyr (output 1 of 1)
47:     <- Finished tree
33:     -> Evolving tree number 9007 {1}
47:     -> Evolving tree number 8993 {1}
02:         Output tree data at t=13.80 Gyr (output 1 of 1)
02:     <- Finished tree
02:     -> Evolving tree number 9166 {1}
18:         Output tree data at t=13.80 Gyr (output 1 of 1)
18:     <- Finished tree
20:         Output tree data at t=13.80 Gyr (output 1 of 1)
20:     <- Finished tree
18:     -> Evolving tree number 9086 {1}
20:     -> Evolving tree number 9148 {1}
35:         Output tree data at t=13.80 Gyr (output 1 of 1)
35:     <- Finished tree
35:     Progress: 864 trees processed; elapsed 5.33 h
35:     -> Evolving tree number 9069 {1}
11:         Output tree data at t=13.80 Gyr (output 1 of 1)
11:     <- Finished tree
11:     -> Evolving tree number 9157 {1}
50:         Output tree data at t=13.80 Gyr (output 1 of 1)
50:     <- Finished tree
13:         Output tree data at t=13.80 Gyr (output 1 of 1)
13:     <- Finished tree
50:     -> Evolving tree number 8990 {1}
13:     -> Evolving tree number 9091 {1}
15:         Output tree data at t=13.80 Gyr (output 1 of 1)
15:     <- Finished tree
15:     Progress: 868 trees processed; elapsed 5.35 h
08:         Output tree data at t=13.80 Gyr (output 1 of 1)
08:     <- Finished tree
15:     -> Evolving tree number 9153 {1}
08:     -> Evolving tree number 9096 {1}
60:         Output tree data at t=13.80 Gyr (output 1 of 1)
60:     <- Finished tree
60:     -> Evolving tree number 9044 {1}
34:         Output tree data at t=13.80 Gyr (output 1 of 1)
34:     <- Finished tree
34:     Progress: 871 trees processed; elapsed 5.38 h
26:         Output tree data at t=13.80 Gyr (output 1 of 1)
26:     <- Finished tree
34:     -> Evolving tree number 9070 {1}
26:     -> Evolving tree number 9078 {1}
19:         Output tree data at t=13.80 Gyr (output 1 of 1)
19:     <- Finished tree
22:         Output tree data at t=13.80 Gyr (output 1 of 1)
22:     <- Finished tree
19:     -> Evolving tree number 9021 {1}
22:     -> Evolving tree number 9146 {1}
48:         Output tree data at t=13.80 Gyr (output 1 of 1)
48:     <- Finished tree
48:     -> Evolving tree number 8992 {1}
21:         Output tree data at t=13.80 Gyr (output 1 of 1)
21:     <- Finished tree
21:     Progress: 876 trees processed; elapsed 5.40 h
21:     -> Evolving tree number 9019 {1}
12:         Output tree data at t=13.80 Gyr (output 1 of 1)
12:     <- Finished tree
57:         Output tree data at t=13.80 Gyr (output 1 of 1)
57:     <- Finished tree
12:     -> Evolving tree number 9156 {1}
57:     -> Evolving tree number 9047 {1}
43:         Output tree data at t=13.80 Gyr (output 1 of 1)
43:     <- Finished tree
43:     -> Evolving tree number 8997 {1}
30:         Output tree data at t=13.80 Gyr (output 1 of 1)
30:     <- Finished tree
30:     Progress: 880 trees processed; elapsed 5.42 h
30:     -> Evolving tree number 8946 {1}
40:         Output tree data at t=13.80 Gyr (output 1 of 1)
40:     <- Finished tree
40:     -> Evolving tree number 9064 {1}
06:         Output tree data at t=13.80 Gyr (output 1 of 1)
06:     <- Finished tree
16:         Output tree data at t=13.80 Gyr (output 1 of 1)
16:     <- Finished tree
06:     -> Evolving tree number 9162 {1}
16:     -> Evolving tree number 9152 {1}
04:         Output tree data at t=13.80 Gyr (output 1 of 1)
04:     <- Finished tree
04:     Progress: 884 trees processed; elapsed 5.44 h
54:         Output tree data at t=13.80 Gyr (output 1 of 1)
54:     <- Finished tree
10:         Output tree data at t=13.80 Gyr (output 1 of 1)
10:     <- Finished tree
04:     -> Evolving tree number 9036 {1}
41:         Output tree data at t=13.80 Gyr (output 1 of 1)
41:     <- Finished tree
54:     -> Evolving tree number 8986 {1}
10:     -> Evolving tree number 9030 {1}
41:     -> Evolving tree number 8935 {1}
59:         Output tree data at t=13.80 Gyr (output 1 of 1)
59:     <- Finished tree
59:     -> Evolving tree number 9045 {1}
58:         Output tree data at t=13.80 Gyr (output 1 of 1)
58:     <- Finished tree
58:     Progress: 889 trees processed; elapsed 5.48 h
58:     -> Evolving tree number 8982 {1}
27:         Output tree data at t=13.80 Gyr (output 1 of 1)
27:     <- Finished tree
27:     -> Evolving tree number 9013 {1}
14:         Output tree data at t=13.80 Gyr (output 1 of 1)
14:     <- Finished tree
29:         Output tree data at t=13.80 Gyr (output 1 of 1)
29:     <- Finished tree
14:     -> Evolving tree number 9090 {1}
29:     -> Evolving tree number 9075 {1}
49:         Output tree data at t=13.80 Gyr (output 1 of 1)
49:     <- Finished tree
49:     Progress: 893 trees processed; elapsed 5.50 h
49:     -> Evolving tree number 8927 {1}
51:         Output tree data at t=13.80 Gyr (output 1 of 1)
51:     <- Finished tree
39:         Output tree data at t=13.80 Gyr (output 1 of 1)
39:     <- Finished tree
51:     -> Evolving tree number 8989 {1}
39:     -> Evolving tree number 9001 {1}
55:         Output tree data at t=13.80 Gyr (output 1 of 1)
55:     <- Finished tree
55:     Progress: 896 trees processed; elapsed 5.51 h
37:         Output tree data at t=13.80 Gyr (output 1 of 1)
37:     <- Finished tree
55:     -> Evolving tree number 9049 {1}
37:     -> Evolving tree number 9067 {1}
61:         Output tree data at t=13.80 Gyr (output 1 of 1)
61:     <- Finished tree
61:     -> Evolving tree number 9107 {1}
56:         Output tree data at t=13.80 Gyr (output 1 of 1)
56:     <- Finished tree
56:     Progress: 899 trees processed; elapsed 5.53 h
46:         Output tree data at t=13.80 Gyr (output 1 of 1)
46:     <- Finished tree
36:         Output tree data at t=13.80 Gyr (output 1 of 1)
36:     <- Finished tree
56:     -> Evolving tree number 9048 {1}
46:     -> Evolving tree number 8994 {1}
36:     -> Evolving tree number 9068 {1}
09:         Output tree data at t=13.80 Gyr (output 1 of 1)
09:     <- Finished tree
09:     -> Evolving tree number 9031 {1}
00:         Output tree data at t=13.80 Gyr (output 1 of 1)
00:     <- Finished tree
00:     -> Evolving tree number 9104 {1}
52:         Output tree data at t=13.80 Gyr (output 1 of 1)
52:     <- Finished tree
03:         Output tree data at t=13.80 Gyr (output 1 of 1)
03:     <- Finished tree
52:     -> Evolving tree number 9116 {1}
03:     -> Evolving tree number 9037 {1}
07:         Output tree data at t=13.80 Gyr (output 1 of 1)
07:     <- Finished tree
07:     Progress: 906 trees processed; elapsed 5.56 h
07:     -> Evolving tree number 8969 {1}
32:         Output tree data at t=13.80 Gyr (output 1 of 1)
32:     <- Finished tree
32:     -> Evolving tree number 9072 {1}
24:         Output tree data at t=13.80 Gyr (output 1 of 1)
24:     <- Finished tree
24:     Progress: 908 trees processed; elapsed 5.57 h
17:         Output tree data at t=13.80 Gyr (output 1 of 1)
17:     <- Finished tree
24:     -> Evolving tree number 9016 {1}
17:     -> Evolving tree number 9087 {1}
45:         Output tree data at t=13.80 Gyr (output 1 of 1)
45:     <- Finished tree
45:     -> Evolving tree number 9059 {1}
02:         Output tree data at t=13.80 Gyr (output 1 of 1)
02:     <- Finished tree
02:     -> Evolving tree number 9102 {1}
23:         Output tree data at t=13.80 Gyr (output 1 of 1)
23:     <- Finished tree
23:     -> Evolving tree number 9081 {1}
44:         Output tree data at t=13.80 Gyr (output 1 of 1)
44:     <- Finished tree
44:     Progress: 913 trees processed; elapsed 5.60 h
44:     -> Evolving tree number 8932 {1}
42:         Output tree data at t=13.80 Gyr (output 1 of 1)
42:     <- Finished tree
42:     -> Evolving tree number 9062 {1}
63:         Output tree data at t=13.80 Gyr (output 1 of 1)
63:     <- Finished tree
63:     Progress: 915 trees processed; elapsed 5.62 h
63:     -> Evolving tree number 9041 {1}
05:         Output tree data at t=13.80 Gyr (output 1 of 1)
05:     <- Finished tree
05:     -> Evolving tree number 9035 {1}
48:         Output tree data at t=13.80 Gyr (output 1 of 1)
48:     <- Finished tree
48:     -> Evolving tree number 8928 {1}
53:         Output tree data at t=13.80 Gyr (output 1 of 1)
53:     <- Finished tree
53:     Progress: 918 trees processed; elapsed 5.64 h
33:         Output tree data at t=13.80 Gyr (output 1 of 1)
33:     <- Finished tree
53:     -> Evolving tree number 8987 {1}
33:     -> Evolving tree number 8943 {1}
35:         Output tree data at t=13.80 Gyr (output 1 of 1)
35:     <- Finished tree
35:     Progress: 920 trees processed; elapsed 5.67 h
35:     -> Evolving tree number 9005 {1}
62:         Output tree data at t=13.80 Gyr (output 1 of 1)
62:     <- Finished tree
62:     -> Evolving tree number 8914 {1}
60:         Output tree data at t=13.80 Gyr (output 1 of 1)
60:     <- Finished tree
60:     Progress: 922 trees processed; elapsed 5.69 h
60:     -> Evolving tree number 8980 {1}
20:         Output tree data at t=13.80 Gyr (output 1 of 1)
20:     <- Finished tree
20:     -> Evolving tree number 9084 {1}
18:         Output tree data at t=13.80 Gyr (output 1 of 1)
18:     <- Finished tree
18:     -> Evolving tree number 9022 {1}
08:         Output tree data at t=13.80 Gyr (output 1 of 1)
08:     <- Finished tree
08:     Progress: 925 trees processed; elapsed 5.71 h
08:     -> Evolving tree number 9032 {1}
34:         Output tree data at t=13.80 Gyr (output 1 of 1)
34:     <- Finished tree
28:         Output tree data at t=13.80 Gyr (output 1 of 1)
28:     <- Finished tree
34:     -> Evolving tree number 9006 {1}
28:     -> Evolving tree number 9076 {1}
13:         Output tree data at t=13.80 Gyr (output 1 of 1)
13:     <- Finished tree
13:     Progress: 928 trees processed; elapsed 5.74 h
13:     -> Evolving tree number 9027 {1}
25:         Output tree data at t=13.80 Gyr (output 1 of 1)
25:     <- Finished tree
25:     -> Evolving tree number 9079 {1}
46:         Output tree data at t=13.80 Gyr (output 1 of 1)
46:     <- Finished tree
46:     -> Evolving tree number 8930 {1}
22:         Output tree data at t=13.80 Gyr (output 1 of 1)
22:     <- Finished tree
22:     -> Evolving tree number 9082 {1}
50:         Output tree data at t=13.80 Gyr (output 1 of 1)
50:     <- Finished tree
50:     Progress: 932 trees processed; elapsed 5.76 h
31:         Output tree data at t=13.80 Gyr (output 1 of 1)
31:     <- Finished tree
21:         Output tree data at t=13.80 Gyr (output 1 of 1)
21:     <- Finished tree
01:         Output tree data at t=13.80 Gyr (output 1 of 1)
01:     <- Finished tree
50:     -> Evolving tree number 8926 {1}
21:     -> Evolving tree number 8955 {1}
31:     -> Evolving tree number 8945 {1}
01:     -> Evolving tree number 9039 {1}
38:         Output tree data at t=13.80 Gyr (output 1 of 1)
38:     <- Finished tree
58:         Output tree data at t=13.80 Gyr (output 1 of 1)
58:     <- Finished tree
38:     -> Evolving tree number 9002 {1}
58:     -> Evolving tree number 8918 {1}
39:         Output tree data at t=13.80 Gyr (output 1 of 1)
39:     <- Finished tree
39:     -> Evolving tree number 8937 {1}
47:         Output tree data at t=13.80 Gyr (output 1 of 1)
47:     <- Finished tree
47:     Progress: 939 trees processed; elapsed 5.78 h
47:     -> Evolving tree number 8929 {1}
06:         Output tree data at t=13.80 Gyr (output 1 of 1)
06:     <- Finished tree
06:     -> Evolving tree number 9098 {1}
61:         Output tree data at t=13.80 Gyr (output 1 of 1)
61:     <- Finished tree
57:         Output tree data at t=13.80 Gyr (output 1 of 1)
57:     <- Finished tree
61:     -> Evolving tree number 9043 {1}
57:     -> Evolving tree number 8983 {1}
16:         Output tree data at t=13.80 Gyr (output 1 of 1)
16:     <- Finished tree
16:     Progress: 943 trees processed; elapsed 5.81 h
16:     -> Evolving tree number 9088 {1}
19:         Output tree data at t=13.80 Gyr (output 1 of 1)
19:     <- Finished tree
12:         Output tree data at t=13.80 Gyr (output 1 of 1)
12:     <- Finished tree
19:     -> Evolving tree number 8957 {1}
10:         Output tree data at t=13.80 Gyr (output 1 of 1)
10:     <- Finished tree
12:     -> Evolving tree number 9092 {1}
10:     -> Evolving tree number 8966 {1}
03:         Output tree data at t=13.80 Gyr (output 1 of 1)
03:     <- Finished tree
03:     Progress: 947 trees processed; elapsed 5.83 h
03:     -> Evolving tree number 8973 {1}
41:         Output tree data at t=13.80 Gyr (output 1 of 1)
41:     <- Finished tree
29:         Output tree data at t=13.80 Gyr (output 1 of 1)
29:     <- Finished tree
41:     -> Evolving tree number 8871 {1}
29:     -> Evolving tree number 9011 {1}
49:         Output tree data at t=13.80 Gyr (output 1 of 1)
49:     <- Finished tree
49:     -> Evolving tree number 8863 {1}
56:         Output tree data at t=13.80 Gyr (output 1 of 1)
56:     <- Finished tree
30:         Output tree data at t=13.80 Gyr (output 1 of 1)
30:     <- Finished tree
56:     -> Evolving tree number 8984 {1}
37:         Output tree data at t=13.80 Gyr (output 1 of 1)
37:     <- Finished tree
37:     Progress: 953 trees processed; elapsed 5.84 h
30:     -> Evolving tree number 8882 {1}
15:         Output tree data at t=13.80 Gyr (output 1 of 1)
15:     <- Finished tree
37:     -> Evolving tree number 9003 {1}
15:     -> Evolving tree number 9089 {1}
55:         Output tree data at t=13.80 Gyr (output 1 of 1)
55:     <- Finished tree
55:     Progress: 955 trees processed; elapsed 5.86 h
55:     -> Evolving tree number 8985 {1}
51:         Output tree data at t=13.80 Gyr (output 1 of 1)
51:     <- Finished tree
51:     -> Evolving tree number 8925 {1}
45:         Output tree data at t=13.80 Gyr (output 1 of 1)
45:     <- Finished tree
45:     -> Evolving tree number 8995 {1}
11:         Output tree data at t=13.80 Gyr (output 1 of 1)
11:     <- Finished tree
11:     Progress: 958 trees processed; elapsed 5.89 h
14:         Output tree data at t=13.80 Gyr (output 1 of 1)
14:     <- Finished tree
09:         Output tree data at t=13.80 Gyr (output 1 of 1)
09:     <- Finished tree
11:     -> Evolving tree number 9093 {1}
14:     -> Evolving tree number 9026 {1}
09:     -> Evolving tree number 8967 {1}
27:         Output tree data at t=13.80 Gyr (output 1 of 1)
27:     <- Finished tree
52:         Output tree data at t=13.80 Gyr (output 1 of 1)
52:     <- Finished tree
27:     -> Evolving tree number 8949 {1}
52:     -> Evolving tree number 9052 {1}
54:         Output tree data at t=13.80 Gyr (output 1 of 1)
54:     <- Finished tree
54:     Progress: 963 trees processed; elapsed 5.91 h
54:     -> Evolving tree number 8922 {1}
59:         Output tree data at t=13.80 Gyr (output 1 of 1)
59:     <- Finished tree
59:     -> Evolving tree number 8981 {1}
04:         Output tree data at t=13.80 Gyr (output 1 of 1)
04:     <- Finished tree
04:     Progress: 965 trees processed; elapsed 5.92 h
04:     -> Evolving tree number 8972 {1}
42:         Output tree data at t=13.80 Gyr (output 1 of 1)
42:     <- Finished tree
42:     -> Evolving tree number 8998 {1}
40:         Output tree data at t=13.80 Gyr (output 1 of 1)
40:     <- Finished tree
40:     Progress: 967 trees processed; elapsed 5.95 h
63:         Output tree data at t=13.80 Gyr (output 1 of 1)
63:     <- Finished tree
40:     -> Evolving tree number 9000 {1}
63:     -> Evolving tree number 8977 {1}
33:         Output tree data at t=13.80 Gyr (output 1 of 1)
33:     <- Finished tree
33:     -> Evolving tree number 8879 {1}
46:         Output tree data at t=13.80 Gyr (output 1 of 1)
46:     <- Finished tree
46:     -> Evolving tree number 8866 {1}
23:         Output tree data at t=13.80 Gyr (output 1 of 1)
23:     <- Finished tree
23:     -> Evolving tree number 9017 {1}
07:         Output tree data at t=13.80 Gyr (output 1 of 1)
07:     <- Finished tree
07:     Progress: 972 trees processed; elapsed 5.96 h
07:     -> Evolving tree number 8905 {1}
44:         Output tree data at t=13.80 Gyr (output 1 of 1)
44:     <- Finished tree
44:     -> Evolving tree number 8868 {1}
17:         Output tree data at t=13.80 Gyr (output 1 of 1)
17:     <- Finished tree
17:     Progress: 974 trees processed; elapsed 5.99 h
17:     -> Evolving tree number 9023 {1}
02:         Output tree data at t=13.80 Gyr (output 1 of 1)
02:     <- Finished tree
32:         Output tree data at t=13.80 Gyr (output 1 of 1)
32:     <- Finished tree
02:     -> Evolving tree number 9038 {1}
32:     -> Evolving tree number 9008 {1}
53:         Output tree data at t=13.80 Gyr (output 1 of 1)
53:     <- Finished tree
43:         Output tree data at t=13.80 Gyr (output 1 of 1)
43:     <- Finished tree
53:     -> Evolving tree number 8923 {1}
43:     -> Evolving tree number 8933 {1}
20:         Output tree data at t=13.80 Gyr (output 1 of 1)
20:     <- Finished tree
20:     Progress: 979 trees processed; elapsed 6.01 h
35:         Output tree data at t=13.80 Gyr (output 1 of 1)
35:     <- Finished tree
20:     -> Evolving tree number 9020 {1}
35:     -> Evolving tree number 8941 {1}
05:         Output tree data at t=13.80 Gyr (output 1 of 1)
05:     <- Finished tree
18:         Output tree data at t=13.80 Gyr (output 1 of 1)
18:     <- Finished tree
00:         Output tree data at t=13.80 Gyr (output 1 of 1)
00:     <- Finished tree
05:     -> Evolving tree number 8971 {1}
18:     -> Evolving tree number 8958 {1}
36:         Output tree data at t=13.80 Gyr (output 1 of 1)
36:     <- Finished tree
00:     -> Evolving tree number 9040 {1}
36:     -> Evolving tree number 9004 {1}
62:         Output tree data at t=13.80 Gyr (output 1 of 1)
62:     <- Finished tree
62:     Progress: 985 trees processed; elapsed 6.03 h
62:     -> Evolving tree number 8850 {1}
48:         Output tree data at t=13.80 Gyr (output 1 of 1)
48:     <- Finished tree
48:     -> Evolving tree number 8864 {1}
31:         Output tree data at t=13.80 Gyr (output 1 of 1)
31:     <- Finished tree
31:     -> Evolving tree number 8881 {1}
26:         Output tree data at t=13.80 Gyr (output 1 of 1)
26:     <- Finished tree
26:     -> Evolving tree number 9014 {1}
25:         Output tree data at t=13.80 Gyr (output 1 of 1)
25:     <- Finished tree
25:     Progress: 989 trees processed; elapsed 6.06 h
25:     -> Evolving tree number 9015 {1}
24:         Output tree data at t=13.80 Gyr (output 1 of 1)
24:     <- Finished tree
24:     Progress: 990 trees processed; elapsed 6.08 h
24:     -> Evolving tree number 8952 {1}
16:         Output tree data at t=13.80 Gyr (output 1 of 1)
16:     <- Finished tree
08:         Output tree data at t=13.80 Gyr (output 1 of 1)
08:     <- Finished tree
22:         Output tree data at t=13.80 Gyr (output 1 of 1)
22:     <- Finished tree
22:     Progress: 993 trees processed; elapsed 6.10 h
38:         Output tree data at t=13.80 Gyr (output 1 of 1)
38:     <- Finished tree
16:     -> Evolving tree number 9024 {1}
08:     -> Evolving tree number 8968 {1}
22:     -> Evolving tree number 9018 {1}
38:     -> Evolving tree number 8938 {1}
60:         Output tree data at t=13.80 Gyr (output 1 of 1)
60:     <- Finished tree
60:     -> Evolving tree number 8916 {1}
45:         Output tree data at t=13.80 Gyr (output 1 of 1)
45:     <- Finished tree
12:         Output tree data at t=13.80 Gyr (output 1 of 1)
12:     <- Finished tree
45:     -> Evolving tree number 8931 {1}
12:     -> Evolving tree number 9028 {1}
13:         Output tree data at t=13.80 Gyr (output 1 of 1)
13:     <- Finished tree
13:     Progress: 998 trees processed; elapsed 6.12 h
13:     -> Evolving tree number 8963 {1}
50:         Output tree data at t=13.80 Gyr (output 1 of 1)
50:     <- Finished tree
50:     -> Evolving tree number 8862 {1}
39:         Output tree data at t=13.80 Gyr (output 1 of 1)
39:     <- Finished tree
39:     Progress: 1000 trees processed; elapsed 6.14 h
39:     -> Evolving tree number 8873 {1}
57:         Output tree data at t=13.80 Gyr (output 1 of 1)
57:     <- Finished tree
57:     -> Evolving tree number 8919 {1}
47:         Output tree data at t=13.80 Gyr (output 1 of 1)
47:     <- Finished tree
47:     -> Evolving tree number 8865 {1}
56:         Output tree data at t=13.80 Gyr (output 1 of 1)
56:     <- Finished tree
56:     -> Evolving tree number 8920 {1}
09:         Output tree data at t=13.80 Gyr (output 1 of 1)
09:     <- Finished tree
09:     Progress: 1004 trees processed; elapsed 6.16 h
09:     -> Evolving tree number 8903 {1}
51:         Output tree data at t=13.80 Gyr (output 1 of 1)
51:     <- Finished tree
03:         Output tree data at t=13.80 Gyr (output 1 of 1)
03:     <- Finished tree
51:     -> Evolving tree number 8861 {1}
63:         Output tree data at t=13.80 Gyr (output 1 of 1)
63:     <- Finished tree
03:     -> Evolving tree number 8909 {1}
63:     -> Evolving tree number 8913 {1}
42:         Output tree data at t=13.80 Gyr (output 1 of 1)
42:     <- Finished tree
42:     Progress: 1008 trees processed; elapsed 6.19 h
14:         Output tree data at t=13.80 Gyr (output 1 of 1)
14:     <- Finished tree
42:     -> Evolving tree number 8934 {1}
21:         Output tree data at t=13.80 Gyr (output 1 of 1)
21:     <- Finished tree
14:     -> Evolving tree number 8962 {1}
21:     -> Evolving tree number 8891 {1}
06:         Output tree data at t=13.80 Gyr (output 1 of 1)
06:     <- Finished tree
06:     -> Evolving tree number 9034 {1}
34:         Output tree data at t=13.80 Gyr (output 1 of 1)
34:     <- Finished tree
34:     Progress: 1012 trees processed; elapsed 6.21 h
34:     -> Evolving tree number 8942 {1}
19:         Output tree data at t=13.80 Gyr (output 1 of 1)
19:     <- Finished tree
19:     -> Evolving tree number 8893 {1}
43:         Output tree data at t=13.80 Gyr (output 1 of 1)
43:     <- Finished tree
43:     Progress: 1014 trees processed; elapsed 6.24 h
58:         Output tree data at t=13.80 Gyr (output 1 of 1)
58:     <- Finished tree
43:     -> Evolving tree number 8869 {1}
58:     -> Evolving tree number 8854 {1}
29:         Output tree data at t=13.80 Gyr (output 1 of 1)
29:     <- Finished tree
36:         Output tree data at t=13.80 Gyr (output 1 of 1)
36:     <- Finished tree
29:     -> Evolving tree number 8947 {1}
36:     -> Evolving tree number 8940 {1}
62:         Output tree data at t=13.80 Gyr (output 1 of 1)
62:     <- Finished tree
62:     -> Evolving tree number 8786 {1}
01:         Output tree data at t=13.80 Gyr (output 1 of 1)
01:     <- Finished tree
01:     Progress: 1019 trees processed; elapsed 6.26 h
01:     -> Evolving tree number 8975 {1}
11:         Output tree data at t=13.80 Gyr (output 1 of 1)
11:     <- Finished tree
11:     -> Evolving tree number 9029 {1}
48:         Output tree data at t=13.80 Gyr (output 1 of 1)
48:     <- Finished tree
48:     -> Evolving tree number 8800 {1}
10:         Output tree data at t=13.80 Gyr (output 1 of 1)
10:     <- Finished tree
61:         Output tree data at t=13.80 Gyr (output 1 of 1)
61:     <- Finished tree
54:         Output tree data at t=13.80 Gyr (output 1 of 1)
54:     <- Finished tree
10:     -> Evolving tree number 8902 {1}
61:     -> Evolving tree number 8979 {1}
54:     -> Evolving tree number 8858 {1}
35:         Output tree data at t=13.80 Gyr (output 1 of 1)
35:     <- Finished tree
35:     Progress: 1025 trees processed; elapsed 6.28 h
35:     -> Evolving tree number 8877 {1}
44:         Output tree data at t=13.80 Gyr (output 1 of 1)
44:     <- Finished tree
41:         Output tree data at t=13.80 Gyr (output 1 of 1)
41:     <- Finished tree
44:     -> Evolving tree number 8804 {1}
41:     -> Evolving tree number 8807 {1}
46:         Output tree data at t=13.80 Gyr (output 1 of 1)
46:     <- Finished tree
46:     -> Evolving tree number 8802 {1}
49:         Output tree data at t=13.80 Gyr (output 1 of 1)
49:     <- Finished tree
49:     Progress: 1029 trees processed; elapsed 6.30 h
49:     -> Evolving tree number 8799 {1}
27:         Output tree data at t=13.80 Gyr (output 1 of 1)
27:     <- Finished tree
27:     -> Evolving tree number 8885 {1}
00:         Output tree data at t=13.80 Gyr (output 1 of 1)
00:     <- Finished tree
00:     -> Evolving tree number 8976 {1}
59:         Output tree data at t=13.80 Gyr (output 1 of 1)
59:     <- Finished tree
59:     Progress: 1032 trees processed; elapsed 6.32 h
28:         Output tree data at t=13.80 Gyr (output 1 of 1)
28:     <- Finished tree
28:     -> Evolving tree number 9012 {1}
59:     -> Evolving tree number 8917 {1}
04:         Output tree data at t=13.80 Gyr (output 1 of 1)
04:     <- Finished tree
23:         Output tree data at t=13.80 Gyr (output 1 of 1)
23:     <- Finished tree
04:     -> Evolving tree number 8908 {1}
23:     -> Evolving tree number 8953 {1}
02:         Output tree data at t=13.80 Gyr (output 1 of 1)
02:     <- Finished tree
32:         Output tree data at t=13.80 Gyr (output 1 of 1)
32:     <- Finished tree
02:     -> Evolving tree number 8974 {1}
32:     -> Evolving tree number 8944 {1}
15:         Output tree data at t=13.80 Gyr (output 1 of 1)
15:     <- Finished tree
26:         Output tree data at t=13.80 Gyr (output 1 of 1)
26:     <- Finished tree
15:     -> Evolving tree number 9025 {1}
26:     -> Evolving tree number 8950 {1}
31:         Output tree data at t=13.80 Gyr (output 1 of 1)
31:     <- Finished tree
31:     Progress: 1040 trees processed; elapsed 6.35 h
37:         Output tree data at t=13.80 Gyr (output 1 of 1)
37:     <- Finished tree
31:     -> Evolving tree number 8817 {1}
37:     -> Evolving tree number 8939 {1}
07:         Output tree data at t=13.80 Gyr (output 1 of 1)
07:     <- Finished tree
60:         Output tree data at t=13.80 Gyr (output 1 of 1)
60:     <- Finished tree
18:         Output tree data at t=13.80 Gyr (output 1 of 1)
18:     <- Finished tree
60:     -> Evolving tree number 8852 {1}
07:     -> Evolving tree number 8841 {1}
18:     -> Evolving tree number 8894 {1}
30:         Output tree data at t=13.80 Gyr (output 1 of 1)
30:     <- Finished tree
57:         Output tree data at t=13.80 Gyr (output 1 of 1)
57:     <- Finished tree
30:     -> Evolving tree number 8818 {1}
57:     -> Evolving tree number 8855 {1}
55:         Output tree data at t=13.80 Gyr (output 1 of 1)
55:     <- Finished tree
55:     Progress: 1047 trees processed; elapsed 6.37 h
55:     -> Evolving tree number 8921 {1}
56:         Output tree data at t=13.80 Gyr (output 1 of 1)
56:     <- Finished tree
56:     -> Evolving tree number 8856 {1}
40:         Output tree data at t=13.80 Gyr (output 1 of 1)
40:     <- Finished tree
40:     Progress: 1049 trees processed; elapsed 6.41 h
40:     -> Evolving tree number 8936 {1}
52:         Output tree data at t=13.80 Gyr (output 1 of 1)
52:     <- Finished tree
52:     -> Evolving tree number 8988 {1}
25:         Output tree data at t=13.80 Gyr (output 1 of 1)
25:     <- Finished tree
25:     -> Evolving tree number 8951 {1}
17:         Output tree data at t=13.80 Gyr (output 1 of 1)
17:     <- Finished tree
17:     Progress: 1052 trees processed; elapsed 6.43 h
17:     -> Evolving tree number 8959 {1}
33:         Output tree data at t=13.80 Gyr (output 1 of 1)
33:     <- Finished tree
33:     -> Evolving tree number 8815 {1}
38:         Output tree data at t=13.80 Gyr (output 1 of 1)
38:     <- Finished tree
38:     -> Evolving tree number 8874 {1}
20:         Output tree data at t=13.80 Gyr (output 1 of 1)
20:     <- Finished tree
05:         Output tree data at t=13.80 Gyr (output 1 of 1)
05:     <- Finished tree
05:     Progress: 1056 trees processed; elapsed 6.45 h
20:     -> Evolving tree number 8956 {1}
16:         Output tree data at t=13.80 Gyr (output 1 of 1)
16:     <- Finished tree
05:     -> Evolving tree number 8907 {1}
16:     -> Evolving tree number 8960 {1}
22:         Output tree data at t=13.80 Gyr (output 1 of 1)
22:     <- Finished tree
12:         Output tree data at t=13.80 Gyr (output 1 of 1)
12:     <- Finished tree
22:     -> Evolving tree number 8954 {1}
12:     -> Evolving tree number 8964 {1}
45:         Output tree data at t=13.80 Gyr (output 1 of 1)
45:     <- Finished tree
45:     -> Evolving tree number 8867 {1}
19:         Output tree data at t=13.80 Gyr (output 1 of 1)
19:     <- Finished tree
19:     Progress: 1061 trees processed; elapsed 6.49 h
19:     -> Evolving tree number 8829 {1}
47:         Output tree data at t=13.80 Gyr (output 1 of 1)
47:     <- Finished tree
36:         Output tree data at t=13.80 Gyr (output 1 of 1)
36:     <- Finished tree
47:     -> Evolving tree number 8801 {1}
36:     -> Evolving tree number 8876 {1}
08:         Output tree data at t=13.80 Gyr (output 1 of 1)
08:     <- Finished tree
08:     -> Evolving tree number 8904 {1}
53:         Output tree data at t=13.80 Gyr (output 1 of 1)
53:     <- Finished tree
53:     -> Evolving tree number 8859 {1}
51:         Output tree data at t=13.80 Gyr (output 1 of 1)
51:     <- Finished tree
51:     Progress: 1066 trees processed; elapsed 6.52 h
39:         Output tree data at t=13.80 Gyr (output 1 of 1)
39:     <- Finished tree
51:     -> Evolving tree number 8797 {1}
39:     -> Evolving tree number 8809 {1}
34:         Output tree data at t=13.80 Gyr (output 1 of 1)
34:     <- Finished tree
34:     -> Evolving tree number 8878 {1}
14:         Output tree data at t=13.80 Gyr (output 1 of 1)
14:     <- Finished tree
14:     -> Evolving tree number 8898 {1}
13:         Output tree data at t=13.80 Gyr (output 1 of 1)
13:     <- Finished tree
13:     Progress: 1070 trees processed; elapsed 6.54 h
58:         Output tree data at t=13.80 Gyr (output 1 of 1)
58:     <- Finished tree
13:     -> Evolving tree number 8899 {1}
58:     -> Evolving tree number 8790 {1}
07:         Output tree data at t=13.80 Gyr (output 1 of 1)
07:     <- Finished tree
07:     Progress: 1072 trees processed; elapsed 6.56 h
07:     -> Evolving tree number 8777 {1}
04:         Output tree data at t=13.80 Gyr (output 1 of 1)
04:     <- Finished tree
24:         Output tree data at t=13.80 Gyr (output 1 of 1)
24:     <- Finished tree
04:     -> Evolving tree number 8844 {1}
24:     -> Evolving tree number 8888 {1}
01:         Output tree data at t=13.80 Gyr (output 1 of 1)
01:     <- Finished tree
09:         Output tree data at t=13.80 Gyr (output 1 of 1)
09:     <- Finished tree
01:     -> Evolving tree number 8911 {1}
09:     -> Evolving tree number 8839 {1}
43:         Output tree data at t=13.80 Gyr (output 1 of 1)
43:     <- Finished tree
43:     Progress: 1077 trees processed; elapsed 6.59 h
43:     -> Evolving tree number 8805 {1}
06:         Output tree data at t=13.80 Gyr (output 1 of 1)
06:     <- Finished tree
06:     -> Evolving tree number 8970 {1}
03:         Output tree data at t=13.80 Gyr (output 1 of 1)
03:     <- Finished tree
03:     -> Evolving tree number 8845 {1}
42:         Output tree data at t=13.80 Gyr (output 1 of 1)
42:     <- Finished tree
42:     -> Evolving tree number 8870 {1}
29:         Output tree data at t=13.80 Gyr (output 1 of 1)
29:     <- Finished tree
29:     Progress: 1081 trees processed; elapsed 6.61 h
29:     -> Evolving tree number 8883 {1}
11:         Output tree data at t=13.80 Gyr (output 1 of 1)
11:     <- Finished tree
11:     Progress: 1082 trees processed; elapsed 6.65 h
11:     -> Evolving tree number 8965 {1}
46:         Output tree data at t=13.80 Gyr (output 1 of 1)
46:     <- Finished tree
46:     -> Evolving tree number 8738 {1}
00:         Output tree data at t=13.80 Gyr (output 1 of 1)
00:     <- Finished tree
00:     -> Evolving tree number 8912 {1}
56:         Output tree data at t=13.80 Gyr (output 1 of 1)
56:     <- Finished tree
56:     -> Evolving tree number 8792 {1}
49:         Output tree data at t=13.80 Gyr (output 1 of 1)
49:     <- Finished tree
49:     Progress: 1086 trees processed; elapsed 6.67 h
15:         Output tree data at t=13.80 Gyr (output 1 of 1)
15:     <- Finished tree
49:     -> Evolving tree number 8735 {1}
26:         Output tree data at t=13.80 Gyr (output 1 of 1)
26:     <- Finished tree
15:     -> Evolving tree number 8961 {1}
26:     -> Evolving tree number 8886 {1}
61:         Output tree data at t=13.80 Gyr (output 1 of 1)
61:     <- Finished tree
61:     -> Evolving tree number 8915 {1}
59:         Output tree data at t=13.80 Gyr (output 1 of 1)
59:     <- Finished tree
59:     -> Evolving tree number 8853 {1}
28:         Output tree data at t=13.80 Gyr (output 1 of 1)
28:     <- Finished tree
28:     Progress: 1091 trees processed; elapsed 6.69 h
28:     -> Evolving tree number 8948 {1}
23:         Output tree data at t=13.80 Gyr (output 1 of 1)
23:     <- Finished tree
23:     -> Evolving tree number 8889 {1}
02:         Output tree data at t=13.80 Gyr (output 1 of 1)
02:     <- Finished tree
02:     -> Evolving tree number 8910 {1}
63:         Output tree data at t=13.80 Gyr (output 1 of 1)
63:     <- Finished tree
27:         Output tree data at t=13.80 Gyr (output 1 of 1)
27:     <- Finished tree
27:     Progress: 1095 trees processed; elapsed 6.71 h
63:     -> Evolving tree number 8849 {1}
30:         Output tree data at t=13.80 Gyr (output 1 of 1)
30:     <- Finished tree
27:     -> Evolving tree number 8821 {1}
21:         Output tree data at t=13.80 Gyr (output 1 of 1)
21:     <- Finished tree
30:     -> Evolving tree number 8754 {1}
21:     -> Evolving tree number 8827 {1}
05:         Output tree data at t=13.80 Gyr (output 1 of 1)
05:     <- Finished tree
05:     -> Evolving tree number 8843 {1}
37:         Output tree data at t=13.80 Gyr (output 1 of 1)
37:     <- Finished tree
37:     -> Evolving tree number 8875 {1}
50:         Output tree data at t=13.80 Gyr (output 1 of 1)
50:     <- Finished tree
50:     Progress: 1100 trees processed; elapsed 6.73 h
32:         Output tree data at t=13.80 Gyr (output 1 of 1)
32:     <- Finished tree
50:     -> Evolving tree number 8798 {1}
32:     -> Evolving tree number 8880 {1}
08:         Output tree data at t=13.80 Gyr (output 1 of 1)
08:     <- Finished tree
08:     -> Evolving tree number 8840 {1}
40:         Output tree data at t=13.80 Gyr (output 1 of 1)
40:     <- Finished tree
40:     -> Evolving tree number 8872 {1}
54:         Output tree data at t=13.80 Gyr (output 1 of 1)
54:     <- Finished tree
54:     Progress: 1104 trees processed; elapsed 6.76 h
54:     -> Evolving tree number 8794 {1}
57:         Output tree data at t=13.80 Gyr (output 1 of 1)
57:     <- Finished tree
62:         Output tree data at t=13.80 Gyr (output 1 of 1)
62:     <- Finished tree
57:     -> Evolving tree number 8791 {1}
62:     -> Evolving tree number 8722 {1}
25:         Output tree data at t=13.80 Gyr (output 1 of 1)
25:     <- Finished tree
25:     -> Evolving tree number 8887 {1}
44:         Output tree data at t=13.80 Gyr (output 1 of 1)
44:     <- Finished tree
44:     -> Evolving tree number 8740 {1}
35:         Output tree data at t=13.80 Gyr (output 1 of 1)
35:     <- Finished tree
35:     Progress: 1109 trees processed; elapsed 6.78 h
35:     -> Evolving tree number 8813 {1}
10:         Output tree data at t=13.80 Gyr (output 1 of 1)
10:     <- Finished tree
10:     -> Evolving tree number 8838 {1}
38:         Output tree data at t=13.80 Gyr (output 1 of 1)
38:     <- Finished tree
38:     -> Evolving tree number 8810 {1}
60:         Output tree data at t=13.80 Gyr (output 1 of 1)
60:     <- Finished tree
60:     Progress: 1112 trees processed; elapsed 6.80 h
60:     -> Evolving tree number 8788 {1}
48:         Output tree data at t=13.80 Gyr (output 1 of 1)
48:     <- Finished tree
48:     -> Evolving tree number 8736 {1}
34:         Output tree data at t=13.80 Gyr (output 1 of 1)
34:     <- Finished tree
34:     -> Evolving tree number 8814 {1}
33:         Output tree data at t=13.80 Gyr (output 1 of 1)
33:     <- Finished tree
33:     Progress: 1115 trees processed; elapsed 6.84 h
33:     -> Evolving tree number 8751 {1}
31:         Output tree data at t=13.80 Gyr (output 1 of 1)
31:     <- Finished tree
31:     -> Evolving tree number 8753 {1}
52:         Output tree data at t=13.80 Gyr (output 1 of 1)
52:     <- Finished tree
53:         Output tree data at t=13.80 Gyr (output 1 of 1)
53:     <- Finished tree
52:     -> Evolving tree number 8924 {1}
53:     -> Evolving tree number 8795 {1}
55:         Output tree data at t=13.80 Gyr (output 1 of 1)
55:     <- Finished tree
55:     Progress: 1119 trees processed; elapsed 6.85 h
14:         Output tree data at t=13.80 Gyr (output 1 of 1)
14:     <- Finished tree
55:     -> Evolving tree number 8857 {1}
14:     -> Evolving tree number 8834 {1}
07:         Output tree data at t=13.80 Gyr (output 1 of 1)
07:     <- Finished tree
42:         Output tree data at t=13.80 Gyr (output 1 of 1)
42:     <- Finished tree
07:     -> Evolving tree number 8713 {1}
42:     -> Evolving tree number 8806 {1}
16:         Output tree data at t=13.80 Gyr (output 1 of 1)
16:     <- Finished tree
16:     -> Evolving tree number 8896 {1}
18:         Output tree data at t=13.80 Gyr (output 1 of 1)
18:     <- Finished tree
18:     -> Evolving tree number 8830 {1}
41:         Output tree data at t=13.80 Gyr (output 1 of 1)
41:     <- Finished tree
41:     Progress: 1125 trees processed; elapsed 6.88 h
41:     -> Evolving tree number 8743 {1}
17:         Output tree data at t=13.80 Gyr (output 1 of 1)
17:     <- Finished tree
17:     -> Evolving tree number 8895 {1}
51:         Output tree data at t=13.80 Gyr (output 1 of 1)
51:     <- Finished tree
13:         Output tree data at t=13.80 Gyr (output 1 of 1)
13:     <- Finished tree
51:     -> Evolving tree number 8733 {1}
13:     -> Evolving tree number 8835 {1}
47:         Output tree data at t=13.80 Gyr (output 1 of 1)
47:     <- Finished tree
47:     Progress: 1129 trees processed; elapsed 6.90 h
47:     -> Evolving tree number 8737 {1}
36:         Output tree data at t=13.80 Gyr (output 1 of 1)
36:     <- Finished tree
36:     Progress: 1130 trees processed; elapsed 6.92 h
36:     -> Evolving tree number 8812 {1}
12:         Output tree data at t=13.80 Gyr (output 1 of 1)
12:     <- Finished tree
12:     -> Evolving tree number 8900 {1}
24:         Output tree data at t=13.80 Gyr (output 1 of 1)
24:     <- Finished tree
24:     -> Evolving tree number 8824 {1}
04:         Output tree data at t=13.80 Gyr (output 1 of 1)
04:     <- Finished tree
04:     -> Evolving tree number 8780 {1}
45:         Output tree data at t=13.80 Gyr (output 1 of 1)
45:     <- Finished tree
45:     -> Evolving tree number 8803 {1}
20:         Output tree data at t=13.80 Gyr (output 1 of 1)
20:     <- Finished tree
20:     Progress: 1135 trees processed; elapsed 6.95 h
20:     -> Evolving tree number 8892 {1}
22:         Output tree data at t=13.80 Gyr (output 1 of 1)
22:     <- Finished tree
19:         Output tree data at t=13.80 Gyr (output 1 of 1)
19:     <- Finished tree
22:     -> Evolving tree number 8890 {1}
19:     -> Evolving tree number 8765 {1}
39:         Output tree data at t=13.80 Gyr (output 1 of 1)
39:     <- Finished tree
39:     -> Evolving tree number 8745 {1}
49:         Output tree data at t=13.80 Gyr (output 1 of 1)
49:     <- Finished tree
49:     Progress: 1139 trees processed; elapsed 6.97 h
49:     -> Evolving tree number 8671 {1}
58:         Output tree data at t=13.80 Gyr (output 1 of 1)
58:     <- Finished tree
58:     -> Evolving tree number 8726 {1}
46:         Output tree data at t=13.80 Gyr (output 1 of 1)
46:     <- Finished tree
46:     Progress: 1141 trees processed; elapsed 7.00 h
46:     -> Evolving tree number 8674 {1}
11:         Output tree data at t=13.80 Gyr (output 1 of 1)
11:     <- Finished tree
11:     -> Evolving tree number 8901 {1}
01:         Output tree data at t=13.80 Gyr (output 1 of 1)
01:     <- Finished tree
56:         Output tree data at t=13.80 Gyr (output 1 of 1)
56:     <- Finished tree
01:     -> Evolving tree number 8847 {1}
56:     -> Evolving tree number 8728 {1}
30:         Output tree data at t=13.80 Gyr (output 1 of 1)
30:     <- Finished tree
63:         Output tree data at t=13.80 Gyr (output 1 of 1)
63:     <- Finished tree
63:     Progress: 1146 trees processed; elapsed 7.02 h
30:     -> Evolving tree number 8690 {1}
63:     -> Evolving tree number 8785 {1}
02:         Output tree data at t=13.80 Gyr (output 1 of 1)
02:     <- Finished tree
02:     -> Evolving tree number 8846 {1}
06:         Output tree data at t=13.80 Gyr (output 1 of 1)
06:     <- Finished tree
06:     Progress: 1148 trees processed; elapsed 7.04 h
06:     -> Evolving tree number 8906 {1}
57:         Output tree data at t=13.80 Gyr (output 1 of 1)
57:     <- Finished tree
57:     -> Evolving tree number 8727 {1}
29:         Output tree data at t=13.80 Gyr (output 1 of 1)
29:     <- Finished tree
43:         Output tree data at t=13.80 Gyr (output 1 of 1)
43:     <- Finished tree
27:         Output tree data at t=13.80 Gyr (output 1 of 1)
27:     <- Finished tree
29:     -> Evolving tree number 8819 {1}
43:     -> Evolving tree number 8741 {1}
27:     -> Evolving tree number 8757 {1}
09:         Output tree data at t=13.80 Gyr (output 1 of 1)
09:     <- Finished tree
09:     Progress: 1153 trees processed; elapsed 7.06 h
15:         Output tree data at t=13.80 Gyr (output 1 of 1)
15:     <- Finished tree
09:     -> Evolving tree number 8775 {1}
26:         Output tree data at t=13.80 Gyr (output 1 of 1)
26:     <- Finished tree
15:     -> Evolving tree number 8897 {1}
35:         Output tree data at t=13.80 Gyr (output 1 of 1)
35:     <- Finished tree
26:     -> Evolving tree number 8822 {1}
35:     -> Evolving tree number 8749 {1}
28:         Output tree data at t=13.80 Gyr (output 1 of 1)
28:     <- Finished tree
28:     -> Evolving tree number 8884 {1}
37:         Output tree data at t=13.80 Gyr (output 1 of 1)
37:     <- Finished tree
37:     Progress: 1158 trees processed; elapsed 7.08 h
37:     -> Evolving tree number 8811 {1}
03:         Output tree data at t=13.80 Gyr (output 1 of 1)
03:     <- Finished tree
59:         Output tree data at t=13.80 Gyr (output 1 of 1)
59:     <- Finished tree
55:         Output tree data at t=13.80 Gyr (output 1 of 1)
55:     <- Finished tree
03:     -> Evolving tree number 8781 {1}
59:     -> Evolving tree number 8789 {1}
55:     -> Evolving tree number 8793 {1}
50:         Output tree data at t=13.80 Gyr (output 1 of 1)
50:     <- Finished tree
50:     Progress: 1162 trees processed; elapsed 7.10 h
50:     -> Evolving tree number 8734 {1}
34:         Output tree data at t=13.80 Gyr (output 1 of 1)
34:     <- Finished tree
34:     -> Evolving tree number 8750 {1}
08:         Output tree data at t=13.80 Gyr (output 1 of 1)
08:     <- Finished tree
23:         Output tree data at t=13.80 Gyr (output 1 of 1)
23:     <- Finished tree
44:         Output tree data at t=13.80 Gyr (output 1 of 1)
44:     <- Finished tree
08:     -> Evolving tree number 8776 {1}
23:     -> Evolving tree number 8825 {1}
05:         Output tree data at t=13.80 Gyr (output 1 of 1)
05:     <- Finished tree
05:     Progress: 1167 trees processed; elapsed 7.12 h
44:     -> Evolving tree number 8676 {1}
62:         Output tree data at t=13.80 Gyr (output 1 of 1)
62:     <- Finished tree
05:     -> Evolving tree number 8779 {1}
62:     -> Evolving tree number 8658 {1}
00:         Output tree data at t=13.80 Gyr (output 1 of 1)
00:     <- Finished tree
00:     -> Evolving tree number 8848 {1}
32:         Output tree data at t=13.80 Gyr (output 1 of 1)
32:     <- Finished tree
32:     -> Evolving tree number 8816 {1}
14:         Output tree data at t=13.80 Gyr (output 1 of 1)
14:     <- Finished tree
14:     Progress: 1171 trees processed; elapsed 7.14 h
14:     -> Evolving tree number 8770 {1}
51:         Output tree data at t=13.80 Gyr (output 1 of 1)
51:     <- Finished tree
48:         Output tree data at t=13.80 Gyr (output 1 of 1)
48:     <- Finished tree
51:     -> Evolving tree number 8669 {1}
48:     -> Evolving tree number 8672 {1}
61:         Output tree data at t=13.80 Gyr (output 1 of 1)
61:     <- Finished tree
61:     -> Evolving tree number 8851 {1}
38:         Output tree data at t=13.80 Gyr (output 1 of 1)
38:     <- Finished tree
38:     Progress: 1175 trees processed; elapsed 7.16 h
38:     -> Evolving tree number 8746 {1}
47:         Output tree data at t=13.80 Gyr (output 1 of 1)
47:     <- Finished tree
47:     -> Evolving tree number 8673 {1}
10:         Output tree data at t=13.80 Gyr (output 1 of 1)
10:     <- Finished tree
10:     Progress: 1177 trees processed; elapsed 7.18 h
10:     -> Evolving tree number 8774 {1}
40:         Output tree data at t=13.80 Gyr (output 1 of 1)
40:     <- Finished tree
07:         Output tree data at t=13.80 Gyr (output 1 of 1)
07:     <- Finished tree
21:         Output tree data at t=13.80 Gyr (output 1 of 1)
21:     <- Finished tree
40:     -> Evolving tree number 8808 {1}
07:     -> Evolving tree number 8649 {1}
21:     -> Evolving tree number 8763 {1}
33:         Output tree data at t=13.80 Gyr (output 1 of 1)
33:     <- Finished tree
33:     Progress: 1181 trees processed; elapsed 7.20 h
33:     -> Evolving tree number 8687 {1}
60:         Output tree data at t=13.80 Gyr (output 1 of 1)
60:     <- Finished tree
60:     -> Evolving tree number 8724 {1}
13:         Output tree data at t=13.80 Gyr (output 1 of 1)
13:     <- Finished tree
13:     Progress: 1183 trees processed; elapsed 7.22 h
54:         Output tree data at t=13.80 Gyr (output 1 of 1)
54:     <- Finished tree
13:     -> Evolving tree number 8771 {1}
54:     -> Evolving tree number 8730 {1}
18:         Output tree data at t=13.80 Gyr (output 1 of 1)
18:     <- Finished tree
18:     -> Evolving tree number 8766 {1}
12:         Output tree data at t=13.80 Gyr (output 1 of 1)
12:     <- Finished tree
12:     Progress: 1186 trees processed; elapsed 7.25 h
12:     -> Evolving tree number 8836 {1}
53:         Output tree data at t=13.80 Gyr (output 1 of 1)
53:     <- Finished tree
25:         Output tree data at t=13.80 Gyr (output 1 of 1)
25:     <- Finished tree
53:     -> Evolving tree number 8731 {1}
25:     -> Evolving tree number 8823 {1}
04:         Output tree data at t=13.80 Gyr (output 1 of 1)
04:     <- Finished tree
04:     Progress: 1189 trees processed; elapsed 7.27 h
04:     -> Evolving tree number 8716 {1}
31:         Output tree data at t=13.80 Gyr (output 1 of 1)
31:     <- Finished tree
31:     -> Evolving tree number 8689 {1}
01:         Output tree data at t=13.80 Gyr (output 1 of 1)
01:     <- Finished tree
01:     Progress: 1191 trees processed; elapsed 7.29 h
52:         Output tree data at t=13.80 Gyr (output 1 of 1)
52:     <- Finished tree
01:     -> Evolving tree number 8783 {1}
49:         Output tree data at t=13.80 Gyr (output 1 of 1)
49:     <- Finished tree
52:     -> Evolving tree number 8860 {1}
49:     -> Evolving tree number 8607 {1}
02:         Output tree data at t=13.80 Gyr (output 1 of 1)
02:     <- Finished tree
02:     -> Evolving tree number 8782 {1}
35:         Output tree data at t=13.80 Gyr (output 1 of 1)
35:     <- Finished tree
35:     Progress: 1195 trees processed; elapsed 7.30 h
36:         Output tree data at t=13.80 Gyr (output 1 of 1)
36:     <- Finished tree
11:         Output tree data at t=13.80 Gyr (output 1 of 1)
11:     <- Finished tree
35:     -> Evolving tree number 8685 {1}
36:     -> Evolving tree number 8748 {1}
11:     -> Evolving tree number 8837 {1}
41:         Output tree data at t=13.80 Gyr (output 1 of 1)
41:     <- Finished tree
41:     -> Evolving tree number 8679 {1}
42:         Output tree data at t=13.80 Gyr (output 1 of 1)
42:     <- Finished tree
42:     -> Evolving tree number 8742 {1}
39:         Output tree data at t=13.80 Gyr (output 1 of 1)
39:     <- Finished tree
39:     Progress: 1200 trees processed; elapsed 7.32 h
16:         Output tree data at t=13.80 Gyr (output 1 of 1)
16:     <- Finished tree
39:     -> Evolving tree number 8681 {1}
16:     -> Evolving tree number 8832 {1}
58:         Output tree data at t=13.80 Gyr (output 1 of 1)
58:     <- Finished tree
58:     -> Evolving tree number 8662 {1}
28:         Output tree data at t=13.80 Gyr (output 1 of 1)
28:     <- Finished tree
28:     Progress: 1203 trees processed; elapsed 7.35 h
28:     -> Evolving tree number 8820 {1}
26:         Output tree data at t=13.80 Gyr (output 1 of 1)
26:     <- Finished tree
26:     -> Evolving tree number 8758 {1}
08:         Output tree data at t=13.80 Gyr (output 1 of 1)
08:     <- Finished tree
19:         Output tree data at t=13.80 Gyr (output 1 of 1)
19:     <- Finished tree
19:     -> Evolving tree number 8701 {1}
08:     -> Evolving tree number 8712 {1}
20:         Output tree data at t=13.80 Gyr (output 1 of 1)
20:     <- Finished tree
56:         Output tree data at t=13.80 Gyr (output 1 of 1)
56:     <- Finished tree
20:     -> Evolving tree number 8828 {1}
56:     -> Evolving tree number 8664 {1}
59:         Output tree data at t=13.80 Gyr (output 1 of 1)
59:     <- Finished tree
59:     Progress: 1209 trees processed; elapsed 7.38 h
59:     -> Evolving tree number 8725 {1}
46:         Output tree data at t=13.80 Gyr (output 1 of 1)
46:     <- Finished tree
30:         Output tree data at t=13.80 Gyr (output 1 of 1)
30:     <- Finished tree
46:     -> Evolving tree number 8610 {1}
30:     -> Evolving tree number 8626 {1}
32:         Output tree data at t=13.80 Gyr (output 1 of 1)
32:     <- Finished tree
32:     Progress: 1212 trees processed; elapsed 7.40 h
32:     -> Evolving tree number 8752 {1}
22:         Output tree data at t=13.80 Gyr (output 1 of 1)
22:     <- Finished tree
22:     -> Evolving tree number 8826 {1}
17:         Output tree data at t=13.80 Gyr (output 1 of 1)
17:     <- Finished tree
17:     -> Evolving tree number 8831 {1}
43:         Output tree data at t=13.80 Gyr (output 1 of 1)
43:     <- Finished tree
43:     Progress: 1215 trees processed; elapsed 7.42 h
44:         Output tree data at t=13.80 Gyr (output 1 of 1)
44:     <- Finished tree
43:     -> Evolving tree number 8677 {1}
44:     -> Evolving tree number 8612 {1}
57:         Output tree data at t=13.80 Gyr (output 1 of 1)
57:     <- Finished tree
45:         Output tree data at t=13.80 Gyr (output 1 of 1)
45:     <- Finished tree
24:         Output tree data at t=13.80 Gyr (output 1 of 1)
24:     <- Finished tree
45:     -> Evolving tree number 8739 {1}
57:     -> Evolving tree number 8663 {1}
24:     -> Evolving tree number 8760 {1}
63:         Output tree data at t=13.80 Gyr (output 1 of 1)
63:     <- Finished tree
34:         Output tree data at t=13.80 Gyr (output 1 of 1)
34:     <- Finished tree
63:     -> Evolving tree number 8721 {1}
37:         Output tree data at t=13.80 Gyr (output 1 of 1)
37:     <- Finished tree
34:     -> Evolving tree number 8686 {1}
37:     -> Evolving tree number 8747 {1}
50:         Output tree data at t=13.80 Gyr (output 1 of 1)
50:     <- Finished tree
50:     Progress: 1223 trees processed; elapsed 7.46 h
06:         Output tree data at t=13.80 Gyr (output 1 of 1)
06:     <- Finished tree
09:         Output tree data at t=13.80 Gyr (output 1 of 1)
09:     <- Finished tree
50:     -> Evolving tree number 8670 {1}
09:     -> Evolving tree number 8711 {1}
06:     -> Evolving tree number 8842 {1}
40:         Output tree data at t=13.80 Gyr (output 1 of 1)
40:     <- Finished tree
40:     -> Evolving tree number 8744 {1}
00:         Output tree data at t=13.80 Gyr (output 1 of 1)
00:     <- Finished tree
00:     Progress: 1227 trees processed; elapsed 7.49 h
55:         Output tree data at t=13.80 Gyr (output 1 of 1)
55:     <- Finished tree
00:     -> Evolving tree number 8784 {1}
55:     -> Evolving tree number 8729 {1}
10:         Output tree data at t=13.80 Gyr (output 1 of 1)
10:     <- Finished tree
10:     -> Evolving tree number 8710 {1}
38:         Output tree data at t=13.80 Gyr (output 1 of 1)
38:     <- Finished tree
38:     Progress: 1230 trees processed; elapsed 7.51 h
38:     -> Evolving tree number 8682 {1}
21:         Output tree data at t=13.80 Gyr (output 1 of 1)
21:     <- Finished tree
21:     -> Evolving tree number 8699 {1}
03:         Output tree data at t=13.80 Gyr (output 1 of 1)
03:     <- Finished tree
03:     -> Evolving tree number 8717 {1}
29:         Output tree data at t=13.80 Gyr (output 1 of 1)
29:     <- Finished tree
29:     Progress: 1233 trees processed; elapsed 7.53 h
29:     -> Evolving tree number 8755 {1}
31:         Output tree data at t=13.80 Gyr (output 1 of 1)
31:     <- Finished tree
31:     -> Evolving tree number 8625 {1}
04:         Output tree data at t=13.80 Gyr (output 1 of 1)
04:     <- Finished tree
27:         Output tree data at t=13.80 Gyr (output 1 of 1)
27:     <- Finished tree
04:     -> Evolving tree number 8652 {1}
27:     -> Evolving tree number 8693 {1}
15:         Output tree data at t=13.80 Gyr (output 1 of 1)
15:     <- Finished tree
15:     -> Evolving tree number 8833 {1}
47:         Output tree data at t=13.80 Gyr (output 1 of 1)
47:     <- Finished tree
14:         Output tree data at t=13.80 Gyr (output 1 of 1)
14:     <- Finished tree
47:     -> Evolving tree number 8609 {1}
14:     -> Evolving tree number 8706 {1}
51:         Output tree data at t=13.80 Gyr (output 1 of 1)
51:     <- Finished tree
51:     Progress: 1240 trees processed; elapsed 7.55 h
60:         Output tree data at t=13.80 Gyr (output 1 of 1)
60:     <- Finished tree
51:     -> Evolving tree number 8605 {1}
60:     -> Evolving tree number 8660 {1}
05:         Output tree data at t=13.80 Gyr (output 1 of 1)
05:     <- Finished tree
05:     Progress: 1242 trees processed; elapsed 7.57 h
05:     -> Evolving tree number 8715 {1}
23:         Output tree data at t=13.80 Gyr (output 1 of 1)
23:     <- Finished tree
62:         Output tree data at t=13.80 Gyr (output 1 of 1)
62:     <- Finished tree
23:     -> Evolving tree number 8761 {1}
62:     -> Evolving tree number 8594 {1}
61:         Output tree data at t=13.80 Gyr (output 1 of 1)
61:     <- Finished tree
61:     Progress: 1245 trees processed; elapsed 7.59 h
61:     -> Evolving tree number 8787 {1}
07:         Output tree data at t=13.80 Gyr (output 1 of 1)
07:     <- Finished tree
07:     -> Evolving tree number 8585 {1}
52:         Output tree data at t=13.80 Gyr (output 1 of 1)
52:     <- Finished tree
52:     -> Evolving tree number 8796 {1}
54:         Output tree data at t=13.80 Gyr (output 1 of 1)
54:     <- Finished tree
54:     Progress: 1248 trees processed; elapsed 7.60 h
54:     -> Evolving tree number 8666 {1}
30:         Output tree data at t=13.80 Gyr (output 1 of 1)
30:     <- Finished tree
30:     Progress: 1249 trees processed; elapsed 7.62 h
30:     -> Evolving tree number 8562 {1}
18:         Output tree data at t=13.80 Gyr (output 1 of 1)
18:     <- Finished tree
18:     -> Evolving tree number 8702 {1}
33:         Output tree data at t=13.80 Gyr (output 1 of 1)
33:     <- Finished tree
33:     -> Evolving tree number 8623 {1}
11:         Output tree data at t=13.80 Gyr (output 1 of 1)
11:     <- Finished tree
11:     -> Evolving tree number 8773 {1}
35:         Output tree data at t=13.80 Gyr (output 1 of 1)
35:     <- Finished tree
35:     Progress: 1253 trees processed; elapsed 7.64 h
35:     -> Evolving tree number 8621 {1}
36:         Output tree data at t=13.80 Gyr (output 1 of 1)
36:     <- Finished tree
36:     Progress: 1254 trees processed; elapsed 7.66 h
56:         Output tree data at t=13.80 Gyr (output 1 of 1)
56:     <- Finished tree
36:     -> Evolving tree number 8684 {1}
49:         Output tree data at t=13.80 Gyr (output 1 of 1)
49:     <- Finished tree
56:     -> Evolving tree number 8600 {1}
49:     -> Evolving tree number 8543 {1}
48:         Output tree data at t=13.80 Gyr (output 1 of 1)
48:     <- Finished tree
48:     -> Evolving tree number 8608 {1}
50:         Output tree data at t=13.80 Gyr (output 1 of 1)
50:     <- Finished tree
50:     Progress: 1258 trees processed; elapsed 7.68 h
50:     -> Evolving tree number 8606 {1}
00:         Output tree data at t=13.80 Gyr (output 1 of 1)
00:     <- Finished tree
00:     -> Evolving tree number 8720 {1}
42:         Output tree data at t=13.80 Gyr (output 1 of 1)
42:     <- Finished tree
20:         Output tree data at t=13.80 Gyr (output 1 of 1)
20:     <- Finished tree
42:     -> Evolving tree number 8678 {1}
58:         Output tree data at t=13.80 Gyr (output 1 of 1)
58:     <- Finished tree
20:     -> Evolving tree number 8764 {1}
58:     -> Evolving tree number 8598 {1}
19:         Output tree data at t=13.80 Gyr (output 1 of 1)
19:     <- Finished tree
19:     Progress: 1263 trees processed; elapsed 7.71 h
09:         Output tree data at t=13.80 Gyr (output 1 of 1)
09:     <- Finished tree
19:     -> Evolving tree number 8637 {1}
09:     -> Evolving tree number 8647 {1}
25:         Output tree data at t=13.80 Gyr (output 1 of 1)
25:     <- Finished tree
25:     -> Evolving tree number 8759 {1}
53:         Output tree data at t=13.80 Gyr (output 1 of 1)
53:     <- Finished tree
53:     -> Evolving tree number 8667 {1}
28:         Output tree data at t=13.80 Gyr (output 1 of 1)
28:     <- Finished tree
28:     Progress: 1267 trees processed; elapsed 7.73 h
13:         Output tree data at t=13.80 Gyr (output 1 of 1)
13:     <- Finished tree
28:     -> Evolving tree number 8756 {1}
13:     -> Evolving tree number 8707 {1}
01:         Output tree data at t=13.80 Gyr (output 1 of 1)
01:     <- Finished tree
01:     -> Evolving tree number 8719 {1}
24:         Output tree data at t=13.80 Gyr (output 1 of 1)
24:     <- Finished tree
24:     -> Evolving tree number 8696 {1}
34:         Output tree data at t=13.80 Gyr (output 1 of 1)
34:     <- Finished tree
34:     -> Evolving tree number 8622 {1}
45:         Output tree data at t=13.80 Gyr (output 1 of 1)
45:     <- Finished tree
45:     Progress: 1272 trees processed; elapsed 7.75 h
45:     -> Evolving tree number 8675 {1}
21:         Output tree data at t=13.80 Gyr (output 1 of 1)
21:     <- Finished tree
21:     -> Evolving tree number 8635 {1}
22:         Output tree data at t=13.80 Gyr (output 1 of 1)
22:     <- Finished tree
22:     -> Evolving tree number 8762 {1}
37:         Output tree data at t=13.80 Gyr (output 1 of 1)
37:     <- Finished tree
37:     Progress: 1275 trees processed; elapsed 7.77 h
37:     -> Evolving tree number 8683 {1}
43:         Output tree data at t=13.80 Gyr (output 1 of 1)
43:     <- Finished tree
12:         Output tree data at t=13.80 Gyr (output 1 of 1)
12:     <- Finished tree
43:     -> Evolving tree number 8613 {1}
59:         Output tree data at t=13.80 Gyr (output 1 of 1)
59:     <- Finished tree
59:     Progress: 1278 trees processed; elapsed 7.79 h
12:     -> Evolving tree number 8772 {1}
59:     -> Evolving tree number 8661 {1}
44:         Output tree data at t=13.80 Gyr (output 1 of 1)
44:     <- Finished tree
44:     -> Evolving tree number 8548 {1}
55:         Output tree data at t=13.80 Gyr (output 1 of 1)
55:     <- Finished tree
63:         Output tree data at t=13.80 Gyr (output 1 of 1)
63:     <- Finished tree
55:     -> Evolving tree number 8665 {1}
63:     -> Evolving tree number 8657 {1}
57:         Output tree data at t=13.80 Gyr (output 1 of 1)
57:     <- Finished tree
17:         Output tree data at t=13.80 Gyr (output 1 of 1)
17:     <- Finished tree
17:     Progress: 1283 trees processed; elapsed 7.81 h
57:     -> Evolving tree number 8599 {1}
17:     -> Evolving tree number 8767 {1}
16:         Output tree data at t=13.80 Gyr (output 1 of 1)
16:     <- Finished tree
26:         Output tree data at t=13.80 Gyr (output 1 of 1)
26:     <- Finished tree
16:     -> Evolving tree number 8768 {1}
32:         Output tree data at t=13.80 Gyr (output 1 of 1)
32:     <- Finished tree
26:     -> Evolving tree number 8694 {1}
03:         Output tree data at t=13.80 Gyr (output 1 of 1)
03:     <- Finished tree
40:         Output tree data at t=13.80 Gyr (output 1 of 1)
40:     <- Finished tree
32:     -> Evolving tree number 8688 {1}
03:     -> Evolving tree number 8653 {1}
40:     -> Evolving tree number 8680 {1}
10:         Output tree data at t=13.80 Gyr (output 1 of 1)
10:     <- Finished tree
10:     -> Evolving tree number 8646 {1}
51:         Output tree data at t=13.80 Gyr (output 1 of 1)
51:     <- Finished tree
51:     Progress: 1290 trees processed; elapsed 7.83 h
51:     -> Evolving tree number 8541 {1}
31:         Output tree data at t=13.80 Gyr (output 1 of 1)
31:     <- Finished tree
31:     -> Evolving tree number 8561 {1}
06:         Output tree data at t=13.80 Gyr (output 1 of 1)
06:     <- Finished tree
06:     Progress: 1292 trees processed; elapsed 7.85 h
06:     -> Evolving tree number 8778 {1}
39:         Output tree data at t=13.80 Gyr (output 1 of 1)
39:     <- Finished tree
23:         Output tree data at t=13.80 Gyr (output 1 of 1)
23:     <- Finished tree
39:     -> Evolving tree number 8617 {1}
23:     -> Evolving tree number 8697 {1}
38:         Output tree data at t=13.80 Gyr (output 1 of 1)
38:     <- Finished tree
38:     Progress: 1295 trees processed; elapsed 7.88 h
38:     -> Evolving tree number 8618 {1}
02:         Output tree data at t=13.80 Gyr (output 1 of 1)
02:     <- Finished tree
02:     -> Evolving tree number 8718 {1}
15:         Output tree data at t=13.80 Gyr (output 1 of 1)
15:     <- Finished tree
15:     -> Evolving tree number 8769 {1}
41:         Output tree data at t=13.80 Gyr (output 1 of 1)
41:     <- Finished tree
41:     Progress: 1298 trees processed; elapsed 7.90 h
41:     -> Evolving tree number 8615 {1}
08:         Output tree data at t=13.80 Gyr (output 1 of 1)
08:     <- Finished tree
08:     -> Evolving tree number 8648 {1}
05:         Output tree data at t=13.80 Gyr (output 1 of 1)
05:     <- Finished tree
05:     Progress: 1300 trees processed; elapsed 7.92 h
46:         Output tree data at t=13.80 Gyr (output 1 of 1)
46:     <- Finished tree
05:     -> Evolving tree number 8651 {1}
47:         Output tree data at t=13.80 Gyr (output 1 of 1)
47:     <- Finished tree
46:     -> Evolving tree number 8546 {1}
47:     -> Evolving tree number 8545 {1}
11:         Output tree data at t=13.80 Gyr (output 1 of 1)
11:     <- Finished tree
52:         Output tree data at t=13.80 Gyr (output 1 of 1)
52:     <- Finished tree
11:     -> Evolving tree number 8709 {1}
52:     -> Evolving tree number 8732 {1}
04:         Output tree data at t=13.80 Gyr (output 1 of 1)
04:     <- Finished tree
04:     -> Evolving tree number 8588 {1}
62:         Output tree data at t=13.80 Gyr (output 1 of 1)
62:     <- Finished tree
62:     Progress: 1306 trees processed; elapsed 7.96 h
62:     -> Evolving tree number 8530 {1}
00:         Output tree data at t=13.80 Gyr (output 1 of 1)
00:     <- Finished tree
00:     -> Evolving tree number 8656 {1}
61:         Output tree data at t=13.80 Gyr (output 1 of 1)
61:     <- Finished tree
61:     Progress: 1308 trees processed; elapsed 7.98 h
61:     -> Evolving tree number 8723 {1}
14:         Output tree data at t=13.80 Gyr (output 1 of 1)
14:     <- Finished tree
14:     -> Evolving tree number 8642 {1}
33:         Output tree data at t=13.80 Gyr (output 1 of 1)
33:     <- Finished tree
49:         Output tree data at t=13.80 Gyr (output 1 of 1)
49:     <- Finished tree
33:     -> Evolving tree number 8559 {1}
49:     -> Evolving tree number 8479 {1}
48:         Output tree data at t=13.80 Gyr (output 1 of 1)
48:     <- Finished tree
48:     Progress: 1312 trees processed; elapsed 7.99 h
48:     -> Evolving tree number 8544 {1}
58:         Output tree data at t=13.80 Gyr (output 1 of 1)
58:     <- Finished tree
42:         Output tree data at t=13.80 Gyr (output 1 of 1)
42:     <- Finished tree
58:     -> Evolving tree number 8534 {1}
42:     -> Evolving tree number 8614 {1}
07:         Output tree data at t=13.80 Gyr (output 1 of 1)
07:     <- Finished tree
07:     -> Evolving tree number 8521 {1}
60:         Output tree data at t=13.80 Gyr (output 1 of 1)
60:     <- Finished tree
60:     -> Evolving tree number 8596 {1}
56:         Output tree data at t=13.80 Gyr (output 1 of 1)
56:     <- Finished tree
56:     -> Evolving tree number 8536 {1}
35:         Output tree data at t=13.80 Gyr (output 1 of 1)
35:     <- Finished tree
35:     Progress: 1318 trees processed; elapsed 8.02 h
20:         Output tree data at t=13.80 Gyr (output 1 of 1)
20:     <- Finished tree
35:     -> Evolving tree number 8557 {1}
20:     -> Evolving tree number 8700 {1}
40:         Output tree data at t=13.80 Gyr (output 1 of 1)
40:     <- Finished tree
40:     Progress: 1320 trees processed; elapsed 8.04 h
40:     -> Evolving tree number 8616 {1}
30:         Output tree data at t=13.80 Gyr (output 1 of 1)
30:     <- Finished tree
30:     -> Evolving tree number 8498 {1}
10:         Output tree data at t=13.80 Gyr (output 1 of 1)
10:     <- Finished tree
29:         Output tree data at t=13.80 Gyr (output 1 of 1)
29:     <- Finished tree
10:     -> Evolving tree number 8582 {1}
29:     -> Evolving tree number 8691 {1}
27:         Output tree data at t=13.80 Gyr (output 1 of 1)
27:     <- Finished tree
27:     -> Evolving tree number 8629 {1}
09:         Output tree data at t=13.80 Gyr (output 1 of 1)
09:     <- Finished tree
09:     Progress: 1325 trees processed; elapsed 8.06 h
09:     -> Evolving tree number 8583 {1}
45:         Output tree data at t=13.80 Gyr (output 1 of 1)
45:     <- Finished tree
45:     -> Evolving tree number 8611 {1}
36:         Output tree data at t=13.80 Gyr (output 1 of 1)
36:     <- Finished tree
24:         Output tree data at t=13.80 Gyr (output 1 of 1)
24:     <- Finished tree
36:     -> Evolving tree number 8620 {1}
24:     -> Evolving tree number 8632 {1}
25:         Output tree data at t=13.80 Gyr (output 1 of 1)
25:     <- Finished tree
25:     Progress: 1329 trees processed; elapsed 8.08 h
18:         Output tree data at t=13.80 Gyr (output 1 of 1)
18:     <- Finished tree
25:     -> Evolving tree number 8695 {1}
12:         Output tree data at t=13.80 Gyr (output 1 of 1)
12:     <- Finished tree
18:     -> Evolving tree number 8638 {1}
12:     -> Evolving tree number 8708 {1}
16:         Output tree data at t=13.80 Gyr (output 1 of 1)
16:     <- Finished tree
16:     -> Evolving tree number 8704 {1}
34:         Output tree data at t=13.80 Gyr (output 1 of 1)
34:     <- Finished tree
34:     Progress: 1333 trees processed; elapsed 8.09 h
54:         Output tree data at t=13.80 Gyr (output 1 of 1)
54:     <- Finished tree
34:     -> Evolving tree number 8558 {1}
54:     -> Evolving tree number 8602 {1}
13:         Output tree data at t=13.80 Gyr (output 1 of 1)
13:     <- Finished tree
13:     -> Evolving tree number 8643 {1}
28:         Output tree data at t=13.80 Gyr (output 1 of 1)
28:     <- Finished tree
28:     -> Evolving tree number 8692 {1}
55:         Output tree data at t=13.80 Gyr (output 1 of 1)
55:     <- Finished tree
55:     Progress: 1337 trees processed; elapsed 8.13 h
55:     -> Evolving tree number 8601 {1}
32:         Output tree data at t=13.80 Gyr (output 1 of 1)
32:     <- Finished tree
32:     -> Evolving tree number 8624 {1}
01:         Output tree data at t=13.80 Gyr (output 1 of 1)
01:     <- Finished tree
01:     Progress: 1339 trees processed; elapsed 8.14 h
01:     -> Evolving tree number 8655 {1}
53:         Output tree data at t=13.80 Gyr (output 1 of 1)
53:     <- Finished tree
03:         Output tree data at t=13.80 Gyr (output 1 of 1)
03:     <- Finished tree
53:     -> Evolving tree number 8603 {1}
03:     -> Evolving tree number 8589 {1}
04:         Output tree data at t=13.80 Gyr (output 1 of 1)
04:     <- Finished tree
04:     Progress: 1342 trees processed; elapsed 8.16 h
04:     -> Evolving tree number 8524 {1}
19:         Output tree data at t=13.80 Gyr (output 1 of 1)
19:     <- Finished tree
19:     -> Evolving tree number 8573 {1}
43:         Output tree data at t=13.80 Gyr (output 1 of 1)
43:     <- Finished tree
43:     -> Evolving tree number 8549 {1}
39:         Output tree data at t=13.80 Gyr (output 1 of 1)
39:     <- Finished tree
39:     Progress: 1345 trees processed; elapsed 8.18 h
50:         Output tree data at t=13.80 Gyr (output 1 of 1)
50:     <- Finished tree
39:     -> Evolving tree number 8553 {1}
50:     -> Evolving tree number 8542 {1}
21:         Output tree data at t=13.80 Gyr (output 1 of 1)
21:     <- Finished tree
21:     -> Evolving tree number 8571 {1}
44:         Output tree data at t=13.80 Gyr (output 1 of 1)
44:     <- Finished tree
44:     Progress: 1348 trees processed; elapsed 8.20 h
17:         Output tree data at t=13.80 Gyr (output 1 of 1)
17:     <- Finished tree
44:     -> Evolving tree number 8484 {1}
17:     -> Evolving tree number 8703 {1}
31:         Output tree data at t=13.80 Gyr (output 1 of 1)
31:     <- Finished tree
31:     -> Evolving tree number 8497 {1}
61:         Output tree data at t=13.80 Gyr (output 1 of 1)
61:     <- Finished tree
61:     -> Evolving tree number 8659 {1}
06:         Output tree data at t=13.80 Gyr (output 1 of 1)
06:     <- Finished tree
06:     Progress: 1352 trees processed; elapsed 8.22 h
06:     -> Evolving tree number 8714 {1}
41:         Output tree data at t=13.80 Gyr (output 1 of 1)
41:     <- Finished tree
41:     Progress: 1353 trees processed; elapsed 8.25 h
08:         Output tree data at t=13.80 Gyr (output 1 of 1)
08:     <- Finished tree
02:         Output tree data at t=13.80 Gyr (output 1 of 1)
02:     <- Finished tree
41:     -> Evolving tree number 8551 {1}
08:     -> Evolving tree number 8584 {1}
02:     -> Evolving tree number 8654 {1}
63:         Output tree data at t=13.80 Gyr (output 1 of 1)
63:     <- Finished tree
63:     -> Evolving tree number 8593 {1}
59:         Output tree data at t=13.80 Gyr (output 1 of 1)
59:     <- Finished tree
59:     -> Evolving tree number 8597 {1}
37:         Output tree data at t=13.80 Gyr (output 1 of 1)
37:     <- Finished tree
37:     -> Evolving tree number 8619 {1}
23:         Output tree data at t=13.80 Gyr (output 1 of 1)
23:     <- Finished tree
23:     Progress: 1359 trees processed; elapsed 8.27 h
51:         Output tree data at t=13.80 Gyr (output 1 of 1)
51:     <- Finished tree
23:     -> Evolving tree number 8633 {1}
51:     -> Evolving tree number 8477 {1}
57:         Output tree data at t=13.80 Gyr (output 1 of 1)
57:     <- Finished tree
57:     -> Evolving tree number 8535 {1}
11:         Output tree data at t=13.80 Gyr (output 1 of 1)
11:     <- Finished tree
11:     Progress: 1362 trees processed; elapsed 8.29 h
11:     -> Evolving tree number 8645 {1}
15:         Output tree data at t=13.80 Gyr (output 1 of 1)
15:     <- Finished tree
47:         Output tree data at t=13.80 Gyr (output 1 of 1)
47:     <- Finished tree
15:     -> Evolving tree number 8705 {1}
47:     -> Evolving tree number 8481 {1}
22:         Output tree data at t=13.80 Gyr (output 1 of 1)
22:     <- Finished tree
60:         Output tree data at t=13.80 Gyr (output 1 of 1)
60:     <- Finished tree
22:     -> Evolving tree number 8698 {1}
60:     -> Evolving tree number 8532 {1}
38:         Output tree data at t=13.80 Gyr (output 1 of 1)
38:     <- Finished tree
38:     -> Evolving tree number 8554 {1}
35:         Output tree data at t=13.80 Gyr (output 1 of 1)
35:     <- Finished tree
35:     Progress: 1368 trees processed; elapsed 8.32 h
35:     -> Evolving tree number 8493 {1}
12:         Output tree data at t=13.80 Gyr (output 1 of 1)
12:     <- Finished tree
12:     -> Evolving tree number 8644 {1}
26:         Output tree data at t=13.80 Gyr (output 1 of 1)
26:     <- Finished tree
10:         Output tree data at t=13.80 Gyr (output 1 of 1)
10:     <- Finished tree
26:     -> Evolving tree number 8630 {1}
10:     -> Evolving tree number 8518 {1}
25:         Output tree data at t=13.80 Gyr (output 1 of 1)
25:     <- Finished tree
25:     Progress: 1372 trees processed; elapsed 8.34 h
25:     -> Evolving tree number 8631 {1}
46:         Output tree data at t=13.80 Gyr (output 1 of 1)
46:     <- Finished tree
27:         Output tree data at t=13.80 Gyr (output 1 of 1)
27:     <- Finished tree
46:     -> Evolving tree number 8482 {1}
27:     -> Evolving tree number 8565 {1}
42:         Output tree data at t=13.80 Gyr (output 1 of 1)
42:     <- Finished tree
42:     -> Evolving tree number 8550 {1}
14:         Output tree data at t=13.80 Gyr (output 1 of 1)
14:     <- Finished tree
14:     -> Evolving tree number 8578 {1}
24:         Output tree data at t=13.80 Gyr (output 1 of 1)
24:     <- Finished tree
24:     Progress: 1377 trees processed; elapsed 8.37 h
24:     -> Evolving tree number 8568 {1}
48:         Output tree data at t=13.80 Gyr (output 1 of 1)
48:     <- Finished tree
48:     -> Evolving tree number 8480 {1}
30:         Output tree data at t=13.80 Gyr (output 1 of 1)
30:     <- Finished tree
30:     Progress: 1379 trees processed; elapsed 8.38 h
40:         Output tree data at t=13.80 Gyr (output 1 of 1)
40:     <- Finished tree
30:     -> Evolving tree number 8434 {1}
40:     -> Evolving tree number 8552 {1}
00:         Output tree data at t=13.80 Gyr (output 1 of 1)
00:     <- Finished tree
00:     -> Evolving tree number 8592 {1}
09:         Output tree data at t=13.80 Gyr (output 1 of 1)
09:     <- Finished tree
09:     Progress: 1382 trees processed; elapsed 8.41 h
49:         Output tree data at t=13.80 Gyr (output 1 of 1)
49:     <- Finished tree
09:     -> Evolving tree number 8519 {1}
49:     -> Evolving tree number 8415 {1}
05:         Output tree data at t=13.80 Gyr (output 1 of 1)
05:     <- Finished tree
05:     -> Evolving tree number 8587 {1}
16:         Output tree data at t=13.80 Gyr (output 1 of 1)
16:     <- Finished tree
21:         Output tree data at t=13.80 Gyr (output 1 of 1)
21:     <- Finished tree
21:     Progress: 1386 trees processed; elapsed 8.42 h
16:     -> Evolving tree number 8640 {1}
21:     -> Evolving tree number 8507 {1}
34:         Output tree data at t=13.80 Gyr (output 1 of 1)
34:     <- Finished tree
34:     Progress: 1387 trees processed; elapsed 8.44 h
34:     -> Evolving tree number 8494 {1}
45:         Output tree data at t=13.80 Gyr (output 1 of 1)
45:     <- Finished tree
45:     -> Evolving tree number 8547 {1}
52:         Output tree data at t=13.80 Gyr (output 1 of 1)
52:     <- Finished tree
52:     -> Evolving tree number 8668 {1}
33:         Output tree data at t=13.80 Gyr (output 1 of 1)
33:     <- Finished tree
07:         Output tree data at t=13.80 Gyr (output 1 of 1)
07:     <- Finished tree
33:     -> Evolving tree number 8495 {1}
07:     -> Evolving tree number 8457 {1}
36:         Output tree data at t=13.80 Gyr (output 1 of 1)
36:     <- Finished tree
36:     Progress: 1392 trees processed; elapsed 8.46 h
19:         Output tree data at t=13.80 Gyr (output 1 of 1)
19:     <- Finished tree
36:     -> Evolving tree number 8556 {1}
19:     -> Evolving tree number 8509 {1}
56:         Output tree data at t=13.80 Gyr (output 1 of 1)
56:     <- Finished tree
56:     -> Evolving tree number 8472 {1}
53:         Output tree data at t=13.80 Gyr (output 1 of 1)
53:     <- Finished tree
53:     -> Evolving tree number 8539 {1}
18:         Output tree data at t=13.80 Gyr (output 1 of 1)
18:     <- Finished tree
18:     -> Evolving tree number 8574 {1}
62:         Output tree data at t=13.80 Gyr (output 1 of 1)
62:     <- Finished tree
62:     Progress: 1397 trees processed; elapsed 8.49 h
62:     -> Evolving tree number 8466 {1}
20:         Output tree data at t=13.80 Gyr (output 1 of 1)
20:     <- Finished tree
28:         Output tree data at t=13.80 Gyr (output 1 of 1)
28:     <- Finished tree
20:     -> Evolving tree number 8636 {1}
28:     -> Evolving tree number 8628 {1}
04:         Output tree data at t=13.80 Gyr (output 1 of 1)
04:     <- Finished tree
04:     Progress: 1400 trees processed; elapsed 8.51 h
31:         Output tree data at t=13.80 Gyr (output 1 of 1)
31:     <- Finished tree
04:     -> Evolving tree number 8460 {1}
31:     -> Evolving tree number 8433 {1}
03:         Output tree data at t=13.80 Gyr (output 1 of 1)
03:     <- Finished tree
03:     -> Evolving tree number 8525 {1}
29:         Output tree data at t=13.80 Gyr (output 1 of 1)
29:     <- Finished tree
29:     Progress: 1403 trees processed; elapsed 8.53 h
29:     -> Evolving tree number 8627 {1}
63:         Output tree data at t=13.80 Gyr (output 1 of 1)
63:     <- Finished tree
63:     -> Evolving tree number 8529 {1}
13:         Output tree data at t=13.80 Gyr (output 1 of 1)
13:     <- Finished tree
13:     -> Evolving tree number 8579 {1}
59:         Output tree data at t=13.80 Gyr (output 1 of 1)
59:     <- Finished tree
59:     Progress: 1406 trees processed; elapsed 8.55 h
59:     -> Evolving tree number 8533 {1}
44:         Output tree data at t=13.80 Gyr (output 1 of 1)
44:     <- Finished tree
44:     -> Evolving tree number 8420 {1}
50:         Output tree data at t=13.80 Gyr (output 1 of 1)
50:     <- Finished tree
50:     Progress: 1408 trees processed; elapsed 8.58 h
54:         Output tree data at t=13.80 Gyr (output 1 of 1)
54:     <- Finished tree
43:         Output tree data at t=13.80 Gyr (output 1 of 1)
43:     <- Finished tree
50:     -> Evolving tree number 8478 {1}
54:     -> Evolving tree number 8538 {1}
43:     -> Evolving tree number 8485 {1}
47:         Output tree data at t=13.80 Gyr (output 1 of 1)
47:     <- Finished tree
47:     -> Evolving tree number 8417 {1}
39:         Output tree data at t=13.80 Gyr (output 1 of 1)
39:     <- Finished tree
39:     Progress: 1412 trees processed; elapsed 8.60 h
39:     -> Evolving tree number 8489 {1}
32:         Output tree data at t=13.80 Gyr (output 1 of 1)
32:     <- Finished tree
32:     -> Evolving tree number 8560 {1}
55:         Output tree data at t=13.80 Gyr (output 1 of 1)
55:     <- Finished tree
55:     -> Evolving tree number 8537 {1}
57:         Output tree data at t=13.80 Gyr (output 1 of 1)
57:     <- Finished tree
57:     -> Evolving tree number 8471 {1}
01:         Output tree data at t=13.80 Gyr (output 1 of 1)
01:     <- Finished tree
01:     Progress: 1416 trees processed; elapsed 8.62 h
27:         Output tree data at t=13.80 Gyr (output 1 of 1)
27:     <- Finished tree
01:     -> Evolving tree number 8591 {1}
27:     -> Evolving tree number 8501 {1}
35:         Output tree data at t=13.80 Gyr (output 1 of 1)
35:     <- Finished tree
35:     -> Evolving tree number 8429 {1}
11:         Output tree data at t=13.80 Gyr (output 1 of 1)
11:     <- Finished tree
11:     -> Evolving tree number 8581 {1}
23:         Output tree data at t=13.80 Gyr (output 1 of 1)
23:     <- Finished tree
23:     Progress: 1420 trees processed; elapsed 8.64 h
23:     -> Evolving tree number 8569 {1}
61:         Output tree data at t=13.80 Gyr (output 1 of 1)
61:     <- Finished tree
61:     -> Evolving tree number 8595 {1}
46:         Output tree data at t=13.80 Gyr (output 1 of 1)
46:     <- Finished tree
17:         Output tree data at t=13.80 Gyr (output 1 of 1)
17:     <- Finished tree
46:     -> Evolving tree number 8418 {1}
17:     -> Evolving tree number 8639 {1}
51:         Output tree data at t=13.80 Gyr (output 1 of 1)
51:     <- Finished tree
22:         Output tree data at t=13.80 Gyr (output 1 of 1)
22:     <- Finished tree
51:     -> Evolving tree number 8413 {1}
22:     -> Evolving tree number 8634 {1}
25:         Output tree data at t=13.80 Gyr (output 1 of 1)
25:     <- Finished tree
25:     Progress: 1426 trees processed; elapsed 8.68 h
58:         Output tree data at t=13.80 Gyr (output 1 of 1)
58:     <- Finished tree
41:         Output tree data at t=13.80 Gyr (output 1 of 1)
41:     <- Finished tree
25:     -> Evolving tree number 8567 {1}
58:     -> Evolving tree number 8470 {1}
19:         Output tree data at t=13.80 Gyr (output 1 of 1)
19:     <- Finished tree
08:         Output tree data at t=13.80 Gyr (output 1 of 1)
08:     <- Finished tree
41:     -> Evolving tree number 8487 {1}
19:     -> Evolving tree number 8445 {1}
08:     -> Evolving tree number 8520 {1}
02:         Output tree data at t=13.80 Gyr (output 1 of 1)
02:     <- Finished tree
02:     -> Evolving tree number 8590 {1}
48:         Output tree data at t=13.80 Gyr (output 1 of 1)
48:     <- Finished tree
48:     Progress: 1432 trees processed; elapsed 8.70 h
48:     -> Evolving tree number 8416 {1}
09:         Output tree data at t=13.80 Gyr (output 1 of 1)
09:     <- Finished tree
09:     Progress: 1433 trees processed; elapsed 8.72 h
33:         Output tree data at t=13.80 Gyr (output 1 of 1)
33:     <- Finished tree
09:     -> Evolving tree number 8455 {1}
33:     -> Evolving tree number 8431 {1}
21:         Output tree data at t=13.80 Gyr (output 1 of 1)
21:     <- Finished tree
24:         Output tree data at t=13.80 Gyr (output 1 of 1)
24:     <- Finished tree
49:         Output tree data at t=13.80 Gyr (output 1 of 1)
49:     <- Finished tree
21:     -> Evolving tree number 8443 {1}
38:         Output tree data at t=13.80 Gyr (output 1 of 1)
38:     <- Finished tree
24:     -> Evolving tree number 8504 {1}
49:     -> Evolving tree number 8351 {1}
38:     -> Evolving tree number 8490 {1}
12:         Output tree data at t=13.80 Gyr (output 1 of 1)
12:     <- Finished tree
12:     -> Evolving tree number 8580 {1}
60:         Output tree data at t=13.80 Gyr (output 1 of 1)
60:     <- Finished tree
26:         Output tree data at t=13.80 Gyr (output 1 of 1)
26:     <- Finished tree
60:     -> Evolving tree number 8468 {1}
26:     -> Evolving tree number 8566 {1}
30:         Output tree data at t=13.80 Gyr (output 1 of 1)
30:     <- Finished tree
30:     Progress: 1442 trees processed; elapsed 8.74 h
30:     -> Evolving tree number 8370 {1}
10:         Output tree data at t=13.80 Gyr (output 1 of 1)
10:     <- Finished tree
10:     -> Evolving tree number 8454 {1}
52:         Output tree data at t=13.80 Gyr (output 1 of 1)
52:     <- Finished tree
06:         Output tree data at t=13.80 Gyr (output 1 of 1)
06:     <- Finished tree
06:     Progress: 1445 trees processed; elapsed 8.76 h
52:     -> Evolving tree number 8604 {1}
06:     -> Evolving tree number 8650 {1}
37:         Output tree data at t=13.80 Gyr (output 1 of 1)
37:     <- Finished tree
37:     Progress: 1446 trees processed; elapsed 8.79 h
42:         Output tree data at t=13.80 Gyr (output 1 of 1)
42:     <- Finished tree
15:         Output tree data at t=13.80 Gyr (output 1 of 1)
15:     <- Finished tree
37:     -> Evolving tree number 8555 {1}
15:     -> Evolving tree number 8641 {1}
42:     -> Evolving tree number 8486 {1}
05:         Output tree data at t=13.80 Gyr (output 1 of 1)
05:     <- Finished tree
05:     Progress: 1449 trees processed; elapsed 8.81 h
05:     -> Evolving tree number 8523 {1}
36:         Output tree data at t=13.80 Gyr (output 1 of 1)
36:     <- Finished tree
36:     Progress: 1450 trees processed; elapsed 8.84 h
34:         Output tree data at t=13.80 Gyr (output 1 of 1)
34:     <- Finished tree
36:     -> Evolving tree number 8492 {1}
14:         Output tree data at t=13.80 Gyr (output 1 of 1)
14:     <- Finished tree
34:     -> Evolving tree number 8430 {1}
14:     -> Evolving tree number 8514 {1}
16:         Output tree data at t=13.80 Gyr (output 1 of 1)
16:     <- Finished tree
16:     Progress: 1453 trees processed; elapsed 8.85 h
16:     -> Evolving tree number 8576 {1}
31:         Output tree data at t=13.80 Gyr (output 1 of 1)
31:     <- Finished tree
31:     -> Evolving tree number 8369 {1}
43:         Output tree data at t=13.80 Gyr (output 1 of 1)
43:     <- Finished tree
43:     Progress: 1455 trees processed; elapsed 8.87 h
20:         Output tree data at t=13.80 Gyr (output 1 of 1)
20:     <- Finished tree
18:         Output tree data at t=13.80 Gyr (output 1 of 1)
18:     <- Finished tree
43:     -> Evolving tree number 8421 {1}
20:     -> Evolving tree number 8572 {1}
18:     -> Evolving tree number 8510 {1}
47:         Output tree data at t=13.80 Gyr (output 1 of 1)
47:     <- Finished tree
47:     -> Evolving tree number 8353 {1}
45:         Output tree data at t=13.80 Gyr (output 1 of 1)
45:     <- Finished tree
45:     -> Evolving tree number 8483 {1}
28:         Output tree data at t=13.80 Gyr (output 1 of 1)
28:     <- Finished tree
50:         Output tree data at t=13.80 Gyr (output 1 of 1)
50:     <- Finished tree
27:         Output tree data at t=13.80 Gyr (output 1 of 1)
27:     <- Finished tree
27:     Progress: 1462 trees processed; elapsed 8.89 h
53:         Output tree data at t=13.80 Gyr (output 1 of 1)
53:     <- Finished tree
00:         Output tree data at t=13.80 Gyr (output 1 of 1)
00:     <- Finished tree
28:     -> Evolving tree number 8564 {1}
50:     -> Evolving tree number 8414 {1}
27:     -> Evolving tree number 8437 {1}
53:     -> Evolving tree number 8475 {1}
00:     -> Evolving tree number 8528 {1}
55:         Output tree data at t=13.80 Gyr (output 1 of 1)
55:     <- Finished tree
55:     -> Evolving tree number 8473 {1}
04:         Output tree data at t=13.80 Gyr (output 1 of 1)
04:     <- Finished tree
04:     Progress: 1466 trees processed; elapsed 8.91 h
07:         Output tree data at t=13.80 Gyr (output 1 of 1)
07:     <- Finished tree
04:     -> Evolving tree number 8396 {1}
07:     -> Evolving tree number 8393 {1}
59:         Output tree data at t=13.80 Gyr (output 1 of 1)
59:     <- Finished tree
59:     -> Evolving tree number 8469 {1}
29:         Output tree data at t=13.80 Gyr (output 1 of 1)
29:     <- Finished tree
29:     Progress: 1469 trees processed; elapsed 8.93 h
51:         Output tree data at t=13.80 Gyr (output 1 of 1)
51:     <- Finished tree
40:         Output tree data at t=13.80 Gyr (output 1 of 1)
40:     <- Finished tree
29:     -> Evolving tree number 8563 {1}
51:     -> Evolving tree number 8349 {1}
40:     -> Evolving tree number 8488 {1}
54:         Output tree data at t=13.80 Gyr (output 1 of 1)
54:     <- Finished tree
54:     -> Evolving tree number 8474 {1}
63:         Output tree data at t=13.80 Gyr (output 1 of 1)
63:     <- Finished tree
63:     -> Evolving tree number 8465 {1}
11:         Output tree data at t=13.80 Gyr (output 1 of 1)
11:     <- Finished tree
11:     -> Evolving tree number 8517 {1}
01:         Output tree data at t=13.80 Gyr (output 1 of 1)
01:     <- Finished tree
01:     Progress: 1475 trees processed; elapsed 8.95 h
01:     -> Evolving tree number 8527 {1}
03:         Output tree data at t=13.80 Gyr (output 1 of 1)
03:     <- Finished tree
03:     -> Evolving tree number 8461 {1}
41:         Output tree data at t=13.80 Gyr (output 1 of 1)
41:     <- Finished tree
41:     Progress: 1477 trees processed; elapsed 8.97 h
41:     -> Evolving tree number 8423 {1}
44:         Output tree data at t=13.80 Gyr (output 1 of 1)
44:     <- Finished tree
23:         Output tree data at t=13.80 Gyr (output 1 of 1)
23:     <- Finished tree
35:         Output tree data at t=13.80 Gyr (output 1 of 1)
35:     <- Finished tree
62:         Output tree data at t=13.80 Gyr (output 1 of 1)
62:     <- Finished tree
22:         Output tree data at t=13.80 Gyr (output 1 of 1)
22:     <- Finished tree
13:         Output tree data at t=13.80 Gyr (output 1 of 1)
13:     <- Finished tree
23:     -> Evolving tree number 8505 {1}
44:     -> Evolving tree number 8356 {1}
35:     -> Evolving tree number 8365 {1}
62:     -> Evolving tree number 8402 {1}
22:     -> Evolving tree number 8570 {1}
13:     -> Evolving tree number 8515 {1}
32:         Output tree data at t=13.80 Gyr (output 1 of 1)
32:     <- Finished tree
32:     Progress: 1484 trees processed; elapsed 8.99 h
32:     -> Evolving tree number 8496 {1}
61:         Output tree data at t=13.80 Gyr (output 1 of 1)
61:     <- Finished tree
61:     -> Evolving tree number 8531 {1}
39:         Output tree data at t=13.80 Gyr (output 1 of 1)
39:     <- Finished tree
39:     -> Evolving tree number 8425 {1}
25:         Output tree data at t=13.80 Gyr (output 1 of 1)
25:     <- Finished tree
25:     Progress: 1487 trees processed; elapsed 9.01 h
25:     -> Evolving tree number 8503 {1}
37:         Output tree data at t=13.80 Gyr (output 1 of 1)
37:     <- Finished tree
37:     -> Evolving tree number 8491 {1}
48:         Output tree data at t=13.80 Gyr (output 1 of 1)
48:     <- Finished tree
48:     -> Evolving tree number 8352 {1}
09:         Output tree data at t=13.80 Gyr (output 1 of 1)
09:     <- Finished tree
09:     Progress: 1490 trees processed; elapsed 9.03 h
09:     -> Evolving tree number 8391 {1}
24:         Output tree data at t=13.80 Gyr (output 1 of 1)
24:     <- Finished tree
24:     -> Evolving tree number 8440 {1}
19:         Output tree data at t=13.80 Gyr (output 1 of 1)
19:     <- Finished tree
19:     -> Evolving tree number 8381 {1}
08:         Output tree data at t=13.80 Gyr (output 1 of 1)
08:     <- Finished tree
08:     Progress: 1493 trees processed; elapsed 9.05 h
57:         Output tree data at t=13.80 Gyr (output 1 of 1)
57:     <- Finished tree
08:     -> Evolving tree number 8456 {1}
57:     -> Evolving tree number 8407 {1}
21:         Output tree data at t=13.80 Gyr (output 1 of 1)
21:     <- Finished tree
38:         Output tree data at t=13.80 Gyr (output 1 of 1)
38:     <- Finished tree
21:     -> Evolving tree number 8379 {1}
38:     -> Evolving tree number 8426 {1}
17:         Output tree data at t=13.80 Gyr (output 1 of 1)
17:     <- Finished tree
17:     Progress: 1497 trees processed; elapsed 9.07 h
17:     -> Evolving tree number 8575 {1}
58:         Output tree data at t=13.80 Gyr (output 1 of 1)
58:     <- Finished tree
58:     -> Evolving tree number 8406 {1}
46:         Output tree data at t=13.80 Gyr (output 1 of 1)
46:     <- Finished tree
46:     -> Evolving tree number 8354 {1}
56:         Output tree data at t=13.80 Gyr (output 1 of 1)
56:     <- Finished tree
56:     -> Evolving tree number 8408 {1}
02:         Output tree data at t=13.80 Gyr (output 1 of 1)
02:     <- Finished tree
02:     Progress: 1501 trees processed; elapsed 9.09 h
02:     -> Evolving tree number 8526 {1}
06:         Output tree data at t=13.80 Gyr (output 1 of 1)
06:     <- Finished tree
06:     -> Evolving tree number 8586 {1}
05:         Output tree data at t=13.80 Gyr (output 1 of 1)
05:     <- Finished tree
05:     Progress: 1503 trees processed; elapsed 9.12 h
05:     -> Evolving tree number 8459 {1}
60:         Output tree data at t=13.80 Gyr (output 1 of 1)
60:     <- Finished tree
60:     -> Evolving tree number 8404 {1}
31:         Output tree data at t=13.80 Gyr (output 1 of 1)
31:     <- Finished tree
31:     -> Evolving tree number 8305 {1}
36:         Output tree data at t=13.80 Gyr (output 1 of 1)
36:     <- Finished tree
36:     Progress: 1506 trees processed; elapsed 9.14 h
26:         Output tree data at t=13.80 Gyr (output 1 of 1)
26:     <- Finished tree
36:     -> Evolving tree number 8428 {1}
26:     -> Evolving tree number 8502 {1}
10:         Output tree data at t=13.80 Gyr (output 1 of 1)
10:     <- Finished tree
10:     -> Evolving tree number 8390 {1}
27:         Output tree data at t=13.80 Gyr (output 1 of 1)
27:     <- Finished tree
27:     -> Evolving tree number 8373 {1}
49:         Output tree data at t=13.80 Gyr (output 1 of 1)
49:     <- Finished tree
49:     Progress: 1510 trees processed; elapsed 9.16 h
12:         Output tree data at t=13.80 Gyr (output 1 of 1)
12:     <- Finished tree
49:     -> Evolving tree number 8287 {1}
13:         Output tree data at t=13.80 Gyr (output 1 of 1)
13:     <- Finished tree
12:     -> Evolving tree number 8516 {1}
13:     -> Evolving tree number 8451 {1}
34:         Output tree data at t=13.80 Gyr (output 1 of 1)
34:     <- Finished tree
34:     -> Evolving tree number 8366 {1}
47:         Output tree data at t=13.80 Gyr (output 1 of 1)
47:     <- Finished tree
47:     Progress: 1514 trees processed; elapsed 9.18 h
47:     -> Evolving tree number 8289 {1}
30:         Output tree data at t=13.80 Gyr (output 1 of 1)
30:     <- Finished tree
30:     -> Evolving tree number 8306 {1}
32:         Output tree data at t=13.80 Gyr (output 1 of 1)
32:     <- Finished tree
32:     Progress: 1516 trees processed; elapsed 9.20 h
32:     -> Evolving tree number 8432 {1}
33:         Output tree data at t=13.80 Gyr (output 1 of 1)
33:     <- Finished tree
14:         Output tree data at t=13.80 Gyr (output 1 of 1)
14:     <- Finished tree
33:     -> Evolving tree number 8367 {1}
14:     -> Evolving tree number 8450 {1}
42:         Output tree data at t=13.80 Gyr (output 1 of 1)
42:     <- Finished tree
42:     Progress: 1519 trees processed; elapsed 9.22 h
42:     -> Evolving tree number 8422 {1}
55:         Output tree data at t=13.80 Gyr (output 1 of 1)
55:     <- Finished tree
55:     Progress: 1520 trees processed; elapsed 9.24 h
18:         Output tree data at t=13.80 Gyr (output 1 of 1)
18:     <- Finished tree
55:     -> Evolving tree number 8409 {1}
18:     -> Evolving tree number 8446 {1}
35:         Output tree data at t=13.80 Gyr (output 1 of 1)
35:     <- Finished tree
35:     -> Evolving tree number 8301 {1}
16:         Output tree data at t=13.80 Gyr (output 1 of 1)
16:     <- Finished tree
16:     Progress: 1523 trees processed; elapsed 9.26 h
52:         Output tree data at t=13.80 Gyr (output 1 of 1)
52:     <- Finished tree
16:     -> Evolving tree number 8512 {1}
52:     -> Evolving tree number 8540 {1}
15:         Output tree data at t=13.80 Gyr (output 1 of 1)
15:     <- Finished tree
20:         Output tree data at t=13.80 Gyr (output 1 of 1)
20:     <- Finished tree
15:     -> Evolving tree number 8577 {1}
20:     -> Evolving tree number 8508 {1}
04:         Output tree data at t=13.80 Gyr (output 1 of 1)
04:     <- Finished tree
04:     -> Evolving tree number 8332 {1}
45:         Output tree data at t=13.80 Gyr (output 1 of 1)
45:     <- Finished tree
45:     Progress: 1528 trees processed; elapsed 9.28 h
00:         Output tree data at t=13.80 Gyr (output 1 of 1)
00:     <- Finished tree
03:         Output tree data at t=13.80 Gyr (output 1 of 1)
03:     <- Finished tree
45:     -> Evolving tree number 8419 {1}
00:     -> Evolving tree number 8464 {1}
03:     -> Evolving tree number 8397 {1}
01:         Output tree data at t=13.80 Gyr (output 1 of 1)
01:     <- Finished tree
01:     Progress: 1531 trees processed; elapsed 9.30 h
01:     -> Evolving tree number 8463 {1}
07:         Output tree data at t=13.80 Gyr (output 1 of 1)
07:     <- Finished tree
07:     -> Evolving tree number 8329 {1}
22:         Output tree data at t=13.80 Gyr (output 1 of 1)
22:     <- Finished tree
63:         Output tree data at t=13.80 Gyr (output 1 of 1)
63:     <- Finished tree
22:     -> Evolving tree number 8506 {1}
63:     -> Evolving tree number 8401 {1}
53:         Output tree data at t=13.80 Gyr (output 1 of 1)
53:     <- Finished tree
53:     Progress: 1535 trees processed; elapsed 9.32 h
53:     -> Evolving tree number 8411 {1}
06:         Output tree data at t=13.80 Gyr (output 1 of 1)
06:     <- Finished tree
06:     -> Evolving tree number 8522 {1}
25:         Output tree data at t=13.80 Gyr (output 1 of 1)
25:     <- Finished tree
25:     Progress: 1537 trees processed; elapsed 9.34 h
43:         Output tree data at t=13.80 Gyr (output 1 of 1)
43:     <- Finished tree
25:     -> Evolving tree number 8439 {1}
43:     -> Evolving tree number 8357 {1}
46:         Output tree data at t=13.80 Gyr (output 1 of 1)
46:     <- Finished tree
46:     -> Evolving tree number 8290 {1}
51:         Output tree data at t=13.80 Gyr (output 1 of 1)
51:     <- Finished tree
48:         Output tree data at t=13.80 Gyr (output 1 of 1)
48:     <- Finished tree
51:     -> Evolving tree number 8285 {1}
40:         Output tree data at t=13.80 Gyr (output 1 of 1)
40:     <- Finished tree
48:     -> Evolving tree number 8288 {1}
40:     -> Evolving tree number 8424 {1}
44:         Output tree data at t=13.80 Gyr (output 1 of 1)
44:     <- Finished tree
44:     Progress: 1543 trees processed; elapsed 9.37 h
56:         Output tree data at t=13.80 Gyr (output 1 of 1)
56:     <- Finished tree
44:     -> Evolving tree number 8292 {1}
56:     -> Evolving tree number 8344 {1}
59:         Output tree data at t=13.80 Gyr (output 1 of 1)
59:     <- Finished tree
59:     -> Evolving tree number 8405 {1}
61:         Output tree data at t=13.80 Gyr (output 1 of 1)
61:     <- Finished tree
23:         Output tree data at t=13.80 Gyr (output 1 of 1)
23:     <- Finished tree
61:     -> Evolving tree number 8467 {1}
50:         Output tree data at t=13.80 Gyr (output 1 of 1)
50:     <- Finished tree
50:     Progress: 1548 trees processed; elapsed 9.39 h
23:     -> Evolving tree number 8441 {1}
50:     -> Evolving tree number 8350 {1}
19:         Output tree data at t=13.80 Gyr (output 1 of 1)
19:     <- Finished tree
19:     -> Evolving tree number 8317 {1}
21:         Output tree data at t=13.80 Gyr (output 1 of 1)
21:     <- Finished tree
21:     -> Evolving tree number 8315 {1}
54:         Output tree data at t=13.80 Gyr (output 1 of 1)
54:     <- Finished tree
54:     Progress: 1551 trees processed; elapsed 9.41 h
54:     -> Evolving tree number 8410 {1}
39:         Output tree data at t=13.80 Gyr (output 1 of 1)
39:     <- Finished tree
17:         Output tree data at t=13.80 Gyr (output 1 of 1)
17:     <- Finished tree
39:     -> Evolving tree number 8361 {1}
17:     -> Evolving tree number 8511 {1}
11:         Output tree data at t=13.80 Gyr (output 1 of 1)
11:     <- Finished tree
41:         Output tree data at t=13.80 Gyr (output 1 of 1)
41:     <- Finished tree
11:     -> Evolving tree number 8453 {1}
41:     -> Evolving tree number 8359 {1}
09:         Output tree data at t=13.80 Gyr (output 1 of 1)
09:     <- Finished tree
09:     Progress: 1556 trees processed; elapsed 9.43 h
62:         Output tree data at t=13.80 Gyr (output 1 of 1)
62:     <- Finished tree
09:     -> Evolving tree number 8327 {1}
62:     -> Evolving tree number 8338 {1}
02:         Output tree data at t=13.80 Gyr (output 1 of 1)
02:     <- Finished tree
02:     -> Evolving tree number 8462 {1}
12:         Output tree data at t=13.80 Gyr (output 1 of 1)
12:     <- Finished tree
12:     -> Evolving tree number 8452 {1}
24:         Output tree data at t=13.80 Gyr (output 1 of 1)
24:     <- Finished tree
24:     Progress: 1560 trees processed; elapsed 9.45 h
24:     -> Evolving tree number 8376 {1}
60:         Output tree data at t=13.80 Gyr (output 1 of 1)
60:     <- Finished tree
60:     -> Evolving tree number 8340 {1}
37:         Output tree data at t=13.80 Gyr (output 1 of 1)
37:     <- Finished tree
37:     -> Evolving tree number 8427 {1}
13:         Output tree data at t=13.80 Gyr (output 1 of 1)
13:     <- Finished tree
13:     -> Evolving tree number 8387 {1}
28:         Output tree data at t=13.80 Gyr (output 1 of 1)
28:     <- Finished tree
28:     Progress: 1564 trees processed; elapsed 9.47 h
28:     -> Evolving tree number 8500 {1}
38:         Output tree data at t=13.80 Gyr (output 1 of 1)
38:     <- Finished tree
38:     -> Evolving tree number 8362 {1}
27:         Output tree data at t=13.80 Gyr (output 1 of 1)
27:     <- Finished tree
05:         Output tree data at t=13.80 Gyr (output 1 of 1)
05:     <- Finished tree
27:     -> Evolving tree number 8309 {1}
05:     -> Evolving tree number 8395 {1}
36:         Output tree data at t=13.80 Gyr (output 1 of 1)
36:     <- Finished tree
36:     Progress: 1568 trees processed; elapsed 9.50 h
36:     -> Evolving tree number 8364 {1}
47:         Output tree data at t=13.80 Gyr (output 1 of 1)
47:     <- Finished tree
47:     -> Evolving tree number 8225 {1}
58:         Output tree data at t=13.80 Gyr (output 1 of 1)
58:     <- Finished tree
58:     -> Evolving tree number 8342 {1}
32:         Output tree data at t=13.80 Gyr (output 1 of 1)
32:     <- Finished tree
32:     -> Evolving tree number 8368 {1}
31:         Output tree data at t=13.80 Gyr (output 1 of 1)
31:     <- Finished tree
31:     Progress: 1572 trees processed; elapsed 9.52 h
31:     -> Evolving tree number 8241 {1}
57:         Output tree data at t=13.80 Gyr (output 1 of 1)
57:     <- Finished tree
57:     -> Evolving tree number 8343 {1}
03:         Output tree data at t=13.80 Gyr (output 1 of 1)
03:     <- Finished tree
03:     -> Evolving tree number 8333 {1}
26:         Output tree data at t=13.80 Gyr (output 1 of 1)
26:     <- Finished tree
26:     Progress: 1575 trees processed; elapsed 9.54 h
26:     -> Evolving tree number 8438 {1}
33:         Output tree data at t=13.80 Gyr (output 1 of 1)
33:     <- Finished tree
33:     -> Evolving tree number 8303 {1}
35:         Output tree data at t=13.80 Gyr (output 1 of 1)
35:     <- Finished tree
55:         Output tree data at t=13.80 Gyr (output 1 of 1)
55:     <- Finished tree
35:     -> Evolving tree number 8237 {1}
55:     -> Evolving tree number 8345 {1}
29:         Output tree data at t=13.80 Gyr (output 1 of 1)
29:     <- Finished tree
29:     Progress: 1579 trees processed; elapsed 9.58 h
29:     -> Evolving tree number 8499 {1}
30:         Output tree data at t=13.80 Gyr (output 1 of 1)
30:     <- Finished tree
43:         Output tree data at t=13.80 Gyr (output 1 of 1)
43:     <- Finished tree
30:     -> Evolving tree number 8242 {1}
43:     -> Evolving tree number 8293 {1}
00:         Output tree data at t=13.80 Gyr (output 1 of 1)
00:     <- Finished tree
14:         Output tree data at t=13.80 Gyr (output 1 of 1)
14:     <- Finished tree
00:     -> Evolving tree number 8400 {1}
14:     -> Evolving tree number 8386 {1}
59:         Output tree data at t=13.80 Gyr (output 1 of 1)
59:     <- Finished tree
42:         Output tree data at t=13.80 Gyr (output 1 of 1)
42:     <- Finished tree
59:     -> Evolving tree number 8341 {1}
42:     -> Evolving tree number 8358 {1}
49:         Output tree data at t=13.80 Gyr (output 1 of 1)
49:     <- Finished tree
49:     Progress: 1586 trees processed; elapsed 9.60 h
34:         Output tree data at t=13.80 Gyr (output 1 of 1)
34:     <- Finished tree
49:     -> Evolving tree number 8223 {1}
34:     -> Evolving tree number 8302 {1}
16:         Output tree data at t=13.80 Gyr (output 1 of 1)
16:     <- Finished tree
16:     Progress: 1588 trees processed; elapsed 9.63 h
16:     -> Evolving tree number 8448 {1}
22:         Output tree data at t=13.80 Gyr (output 1 of 1)
22:     <- Finished tree
22:     -> Evolving tree number 8442 {1}
15:         Output tree data at t=13.80 Gyr (output 1 of 1)
15:     <- Finished tree
20:         Output tree data at t=13.80 Gyr (output 1 of 1)
20:     <- Finished tree
15:     -> Evolving tree number 8513 {1}
20:     -> Evolving tree number 8444 {1}
45:         Output tree data at t=13.80 Gyr (output 1 of 1)
45:     <- Finished tree
45:     Progress: 1592 trees processed; elapsed 9.65 h
45:     -> Evolving tree number 8355 {1}
07:         Output tree data at t=13.80 Gyr (output 1 of 1)
07:     <- Finished tree
07:     -> Evolving tree number 8265 {1}
56:         Output tree data at t=13.80 Gyr (output 1 of 1)
56:     <- Finished tree
56:     -> Evolving tree number 8280 {1}
18:         Output tree data at t=13.80 Gyr (output 1 of 1)
18:     <- Finished tree
18:     Progress: 1595 trees processed; elapsed 9.67 h
18:     -> Evolving tree number 8382 {1}
50:         Output tree data at t=13.80 Gyr (output 1 of 1)
50:     <- Finished tree
50:     -> Evolving tree number 8286 {1}
44:         Output tree data at t=13.80 Gyr (output 1 of 1)
44:     <- Finished tree
25:         Output tree data at t=13.80 Gyr (output 1 of 1)
25:     <- Finished tree
44:     -> Evolving tree number 8228 {1}
25:     -> Evolving tree number 8375 {1}
08:         Output tree data at t=13.80 Gyr (output 1 of 1)
08:     <- Finished tree
08:     -> Evolving tree number 8392 {1}
10:         Output tree data at t=13.80 Gyr (output 1 of 1)
10:     <- Finished tree
10:     Progress: 1600 trees processed; elapsed 9.69 h
10:     -> Evolving tree number 8326 {1}
04:         Output tree data at t=13.80 Gyr (output 1 of 1)
04:     <- Finished tree
04:     Progress: 1601 trees processed; elapsed 9.71 h
04:     -> Evolving tree number 8268 {1}
09:         Output tree data at t=13.80 Gyr (output 1 of 1)
09:     <- Finished tree
48:         Output tree data at t=13.80 Gyr (output 1 of 1)
48:     <- Finished tree
09:     -> Evolving tree number 8263 {1}
48:     -> Evolving tree number 8224 {1}
37:         Output tree data at t=13.80 Gyr (output 1 of 1)
37:     <- Finished tree
37:     -> Evolving tree number 8363 {1}
46:         Output tree data at t=13.80 Gyr (output 1 of 1)
46:     <- Finished tree
46:     Progress: 1605 trees processed; elapsed 9.73 h
11:         Output tree data at t=13.80 Gyr (output 1 of 1)
11:     <- Finished tree
46:     -> Evolving tree number 8226 {1}
11:     -> Evolving tree number 8389 {1}
47:         Output tree data at t=13.80 Gyr (output 1 of 1)
47:     <- Finished tree
47:     -> Evolving tree number 8161 {1}
21:         Output tree data at t=13.80 Gyr (output 1 of 1)
21:     <- Finished tree
21:     Progress: 1608 trees processed; elapsed 9.75 h
21:     -> Evolving tree number 8251 {1}
53:         Output tree data at t=13.80 Gyr (output 1 of 1)
53:     <- Finished tree
53:     -> Evolving tree number 8347 {1}
01:         Output tree data at t=13.80 Gyr (output 1 of 1)
01:     <- Finished tree
01:     Progress: 1610 trees processed; elapsed 9.77 h
24:         Output tree data at t=13.80 Gyr (output 1 of 1)
24:     <- Finished tree
01:     -> Evolving tree number 8399 {1}
51:         Output tree data at t=13.80 Gyr (output 1 of 1)
51:     <- Finished tree
24:     -> Evolving tree number 8312 {1}
52:         Output tree data at t=13.80 Gyr (output 1 of 1)
52:     <- Finished tree
51:     -> Evolving tree number 8221 {1}
52:     -> Evolving tree number 8476 {1}
54:         Output tree data at t=13.80 Gyr (output 1 of 1)
54:     <- Finished tree
54:     -> Evolving tree number 8346 {1}
13:         Output tree data at t=13.80 Gyr (output 1 of 1)
13:     <- Finished tree
13:     Progress: 1615 trees processed; elapsed 9.79 h
13:     -> Evolving tree number 8323 {1}
23:         Output tree data at t=13.80 Gyr (output 1 of 1)
23:     <- Finished tree
62:         Output tree data at t=13.80 Gyr (output 1 of 1)
62:     <- Finished tree
23:     -> Evolving tree number 8377 {1}
62:     -> Evolving tree number 8274 {1}
12:         Output tree data at t=13.80 Gyr (output 1 of 1)
12:     <- Finished tree
12:     -> Evolving tree number 8388 {1}
15:         Output tree data at t=13.80 Gyr (output 1 of 1)
15:     <- Finished tree
15:     Progress: 1619 trees processed; elapsed 9.81 h
19:         Output tree data at t=13.80 Gyr (output 1 of 1)
19:     <- Finished tree
15:     -> Evolving tree number 8449 {1}
19:     -> Evolving tree number 8253 {1}
63:         Output tree data at t=13.80 Gyr (output 1 of 1)
63:     <- Finished tree
63:     -> Evolving tree number 8337 {1}
06:         Output tree data at t=13.80 Gyr (output 1 of 1)
06:     <- Finished tree
06:     Progress: 1622 trees processed; elapsed 9.83 h
38:         Output tree data at t=13.80 Gyr (output 1 of 1)
38:     <- Finished tree
06:     -> Evolving tree number 8458 {1}
38:     -> Evolving tree number 8298 {1}
05:         Output tree data at t=13.80 Gyr (output 1 of 1)
05:     <- Finished tree
05:     -> Evolving tree number 8331 {1}
60:         Output tree data at t=13.80 Gyr (output 1 of 1)
60:     <- Finished tree
60:     -> Evolving tree number 8276 {1}
58:         Output tree data at t=13.80 Gyr (output 1 of 1)
58:     <- Finished tree
58:     Progress: 1626 trees processed; elapsed 9.85 h
58:     -> Evolving tree number 8278 {1}
36:         Output tree data at t=13.80 Gyr (output 1 of 1)
36:     <- Finished tree
31:         Output tree data at t=13.80 Gyr (output 1 of 1)
31:     <- Finished tree
36:     -> Evolving tree number 8300 {1}
31:     -> Evolving tree number 8177 {1}
40:         Output tree data at t=13.80 Gyr (output 1 of 1)
40:     <- Finished tree
40:     -> Evolving tree number 8360 {1}
39:         Output tree data at t=13.80 Gyr (output 1 of 1)
39:     <- Finished tree
39:     Progress: 1630 trees processed; elapsed 9.87 h
39:     -> Evolving tree number 8297 {1}
35:         Output tree data at t=13.80 Gyr (output 1 of 1)
35:     <- Finished tree
35:     -> Evolving tree number 8173 {1}
02:         Output tree data at t=13.80 Gyr (output 1 of 1)
02:     <- Finished tree
02:     -> Evolving tree number 8398 {1}
00:         Output tree data at t=13.80 Gyr (output 1 of 1)
00:     <- Finished tree
00:     Progress: 1633 trees processed; elapsed 9.90 h
00:     -> Evolving tree number 8336 {1}
32:         Output tree data at t=13.80 Gyr (output 1 of 1)
32:     <- Finished tree
32:     -> Evolving tree number 8304 {1}
59:         Output tree data at t=13.80 Gyr (output 1 of 1)
59:     <- Finished tree
59:     -> Evolving tree number 8277 {1}
61:         Output tree data at t=13.80 Gyr (output 1 of 1)
61:     <- Finished tree
61:     Progress: 1636 trees processed; elapsed 9.91 h
61:     -> Evolving tree number 8403 {1}
41:         Output tree data at t=13.80 Gyr (output 1 of 1)
41:     <- Finished tree
28:         Output tree data at t=13.80 Gyr (output 1 of 1)
28:     <- Finished tree
41:     -> Evolving tree number 8295 {1}
28:     -> Evolving tree number 8436 {1}
30:         Output tree data at t=13.80 Gyr (output 1 of 1)
30:     <- Finished tree
30:     Progress: 1639 trees processed; elapsed 9.93 h
56:         Output tree data at t=13.80 Gyr (output 1 of 1)
56:     <- Finished tree
57:         Output tree data at t=13.80 Gyr (output 1 of 1)
57:     <- Finished tree
30:     -> Evolving tree number 8178 {1}
56:     -> Evolving tree number 8216 {1}
57:     -> Evolving tree number 8279 {1}
14:         Output tree data at t=13.80 Gyr (output 1 of 1)
14:     <- Finished tree
14:     Progress: 1642 trees processed; elapsed 9.96 h
29:         Output tree data at t=13.80 Gyr (output 1 of 1)
29:     <- Finished tree
14:     -> Evolving tree number 8322 {1}
27:         Output tree data at t=13.80 Gyr (output 1 of 1)
27:     <- Finished tree
29:     -> Evolving tree number 8435 {1}
27:     -> Evolving tree number 8245 {1}
16:         Output tree data at t=13.80 Gyr (output 1 of 1)
16:     <- Finished tree
17:         Output tree data at t=13.80 Gyr (output 1 of 1)
17:     <- Finished tree
16:     -> Evolving tree number 8384 {1}
55:         Output tree data at t=13.80 Gyr (output 1 of 1)
55:     <- Finished tree
17:     -> Evolving tree number 8447 {1}
55:     -> Evolving tree number 8281 {1}
03:         Output tree data at t=13.80 Gyr (output 1 of 1)
03:     <- Finished tree
03:     Progress: 1648 trees processed; elapsed 9.98 h
03:     -> Evolving tree number 8269 {1}
25:         Output tree data at t=13.80 Gyr (output 1 of 1)
25:     <- Finished tree
11:         Output tree data at t=13.80 Gyr (output 1 of 1)
11:     <- Finished tree
25:     -> Evolving tree number 8311 {1}
11:     -> Evolving tree number 8325 {1}
34:         Output tree data at t=13.80 Gyr (output 1 of 1)
34:     <- Finished tree
34:     Progress: 1651 trees processed; elapsed 10.00 h
26:         Output tree data at t=13.80 Gyr (output 1 of 1)
26:     <- Finished tree
34:     -> Evolving tree number 8238 {1}
26:     -> Evolving tree number 8374 {1}
45:         Output tree data at t=13.80 Gyr (output 1 of 1)
45:     <- Finished tree
45:     -> Evolving tree number 8291 {1}
43:         Output tree data at t=13.80 Gyr (output 1 of 1)
43:     <- Finished tree
43:     Progress: 1654 trees processed; elapsed 10.02 h
43:     -> Evolving tree number 8229 {1}
04:         Output tree data at t=13.80 Gyr (output 1 of 1)
04:     <- Finished tree
04:     -> Evolving tree number 8204 {1}
20:         Output tree data at t=13.80 Gyr (output 1 of 1)
20:     <- Finished tree
20:     Progress: 1656 trees processed; elapsed 10.04 h
20:     -> Evolving tree number 8380 {1}
53:         Output tree data at t=13.80 Gyr (output 1 of 1)
53:     <- Finished tree
53:     -> Evolving tree number 8283 {1}
42:         Output tree data at t=13.80 Gyr (output 1 of 1)
42:     <- Finished tree
42:     -> Evolving tree number 8294 {1}
09:         Output tree data at t=13.80 Gyr (output 1 of 1)
09:     <- Finished tree
09:     Progress: 1659 trees processed; elapsed 10.06 h
09:     -> Evolving tree number 8199 {1}
49:         Output tree data at t=13.80 Gyr (output 1 of 1)
49:     <- Finished tree
22:         Output tree data at t=13.80 Gyr (output 1 of 1)
22:     <- Finished tree
49:     -> Evolving tree number 8159 {1}
22:     -> Evolving tree number 8378 {1}
33:         Output tree data at t=13.80 Gyr (output 1 of 1)
33:     <- Finished tree
37:         Output tree data at t=13.80 Gyr (output 1 of 1)
37:     <- Finished tree
33:     -> Evolving tree number 8239 {1}
37:     -> Evolving tree number 8299 {1}
24:         Output tree data at t=13.80 Gyr (output 1 of 1)
24:     <- Finished tree
24:     Progress: 1664 trees processed; elapsed 10.08 h
08:         Output tree data at t=13.80 Gyr (output 1 of 1)
08:     <- Finished tree
24:     -> Evolving tree number 8248 {1}
50:         Output tree data at t=13.80 Gyr (output 1 of 1)
50:     <- Finished tree
08:     -> Evolving tree number 8328 {1}
48:         Output tree data at t=13.80 Gyr (output 1 of 1)
48:     <- Finished tree
50:     -> Evolving tree number 8222 {1}
48:     -> Evolving tree number 8160 {1}
18:         Output tree data at t=13.80 Gyr (output 1 of 1)
18:     <- Finished tree
18:     -> Evolving tree number 8318 {1}
10:         Output tree data at t=13.80 Gyr (output 1 of 1)
10:     <- Finished tree
46:         Output tree data at t=13.80 Gyr (output 1 of 1)
46:     <- Finished tree
46:     -> Evolving tree number 8162 {1}
10:     -> Evolving tree number 8262 {1}
54:         Output tree data at t=13.80 Gyr (output 1 of 1)
54:     <- Finished tree
54:     Progress: 1671 trees processed; elapsed 10.11 h
38:         Output tree data at t=13.80 Gyr (output 1 of 1)
38:     <- Finished tree
54:     -> Evolving tree number 8282 {1}
38:     -> Evolving tree number 8234 {1}
52:         Output tree data at t=13.80 Gyr (output 1 of 1)
52:     <- Finished tree
21:         Output tree data at t=13.80 Gyr (output 1 of 1)
21:     <- Finished tree
52:     -> Evolving tree number 8412 {1}
21:     -> Evolving tree number 8187 {1}
12:         Output tree data at t=13.80 Gyr (output 1 of 1)
12:     <- Finished tree
12:     Progress: 1675 trees processed; elapsed 10.14 h
12:     -> Evolving tree number 8324 {1}
05:         Output tree data at t=13.80 Gyr (output 1 of 1)
05:     <- Finished tree
05:     -> Evolving tree number 8267 {1}
63:         Output tree data at t=13.80 Gyr (output 1 of 1)
63:     <- Finished tree
63:     Progress: 1677 trees processed; elapsed 10.16 h
63:     -> Evolving tree number 8273 {1}
00:         Output tree data at t=13.80 Gyr (output 1 of 1)
00:     <- Finished tree
06:         Output tree data at t=13.80 Gyr (output 1 of 1)
06:     <- Finished tree
00:     -> Evolving tree number 8272 {1}
06:     -> Evolving tree number 8394 {1}
44:         Output tree data at t=13.80 Gyr (output 1 of 1)
44:     <- Finished tree
44:     Progress: 1680 trees processed; elapsed 10.18 h
44:     -> Evolving tree number 8164 {1}
60:         Output tree data at t=13.80 Gyr (output 1 of 1)
60:     <- Finished tree
60:     -> Evolving tree number 8212 {1}
19:         Output tree data at t=13.80 Gyr (output 1 of 1)
19:     <- Finished tree
19:     Progress: 1682 trees processed; elapsed 10.20 h
19:     -> Evolving tree number 8189 {1}
29:         Output tree data at t=13.80 Gyr (output 1 of 1)
29:     <- Finished tree
29:     Progress: 1683 trees processed; elapsed 10.23 h
29:     -> Evolving tree number 8371 {1}
01:         Output tree data at t=13.80 Gyr (output 1 of 1)
01:     <- Finished tree
01:     -> Evolving tree number 8335 {1}
40:         Output tree data at t=13.80 Gyr (output 1 of 1)
40:     <- Finished tree
40:     -> Evolving tree number 8296 {1}
17:         Output tree data at t=13.80 Gyr (output 1 of 1)
17:     <- Finished tree
17:     Progress: 1686 trees processed; elapsed 10.25 h
17:     -> Evolving tree number 8383 {1}
23:         Output tree data at t=13.80 Gyr (output 1 of 1)
23:     <- Finished tree
23:     -> Evolving tree number 8313 {1}
51:         Output tree data at t=13.80 Gyr (output 1 of 1)
51:     <- Finished tree
55:         Output tree data at t=13.80 Gyr (output 1 of 1)
55:     <- Finished tree
51:     -> Evolving tree number 8157 {1}
55:     -> Evolving tree number 8217 {1}
58:         Output tree data at t=13.80 Gyr (output 1 of 1)
58:     <- Finished tree
58:     -> Evolving tree number 8214 {1}
30:         Output tree data at t=13.80 Gyr (output 1 of 1)
30:     <- Finished tree
30:     Progress: 1691 trees processed; elapsed 10.27 h
31:         Output tree data at t=13.80 Gyr (output 1 of 1)
31:     <- Finished tree
30:     -> Evolving tree number 8114 {1}
27:         Output tree data at t=13.80 Gyr (output 1 of 1)
27:     <- Finished tree
31:     -> Evolving tree number 8113 {1}
27:     -> Evolving tree number 8181 {1}
62:         Output tree data at t=13.80 Gyr (output 1 of 1)
62:     <- Finished tree
62:     -> Evolving tree number 8210 {1}
15:         Output tree data at t=13.80 Gyr (output 1 of 1)
15:     <- Finished tree
15:     Progress: 1695 trees processed; elapsed 10.28 h
15:     -> Evolving tree number 8385 {1}
25:         Output tree data at t=13.80 Gyr (output 1 of 1)
25:     <- Finished tree
39:         Output tree data at t=13.80 Gyr (output 1 of 1)
39:     <- Finished tree
25:     -> Evolving tree number 8247 {1}
39:     -> Evolving tree number 8233 {1}
35:         Output tree data at t=13.80 Gyr (output 1 of 1)
35:     <- Finished tree
35:     Progress: 1698 trees processed; elapsed 10.31 h
35:     -> Evolving tree number 8109 {1}
24:         Output tree data at t=13.80 Gyr (output 1 of 1)
24:     <- Finished tree
47:         Output tree data at t=13.80 Gyr (output 1 of 1)
47:     <- Finished tree
24:     -> Evolving tree number 8184 {1}
47:     -> Evolving tree number 8097 {1}
32:         Output tree data at t=13.80 Gyr (output 1 of 1)
32:     <- Finished tree
32:     -> Evolving tree number 8240 {1}
13:         Output tree data at t=13.80 Gyr (output 1 of 1)
13:     <- Finished tree
13:     -> Evolving tree number 8259 {1}
43:         Output tree data at t=13.80 Gyr (output 1 of 1)
43:     <- Finished tree
43:     Progress: 1703 trees processed; elapsed 10.32 h
02:         Output tree data at t=13.80 Gyr (output 1 of 1)
02:     <- Finished tree
43:     -> Evolving tree number 8165 {1}
56:         Output tree data at t=13.80 Gyr (output 1 of 1)
56:     <- Finished tree
59:         Output tree data at t=13.80 Gyr (output 1 of 1)
59:     <- Finished tree
02:     -> Evolving tree number 8334 {1}
56:     -> Evolving tree number 8152 {1}
59:     -> Evolving tree number 8213 {1}
18:         Output tree data at t=13.80 Gyr (output 1 of 1)
18:     <- Finished tree
18:     Progress: 1707 trees processed; elapsed 10.34 h
18:     -> Evolving tree number 8254 {1}
28:         Output tree data at t=13.80 Gyr (output 1 of 1)
28:     <- Finished tree
11:         Output tree data at t=13.80 Gyr (output 1 of 1)
11:     <- Finished tree
28:     -> Evolving tree number 8372 {1}
61:         Output tree data at t=13.80 Gyr (output 1 of 1)
61:     <- Finished tree
11:     -> Evolving tree number 8261 {1}
34:         Output tree data at t=13.80 Gyr (output 1 of 1)
34:     <- Finished tree
41:         Output tree data at t=13.80 Gyr (output 1 of 1)
41:     <- Finished tree
34:     -> Evolving tree number 8174 {1}
61:     -> Evolving tree number 8339 {1}
49:         Output tree data at t=13.80 Gyr (output 1 of 1)
49:     <- Finished tree
41:     -> Evolving tree number 8231 {1}
49:     -> Evolving tree number 8095 {1}
16:         Output tree data at t=13.80 Gyr (output 1 of 1)
16:     <- Finished tree
16:     -> Evolving tree number 8320 {1}
36:         Output tree data at t=13.80 Gyr (output 1 of 1)
36:     <- Finished tree
36:     Progress: 1715 trees processed; elapsed 10.37 h
50:         Output tree data at t=13.80 Gyr (output 1 of 1)
50:     <- Finished tree
36:     -> Evolving tree number 8236 {1}
50:     -> Evolving tree number 8158 {1}
12:         Output tree data at t=13.80 Gyr (output 1 of 1)
12:     <- Finished tree
12:     -> Evolving tree number 8260 {1}
37:         Output tree data at t=13.80 Gyr (output 1 of 1)
37:     <- Finished tree
37:     Progress: 1718 trees processed; elapsed 10.39 h
37:     -> Evolving tree number 8235 {1}
26:         Output tree data at t=13.80 Gyr (output 1 of 1)
26:     <- Finished tree
04:         Output tree data at t=13.80 Gyr (output 1 of 1)
04:     <- Finished tree
26:     -> Evolving tree number 8310 {1}
45:         Output tree data at t=13.80 Gyr (output 1 of 1)
45:     <- Finished tree
04:     -> Evolving tree number 8140 {1}
45:     -> Evolving tree number 8227 {1}
57:         Output tree data at t=13.80 Gyr (output 1 of 1)
57:     <- Finished tree
57:     Progress: 1722 trees processed; elapsed 10.42 h
57:     -> Evolving tree number 8215 {1}
03:         Output tree data at t=13.80 Gyr (output 1 of 1)
03:     <- Finished tree
53:         Output tree data at t=13.80 Gyr (output 1 of 1)
53:     <- Finished tree
03:     -> Evolving tree number 8205 {1}
53:     -> Evolving tree number 8219 {1}
48:         Output tree data at t=13.80 Gyr (output 1 of 1)
48:     <- Finished tree
14:         Output tree data at t=13.80 Gyr (output 1 of 1)
14:     <- Finished tree
48:     -> Evolving tree number 8096 {1}
14:     -> Evolving tree number 8258 {1}
09:         Output tree data at t=13.80 Gyr (output 1 of 1)
09:     <- Finished tree
09:     Progress: 1727 trees processed; elapsed 10.44 h
09:     -> Evolving tree number 8135 {1}
38:         Output tree data at t=13.80 Gyr (output 1 of 1)
38:     <- Finished tree
38:     Progress: 1728 trees processed; elapsed 10.46 h
38:     -> Evolving tree number 8170 {1}
06:         Output tree data at t=13.80 Gyr (output 1 of 1)
06:     <- Finished tree
06:     -> Evolving tree number 8330 {1}
33:         Output tree data at t=13.80 Gyr (output 1 of 1)
33:     <- Finished tree
33:     Progress: 1730 trees processed; elapsed 10.48 h
33:     -> Evolving tree number 8175 {1}
20:         Output tree data at t=13.80 Gyr (output 1 of 1)
20:     <- Finished tree
08:         Output tree data at t=13.80 Gyr (output 1 of 1)
08:     <- Finished tree
60:         Output tree data at t=13.80 Gyr (output 1 of 1)
60:     <- Finished tree
20:     -> Evolving tree number 8316 {1}
08:     -> Evolving tree number 8264 {1}
60:     -> Evolving tree number 8148 {1}
55:         Output tree data at t=13.80 Gyr (output 1 of 1)
55:     <- Finished tree
55:     Progress: 1734 trees processed; elapsed 10.51 h
55:     -> Evolving tree number 8153 {1}
54:         Output tree data at t=13.80 Gyr (output 1 of 1)
54:     <- Finished tree
54:     -> Evolving tree number 8218 {1}
21:         Output tree data at t=13.80 Gyr (output 1 of 1)
21:     <- Finished tree
52:         Output tree data at t=13.80 Gyr (output 1 of 1)
52:     <- Finished tree
21:     -> Evolving tree number 8123 {1}
52:     -> Evolving tree number 8348 {1}
23:         Output tree data at t=13.80 Gyr (output 1 of 1)
23:     <- Finished tree
23:     Progress: 1738 trees processed; elapsed 10.55 h
23:     -> Evolving tree number 8249 {1}
63:         Output tree data at t=13.80 Gyr (output 1 of 1)
63:     <- Finished tree
51:         Output tree data at t=13.80 Gyr (output 1 of 1)
51:     <- Finished tree
58:         Output tree data at t=13.80 Gyr (output 1 of 1)
58:     <- Finished tree
63:     -> Evolving tree number 8209 {1}
51:     -> Evolving tree number 8093 {1}
58:     -> Evolving tree number 8150 {1}
43:         Output tree data at t=13.80 Gyr (output 1 of 1)
43:     <- Finished tree
43:     -> Evolving tree number 8101 {1}
46:         Output tree data at t=13.80 Gyr (output 1 of 1)
46:     <- Finished tree
10:         Output tree data at t=13.80 Gyr (output 1 of 1)
10:     <- Finished tree
05:         Output tree data at t=13.80 Gyr (output 1 of 1)
05:     <- Finished tree
46:     -> Evolving tree number 8098 {1}
10:     -> Evolving tree number 8198 {1}
05:     -> Evolving tree number 8203 {1}
27:         Output tree data at t=13.80 Gyr (output 1 of 1)
27:     <- Finished tree
27:     -> Evolving tree number 8117 {1}
34:         Output tree data at t=13.80 Gyr (output 1 of 1)
34:     <- Finished tree
34:     Progress: 1747 trees processed; elapsed 10.57 h
34:     -> Evolving tree number 8110 {1}
00:         Output tree data at t=13.80 Gyr (output 1 of 1)
00:     <- Finished tree
00:     -> Evolving tree number 8208 {1}
42:         Output tree data at t=13.80 Gyr (output 1 of 1)
42:     <- Finished tree
42:     -> Evolving tree number 8230 {1}
32:         Output tree data at t=13.80 Gyr (output 1 of 1)
32:     <- Finished tree
32:     Progress: 1750 trees processed; elapsed 10.59 h
32:     -> Evolving tree number 8176 {1}
17:         Output tree data at t=13.80 Gyr (output 1 of 1)
17:     <- Finished tree
56:         Output tree data at t=13.80 Gyr (output 1 of 1)
56:     <- Finished tree
17:     -> Evolving tree number 8319 {1}
56:     -> Evolving tree number 8088 {1}
31:         Output tree data at t=13.80 Gyr (output 1 of 1)
31:     <- Finished tree
31:     Progress: 1753 trees processed; elapsed 10.61 h
30:         Output tree data at t=13.80 Gyr (output 1 of 1)
30:     <- Finished tree
31:     -> Evolving tree number 8049 {1}
30:     -> Evolving tree number 8050 {1}
39:         Output tree data at t=13.80 Gyr (output 1 of 1)
39:     <- Finished tree
22:         Output tree data at t=13.80 Gyr (output 1 of 1)
22:     <- Finished tree
39:     -> Evolving tree number 8169 {1}
11:         Output tree data at t=13.80 Gyr (output 1 of 1)
11:     <- Finished tree
11:     Progress: 1757 trees processed; elapsed 10.63 h
22:     -> Evolving tree number 8314 {1}
11:     -> Evolving tree number 8197 {1}
01:         Output tree data at t=13.80 Gyr (output 1 of 1)
01:     <- Finished tree
44:         Output tree data at t=13.80 Gyr (output 1 of 1)
44:     <- Finished tree
13:         Output tree data at t=13.80 Gyr (output 1 of 1)
13:     <- Finished tree
01:     -> Evolving tree number 8271 {1}
44:     -> Evolving tree number 8100 {1}
13:     -> Evolving tree number 8195 {1}
29:         Output tree data at t=13.80 Gyr (output 1 of 1)
29:     <- Finished tree
29:     Progress: 1761 trees processed; elapsed 10.65 h
29:     -> Evolving tree number 8307 {1}
40:         Output tree data at t=13.80 Gyr (output 1 of 1)
40:     <- Finished tree
40:     Progress: 1762 trees processed; elapsed 10.67 h
40:     -> Evolving tree number 8232 {1}
24:         Output tree data at t=13.80 Gyr (output 1 of 1)
24:     <- Finished tree
24:     -> Evolving tree number 8120 {1}
19:         Output tree data at t=13.80 Gyr (output 1 of 1)
19:     <- Finished tree
28:         Output tree data at t=13.80 Gyr (output 1 of 1)
28:     <- Finished tree
28:     Progress: 1765 trees processed; elapsed 10.68 h
19:     -> Evolving tree number 8125 {1}
28:     -> Evolving tree number 8308 {1}
07:         Output tree data at t=13.80 Gyr (output 1 of 1)
07:     <- Finished tree
41:         Output tree data at t=13.80 Gyr (output 1 of 1)
41:     <- Finished tree
07:     -> Evolving tree number 8201 {1}
41:     -> Evolving tree number 8167 {1}
57:         Output tree data at t=13.80 Gyr (output 1 of 1)
57:     <- Finished tree
57:     -> Evolving tree number 8151 {1}
20:         Output tree data at t=13.80 Gyr (output 1 of 1)
20:     <- Finished tree
20:     Progress: 1769 trees processed; elapsed 10.70 h
20:     -> Evolving tree number 8252 {1}
36:         Output tree data at t=13.80 Gyr (output 1 of 1)
36:     <- Finished tree
25:         Output tree data at t=13.80 Gyr (output 1 of 1)
25:     <- Finished tree
36:     -> Evolving tree number 8172 {1}
25:     -> Evolving tree number 8183 {1}
35:         Output tree data at t=13.80 Gyr (output 1 of 1)
35:     <- Finished tree
35:     -> Evolving tree number 8045 {1}
18:         Output tree data at t=13.80 Gyr (output 1 of 1)
18:     <- Finished tree
18:     Progress: 1773 trees processed; elapsed 10.72 h
18:     -> Evolving tree number 8190 {1}
50:         Output tree data at t=13.80 Gyr (output 1 of 1)
50:     <- Finished tree
60:         Output tree data at t=13.80 Gyr (output 1 of 1)
60:     <- Finished tree
50:     -> Evolving tree number 8094 {1}
60:     -> Evolving tree number 8084 {1}
33:         Output tree data at t=13.80 Gyr (output 1 of 1)
33:     <- Finished tree
33:     -> Evolving tree number 8111 {1}
47:         Output tree data at t=13.80 Gyr (output 1 of 1)
47:     <- Finished tree
47:     -> Evolving tree number 8033 {1}
03:         Output tree data at t=13.80 Gyr (output 1 of 1)
03:     <- Finished tree
03:     Progress: 1778 trees processed; elapsed 10.74 h
03:     -> Evolving tree number 8141 {1}
02:         Output tree data at t=13.80 Gyr (output 1 of 1)
02:     <- Finished tree
02:     -> Evolving tree number 8270 {1}
26:         Output tree data at t=13.80 Gyr (output 1 of 1)
26:     <- Finished tree
26:     -> Evolving tree number 8246 {1}
15:         Output tree data at t=13.80 Gyr (output 1 of 1)
15:     <- Finished tree
15:     Progress: 1781 trees processed; elapsed 10.76 h
15:     -> Evolving tree number 8321 {1}
12:         Output tree data at t=13.80 Gyr (output 1 of 1)
12:     <- Finished tree
12:     -> Evolving tree number 8196 {1}
62:         Output tree data at t=13.80 Gyr (output 1 of 1)
62:     <- Finished tree
61:         Output tree data at t=13.80 Gyr (output 1 of 1)
61:     <- Finished tree
62:     -> Evolving tree number 8146 {1}
61:     -> Evolving tree number 8275 {1}
49:         Output tree data at t=13.80 Gyr (output 1 of 1)
49:     <- Finished tree
49:     Progress: 1785 trees processed; elapsed 10.78 h
49:     -> Evolving tree number 8031 {1}
59:         Output tree data at t=13.80 Gyr (output 1 of 1)
59:     <- Finished tree
59:     -> Evolving tree number 8149 {1}
27:         Output tree data at t=13.80 Gyr (output 1 of 1)
27:     <- Finished tree
27:     Progress: 1787 trees processed; elapsed 10.79 h
16:         Output tree data at t=13.80 Gyr (output 1 of 1)
16:     <- Finished tree
27:     -> Evolving tree number 8053 {1}
16:     -> Evolving tree number 8256 {1}
48:         Output tree data at t=13.80 Gyr (output 1 of 1)
48:     <- Finished tree
48:     -> Evolving tree number 8032 {1}
55:         Output tree data at t=13.80 Gyr (output 1 of 1)
55:     <- Finished tree
55:     -> Evolving tree number 8089 {1}
34:         Output tree data at t=13.80 Gyr (output 1 of 1)
34:     <- Finished tree
34:     Progress: 1791 trees processed; elapsed 10.81 h
34:     -> Evolving tree number 8046 {1}
46:         Output tree data at t=13.80 Gyr (output 1 of 1)
46:     <- Finished tree
46:     -> Evolving tree number 8034 {1}
53:         Output tree data at t=13.80 Gyr (output 1 of 1)
53:     <- Finished tree
53:     -> Evolving tree number 8155 {1}
54:         Output tree data at t=13.80 Gyr (output 1 of 1)
54:     <- Finished tree
54:     Progress: 1794 trees processed; elapsed 10.83 h
54:     -> Evolving tree number 8154 {1}
08:         Output tree data at t=13.80 Gyr (output 1 of 1)
08:     <- Finished tree
08:     -> Evolving tree number 8200 {1}
37:         Output tree data at t=13.80 Gyr (output 1 of 1)
37:     <- Finished tree
37:     Progress: 1796 trees processed; elapsed 10.85 h
37:     -> Evolving tree number 8171 {1}
04:         Output tree data at t=13.80 Gyr (output 1 of 1)
04:     <- Finished tree
04:     -> Evolving tree number 8076 {1}
58:         Output tree data at t=13.80 Gyr (output 1 of 1)
58:     <- Finished tree
58:     -> Evolving tree number 8086 {1}
09:         Output tree data at t=13.80 Gyr (output 1 of 1)
09:     <- Finished tree
09:     Progress: 1799 trees processed; elapsed 10.87 h
09:     -> Evolving tree number 8071 {1}
29:         Output tree data at t=13.80 Gyr (output 1 of 1)
29:     <- Finished tree
29:     -> Evolving tree number 8243 {1}
45:         Output tree data at t=13.80 Gyr (output 1 of 1)
45:     <- Finished tree
45:     Progress: 1801 trees processed; elapsed 10.89 h
45:     -> Evolving tree number 8163 {1}
38:         Output tree data at t=13.80 Gyr (output 1 of 1)
38:     <- Finished tree
38:     -> Evolving tree number 8106 {1}
14:         Output tree data at t=13.80 Gyr (output 1 of 1)
14:     <- Finished tree
14:     -> Evolving tree number 8194 {1}
56:         Output tree data at t=13.80 Gyr (output 1 of 1)
56:     <- Finished tree
30:         Output tree data at t=13.80 Gyr (output 1 of 1)
30:     <- Finished tree
56:     -> Evolving tree number 8024 {1}
30:     -> Evolving tree number 7986 {1}
51:         Output tree data at t=13.80 Gyr (output 1 of 1)
51:     <- Finished tree
51:     Progress: 1806 trees processed; elapsed 10.91 h
51:     -> Evolving tree number 8029 {1}
31:         Output tree data at t=13.80 Gyr (output 1 of 1)
31:     <- Finished tree
31:     Progress: 1807 trees processed; elapsed 10.94 h
31:     -> Evolving tree number 7985 {1}
52:         Output tree data at t=13.80 Gyr (output 1 of 1)
52:     <- Finished tree
52:     Progress: 1808 trees processed; elapsed 10.95 h
06:         Output tree data at t=13.80 Gyr (output 1 of 1)
06:     <- Finished tree
06:     -> Evolving tree number 8266 {1}
52:     -> Evolving tree number 8284 {1}
10:         Output tree data at t=13.80 Gyr (output 1 of 1)
10:     <- Finished tree
10:     -> Evolving tree number 8134 {1}
01:         Output tree data at t=13.80 Gyr (output 1 of 1)
01:     <- Finished tree
21:         Output tree data at t=13.80 Gyr (output 1 of 1)
21:     <- Finished tree
01:     -> Evolving tree number 8207 {1}
07:         Output tree data at t=13.80 Gyr (output 1 of 1)
07:     <- Finished tree
21:     -> Evolving tree number 8059 {1}
44:         Output tree data at t=13.80 Gyr (output 1 of 1)
44:     <- Finished tree
44:     Progress: 1814 trees processed; elapsed 10.97 h
07:     -> Evolving tree number 8137 {1}
44:     -> Evolving tree number 8036 {1}
42:         Output tree data at t=13.80 Gyr (output 1 of 1)
42:     <- Finished tree
42:     -> Evolving tree number 8166 {1}
00:         Output tree data at t=13.80 Gyr (output 1 of 1)
00:     <- Finished tree
00:     -> Evolving tree number 8144 {1}
43:         Output tree data at t=13.80 Gyr (output 1 of 1)
43:     <- Finished tree
43:     Progress: 1817 trees processed; elapsed 10.99 h
33:         Output tree data at t=13.80 Gyr (output 1 of 1)
33:     <- Finished tree
43:     -> Evolving tree number 8037 {1}
33:     -> Evolving tree number 8047 {1}
18:         Output tree data at t=13.80 Gyr (output 1 of 1)
18:     <- Finished tree
18:     -> Evolving tree number 8126 {1}
47:         Output tree data at t=13.80 Gyr (output 1 of 1)
47:     <- Finished tree
47:     -> Evolving tree number 7969 {1}
50:         Output tree data at t=13.80 Gyr (output 1 of 1)
50:     <- Finished tree
50:     Progress: 1821 trees processed; elapsed 11.01 h
50:     -> Evolving tree number 8030 {1}
11:         Output tree data at t=13.80 Gyr (output 1 of 1)
11:     <- Finished tree
11:     -> Evolving tree number 8133 {1}
40:         Output tree data at t=13.80 Gyr (output 1 of 1)
40:     <- Finished tree
40:     Progress: 1823 trees processed; elapsed 11.02 h
40:     -> Evolving tree number 8168 {1}
57:         Output tree data at t=13.80 Gyr (output 1 of 1)
57:     <- Finished tree
57:     -> Evolving tree number 8087 {1}
05:         Output tree data at t=13.80 Gyr (output 1 of 1)
05:     <- Finished tree
05:     Progress: 1825 trees processed; elapsed 11.04 h
23:         Output tree data at t=13.80 Gyr (output 1 of 1)
23:     <- Finished tree
05:     -> Evolving tree number 8139 {1}
23:     -> Evolving tree number 8185 {1}
17:         Output tree data at t=13.80 Gyr (output 1 of 1)
17:     <- Finished tree
13:         Output tree data at t=13.80 Gyr (output 1 of 1)
13:     <- Finished tree
27:         Output tree data at t=13.80 Gyr (output 1 of 1)
27:     <- Finished tree
17:     -> Evolving tree number 8255 {1}
13:     -> Evolving tree number 8131 {1}
27:     -> Evolving tree number 7989 {1}
19:         Output tree data at t=13.80 Gyr (output 1 of 1)
19:     <- Finished tree
19:     -> Evolving tree number 8061 {1}
20:         Output tree data at t=13.80 Gyr (output 1 of 1)
20:     <- Finished tree
20:     Progress: 1831 trees processed; elapsed 11.06 h
25:         Output tree data at t=13.80 Gyr (output 1 of 1)
25:     <- Finished tree
20:     -> Evolving tree number 8188 {1}
25:     -> Evolving tree number 8119 {1}
32:         Output tree data at t=13.80 Gyr (output 1 of 1)
32:     <- Finished tree
32:     -> Evolving tree number 8112 {1}
22:         Output tree data at t=13.80 Gyr (output 1 of 1)
22:     <- Finished tree
22:     -> Evolving tree number 8250 {1}
41:         Output tree data at t=13.80 Gyr (output 1 of 1)
41:     <- Finished tree
41:     Progress: 1835 trees processed; elapsed 11.09 h
41:     -> Evolving tree number 8103 {1}
28:         Output tree data at t=13.80 Gyr (output 1 of 1)
28:     <- Finished tree
24:         Output tree data at t=13.80 Gyr (output 1 of 1)
24:     <- Finished tree
28:     -> Evolving tree number 8244 {1}
24:     -> Evolving tree number 8056 {1}
14:         Output tree data at t=13.80 Gyr (output 1 of 1)
14:     <- Finished tree
14:     -> Evolving tree number 8130 {1}
39:         Output tree data at t=13.80 Gyr (output 1 of 1)
39:     <- Finished tree
39:     Progress: 1839 trees processed; elapsed 11.11 h
39:     -> Evolving tree number 8105 {1}
03:         Output tree data at t=13.80 Gyr (output 1 of 1)
03:     <- Finished tree
48:         Output tree data at t=13.80 Gyr (output 1 of 1)
48:     <- Finished tree
03:     -> Evolving tree number 8077 {1}
48:     -> Evolving tree number 7968 {1}
34:         Output tree data at t=13.80 Gyr (output 1 of 1)
34:     <- Finished tree
34:     -> Evolving tree number 7982 {1}
35:         Output tree data at t=13.80 Gyr (output 1 of 1)
35:     <- Finished tree
35:     Progress: 1843 trees processed; elapsed 11.14 h
35:     -> Evolving tree number 7981 {1}
37:         Output tree data at t=13.80 Gyr (output 1 of 1)
37:     <- Finished tree
63:         Output tree data at t=13.80 Gyr (output 1 of 1)
63:     <- Finished tree
37:     -> Evolving tree number 8107 {1}
63:     -> Evolving tree number 8145 {1}
62:         Output tree data at t=13.80 Gyr (output 1 of 1)
62:     <- Finished tree
62:     Progress: 1846 trees processed; elapsed 11.16 h
62:     -> Evolving tree number 8082 {1}
46:         Output tree data at t=13.80 Gyr (output 1 of 1)
46:     <- Finished tree
46:     -> Evolving tree number 7970 {1}
53:         Output tree data at t=13.80 Gyr (output 1 of 1)
53:     <- Finished tree
53:     -> Evolving tree number 8091 {1}
55:         Output tree data at t=13.80 Gyr (output 1 of 1)
55:     <- Finished tree
55:     Progress: 1849 trees processed; elapsed 11.18 h
02:         Output tree data at t=13.80 Gyr (output 1 of 1)
02:     <- Finished tree
55:     -> Evolving tree number 8025 {1}
36:         Output tree data at t=13.80 Gyr (output 1 of 1)
36:     <- Finished tree
02:     -> Evolving tree number 8206 {1}
36:     -> Evolving tree number 8108 {1}
60:         Output tree data at t=13.80 Gyr (output 1 of 1)
60:     <- Finished tree
44:         Output tree data at t=13.80 Gyr (output 1 of 1)
44:     <- Finished tree
60:     -> Evolving tree number 8020 {1}
44:     -> Evolving tree number 7972 {1}
59:         Output tree data at t=13.80 Gyr (output 1 of 1)
59:     <- Finished tree
59:     -> Evolving tree number 8085 {1}
61:         Output tree data at t=13.80 Gyr (output 1 of 1)
61:     <- Finished tree
61:     Progress: 1855 trees processed; elapsed 11.20 h
61:     -> Evolving tree number 8211 {1}
12:         Output tree data at t=13.80 Gyr (output 1 of 1)
12:     <- Finished tree
12:     -> Evolving tree number 8132 {1}
56:         Output tree data at t=13.80 Gyr (output 1 of 1)
56:     <- Finished tree
56:     -> Evolving tree number 7960 {1}
15:         Output tree data at t=13.80 Gyr (output 1 of 1)
15:     <- Finished tree
15:     Progress: 1858 trees processed; elapsed 11.22 h
15:     -> Evolving tree number 8257 {1}
58:         Output tree data at t=13.80 Gyr (output 1 of 1)
58:     <- Finished tree
58:     -> Evolving tree number 8022 {1}
31:         Output tree data at t=13.80 Gyr (output 1 of 1)
31:     <- Finished tree
31:     Progress: 1860 trees processed; elapsed 11.24 h
52:         Output tree data at t=13.80 Gyr (output 1 of 1)
52:     <- Finished tree
49:         Output tree data at t=13.80 Gyr (output 1 of 1)
49:     <- Finished tree
31:     -> Evolving tree number 7921 {1}
49:     -> Evolving tree number 7967 {1}
52:     -> Evolving tree number 8220 {1}
26:         Output tree data at t=13.80 Gyr (output 1 of 1)
26:     <- Finished tree
54:         Output tree data at t=13.80 Gyr (output 1 of 1)
54:     <- Finished tree
06:         Output tree data at t=13.80 Gyr (output 1 of 1)
06:     <- Finished tree
26:     -> Evolving tree number 8182 {1}
54:     -> Evolving tree number 8090 {1}
06:     -> Evolving tree number 8202 {1}
04:         Output tree data at t=13.80 Gyr (output 1 of 1)
04:     <- Finished tree
04:     Progress: 1866 trees processed; elapsed 11.28 h
04:     -> Evolving tree number 8012 {1}
16:         Output tree data at t=13.80 Gyr (output 1 of 1)
16:     <- Finished tree
16:     -> Evolving tree number 8192 {1}
08:         Output tree data at t=13.80 Gyr (output 1 of 1)
08:     <- Finished tree
08:     Progress: 1868 trees processed; elapsed 11.31 h
08:     -> Evolving tree number 8136 {1}
42:         Output tree data at t=13.80 Gyr (output 1 of 1)
42:     <- Finished tree
42:     -> Evolving tree number 8102 {1}
17:         Output tree data at t=13.80 Gyr (output 1 of 1)
17:     <- Finished tree
17:     -> Evolving tree number 8191 {1}
50:         Output tree data at t=13.80 Gyr (output 1 of 1)
50:     <- Finished tree
50:     -> Evolving tree number 7966 {1}
00:         Output tree data at t=13.80 Gyr (output 1 of 1)
00:     <- Finished tree
00:     -> Evolving tree number 8080 {1}
51:         Output tree data at t=13.80 Gyr (output 1 of 1)
51:     <- Finished tree
51:     Progress: 1873 trees processed; elapsed 11.33 h
43:         Output tree data at t=13.80 Gyr (output 1 of 1)
43:     <- Finished tree
51:     -> Evolving tree number 7965 {1}
43:     -> Evolving tree number 7973 {1}
47:         Output tree data at t=13.80 Gyr (output 1 of 1)
47:     <- Finished tree
47:     -> Evolving tree number 7905 {1}
45:         Output tree data at t=13.80 Gyr (output 1 of 1)
45:     <- Finished tree
09:         Output tree data at t=13.80 Gyr (output 1 of 1)
09:     <- Finished tree
45:     -> Evolving tree number 8099 {1}
09:     -> Evolving tree number 8007 {1}
20:         Output tree data at t=13.80 Gyr (output 1 of 1)
20:     <- Finished tree
20:     Progress: 1878 trees processed; elapsed 11.35 h
29:         Output tree data at t=13.80 Gyr (output 1 of 1)
29:     <- Finished tree
20:     -> Evolving tree number 8124 {1}
29:     -> Evolving tree number 8179 {1}
01:         Output tree data at t=13.80 Gyr (output 1 of 1)
01:     <- Finished tree
27:         Output tree data at t=13.80 Gyr (output 1 of 1)
27:     <- Finished tree
13:         Output tree data at t=13.80 Gyr (output 1 of 1)
13:     <- Finished tree
01:     -> Evolving tree number 8143 {1}
27:     -> Evolving tree number 7925 {1}
13:     -> Evolving tree number 8067 {1}
18:         Output tree data at t=13.80 Gyr (output 1 of 1)
18:     <- Finished tree
14:         Output tree data at t=13.80 Gyr (output 1 of 1)
14:     <- Finished tree
14:     Progress: 1884 trees processed; elapsed 11.37 h
07:         Output tree data at t=13.80 Gyr (output 1 of 1)
07:     <- Finished tree
18:     -> Evolving tree number 8062 {1}
14:     -> Evolving tree number 8066 {1}
07:     -> Evolving tree number 8073 {1}
33:         Output tree data at t=13.80 Gyr (output 1 of 1)
33:     <- Finished tree
41:         Output tree data at t=13.80 Gyr (output 1 of 1)
41:     <- Finished tree
33:     -> Evolving tree number 7983 {1}
41:     -> Evolving tree number 8039 {1}
28:         Output tree data at t=13.80 Gyr (output 1 of 1)
28:     <- Finished tree
21:         Output tree data at t=13.80 Gyr (output 1 of 1)
21:     <- Finished tree
39:         Output tree data at t=13.80 Gyr (output 1 of 1)
39:     <- Finished tree
28:     -> Evolving tree number 8180 {1}
21:     -> Evolving tree number 7995 {1}
39:     -> Evolving tree number 8041 {1}
57:         Output tree data at t=13.80 Gyr (output 1 of 1)
57:     <- Finished tree
57:     Progress: 1891 trees processed; elapsed 11.40 h
57:     -> Evolving tree number 8023 {1}
38:         Output tree data at t=13.80 Gyr (output 1 of 1)
38:     <- Finished tree
38:     -> Evolving tree number 8042 {1}
40:         Output tree data at t=13.80 Gyr (output 1 of 1)
40:     <- Finished tree
40:     Progress: 1893 trees processed; elapsed 11.43 h
40:     -> Evolving tree number 8104 {1}
30:         Output tree data at t=13.80 Gyr (output 1 of 1)
30:     <- Finished tree
30:     -> Evolving tree number 7922 {1}
44:         Output tree data at t=13.80 Gyr (output 1 of 1)
44:     <- Finished tree
44:     -> Evolving tree number 7908 {1}
25:         Output tree data at t=13.80 Gyr (output 1 of 1)
25:     <- Finished tree
25:     -> Evolving tree number 8055 {1}
12:         Output tree data at t=13.80 Gyr (output 1 of 1)
12:     <- Finished tree
48:         Output tree data at t=13.80 Gyr (output 1 of 1)
48:     <- Finished tree
12:     -> Evolving tree number 8068 {1}
48:     -> Evolving tree number 7904 {1}
03:         Output tree data at t=13.80 Gyr (output 1 of 1)
03:     <- Finished tree
03:     Progress: 1899 trees processed; elapsed 11.45 h
03:     -> Evolving tree number 8013 {1}
11:         Output tree data at t=13.80 Gyr (output 1 of 1)
11:     <- Finished tree
32:         Output tree data at t=13.80 Gyr (output 1 of 1)
32:     <- Finished tree
11:     -> Evolving tree number 8069 {1}
32:     -> Evolving tree number 8048 {1}
19:         Output tree data at t=13.80 Gyr (output 1 of 1)
19:     <- Finished tree
19:     -> Evolving tree number 7997 {1}
59:         Output tree data at t=13.80 Gyr (output 1 of 1)
59:     <- Finished tree
59:     Progress: 1903 trees processed; elapsed 11.47 h
59:     -> Evolving tree number 8021 {1}
10:         Output tree data at t=13.80 Gyr (output 1 of 1)
10:     <- Finished tree
10:     -> Evolving tree number 8070 {1}
49:         Output tree data at t=13.80 Gyr (output 1 of 1)
49:     <- Finished tree
49:     Progress: 1905 trees processed; elapsed 11.50 h
22:         Output tree data at t=13.80 Gyr (output 1 of 1)
22:     <- Finished tree
49:     -> Evolving tree number 7903 {1}
22:     -> Evolving tree number 8186 {1}
46:         Output tree data at t=13.80 Gyr (output 1 of 1)
46:     <- Finished tree
37:         Output tree data at t=13.80 Gyr (output 1 of 1)
37:     <- Finished tree
05:         Output tree data at t=13.80 Gyr (output 1 of 1)
05:     <- Finished tree
46:     -> Evolving tree number 7906 {1}
37:     -> Evolving tree number 8043 {1}
05:     -> Evolving tree number 8075 {1}
61:         Output tree data at t=13.80 Gyr (output 1 of 1)
61:     <- Finished tree
61:     -> Evolving tree number 8147 {1}
58:         Output tree data at t=13.80 Gyr (output 1 of 1)
58:     <- Finished tree
58:     Progress: 1911 trees processed; elapsed 11.53 h
58:     -> Evolving tree number 7958 {1}
36:         Output tree data at t=13.80 Gyr (output 1 of 1)
36:     <- Finished tree
36:     -> Evolving tree number 8044 {1}
52:         Output tree data at t=13.80 Gyr (output 1 of 1)
52:     <- Finished tree
52:     Progress: 1913 trees processed; elapsed 11.55 h
02:         Output tree data at t=13.80 Gyr (output 1 of 1)
02:     <- Finished tree
52:     -> Evolving tree number 8156 {1}
02:     -> Evolving tree number 8142 {1}
60:         Output tree data at t=13.80 Gyr (output 1 of 1)
60:     <- Finished tree
60:     -> Evolving tree number 7956 {1}
34:         Output tree data at t=13.80 Gyr (output 1 of 1)
34:     <- Finished tree
34:     -> Evolving tree number 7918 {1}
24:         Output tree data at t=13.80 Gyr (output 1 of 1)
24:     <- Finished tree
24:     Progress: 1917 trees processed; elapsed 11.57 h
55:         Output tree data at t=13.80 Gyr (output 1 of 1)
55:     <- Finished tree
23:         Output tree data at t=13.80 Gyr (output 1 of 1)
23:     <- Finished tree
24:     -> Evolving tree number 7992 {1}
55:     -> Evolving tree number 7961 {1}
23:     -> Evolving tree number 8121 {1}
45:         Output tree data at t=13.80 Gyr (output 1 of 1)
45:     <- Finished tree
45:     -> Evolving tree number 8035 {1}
06:         Output tree data at t=13.80 Gyr (output 1 of 1)
06:     <- Finished tree
06:     Progress: 1921 trees processed; elapsed 11.58 h
06:     -> Evolving tree number 8138 {1}
15:         Output tree data at t=13.80 Gyr (output 1 of 1)
15:     <- Finished tree
15:     -> Evolving tree number 8193 {1}
26:         Output tree data at t=13.80 Gyr (output 1 of 1)
26:     <- Finished tree
26:     -> Evolving tree number 8118 {1}
18:         Output tree data at t=13.80 Gyr (output 1 of 1)
18:     <- Finished tree
18:     -> Evolving tree number 7998 {1}
31:         Output tree data at t=13.80 Gyr (output 1 of 1)
31:     <- Finished tree
31:     Progress: 1925 trees processed; elapsed 11.60 h
31:     -> Evolving tree number 7857 {1}
42:         Output tree data at t=13.80 Gyr (output 1 of 1)
42:     <- Finished tree
42:     -> Evolving tree number 8038 {1}
62:         Output tree data at t=13.80 Gyr (output 1 of 1)
62:     <- Finished tree
62:     -> Evolving tree number 8018 {1}
54:         Output tree data at t=13.80 Gyr (output 1 of 1)
54:     <- Finished tree
54:     Progress: 1928 trees processed; elapsed 11.63 h
50:         Output tree data at t=13.80 Gyr (output 1 of 1)
50:     <- Finished tree
54:     -> Evolving tree number 8026 {1}
50:     -> Evolving tree number 7902 {1}
63:         Output tree data at t=13.80 Gyr (output 1 of 1)
63:     <- Finished tree
63:     -> Evolving tree number 8081 {1}
29:         Output tree data at t=13.80 Gyr (output 1 of 1)
29:     <- Finished tree
29:     Progress: 1931 trees processed; elapsed 11.65 h
29:     -> Evolving tree number 8115 {1}
14:         Output tree data at t=13.80 Gyr (output 1 of 1)
14:     <- Finished tree
14:     -> Evolving tree number 8002 {1}
56:         Output tree data at t=13.80 Gyr (output 1 of 1)
56:     <- Finished tree
47:         Output tree data at t=13.80 Gyr (output 1 of 1)
47:     <- Finished tree
56:     -> Evolving tree number 7896 {1}
00:         Output tree data at t=13.80 Gyr (output 1 of 1)
00:     <- Finished tree
47:     -> Evolving tree number 7841 {1}
00:     -> Evolving tree number 8016 {1}
33:         Output tree data at t=13.80 Gyr (output 1 of 1)
33:     <- Finished tree
33:     Progress: 1936 trees processed; elapsed 11.68 h
33:     -> Evolving tree number 7919 {1}
28:         Output tree data at t=13.80 Gyr (output 1 of 1)
28:     <- Finished tree
28:     -> Evolving tree number 8116 {1}
07:         Output tree data at t=13.80 Gyr (output 1 of 1)
07:     <- Finished tree
53:         Output tree data at t=13.80 Gyr (output 1 of 1)
53:     <- Finished tree
07:     -> Evolving tree number 8009 {1}
53:     -> Evolving tree number 8027 {1}
38:         Output tree data at t=13.80 Gyr (output 1 of 1)
38:     <- Finished tree
38:     Progress: 1940 trees processed; elapsed 11.70 h
38:     -> Evolving tree number 7978 {1}
48:         Output tree data at t=13.80 Gyr (output 1 of 1)
48:     <- Finished tree
48:     -> Evolving tree number 7840 {1}
13:         Output tree data at t=13.80 Gyr (output 1 of 1)
13:     <- Finished tree
04:         Output tree data at t=13.80 Gyr (output 1 of 1)
04:     <- Finished tree
03:         Output tree data at t=13.80 Gyr (output 1 of 1)
03:     <- Finished tree
20:         Output tree data at t=13.80 Gyr (output 1 of 1)
20:     <- Finished tree
13:     -> Evolving tree number 8003 {1}
04:     -> Evolving tree number 7948 {1}
03:     -> Evolving tree number 7949 {1}
12:         Output tree data at t=13.80 Gyr (output 1 of 1)
12:     <- Finished tree
12:     Progress: 1946 trees processed; elapsed 11.72 h
20:     -> Evolving tree number 8060 {1}
12:     -> Evolving tree number 8004 {1}
08:         Output tree data at t=13.80 Gyr (output 1 of 1)
08:     <- Finished tree
08:     -> Evolving tree number 8072 {1}
17:         Output tree data at t=13.80 Gyr (output 1 of 1)
17:     <- Finished tree
17:     -> Evolving tree number 8127 {1}
11:         Output tree data at t=13.80 Gyr (output 1 of 1)
11:     <- Finished tree
11:     -> Evolving tree number 8005 {1}
01:         Output tree data at t=13.80 Gyr (output 1 of 1)
01:     <- Finished tree
01:     Progress: 1950 trees processed; elapsed 11.76 h
01:     -> Evolving tree number 8079 {1}
35:         Output tree data at t=13.80 Gyr (output 1 of 1)
35:     <- Finished tree
35:     -> Evolving tree number 7917 {1}
09:         Output tree data at t=13.80 Gyr (output 1 of 1)
09:     <- Finished tree
09:     -> Evolving tree number 7943 {1}
51:         Output tree data at t=13.80 Gyr (output 1 of 1)
51:     <- Finished tree
51:     -> Evolving tree number 7901 {1}
32:         Output tree data at t=13.80 Gyr (output 1 of 1)
32:     <- Finished tree
30:         Output tree data at t=13.80 Gyr (output 1 of 1)
30:     <- Finished tree
30:     Progress: 1955 trees processed; elapsed 11.77 h
32:     -> Evolving tree number 7984 {1}
30:     -> Evolving tree number 7858 {1}
57:         Output tree data at t=13.80 Gyr (output 1 of 1)
57:     <- Finished tree
57:     Progress: 1956 trees processed; elapsed 11.79 h
27:         Output tree data at t=13.80 Gyr (output 1 of 1)
27:     <- Finished tree
57:     -> Evolving tree number 7959 {1}
27:     -> Evolving tree number 7861 {1}
10:         Output tree data at t=13.80 Gyr (output 1 of 1)
10:     <- Finished tree
10:     -> Evolving tree number 8006 {1}
44:         Output tree data at t=13.80 Gyr (output 1 of 1)
44:     <- Finished tree
44:     -> Evolving tree number 7844 {1}
58:         Output tree data at t=13.80 Gyr (output 1 of 1)
58:     <- Finished tree
58:     -> Evolving tree number 7894 {1}
46:         Output tree data at t=13.80 Gyr (output 1 of 1)
46:     <- Finished tree
46:     Progress: 1961 trees processed; elapsed 11.82 h
46:     -> Evolving tree number 7842 {1}
05:         Output tree data at t=13.80 Gyr (output 1 of 1)
05:     <- Finished tree
05:     -> Evolving tree number 8011 {1}
59:         Output tree data at t=13.80 Gyr (output 1 of 1)
59:     <- Finished tree
16:         Output tree data at t=13.80 Gyr (output 1 of 1)
16:     <- Finished tree
59:     -> Evolving tree number 7957 {1}
16:     -> Evolving tree number 8128 {1}
40:         Output tree data at t=13.80 Gyr (output 1 of 1)
40:     <- Finished tree
40:     -> Evolving tree number 8040 {1}
21:         Output tree data at t=13.80 Gyr (output 1 of 1)
21:     <- Finished tree
21:     Progress: 1966 trees processed; elapsed 11.84 h
22:         Output tree data at t=13.80 Gyr (output 1 of 1)
22:     <- Finished tree
21:     -> Evolving tree number 7931 {1}
22:     -> Evolving tree number 8122 {1}
39:         Output tree data at t=13.80 Gyr (output 1 of 1)
39:     <- Finished tree
39:     -> Evolving tree number 7977 {1}
45:         Output tree data at t=13.80 Gyr (output 1 of 1)
45:     <- Finished tree
45:     Progress: 1969 trees processed; elapsed 11.87 h
45:     -> Evolving tree number 7971 {1}
43:         Output tree data at t=13.80 Gyr (output 1 of 1)
43:     <- Finished tree
43:     -> Evolving tree number 7909 {1}
34:         Output tree data at t=13.80 Gyr (output 1 of 1)
34:     <- Finished tree
34:     Progress: 1971 trees processed; elapsed 11.90 h
34:     -> Evolving tree number 7854 {1}
37:         Output tree data at t=13.80 Gyr (output 1 of 1)
37:     <- Finished tree
37:     -> Evolving tree number 7979 {1}
02:         Output tree data at t=13.80 Gyr (output 1 of 1)
02:     <- Finished tree
02:     -> Evolving tree number 8078 {1}
38:         Output tree data at t=13.80 Gyr (output 1 of 1)
38:     <- Finished tree
38:     Progress: 1974 trees processed; elapsed 11.91 h
38:     -> Evolving tree number 7914 {1}
52:         Output tree data at t=13.80 Gyr (output 1 of 1)
52:     <- Finished tree
52:     Progress: 1975 trees processed; elapsed 11.93 h
52:     -> Evolving tree number 8092 {1}
15:         Output tree data at t=13.80 Gyr (output 1 of 1)
15:     <- Finished tree
55:         Output tree data at t=13.80 Gyr (output 1 of 1)
55:     <- Finished tree
15:     -> Evolving tree number 8129 {1}
55:     -> Evolving tree number 7897 {1}
61:         Output tree data at t=13.80 Gyr (output 1 of 1)
61:     <- Finished tree
61:     -> Evolving tree number 8083 {1}
49:         Output tree data at t=13.80 Gyr (output 1 of 1)
49:     <- Finished tree
49:     Progress: 1979 trees processed; elapsed 11.95 h
36:         Output tree data at t=13.80 Gyr (output 1 of 1)
36:     <- Finished tree
49:     -> Evolving tree number 7839 {1}
36:     -> Evolving tree number 7980 {1}
29:         Output tree data at t=13.80 Gyr (output 1 of 1)
29:     <- Finished tree
41:         Output tree data at t=13.80 Gyr (output 1 of 1)
41:     <- Finished tree
29:     -> Evolving tree number 8051 {1}
41:     -> Evolving tree number 7975 {1}
28:         Output tree data at t=13.80 Gyr (output 1 of 1)
28:     <- Finished tree
28:     -> Evolving tree number 8052 {1}
42:         Output tree data at t=13.80 Gyr (output 1 of 1)
42:     <- Finished tree
42:     -> Evolving tree number 7974 {1}
56:         Output tree data at t=13.80 Gyr (output 1 of 1)
56:     <- Finished tree
56:     Progress: 1985 trees processed; elapsed 11.98 h
62:         Output tree data at t=13.80 Gyr (output 1 of 1)
62:     <- Finished tree
56:     -> Evolving tree number 7832 {1}
62:     -> Evolving tree number 7954 {1}
33:         Output tree data at t=13.80 Gyr (output 1 of 1)
33:     <- Finished tree
33:     -> Evolving tree number 7855 {1}
54:         Output tree data at t=13.80 Gyr (output 1 of 1)
54:     <- Finished tree
54:     -> Evolving tree number 7962 {1}
20:         Output tree data at t=13.80 Gyr (output 1 of 1)
20:     <- Finished tree
20:     Progress: 1989 trees processed; elapsed 11.99 h
18:         Output tree data at t=13.80 Gyr (output 1 of 1)
18:     <- Finished tree
26:         Output tree data at t=13.80 Gyr (output 1 of 1)
26:     <- Finished tree
20:     -> Evolving tree number 7996 {1}
18:     -> Evolving tree number 7934 {1}
26:     -> Evolving tree number 8054 {1}
50:         Output tree data at t=13.80 Gyr (output 1 of 1)
50:     <- Finished tree
06:         Output tree data at t=13.80 Gyr (output 1 of 1)
06:     <- Finished tree
25:         Output tree data at t=13.80 Gyr (output 1 of 1)
25:     <- Finished tree
50:     -> Evolving tree number 7838 {1}
06:     -> Evolving tree number 8074 {1}
25:     -> Evolving tree number 7991 {1}
24:         Output tree data at t=13.80 Gyr (output 1 of 1)
24:     <- Finished tree
24:     Progress: 1995 trees processed; elapsed 12.01 h
40:         Output tree data at t=13.80 Gyr (output 1 of 1)
40:     <- Finished tree
24:     -> Evolving tree number 7928 {1}
40:     -> Evolving tree number 7976 {1}
04:         Output tree data at t=13.80 Gyr (output 1 of 1)
04:     <- Finished tree
04:     -> Evolving tree number 7884 {1}
08:         Output tree data at t=13.80 Gyr (output 1 of 1)
08:     <- Finished tree
08:     Progress: 1998 trees processed; elapsed 12.03 h
08:     -> Evolving tree number 8008 {1}
35:         Output tree data at t=13.80 Gyr (output 1 of 1)
35:     <- Finished tree
35:     -> Evolving tree number 7853 {1}
30:         Output tree data at t=13.80 Gyr (output 1 of 1)
30:     <- Finished tree
30:     Progress: 2000 trees processed; elapsed 12.04 h
30:     -> Evolving tree number 7794 {1}
44:         Output tree data at t=13.80 Gyr (output 1 of 1)
44:     <- Finished tree
44:     -> Evolving tree number 7780 {1}
47:         Output tree data at t=13.80 Gyr (output 1 of 1)
47:     <- Finished tree
47:     -> Evolving tree number 7777 {1}
23:         Output tree data at t=13.80 Gyr (output 1 of 1)
23:     <- Finished tree
23:     -> Evolving tree number 8057 {1}
00:         Output tree data at t=13.80 Gyr (output 1 of 1)
00:     <- Finished tree
00:     Progress: 2004 trees processed; elapsed 12.07 h
17:         Output tree data at t=13.80 Gyr (output 1 of 1)
17:     <- Finished tree
00:     -> Evolving tree number 7952 {1}
17:     -> Evolving tree number 8063 {1}
53:         Output tree data at t=13.80 Gyr (output 1 of 1)
53:     <- Finished tree
53:     -> Evolving tree number 7963 {1}
03:         Output tree data at t=13.80 Gyr (output 1 of 1)
03:     <- Finished tree
03:     Progress: 2007 trees processed; elapsed 12.09 h
03:     -> Evolving tree number 7885 {1}
12:         Output tree data at t=13.80 Gyr (output 1 of 1)
12:     <- Finished tree
12:     -> Evolving tree number 7940 {1}
19:         Output tree data at t=13.80 Gyr (output 1 of 1)
19:     <- Finished tree
19:     -> Evolving tree number 7933 {1}
13:         Output tree data at t=13.80 Gyr (output 1 of 1)
13:     <- Finished tree
13:     -> Evolving tree number 7939 {1}
63:         Output tree data at t=13.80 Gyr (output 1 of 1)
63:     <- Finished tree
63:     Progress: 2011 trees processed; elapsed 12.11 h
63:     -> Evolving tree number 8017 {1}
10:         Output tree data at t=13.80 Gyr (output 1 of 1)
10:     <- Finished tree
10:     -> Evolving tree number 7942 {1}
31:         Output tree data at t=13.80 Gyr (output 1 of 1)
31:     <- Finished tree
31:     -> Evolving tree number 7793 {1}
48:         Output tree data at t=13.80 Gyr (output 1 of 1)
48:     <- Finished tree
48:     Progress: 2014 trees processed; elapsed 12.13 h
60:         Output tree data at t=13.80 Gyr (output 1 of 1)
60:     <- Finished tree
48:     -> Evolving tree number 7776 {1}
60:     -> Evolving tree number 7892 {1}
57:         Output tree data at t=13.80 Gyr (output 1 of 1)
57:     <- Finished tree
14:         Output tree data at t=13.80 Gyr (output 1 of 1)
14:     <- Finished tree
57:     -> Evolving tree number 7895 {1}
22:         Output tree data at t=13.80 Gyr (output 1 of 1)
22:     <- Finished tree
14:     -> Evolving tree number 7938 {1}
22:     -> Evolving tree number 8058 {1}
32:         Output tree data at t=13.80 Gyr (output 1 of 1)
32:     <- Finished tree
32:     Progress: 2019 trees processed; elapsed 12.16 h
32:     -> Evolving tree number 7920 {1}
51:         Output tree data at t=13.80 Gyr (output 1 of 1)
51:     <- Finished tree
43:         Output tree data at t=13.80 Gyr (output 1 of 1)
43:     <- Finished tree
51:     -> Evolving tree number 7837 {1}
11:         Output tree data at t=13.80 Gyr (output 1 of 1)
11:     <- Finished tree
43:     -> Evolving tree number 7845 {1}
11:     -> Evolving tree number 7941 {1}
46:         Output tree data at t=13.80 Gyr (output 1 of 1)
46:     <- Finished tree
07:         Output tree data at t=13.80 Gyr (output 1 of 1)
07:     <- Finished tree
07:     Progress: 2024 trees processed; elapsed 12.17 h
46:     -> Evolving tree number 7778 {1}
07:     -> Evolving tree number 7945 {1}
58:         Output tree data at t=13.80 Gyr (output 1 of 1)
58:     <- Finished tree
58:     -> Evolving tree number 7830 {1}
21:         Output tree data at t=13.80 Gyr (output 1 of 1)
21:     <- Finished tree
34:         Output tree data at t=13.80 Gyr (output 1 of 1)
34:     <- Finished tree
59:         Output tree data at t=13.80 Gyr (output 1 of 1)
59:     <- Finished tree
21:     -> Evolving tree number 7867 {1}
34:     -> Evolving tree number 7790 {1}
59:     -> Evolving tree number 7893 {1}
45:         Output tree data at t=13.80 Gyr (output 1 of 1)
45:     <- Finished tree
45:     Progress: 2029 trees processed; elapsed 12.20 h
45:     -> Evolving tree number 7907 {1}
55:         Output tree data at t=13.80 Gyr (output 1 of 1)
55:     <- Finished tree
55:     -> Evolving tree number 7833 {1}
52:         Output tree data at t=13.80 Gyr (output 1 of 1)
52:     <- Finished tree
02:         Output tree data at t=13.80 Gyr (output 1 of 1)
02:     <- Finished tree
52:     -> Evolving tree number 8028 {1}
02:     -> Evolving tree number 8014 {1}
01:         Output tree data at t=13.80 Gyr (output 1 of 1)
01:     <- Finished tree
01:     Progress: 2033 trees processed; elapsed 12.24 h
27:         Output tree data at t=13.80 Gyr (output 1 of 1)
27:     <- Finished tree
01:     -> Evolving tree number 8015 {1}
37:         Output tree data at t=13.80 Gyr (output 1 of 1)
37:     <- Finished tree
27:     -> Evolving tree number 7797 {1}
37:     -> Evolving tree number 7915 {1}
56:         Output tree data at t=13.80 Gyr (output 1 of 1)
56:     <- Finished tree
56:     -> Evolving tree number 7768 {1}
08:         Output tree data at t=13.80 Gyr (output 1 of 1)
08:     <- Finished tree
08:     -> Evolving tree number 7944 {1}
29:         Output tree data at t=13.80 Gyr (output 1 of 1)
29:     <- Finished tree
29:     Progress: 2038 trees processed; elapsed 12.26 h
29:     -> Evolving tree number 7987 {1}
05:         Output tree data at t=13.80 Gyr (output 1 of 1)
05:     <- Finished tree
05:     -> Evolving tree number 7947 {1}
47:         Output tree data at t=13.80 Gyr (output 1 of 1)
47:     <- Finished tree
47:     Progress: 2040 trees processed; elapsed 12.29 h
24:         Output tree data at t=13.80 Gyr (output 1 of 1)
24:     <- Finished tree
16:         Output tree data at t=13.80 Gyr (output 1 of 1)
16:     <- Finished tree
47:     -> Evolving tree number 7713 {1}
24:     -> Evolving tree number 7864 {1}
16:     -> Evolving tree number 8064 {1}
33:         Output tree data at t=13.80 Gyr (output 1 of 1)
33:     <- Finished tree
33:     -> Evolving tree number 7791 {1}
06:         Output tree data at t=13.80 Gyr (output 1 of 1)
06:     <- Finished tree
06:     Progress: 2044 trees processed; elapsed 12.31 h
49:         Output tree data at t=13.80 Gyr (output 1 of 1)
49:     <- Finished tree
53:         Output tree data at t=13.80 Gyr (output 1 of 1)
53:     <- Finished tree
06:     -> Evolving tree number 8010 {1}
49:     -> Evolving tree number 7775 {1}
53:     -> Evolving tree number 7899 {1}
42:         Output tree data at t=13.80 Gyr (output 1 of 1)
42:     <- Finished tree
42:     -> Evolving tree number 7910 {1}
38:         Output tree data at t=13.80 Gyr (output 1 of 1)
38:     <- Finished tree
38:     Progress: 2048 trees processed; elapsed 12.32 h
36:         Output tree data at t=13.80 Gyr (output 1 of 1)
36:     <- Finished tree
09:         Output tree data at t=13.80 Gyr (output 1 of 1)
09:     <- Finished tree
44:         Output tree data at t=13.80 Gyr (output 1 of 1)
44:     <- Finished tree
38:     -> Evolving tree number 7850 {1}
36:     -> Evolving tree number 7916 {1}
09:     -> Evolving tree number 7879 {1}
44:     -> Evolving tree number 7716 {1}
14:         Output tree data at t=13.80 Gyr (output 1 of 1)
14:     <- Finished tree
14:     Progress: 2052 trees processed; elapsed 12.35 h
14:     -> Evolving tree number 7874 {1}
61:         Output tree data at t=13.80 Gyr (output 1 of 1)
61:     <- Finished tree
61:     -> Evolving tree number 8019 {1}
40:         Output tree data at t=13.80 Gyr (output 1 of 1)
40:     <- Finished tree
26:         Output tree data at t=13.80 Gyr (output 1 of 1)
26:     <- Finished tree
40:     -> Evolving tree number 7912 {1}
26:     -> Evolving tree number 7990 {1}
18:         Output tree data at t=13.80 Gyr (output 1 of 1)
18:     <- Finished tree
41:         Output tree data at t=13.80 Gyr (output 1 of 1)
41:     <- Finished tree
18:     -> Evolving tree number 7870 {1}
41:     -> Evolving tree number 7911 {1}
39:         Output tree data at t=13.80 Gyr (output 1 of 1)
39:     <- Finished tree
39:     Progress: 2058 trees processed; elapsed 12.37 h
39:     -> Evolving tree number 7913 {1}
17:         Output tree data at t=13.80 Gyr (output 1 of 1)
17:     <- Finished tree
17:     -> Evolving tree number 7999 {1}
31:         Output tree data at t=13.80 Gyr (output 1 of 1)
31:     <- Finished tree
31:     Progress: 2060 trees processed; elapsed 12.39 h
31:     -> Evolving tree number 7729 {1}
20:         Output tree data at t=13.80 Gyr (output 1 of 1)
20:     <- Finished tree
62:         Output tree data at t=13.80 Gyr (output 1 of 1)
62:     <- Finished tree
20:     -> Evolving tree number 7932 {1}
62:     -> Evolving tree number 7890 {1}
28:         Output tree data at t=13.80 Gyr (output 1 of 1)
28:     <- Finished tree
28:     -> Evolving tree number 7988 {1}
34:         Output tree data at t=13.80 Gyr (output 1 of 1)
34:     <- Finished tree
34:     Progress: 2064 trees processed; elapsed 12.41 h
34:     -> Evolving tree number 7726 {1}
10:         Output tree data at t=13.80 Gyr (output 1 of 1)
10:     <- Finished tree
10:     Progress: 2065 trees processed; elapsed 12.42 h
10:     -> Evolving tree number 7878 {1}
35:         Output tree data at t=13.80 Gyr (output 1 of 1)
35:     <- Finished tree
35:     -> Evolving tree number 7789 {1}
15:         Output tree data at t=13.80 Gyr (output 1 of 1)
15:     <- Finished tree
15:     -> Evolving tree number 8065 {1}
04:         Output tree data at t=13.80 Gyr (output 1 of 1)
04:     <- Finished tree
54:         Output tree data at t=13.80 Gyr (output 1 of 1)
54:     <- Finished tree
04:     -> Evolving tree number 7820 {1}
54:     -> Evolving tree number 7898 {1}
43:         Output tree data at t=13.80 Gyr (output 1 of 1)
43:     <- Finished tree
43:     Progress: 2070 trees processed; elapsed 12.45 h
43:     -> Evolving tree number 7781 {1}
45:         Output tree data at t=13.80 Gyr (output 1 of 1)
45:     <- Finished tree
45:     Progress: 2071 trees processed; elapsed 12.48 h
50:         Output tree data at t=13.80 Gyr (output 1 of 1)
50:     <- Finished tree
45:     -> Evolving tree number 7843 {1}
48:         Output tree data at t=13.80 Gyr (output 1 of 1)
48:     <- Finished tree
50:     -> Evolving tree number 7774 {1}
48:     -> Evolving tree number 7712 {1}
23:         Output tree data at t=13.80 Gyr (output 1 of 1)
23:     <- Finished tree
23:     -> Evolving tree number 7993 {1}
19:         Output tree data at t=13.80 Gyr (output 1 of 1)
19:     <- Finished tree
19:     -> Evolving tree number 7869 {1}
00:         Output tree data at t=13.80 Gyr (output 1 of 1)
00:     <- Finished tree
00:     Progress: 2076 trees processed; elapsed 12.50 h
03:         Output tree data at t=13.80 Gyr (output 1 of 1)
03:     <- Finished tree
00:     -> Evolving tree number 7888 {1}
03:     -> Evolving tree number 7821 {1}
12:         Output tree data at t=13.80 Gyr (output 1 of 1)
12:     <- Finished tree
12:     Progress: 2078 trees processed; elapsed 12.52 h
22:         Output tree data at t=13.80 Gyr (output 1 of 1)
22:     <- Finished tree
12:     -> Evolving tree number 7876 {1}
30:         Output tree data at t=13.80 Gyr (output 1 of 1)
30:     <- Finished tree
22:     -> Evolving tree number 7994 {1}
30:     -> Evolving tree number 7730 {1}
46:         Output tree data at t=13.80 Gyr (output 1 of 1)
46:     <- Finished tree
46:     -> Evolving tree number 7714 {1}
60:         Output tree data at t=13.80 Gyr (output 1 of 1)
60:     <- Finished tree
60:     Progress: 2082 trees processed; elapsed 12.55 h
13:         Output tree data at t=13.80 Gyr (output 1 of 1)
13:     <- Finished tree
60:     -> Evolving tree number 7828 {1}
13:     -> Evolving tree number 7875 {1}
25:         Output tree data at t=13.80 Gyr (output 1 of 1)
25:     <- Finished tree
02:         Output tree data at t=13.80 Gyr (output 1 of 1)
02:     <- Finished tree
25:     -> Evolving tree number 7927 {1}
02:     -> Evolving tree number 7950 {1}
51:         Output tree data at t=13.80 Gyr (output 1 of 1)
51:     <- Finished tree
51:     -> Evolving tree number 7773 {1}
58:         Output tree data at t=13.80 Gyr (output 1 of 1)
58:     <- Finished tree
58:     Progress: 2087 trees processed; elapsed 12.57 h
58:     -> Evolving tree number 7766 {1}
11:         Output tree data at t=13.80 Gyr (output 1 of 1)
11:     <- Finished tree
59:         Output tree data at t=13.80 Gyr (output 1 of 1)
59:     <- Finished tree
11:     -> Evolving tree number 7877 {1}
59:     -> Evolving tree number 7829 {1}
32:         Output tree data at t=13.80 Gyr (output 1 of 1)
32:     <- Finished tree
36:         Output tree data at t=13.80 Gyr (output 1 of 1)
36:     <- Finished tree
36:     Progress: 2091 trees processed; elapsed 12.59 h
07:         Output tree data at t=13.80 Gyr (output 1 of 1)
07:     <- Finished tree
32:     -> Evolving tree number 7856 {1}
36:     -> Evolving tree number 7852 {1}
07:     -> Evolving tree number 7881 {1}
08:         Output tree data at t=13.80 Gyr (output 1 of 1)
08:     <- Finished tree
63:         Output tree data at t=13.80 Gyr (output 1 of 1)
63:     <- Finished tree
08:     -> Evolving tree number 7880 {1}
24:         Output tree data at t=13.80 Gyr (output 1 of 1)
24:     <- Finished tree
63:     -> Evolving tree number 7953 {1}
24:     -> Evolving tree number 7800 {1}
05:         Output tree data at t=13.80 Gyr (output 1 of 1)
05:     <- Finished tree
05:     -> Evolving tree number 7883 {1}
57:         Output tree data at t=13.80 Gyr (output 1 of 1)
57:     <- Finished tree
57:     Progress: 2097 trees processed; elapsed 12.61 h
57:     -> Evolving tree number 7831 {1}
42:         Output tree data at t=13.80 Gyr (output 1 of 1)
42:     <- Finished tree
42:     -> Evolving tree number 7846 {1}
49:         Output tree data at t=13.80 Gyr (output 1 of 1)
49:     <- Finished tree
61:         Output tree data at t=13.80 Gyr (output 1 of 1)
61:     <- Finished tree
49:     -> Evolving tree number 7711 {1}
61:     -> Evolving tree number 7955 {1}
17:         Output tree data at t=13.80 Gyr (output 1 of 1)
17:     <- Finished tree
17:     Progress: 2101 trees processed; elapsed 12.64 h
16:         Output tree data at t=13.80 Gyr (output 1 of 1)
16:     <- Finished tree
17:     -> Evolving tree number 7935 {1}
16:     -> Evolving tree number 8000 {1}
09:         Output tree data at t=13.80 Gyr (output 1 of 1)
09:     <- Finished tree
53:         Output tree data at t=13.80 Gyr (output 1 of 1)
53:     <- Finished tree
09:     -> Evolving tree number 7815 {1}
01:         Output tree data at t=13.80 Gyr (output 1 of 1)
01:     <- Finished tree
53:     -> Evolving tree number 7835 {1}
01:     -> Evolving tree number 7951 {1}
55:         Output tree data at t=13.80 Gyr (output 1 of 1)
55:     <- Finished tree
55:     -> Evolving tree number 7769 {1}
21:         Output tree data at t=13.80 Gyr (output 1 of 1)
21:     <- Finished tree
21:     -> Evolving tree number 7803 {1}
40:         Output tree data at t=13.80 Gyr (output 1 of 1)
40:     <- Finished tree
40:     Progress: 2108 trees processed; elapsed 12.66 h
40:     -> Evolving tree number 7848 {1}
27:         Output tree data at t=13.80 Gyr (output 1 of 1)
27:     <- Finished tree
62:         Output tree data at t=13.80 Gyr (output 1 of 1)
62:     <- Finished tree
27:     -> Evolving tree number 7733 {1}
62:     -> Evolving tree number 7826 {1}
14:         Output tree data at t=13.80 Gyr (output 1 of 1)
14:     <- Finished tree
14:     Progress: 2111 trees processed; elapsed 12.68 h
14:     -> Evolving tree number 7810 {1}
44:         Output tree data at t=13.80 Gyr (output 1 of 1)
44:     <- Finished tree
44:     -> Evolving tree number 7652 {1}
56:         Output tree data at t=13.80 Gyr (output 1 of 1)
56:     <- Finished tree
56:     Progress: 2113 trees processed; elapsed 12.70 h
56:     -> Evolving tree number 7704 {1}
29:         Output tree data at t=13.80 Gyr (output 1 of 1)
29:     <- Finished tree
29:     -> Evolving tree number 7923 {1}
37:         Output tree data at t=13.80 Gyr (output 1 of 1)
37:     <- Finished tree
37:     -> Evolving tree number 7851 {1}
20:         Output tree data at t=13.80 Gyr (output 1 of 1)
20:     <- Finished tree
20:     -> Evolving tree number 7868 {1}
39:         Output tree data at t=13.80 Gyr (output 1 of 1)
39:     <- Finished tree
39:     Progress: 2117 trees processed; elapsed 12.72 h
39:     -> Evolving tree number 7849 {1}
45:         Output tree data at t=13.80 Gyr (output 1 of 1)
45:     <- Finished tree
45:     -> Evolving tree number 7779 {1}
06:         Output tree data at t=13.80 Gyr (output 1 of 1)
06:     <- Finished tree
06:     Progress: 2119 trees processed; elapsed 12.74 h
06:     -> Evolving tree number 7946 {1}
41:         Output tree data at t=13.80 Gyr (output 1 of 1)
41:     <- Finished tree
41:     -> Evolving tree number 7847 {1}
26:         Output tree data at t=13.80 Gyr (output 1 of 1)
26:     <- Finished tree
26:     Progress: 2121 trees processed; elapsed 12.77 h
54:         Output tree data at t=13.80 Gyr (output 1 of 1)
54:     <- Finished tree
26:     -> Evolving tree number 7926 {1}
54:     -> Evolving tree number 7834 {1}
38:         Output tree data at t=13.80 Gyr (output 1 of 1)
38:     <- Finished tree
38:     -> Evolving tree number 7786 {1}
47:         Output tree data at t=13.80 Gyr (output 1 of 1)
47:     <- Finished tree
47:     -> Evolving tree number 7649 {1}
46:         Output tree data at t=13.80 Gyr (output 1 of 1)
46:     <- Finished tree
46:     Progress: 2125 trees processed; elapsed 12.78 h
46:     -> Evolving tree number 7650 {1}
28:         Output tree data at t=13.80 Gyr (output 1 of 1)
28:     <- Finished tree
28:     Progress: 2126 trees processed; elapsed 12.81 h
34:         Output tree data at t=13.80 Gyr (output 1 of 1)
34:     <- Finished tree
28:     -> Evolving tree number 7924 {1}
34:     -> Evolving tree number 7662 {1}
18:         Output tree data at t=13.80 Gyr (output 1 of 1)
18:     <- Finished tree
18:     -> Evolving tree number 7806 {1}
33:         Output tree data at t=13.80 Gyr (output 1 of 1)
33:     <- Finished tree
33:     -> Evolving tree number 7727 {1}
04:         Output tree data at t=13.80 Gyr (output 1 of 1)
04:     <- Finished tree
04:     Progress: 2130 trees processed; elapsed 12.84 h
04:     -> Evolving tree number 7756 {1}
05:         Output tree data at t=13.80 Gyr (output 1 of 1)
05:     <- Finished tree
19:         Output tree data at t=13.80 Gyr (output 1 of 1)
19:     <- Finished tree
05:     -> Evolving tree number 7819 {1}
13:         Output tree data at t=13.80 Gyr (output 1 of 1)
13:     <- Finished tree
19:     -> Evolving tree number 7805 {1}
13:     -> Evolving tree number 7811 {1}
43:         Output tree data at t=13.80 Gyr (output 1 of 1)
43:     <- Finished tree
60:         Output tree data at t=13.80 Gyr (output 1 of 1)
60:     <- Finished tree
43:     -> Evolving tree number 7717 {1}
51:         Output tree data at t=13.80 Gyr (output 1 of 1)
51:     <- Finished tree
35:         Output tree data at t=13.80 Gyr (output 1 of 1)
35:     <- Finished tree
60:     -> Evolving tree number 7764 {1}
51:     -> Evolving tree number 7709 {1}
12:         Output tree data at t=13.80 Gyr (output 1 of 1)
12:     <- Finished tree
12:     Progress: 2138 trees processed; elapsed 12.86 h
35:     -> Evolving tree number 7725 {1}
31:         Output tree data at t=13.80 Gyr (output 1 of 1)
31:     <- Finished tree
12:     -> Evolving tree number 7812 {1}
31:     -> Evolving tree number 7665 {1}
23:         Output tree data at t=13.80 Gyr (output 1 of 1)
23:     <- Finished tree
16:         Output tree data at t=13.80 Gyr (output 1 of 1)
16:     <- Finished tree
00:         Output tree data at t=13.80 Gyr (output 1 of 1)
00:     <- Finished tree
23:     -> Evolving tree number 7929 {1}
16:     -> Evolving tree number 7936 {1}
03:         Output tree data at t=13.80 Gyr (output 1 of 1)
03:     <- Finished tree
03:     Progress: 2143 trees processed; elapsed 12.88 h
00:     -> Evolving tree number 7824 {1}
52:         Output tree data at t=13.80 Gyr (output 1 of 1)
52:     <- Finished tree
50:         Output tree data at t=13.80 Gyr (output 1 of 1)
50:     <- Finished tree
03:     -> Evolving tree number 7757 {1}
52:     -> Evolving tree number 7964 {1}
50:     -> Evolving tree number 7710 {1}
24:         Output tree data at t=13.80 Gyr (output 1 of 1)
24:     <- Finished tree
24:     -> Evolving tree number 7736 {1}
48:         Output tree data at t=13.80 Gyr (output 1 of 1)
48:     <- Finished tree
48:     Progress: 2147 trees processed; elapsed 12.91 h
48:     -> Evolving tree number 7648 {1}
10:         Output tree data at t=13.80 Gyr (output 1 of 1)
10:     <- Finished tree
10:     -> Evolving tree number 7814 {1}
25:         Output tree data at t=13.80 Gyr (output 1 of 1)
25:     <- Finished tree
25:     -> Evolving tree number 7863 {1}
61:         Output tree data at t=13.80 Gyr (output 1 of 1)
61:     <- Finished tree
61:     Progress: 2150 trees processed; elapsed 12.93 h
61:     -> Evolving tree number 7891 {1}
30:         Output tree data at t=13.80 Gyr (output 1 of 1)
30:     <- Finished tree
30:     -> Evolving tree number 7666 {1}
07:         Output tree data at t=13.80 Gyr (output 1 of 1)
07:     <- Finished tree
07:     Progress: 2152 trees processed; elapsed 12.95 h
07:     -> Evolving tree number 7817 {1}
63:         Output tree data at t=13.80 Gyr (output 1 of 1)
63:     <- Finished tree
63:     -> Evolving tree number 7889 {1}
40:         Output tree data at t=13.80 Gyr (output 1 of 1)
40:     <- Finished tree
40:     Progress: 2154 trees processed; elapsed 12.98 h
40:     -> Evolving tree number 7784 {1}
54:         Output tree data at t=13.80 Gyr (output 1 of 1)
54:     <- Finished tree
57:         Output tree data at t=13.80 Gyr (output 1 of 1)
57:     <- Finished tree
54:     -> Evolving tree number 7770 {1}
02:         Output tree data at t=13.80 Gyr (output 1 of 1)
02:     <- Finished tree
02:     Progress: 2157 trees processed; elapsed 13.00 h
56:         Output tree data at t=13.80 Gyr (output 1 of 1)
56:     <- Finished tree
57:     -> Evolving tree number 7767 {1}
56:     -> Evolving tree number 7640 {1}
02:     -> Evolving tree number 7886 {1}
59:         Output tree data at t=13.80 Gyr (output 1 of 1)
59:     <- Finished tree
22:         Output tree data at t=13.80 Gyr (output 1 of 1)
22:     <- Finished tree
59:     -> Evolving tree number 7765 {1}
22:     -> Evolving tree number 7930 {1}
53:         Output tree data at t=13.80 Gyr (output 1 of 1)
53:     <- Finished tree
53:     Progress: 2161 trees processed; elapsed 13.02 h
53:     -> Evolving tree number 7771 {1}
41:         Output tree data at t=13.80 Gyr (output 1 of 1)
41:     <- Finished tree
62:         Output tree data at t=13.80 Gyr (output 1 of 1)
62:     <- Finished tree
41:     -> Evolving tree number 7783 {1}
38:         Output tree data at t=13.80 Gyr (output 1 of 1)
38:     <- Finished tree
49:         Output tree data at t=13.80 Gyr (output 1 of 1)
49:     <- Finished tree
62:     -> Evolving tree number 7762 {1}
38:     -> Evolving tree number 7722 {1}
49:     -> Evolving tree number 7647 {1}
42:         Output tree data at t=13.80 Gyr (output 1 of 1)
42:     <- Finished tree
15:         Output tree data at t=13.80 Gyr (output 1 of 1)
15:     <- Finished tree
09:         Output tree data at t=13.80 Gyr (output 1 of 1)
09:     <- Finished tree
58:         Output tree data at t=13.80 Gyr (output 1 of 1)
58:     <- Finished tree
42:     -> Evolving tree number 7782 {1}
15:     -> Evolving tree number 8001 {1}
58:     -> Evolving tree number 7702 {1}
09:     -> Evolving tree number 7751 {1}
55:         Output tree data at t=13.80 Gyr (output 1 of 1)
55:     <- Finished tree
55:     Progress: 2170 trees processed; elapsed 13.05 h
37:         Output tree data at t=13.80 Gyr (output 1 of 1)
37:     <- Finished tree
55:     -> Evolving tree number 7705 {1}
37:     -> Evolving tree number 7787 {1}
21:         Output tree data at t=13.80 Gyr (output 1 of 1)
21:     <- Finished tree
21:     -> Evolving tree number 7739 {1}
11:         Output tree data at t=13.80 Gyr (output 1 of 1)
11:     <- Finished tree
11:     -> Evolving tree number 7813 {1}
08:         Output tree data at t=13.80 Gyr (output 1 of 1)
08:     <- Finished tree
08:     Progress: 2174 trees processed; elapsed 13.08 h
08:     -> Evolving tree number 7816 {1}
26:         Output tree data at t=13.80 Gyr (output 1 of 1)
26:     <- Finished tree
26:     -> Evolving tree number 7862 {1}
39:         Output tree data at t=13.80 Gyr (output 1 of 1)
39:     <- Finished tree
39:     Progress: 2176 trees processed; elapsed 13.11 h
39:     -> Evolving tree number 7785 {1}
16:         Output tree data at t=13.80 Gyr (output 1 of 1)
16:     <- Finished tree
16:     -> Evolving tree number 7872 {1}
32:         Output tree data at t=13.80 Gyr (output 1 of 1)
32:     <- Finished tree
06:         Output tree data at t=13.80 Gyr (output 1 of 1)
06:     <- Finished tree
32:     -> Evolving tree number 7792 {1}
06:     -> Evolving tree number 7882 {1}
45:         Output tree data at t=13.80 Gyr (output 1 of 1)
45:     <- Finished tree
45:     -> Evolving tree number 7715 {1}
20:         Output tree data at t=13.80 Gyr (output 1 of 1)
20:     <- Finished tree
20:     Progress: 2181 trees processed; elapsed 13.13 h
27:         Output tree data at t=13.80 Gyr (output 1 of 1)
27:     <- Finished tree
20:     -> Evolving tree number 7804 {1}
27:     -> Evolving tree number 7669 {1}
29:         Output tree data at t=13.80 Gyr (output 1 of 1)
29:     <- Finished tree
14:         Output tree data at t=13.80 Gyr (output 1 of 1)
14:     <- Finished tree
29:     -> Evolving tree number 7859 {1}
14:     -> Evolving tree number 7746 {1}
36:         Output tree data at t=13.80 Gyr (output 1 of 1)
36:     <- Finished tree
36:     -> Evolving tree number 7788 {1}
00:         Output tree data at t=13.80 Gyr (output 1 of 1)
00:     <- Finished tree
00:     Progress: 2186 trees processed; elapsed 13.17 h
34:         Output tree data at t=13.80 Gyr (output 1 of 1)
34:     <- Finished tree
44:         Output tree data at t=13.80 Gyr (output 1 of 1)
44:     <- Finished tree
00:     -> Evolving tree number 7760 {1}
34:     -> Evolving tree number 7598 {1}
43:         Output tree data at t=13.80 Gyr (output 1 of 1)
43:     <- Finished tree
44:     -> Evolving tree number 7588 {1}
43:     -> Evolving tree number 7653 {1}
17:         Output tree data at t=13.80 Gyr (output 1 of 1)
17:     <- Finished tree
17:     -> Evolving tree number 7871 {1}
01:         Output tree data at t=13.80 Gyr (output 1 of 1)
01:     <- Finished tree
01:     Progress: 2191 trees processed; elapsed 13.19 h
01:     -> Evolving tree number 7887 {1}
10:         Output tree data at t=13.80 Gyr (output 1 of 1)
10:     <- Finished tree
10:     -> Evolving tree number 7750 {1}
05:         Output tree data at t=13.80 Gyr (output 1 of 1)
05:     <- Finished tree
05:     -> Evolving tree number 7755 {1}
47:         Output tree data at t=13.80 Gyr (output 1 of 1)
47:     <- Finished tree
47:     Progress: 2194 trees processed; elapsed 13.21 h
35:         Output tree data at t=13.80 Gyr (output 1 of 1)
35:     <- Finished tree
47:     -> Evolving tree number 7585 {1}
35:     -> Evolving tree number 7661 {1}
63:         Output tree data at t=13.80 Gyr (output 1 of 1)
63:     <- Finished tree
52:         Output tree data at t=13.80 Gyr (output 1 of 1)
52:     <- Finished tree
63:     -> Evolving tree number 7825 {1}
52:     -> Evolving tree number 7900 {1}
19:         Output tree data at t=13.80 Gyr (output 1 of 1)
19:     <- Finished tree
19:     Progress: 2198 trees processed; elapsed 13.23 h
19:     -> Evolving tree number 7741 {1}
23:         Output tree data at t=13.80 Gyr (output 1 of 1)
23:     <- Finished tree
23:     -> Evolving tree number 7865 {1}
48:         Output tree data at t=13.80 Gyr (output 1 of 1)
48:     <- Finished tree
48:     Progress: 2200 trees processed; elapsed 13.26 h
46:         Output tree data at t=13.80 Gyr (output 1 of 1)
46:     <- Finished tree
48:     -> Evolving tree number 7584 {1}
13:         Output tree data at t=13.80 Gyr (output 1 of 1)
13:     <- Finished tree
33:         Output tree data at t=13.80 Gyr (output 1 of 1)
33:     <- Finished tree
46:     -> Evolving tree number 7586 {1}
13:     -> Evolving tree number 7747 {1}
33:     -> Evolving tree number 7663 {1}
51:         Output tree data at t=13.80 Gyr (output 1 of 1)
51:     <- Finished tree
04:         Output tree data at t=13.80 Gyr (output 1 of 1)
04:     <- Finished tree
51:     -> Evolving tree number 7645 {1}
04:     -> Evolving tree number 7692 {1}
50:         Output tree data at t=13.80 Gyr (output 1 of 1)
50:     <- Finished tree
50:     -> Evolving tree number 7646 {1}
60:         Output tree data at t=13.80 Gyr (output 1 of 1)
60:     <- Finished tree
60:     Progress: 2207 trees processed; elapsed 13.30 h
60:     -> Evolving tree number 7700 {1}
03:         Output tree data at t=13.80 Gyr (output 1 of 1)
03:     <- Finished tree
03:     -> Evolving tree number 7693 {1}
57:         Output tree data at t=13.80 Gyr (output 1 of 1)
57:     <- Finished tree
57:     -> Evolving tree number 7703 {1}
58:         Output tree data at t=13.80 Gyr (output 1 of 1)
58:     <- Finished tree
58:     Progress: 2210 trees processed; elapsed 13.32 h
58:     -> Evolving tree number 7638 {1}
59:         Output tree data at t=13.80 Gyr (output 1 of 1)
59:     <- Finished tree
25:         Output tree data at t=13.80 Gyr (output 1 of 1)
25:     <- Finished tree
59:     -> Evolving tree number 7701 {1}
25:     -> Evolving tree number 7799 {1}
61:         Output tree data at t=13.80 Gyr (output 1 of 1)
61:     <- Finished tree
61:     -> Evolving tree number 7827 {1}
62:         Output tree data at t=13.80 Gyr (output 1 of 1)
62:     <- Finished tree
62:     Progress: 2214 trees processed; elapsed 13.34 h
30:         Output tree data at t=13.80 Gyr (output 1 of 1)
30:     <- Finished tree
62:     -> Evolving tree number 7698 {1}
30:     -> Evolving tree number 7602 {1}
12:         Output tree data at t=13.80 Gyr (output 1 of 1)
12:     <- Finished tree
12:     -> Evolving tree number 7748 {1}
31:         Output tree data at t=13.80 Gyr (output 1 of 1)
31:     <- Finished tree
31:     -> Evolving tree number 7601 {1}
54:         Output tree data at t=13.80 Gyr (output 1 of 1)
54:     <- Finished tree
54:     Progress: 2218 trees processed; elapsed 13.36 h
54:     -> Evolving tree number 7706 {1}
07:         Output tree data at t=13.80 Gyr (output 1 of 1)
07:     <- Finished tree
07:     -> Evolving tree number 7753 {1}
49:         Output tree data at t=13.80 Gyr (output 1 of 1)
49:     <- Finished tree
02:         Output tree data at t=13.80 Gyr (output 1 of 1)
02:     <- Finished tree
18:         Output tree data at t=13.80 Gyr (output 1 of 1)
18:     <- Finished tree
49:     -> Evolving tree number 7583 {1}
02:     -> Evolving tree number 7822 {1}
18:     -> Evolving tree number 7742 {1}
28:         Output tree data at t=13.80 Gyr (output 1 of 1)
28:     <- Finished tree
28:     Progress: 2223 trees processed; elapsed 13.38 h
28:     -> Evolving tree number 7860 {1}
08:         Output tree data at t=13.80 Gyr (output 1 of 1)
08:     <- Finished tree
08:     Progress: 2224 trees processed; elapsed 13.41 h
08:     -> Evolving tree number 7752 {1}
55:         Output tree data at t=13.80 Gyr (output 1 of 1)
55:     <- Finished tree
55:     -> Evolving tree number 7641 {1}
06:         Output tree data at t=13.80 Gyr (output 1 of 1)
06:     <- Finished tree
38:         Output tree data at t=13.80 Gyr (output 1 of 1)
38:     <- Finished tree
06:     -> Evolving tree number 7818 {1}
37:         Output tree data at t=13.80 Gyr (output 1 of 1)
37:     <- Finished tree
38:     -> Evolving tree number 7658 {1}
37:     -> Evolving tree number 7723 {1}
53:         Output tree data at t=13.80 Gyr (output 1 of 1)
53:     <- Finished tree
53:     Progress: 2229 trees processed; elapsed 13.43 h
53:     -> Evolving tree number 7707 {1}
56:         Output tree data at t=13.80 Gyr (output 1 of 1)
56:     <- Finished tree
56:     -> Evolving tree number 7576 {1}
47:         Output tree data at t=13.80 Gyr (output 1 of 1)
47:     <- Finished tree
47:     -> Evolving tree number 7521 {1}
36:         Output tree data at t=13.80 Gyr (output 1 of 1)
36:     <- Finished tree
36:     Progress: 2232 trees processed; elapsed 13.45 h
36:     -> Evolving tree number 7724 {1}
14:         Output tree data at t=13.80 Gyr (output 1 of 1)
14:     <- Finished tree
14:     -> Evolving tree number 7682 {1}
41:         Output tree data at t=13.80 Gyr (output 1 of 1)
41:     <- Finished tree
00:         Output tree data at t=13.80 Gyr (output 1 of 1)
00:     <- Finished tree
41:     -> Evolving tree number 7719 {1}
00:     -> Evolving tree number 7696 {1}
34:         Output tree data at t=13.80 Gyr (output 1 of 1)
34:     <- Finished tree
34:     -> Evolving tree number 7534 {1}
27:         Output tree data at t=13.80 Gyr (output 1 of 1)
27:     <- Finished tree
27:     Progress: 2237 trees processed; elapsed 13.47 h
27:     -> Evolving tree number 7605 {1}
22:         Output tree data at t=13.80 Gyr (output 1 of 1)
22:     <- Finished tree
16:         Output tree data at t=13.80 Gyr (output 1 of 1)
16:     <- Finished tree
24:         Output tree data at t=13.80 Gyr (output 1 of 1)
24:     <- Finished tree
22:     -> Evolving tree number 7866 {1}
16:     -> Evolving tree number 7808 {1}
24:     -> Evolving tree number 7672 {1}
21:         Output tree data at t=13.80 Gyr (output 1 of 1)
21:     <- Finished tree
21:     Progress: 2241 trees processed; elapsed 13.49 h
21:     -> Evolving tree number 7675 {1}
40:         Output tree data at t=13.80 Gyr (output 1 of 1)
40:     <- Finished tree
40:     -> Evolving tree number 7720 {1}
09:         Output tree data at t=13.80 Gyr (output 1 of 1)
09:     <- Finished tree
09:     -> Evolving tree number 7687 {1}
17:         Output tree data at t=13.80 Gyr (output 1 of 1)
17:     <- Finished tree
42:         Output tree data at t=13.80 Gyr (output 1 of 1)
42:     <- Finished tree
17:     -> Evolving tree number 7807 {1}
42:     -> Evolving tree number 7718 {1}
32:         Output tree data at t=13.80 Gyr (output 1 of 1)
32:     <- Finished tree
32:     Progress: 2246 trees processed; elapsed 13.51 h
32:     -> Evolving tree number 7728 {1}
39:         Output tree data at t=13.80 Gyr (output 1 of 1)
39:     <- Finished tree
15:         Output tree data at t=13.80 Gyr (output 1 of 1)
15:     <- Finished tree
39:     -> Evolving tree number 7721 {1}
15:     -> Evolving tree number 7937 {1}
11:         Output tree data at t=13.80 Gyr (output 1 of 1)
11:     <- Finished tree
11:     -> Evolving tree number 7749 {1}
45:         Output tree data at t=13.80 Gyr (output 1 of 1)
45:     <- Finished tree
45:     Progress: 2250 trees processed; elapsed 13.53 h
26:         Output tree data at t=13.80 Gyr (output 1 of 1)
26:     <- Finished tree
45:     -> Evolving tree number 7651 {1}
26:     -> Evolving tree number 7798 {1}
51:         Output tree data at t=13.80 Gyr (output 1 of 1)
51:     <- Finished tree
51:     -> Evolving tree number 7581 {1}
63:         Output tree data at t=13.80 Gyr (output 1 of 1)
63:     <- Finished tree
63:     Progress: 2253 trees processed; elapsed 13.55 h
63:     -> Evolving tree number 7761 {1}
29:         Output tree data at t=13.80 Gyr (output 1 of 1)
29:     <- Finished tree
44:         Output tree data at t=13.80 Gyr (output 1 of 1)
44:     <- Finished tree
25:         Output tree data at t=13.80 Gyr (output 1 of 1)
25:     <- Finished tree
29:     -> Evolving tree number 7795 {1}
44:     -> Evolving tree number 7524 {1}
25:     -> Evolving tree number 7735 {1}
04:         Output tree data at t=13.80 Gyr (output 1 of 1)
04:     <- Finished tree
04:     -> Evolving tree number 7628 {1}
35:         Output tree data at t=13.80 Gyr (output 1 of 1)
35:     <- Finished tree
35:     -> Evolving tree number 7597 {1}
20:         Output tree data at t=13.80 Gyr (output 1 of 1)
20:     <- Finished tree
20:     Progress: 2259 trees processed; elapsed 13.57 h
20:     -> Evolving tree number 7740 {1}
10:         Output tree data at t=13.80 Gyr (output 1 of 1)
10:     <- Finished tree
18:         Output tree data at t=13.80 Gyr (output 1 of 1)
18:     <- Finished tree
10:     -> Evolving tree number 7686 {1}
18:     -> Evolving tree number 7678 {1}
52:         Output tree data at t=13.80 Gyr (output 1 of 1)
52:     <- Finished tree
52:     Progress: 2262 trees processed; elapsed 13.59 h
52:     -> Evolving tree number 7836 {1}
57:         Output tree data at t=13.80 Gyr (output 1 of 1)
57:     <- Finished tree
57:     Progress: 2263 trees processed; elapsed 13.61 h
57:     -> Evolving tree number 7639 {1}
33:         Output tree data at t=13.80 Gyr (output 1 of 1)
33:     <- Finished tree
33:     -> Evolving tree number 7599 {1}
13:         Output tree data at t=13.80 Gyr (output 1 of 1)
13:     <- Finished tree
13:     Progress: 2265 trees processed; elapsed 13.63 h
43:         Output tree data at t=13.80 Gyr (output 1 of 1)
43:     <- Finished tree
48:         Output tree data at t=13.80 Gyr (output 1 of 1)
48:     <- Finished tree
13:     -> Evolving tree number 7683 {1}
19:         Output tree data at t=13.80 Gyr (output 1 of 1)
19:     <- Finished tree
43:     -> Evolving tree number 7589 {1}
48:     -> Evolving tree number 7520 {1}
03:         Output tree data at t=13.80 Gyr (output 1 of 1)
03:     <- Finished tree
19:     -> Evolving tree number 7677 {1}
03:     -> Evolving tree number 7629 {1}
05:         Output tree data at t=13.80 Gyr (output 1 of 1)
05:     <- Finished tree
58:         Output tree data at t=13.80 Gyr (output 1 of 1)
58:     <- Finished tree
05:     -> Evolving tree number 7691 {1}
23:         Output tree data at t=13.80 Gyr (output 1 of 1)
23:     <- Finished tree
58:     -> Evolving tree number 7574 {1}
23:     -> Evolving tree number 7801 {1}
50:         Output tree data at t=13.80 Gyr (output 1 of 1)
50:     <- Finished tree
50:     -> Evolving tree number 7582 {1}
30:         Output tree data at t=13.80 Gyr (output 1 of 1)
30:     <- Finished tree
30:     Progress: 2274 trees processed; elapsed 13.68 h
30:     -> Evolving tree number 7538 {1}
54:         Output tree data at t=13.80 Gyr (output 1 of 1)
54:     <- Finished tree
54:     -> Evolving tree number 7642 {1}
07:         Output tree data at t=13.80 Gyr (output 1 of 1)
07:     <- Finished tree
07:     -> Evolving tree number 7689 {1}
46:         Output tree data at t=13.80 Gyr (output 1 of 1)
46:     <- Finished tree
46:     Progress: 2277 trees processed; elapsed 13.70 h
46:     -> Evolving tree number 7522 {1}
59:         Output tree data at t=13.80 Gyr (output 1 of 1)
59:     <- Finished tree
47:         Output tree data at t=13.80 Gyr (output 1 of 1)
47:     <- Finished tree
59:     -> Evolving tree number 7637 {1}
47:     -> Evolving tree number 7457 {1}
29:         Output tree data at t=13.80 Gyr (output 1 of 1)
29:     <- Finished tree
29:     Progress: 2280 trees processed; elapsed 13.72 h
29:     -> Evolving tree number 7731 {1}
38:         Output tree data at t=13.80 Gyr (output 1 of 1)
38:     <- Finished tree
16:         Output tree data at t=13.80 Gyr (output 1 of 1)
16:     <- Finished tree
38:     -> Evolving tree number 7594 {1}
61:         Output tree data at t=13.80 Gyr (output 1 of 1)
61:     <- Finished tree
16:     -> Evolving tree number 7744 {1}
61:     -> Evolving tree number 7763 {1}
12:         Output tree data at t=13.80 Gyr (output 1 of 1)
12:     <- Finished tree
12:     Progress: 2284 trees processed; elapsed 13.74 h
12:     -> Evolving tree number 7684 {1}
17:         Output tree data at t=13.80 Gyr (output 1 of 1)
17:     <- Finished tree
17:     -> Evolving tree number 7743 {1}
62:         Output tree data at t=13.80 Gyr (output 1 of 1)
62:     <- Finished tree
36:         Output tree data at t=13.80 Gyr (output 1 of 1)
36:     <- Finished tree
62:     -> Evolving tree number 7634 {1}
31:         Output tree data at t=13.80 Gyr (output 1 of 1)
31:     <- Finished tree
36:     -> Evolving tree number 7660 {1}
31:     -> Evolving tree number 7537 {1}
00:         Output tree data at t=13.80 Gyr (output 1 of 1)
00:     <- Finished tree
00:     Progress: 2289 trees processed; elapsed 13.77 h
08:         Output tree data at t=13.80 Gyr (output 1 of 1)
08:     <- Finished tree
00:     -> Evolving tree number 7632 {1}
08:     -> Evolving tree number 7688 {1}
09:         Output tree data at t=13.80 Gyr (output 1 of 1)
09:     <- Finished tree
09:     Progress: 2291 trees processed; elapsed 13.78 h
14:         Output tree data at t=13.80 Gyr (output 1 of 1)
14:     <- Finished tree
09:     -> Evolving tree number 7623 {1}
01:         Output tree data at t=13.80 Gyr (output 1 of 1)
01:     <- Finished tree
56:         Output tree data at t=13.80 Gyr (output 1 of 1)
56:     <- Finished tree
14:     -> Evolving tree number 7618 {1}
01:     -> Evolving tree number 7823 {1}
56:     -> Evolving tree number 7512 {1}
60:         Output tree data at t=13.80 Gyr (output 1 of 1)
60:     <- Finished tree
37:         Output tree data at t=13.80 Gyr (output 1 of 1)
37:     <- Finished tree
60:     -> Evolving tree number 7636 {1}
37:     -> Evolving tree number 7659 {1}
28:         Output tree data at t=13.80 Gyr (output 1 of 1)
28:     <- Finished tree
28:     -> Evolving tree number 7796 {1}
05:         Output tree data at t=13.80 Gyr (output 1 of 1)
05:     <- Finished tree
05:     Progress: 2298 trees processed; elapsed 13.81 h
05:     -> Evolving tree number 7627 {1}
51:         Output tree data at t=13.80 Gyr (output 1 of 1)
51:     <- Finished tree
51:     -> Evolving tree number 7517 {1}
55:         Output tree data at t=13.80 Gyr (output 1 of 1)
55:     <- Finished tree
55:     -> Evolving tree number 7577 {1}
21:         Output tree data at t=13.80 Gyr (output 1 of 1)
21:     <- Finished tree
21:     -> Evolving tree number 7611 {1}
02:         Output tree data at t=13.80 Gyr (output 1 of 1)
02:     <- Finished tree
02:     Progress: 2302 trees processed; elapsed 13.83 h
02:     -> Evolving tree number 7758 {1}
25:         Output tree data at t=13.80 Gyr (output 1 of 1)
25:     <- Finished tree
25:     -> Evolving tree number 7671 {1}
53:         Output tree data at t=13.80 Gyr (output 1 of 1)
53:     <- Finished tree
53:     Progress: 2304 trees processed; elapsed 13.84 h
53:     -> Evolving tree number 7643 {1}
45:         Output tree data at t=13.80 Gyr (output 1 of 1)
45:     <- Finished tree
45:     -> Evolving tree number 7587 {1}
52:         Output tree data at t=13.80 Gyr (output 1 of 1)
52:     <- Finished tree
52:     Progress: 2306 trees processed; elapsed 13.86 h
52:     -> Evolving tree number 7772 {1}
15:         Output tree data at t=13.80 Gyr (output 1 of 1)
15:     <- Finished tree
15:     -> Evolving tree number 7873 {1}
10:         Output tree data at t=13.80 Gyr (output 1 of 1)
10:     <- Finished tree
49:         Output tree data at t=13.80 Gyr (output 1 of 1)
49:     <- Finished tree
26:         Output tree data at t=13.80 Gyr (output 1 of 1)
26:     <- Finished tree
10:     -> Evolving tree number 7622 {1}
49:     -> Evolving tree number 7519 {1}
26:     -> Evolving tree number 7734 {1}
06:         Output tree data at t=13.80 Gyr (output 1 of 1)
06:     <- Finished tree
06:     -> Evolving tree number 7754 {1}
24:         Output tree data at t=13.80 Gyr (output 1 of 1)
24:     <- Finished tree
24:     Progress: 2312 trees processed; elapsed 13.88 h
03:         Output tree data at t=13.80 Gyr (output 1 of 1)
03:     <- Finished tree
04:         Output tree data at t=13.80 Gyr (output 1 of 1)
04:     <- Finished tree
24:     -> Evolving tree number 7608 {1}
39:         Output tree data at t=13.80 Gyr (output 1 of 1)
39:     <- Finished tree
03:     -> Evolving tree number 7565 {1}
04:     -> Evolving tree number 7564 {1}
39:     -> Evolving tree number 7657 {1}
11:         Output tree data at t=13.80 Gyr (output 1 of 1)
11:     <- Finished tree
20:         Output tree data at t=13.80 Gyr (output 1 of 1)
20:     <- Finished tree
11:     -> Evolving tree number 7685 {1}
20:     -> Evolving tree number 7676 {1}
40:         Output tree data at t=13.80 Gyr (output 1 of 1)
40:     <- Finished tree
40:     -> Evolving tree number 7656 {1}
32:         Output tree data at t=13.80 Gyr (output 1 of 1)
32:     <- Finished tree
32:     -> Evolving tree number 7664 {1}
35:         Output tree data at t=13.80 Gyr (output 1 of 1)
35:     <- Finished tree
35:     Progress: 2320 trees processed; elapsed 13.90 h
41:         Output tree data at t=13.80 Gyr (output 1 of 1)
41:     <- Finished tree
35:     -> Evolving tree number 7533 {1}
41:     -> Evolving tree number 7655 {1}
63:         Output tree data at t=13.80 Gyr (output 1 of 1)
63:     <- Finished tree
22:         Output tree data at t=13.80 Gyr (output 1 of 1)
22:     <- Finished tree
22:     Progress: 2323 trees processed; elapsed 13.92 h
63:     -> Evolving tree number 7697 {1}
22:     -> Evolving tree number 7802 {1}
27:         Output tree data at t=13.80 Gyr (output 1 of 1)
27:     <- Finished tree
27:     -> Evolving tree number 7541 {1}
54:         Output tree data at t=13.80 Gyr (output 1 of 1)
54:     <- Finished tree
54:     -> Evolving tree number 7578 {1}
44:         Output tree data at t=13.80 Gyr (output 1 of 1)
44:     <- Finished tree
44:     Progress: 2326 trees processed; elapsed 13.94 h
44:     -> Evolving tree number 7460 {1}
13:         Output tree data at t=13.80 Gyr (output 1 of 1)
13:     <- Finished tree
13:     -> Evolving tree number 7619 {1}
17:         Output tree data at t=13.80 Gyr (output 1 of 1)
17:     <- Finished tree
17:     Progress: 2328 trees processed; elapsed 13.96 h
33:         Output tree data at t=13.80 Gyr (output 1 of 1)
33:     <- Finished tree
17:     -> Evolving tree number 7679 {1}
33:     -> Evolving tree number 7535 {1}
19:         Output tree data at t=13.80 Gyr (output 1 of 1)
19:     <- Finished tree
19:     -> Evolving tree number 7613 {1}
18:         Output tree data at t=13.80 Gyr (output 1 of 1)
18:     <- Finished tree
18:     -> Evolving tree number 7614 {1}
38:         Output tree data at t=13.80 Gyr (output 1 of 1)
38:     <- Finished tree
38:     Progress: 2332 trees processed; elapsed 13.98 h
43:         Output tree data at t=13.80 Gyr (output 1 of 1)
43:     <- Finished tree
38:     -> Evolving tree number 7530 {1}
58:         Output tree data at t=13.80 Gyr (output 1 of 1)
58:     <- Finished tree
43:     -> Evolving tree number 7525 {1}
42:         Output tree data at t=13.80 Gyr (output 1 of 1)
42:     <- Finished tree
58:     -> Evolving tree number 7510 {1}
42:     -> Evolving tree number 7654 {1}
23:         Output tree data at t=13.80 Gyr (output 1 of 1)
23:     <- Finished tree
23:     Progress: 2336 trees processed; elapsed 14.02 h
23:     -> Evolving tree number 7737 {1}
30:         Output tree data at t=13.80 Gyr (output 1 of 1)
30:     <- Finished tree
30:     -> Evolving tree number 7474 {1}
47:         Output tree data at t=13.80 Gyr (output 1 of 1)
47:     <- Finished tree
50:         Output tree data at t=13.80 Gyr (output 1 of 1)
50:     <- Finished tree
47:     -> Evolving tree number 7393 {1}
50:     -> Evolving tree number 7518 {1}
57:         Output tree data at t=13.80 Gyr (output 1 of 1)
57:     <- Finished tree
57:     Progress: 2340 trees processed; elapsed 14.04 h
57:     -> Evolving tree number 7575 {1}
48:         Output tree data at t=13.80 Gyr (output 1 of 1)
48:     <- Finished tree
01:         Output tree data at t=13.80 Gyr (output 1 of 1)
01:     <- Finished tree
46:         Output tree data at t=13.80 Gyr (output 1 of 1)
46:     <- Finished tree
48:     -> Evolving tree number 7456 {1}
01:     -> Evolving tree number 7759 {1}
46:     -> Evolving tree number 7458 {1}
12:         Output tree data at t=13.80 Gyr (output 1 of 1)
12:     <- Finished tree
12:     Progress: 2344 trees processed; elapsed 14.07 h
12:     -> Evolving tree number 7620 {1}
62:         Output tree data at t=13.80 Gyr (output 1 of 1)
62:     <- Finished tree
62:     -> Evolving tree number 7570 {1}
21:         Output tree data at t=13.80 Gyr (output 1 of 1)
21:     <- Finished tree
34:         Output tree data at t=13.80 Gyr (output 1 of 1)
34:     <- Finished tree
34:     Progress: 2347 trees processed; elapsed 14.09 h
21:     -> Evolving tree number 7547 {1}
34:     -> Evolving tree number 7470 {1}
14:         Output tree data at t=13.80 Gyr (output 1 of 1)
14:     <- Finished tree
14:     -> Evolving tree number 7554 {1}
02:         Output tree data at t=13.80 Gyr (output 1 of 1)
02:     <- Finished tree
02:     Progress: 2349 trees processed; elapsed 14.11 h
59:         Output tree data at t=13.80 Gyr (output 1 of 1)
59:     <- Finished tree
02:     -> Evolving tree number 7694 {1}
37:         Output tree data at t=13.80 Gyr (output 1 of 1)
37:     <- Finished tree
59:     -> Evolving tree number 7573 {1}
37:     -> Evolving tree number 7595 {1}
08:         Output tree data at t=13.80 Gyr (output 1 of 1)
08:     <- Finished tree
08:     -> Evolving tree number 7624 {1}
16:         Output tree data at t=13.80 Gyr (output 1 of 1)
16:     <- Finished tree
16:     -> Evolving tree number 7680 {1}
26:         Output tree data at t=13.80 Gyr (output 1 of 1)
26:     <- Finished tree
26:     Progress: 2354 trees processed; elapsed 14.14 h
05:         Output tree data at t=13.80 Gyr (output 1 of 1)
05:     <- Finished tree
26:     -> Evolving tree number 7670 {1}
05:     -> Evolving tree number 7563 {1}
09:         Output tree data at t=13.80 Gyr (output 1 of 1)
09:     <- Finished tree
09:     -> Evolving tree number 7559 {1}
53:         Output tree data at t=13.80 Gyr (output 1 of 1)
53:     <- Finished tree
00:         Output tree data at t=13.80 Gyr (output 1 of 1)
00:     <- Finished tree
53:     -> Evolving tree number 7579 {1}
00:     -> Evolving tree number 7568 {1}
24:         Output tree data at t=13.80 Gyr (output 1 of 1)
24:     <- Finished tree
61:         Output tree data at t=13.80 Gyr (output 1 of 1)
61:     <- Finished tree
24:     -> Evolving tree number 7544 {1}
61:     -> Evolving tree number 7699 {1}
25:         Output tree data at t=13.80 Gyr (output 1 of 1)
25:     <- Finished tree
25:     Progress: 2361 trees processed; elapsed 14.17 h
25:     -> Evolving tree number 7607 {1}
35:         Output tree data at t=13.80 Gyr (output 1 of 1)
35:     <- Finished tree
35:     -> Evolving tree number 7469 {1}
56:         Output tree data at t=13.80 Gyr (output 1 of 1)
56:     <- Finished tree
56:     -> Evolving tree number 7448 {1}
29:         Output tree data at t=13.80 Gyr (output 1 of 1)
29:     <- Finished tree
29:     -> Evolving tree number 7667 {1}
28:         Output tree data at t=13.80 Gyr (output 1 of 1)
28:     <- Finished tree
28:     Progress: 2365 trees processed; elapsed 14.19 h
28:     -> Evolving tree number 7732 {1}
07:         Output tree data at t=13.80 Gyr (output 1 of 1)
07:     <- Finished tree
07:     -> Evolving tree number 7625 {1}
31:         Output tree data at t=13.80 Gyr (output 1 of 1)
31:     <- Finished tree
31:     -> Evolving tree number 7473 {1}
60:         Output tree data at t=13.80 Gyr (output 1 of 1)
60:     <- Finished tree
60:     Progress: 2368 trees processed; elapsed 14.21 h
60:     -> Evolving tree number 7572 {1}
06:         Output tree data at t=13.80 Gyr (output 1 of 1)
06:     <- Finished tree
06:     -> Evolving tree number 7690 {1}
32:         Output tree data at t=13.80 Gyr (output 1 of 1)
32:     <- Finished tree
32:     Progress: 2370 trees processed; elapsed 14.23 h
32:     -> Evolving tree number 7600 {1}
20:         Output tree data at t=13.80 Gyr (output 1 of 1)
20:     <- Finished tree
20:     -> Evolving tree number 7612 {1}
52:         Output tree data at t=13.80 Gyr (output 1 of 1)
52:     <- Finished tree
52:     -> Evolving tree number 7708 {1}
55:         Output tree data at t=13.80 Gyr (output 1 of 1)
55:     <- Finished tree
55:     Progress: 2373 trees processed; elapsed 14.24 h
51:         Output tree data at t=13.80 Gyr (output 1 of 1)
51:     <- Finished tree
55:     -> Evolving tree number 7513 {1}
11:         Output tree data at t=13.80 Gyr (output 1 of 1)
11:     <- Finished tree
51:     -> Evolving tree number 7453 {1}
11:     -> Evolving tree number 7621 {1}
43:         Output tree data at t=13.80 Gyr (output 1 of 1)
43:     <- Finished tree
43:     Progress: 2376 trees processed; elapsed 14.26 h
43:     -> Evolving tree number 7461 {1}
42:         Output tree data at t=13.80 Gyr (output 1 of 1)
42:     <- Finished tree
04:         Output tree data at t=13.80 Gyr (output 1 of 1)
04:     <- Finished tree
42:     -> Evolving tree number 7590 {1}
04:     -> Evolving tree number 7500 {1}
54:         Output tree data at t=13.80 Gyr (output 1 of 1)
54:     <- Finished tree
54:     -> Evolving tree number 7514 {1}
13:         Output tree data at t=13.80 Gyr (output 1 of 1)
13:     <- Finished tree
13:     Progress: 2380 trees processed; elapsed 14.29 h
58:         Output tree data at t=13.80 Gyr (output 1 of 1)
58:     <- Finished tree
45:         Output tree data at t=13.80 Gyr (output 1 of 1)
45:     <- Finished tree
13:     -> Evolving tree number 7555 {1}
58:     -> Evolving tree number 7446 {1}
45:     -> Evolving tree number 7523 {1}
44:         Output tree data at t=13.80 Gyr (output 1 of 1)
44:     <- Finished tree
44:     -> Evolving tree number 7396 {1}
17:         Output tree data at t=13.80 Gyr (output 1 of 1)
17:     <- Finished tree
15:         Output tree data at t=13.80 Gyr (output 1 of 1)
15:     <- Finished tree
17:     -> Evolving tree number 7615 {1}
19:         Output tree data at t=13.80 Gyr (output 1 of 1)
19:     <- Finished tree
15:     -> Evolving tree number 7809 {1}
19:     -> Evolving tree number 7549 {1}
39:         Output tree data at t=13.80 Gyr (output 1 of 1)
39:     <- Finished tree
39:     Progress: 2387 trees processed; elapsed 14.32 h
49:         Output tree data at t=13.80 Gyr (output 1 of 1)
49:     <- Finished tree
39:     -> Evolving tree number 7593 {1}
40:         Output tree data at t=13.80 Gyr (output 1 of 1)
40:     <- Finished tree
49:     -> Evolving tree number 7455 {1}
33:         Output tree data at t=13.80 Gyr (output 1 of 1)
33:     <- Finished tree
40:     -> Evolving tree number 7592 {1}
33:     -> Evolving tree number 7471 {1}
57:         Output tree data at t=13.80 Gyr (output 1 of 1)
57:     <- Finished tree
57:     -> Evolving tree number 7511 {1}
03:         Output tree data at t=13.80 Gyr (output 1 of 1)
03:     <- Finished tree
03:     Progress: 2392 trees processed; elapsed 14.34 h
03:     -> Evolving tree number 7501 {1}
10:         Output tree data at t=13.80 Gyr (output 1 of 1)
10:     <- Finished tree
10:     -> Evolving tree number 7558 {1}
12:         Output tree data at t=13.80 Gyr (output 1 of 1)
12:     <- Finished tree
12:     Progress: 2394 trees processed; elapsed 14.36 h
41:         Output tree data at t=13.80 Gyr (output 1 of 1)
41:     <- Finished tree
12:     -> Evolving tree number 7556 {1}
41:     -> Evolving tree number 7591 {1}
59:         Output tree data at t=13.80 Gyr (output 1 of 1)
59:     <- Finished tree
59:     Progress: 2396 trees processed; elapsed 14.39 h
59:     -> Evolving tree number 7509 {1}
00:         Output tree data at t=13.80 Gyr (output 1 of 1)
00:     <- Finished tree
50:         Output tree data at t=13.80 Gyr (output 1 of 1)
50:     <- Finished tree
26:         Output tree data at t=13.80 Gyr (output 1 of 1)
26:     <- Finished tree
00:     -> Evolving tree number 7504 {1}
27:         Output tree data at t=13.80 Gyr (output 1 of 1)
27:     <- Finished tree
50:     -> Evolving tree number 7454 {1}
26:     -> Evolving tree number 7606 {1}
27:     -> Evolving tree number 7477 {1}
38:         Output tree data at t=13.80 Gyr (output 1 of 1)
38:     <- Finished tree
18:         Output tree data at t=13.80 Gyr (output 1 of 1)
18:     <- Finished tree
38:     -> Evolving tree number 7466 {1}
18:     -> Evolving tree number 7550 {1}
22:         Output tree data at t=13.80 Gyr (output 1 of 1)
22:     <- Finished tree
22:     Progress: 2403 trees processed; elapsed 14.41 h
22:     -> Evolving tree number 7738 {1}
34:         Output tree data at t=13.80 Gyr (output 1 of 1)
34:     <- Finished tree
34:     -> Evolving tree number 7406 {1}
36:         Output tree data at t=13.80 Gyr (output 1 of 1)
36:     <- Finished tree
36:     -> Evolving tree number 7596 {1}
30:         Output tree data at t=13.80 Gyr (output 1 of 1)
30:     <- Finished tree
30:     Progress: 2406 trees processed; elapsed 14.45 h
48:         Output tree data at t=13.80 Gyr (output 1 of 1)
48:     <- Finished tree
30:     -> Evolving tree number 7410 {1}
35:         Output tree data at t=13.80 Gyr (output 1 of 1)
35:     <- Finished tree
48:     -> Evolving tree number 7392 {1}
35:     -> Evolving tree number 7405 {1}
29:         Output tree data at t=13.80 Gyr (output 1 of 1)
29:     <- Finished tree
29:     -> Evolving tree number 7603 {1}
07:         Output tree data at t=13.80 Gyr (output 1 of 1)
07:     <- Finished tree
07:     Progress: 2410 trees processed; elapsed 14.47 h
23:         Output tree data at t=13.80 Gyr (output 1 of 1)
23:     <- Finished tree
07:     -> Evolving tree number 7561 {1}
60:         Output tree data at t=13.80 Gyr (output 1 of 1)
60:     <- Finished tree
23:     -> Evolving tree number 7673 {1}
47:         Output tree data at t=13.80 Gyr (output 1 of 1)
47:     <- Finished tree
60:     -> Evolving tree number 7508 {1}
37:         Output tree data at t=13.80 Gyr (output 1 of 1)
37:     <- Finished tree
47:     -> Evolving tree number 7329 {1}
37:     -> Evolving tree number 7531 {1}
25:         Output tree data at t=13.80 Gyr (output 1 of 1)
25:     <- Finished tree
25:     Progress: 2415 trees processed; elapsed 14.49 h
25:     -> Evolving tree number 7543 {1}
43:         Output tree data at t=13.80 Gyr (output 1 of 1)
43:     <- Finished tree
20:         Output tree data at t=13.80 Gyr (output 1 of 1)
20:     <- Finished tree
43:     -> Evolving tree number 7397 {1}
20:     -> Evolving tree number 7548 {1}
61:         Output tree data at t=13.80 Gyr (output 1 of 1)
61:     <- Finished tree
61:     -> Evolving tree number 7635 {1}
63:         Output tree data at t=13.80 Gyr (output 1 of 1)
63:     <- Finished tree
63:     Progress: 2419 trees processed; elapsed 14.51 h
63:     -> Evolving tree number 7633 {1}
31:         Output tree data at t=13.80 Gyr (output 1 of 1)
31:     <- Finished tree
31:     Progress: 2420 trees processed; elapsed 14.53 h
21:         Output tree data at t=13.80 Gyr (output 1 of 1)
21:     <- Finished tree
31:     -> Evolving tree number 7409 {1}
21:     -> Evolving tree number 7483 {1}
62:         Output tree data at t=13.80 Gyr (output 1 of 1)
62:     <- Finished tree
62:     -> Evolving tree number 7506 {1}
42:         Output tree data at t=13.80 Gyr (output 1 of 1)
42:     <- Finished tree
42:     Progress: 2423 trees processed; elapsed 14.55 h
39:         Output tree data at t=13.80 Gyr (output 1 of 1)
39:     <- Finished tree
42:     -> Evolving tree number 7526 {1}
28:         Output tree data at t=13.80 Gyr (output 1 of 1)
28:     <- Finished tree
05:         Output tree data at t=13.80 Gyr (output 1 of 1)
05:     <- Finished tree
39:     -> Evolving tree number 7529 {1}
28:     -> Evolving tree number 7668 {1}
05:     -> Evolving tree number 7499 {1}
58:         Output tree data at t=13.80 Gyr (output 1 of 1)
58:     <- Finished tree
58:     -> Evolving tree number 7382 {1}
11:         Output tree data at t=13.80 Gyr (output 1 of 1)
11:     <- Finished tree
11:     -> Evolving tree number 7557 {1}
52:         Output tree data at t=13.80 Gyr (output 1 of 1)
52:     <- Finished tree
52:     Progress: 2429 trees processed; elapsed 14.57 h
52:     -> Evolving tree number 7644 {1}
17:         Output tree data at t=13.80 Gyr (output 1 of 1)
17:     <- Finished tree
17:     -> Evolving tree number 7551 {1}
08:         Output tree data at t=13.80 Gyr (output 1 of 1)
08:     <- Finished tree
08:     -> Evolving tree number 7560 {1}
01:         Output tree data at t=13.80 Gyr (output 1 of 1)
01:     <- Finished tree
01:     Progress: 2432 trees processed; elapsed 14.59 h
01:     -> Evolving tree number 7695 {1}
55:         Output tree data at t=13.80 Gyr (output 1 of 1)
55:     <- Finished tree
55:     -> Evolving tree number 7449 {1}
09:         Output tree data at t=13.80 Gyr (output 1 of 1)
09:     <- Finished tree
09:     -> Evolving tree number 7495 {1}
32:         Output tree data at t=13.80 Gyr (output 1 of 1)
32:     <- Finished tree
32:     Progress: 2435 trees processed; elapsed 14.61 h
32:     -> Evolving tree number 7536 {1}
16:         Output tree data at t=13.80 Gyr (output 1 of 1)
16:     <- Finished tree
16:     -> Evolving tree number 7616 {1}
56:         Output tree data at t=13.80 Gyr (output 1 of 1)
56:     <- Finished tree
56:     -> Evolving tree number 7384 {1}
54:         Output tree data at t=13.80 Gyr (output 1 of 1)
54:     <- Finished tree
54:     Progress: 2438 trees processed; elapsed 14.63 h
54:     -> Evolving tree number 7450 {1}
45:         Output tree data at t=13.80 Gyr (output 1 of 1)
45:     <- Finished tree
45:     -> Evolving tree number 7459 {1}
15:         Output tree data at t=13.80 Gyr (output 1 of 1)
15:     <- Finished tree
15:     -> Evolving tree number 7745 {1}
33:         Output tree data at t=13.80 Gyr (output 1 of 1)
33:     <- Finished tree
33:     Progress: 2441 trees processed; elapsed 14.65 h
33:     -> Evolving tree number 7407 {1}
04:         Output tree data at t=13.80 Gyr (output 1 of 1)
04:     <- Finished tree
04:     Progress: 2442 trees processed; elapsed 14.67 h
02:         Output tree data at t=13.80 Gyr (output 1 of 1)
02:     <- Finished tree
04:     -> Evolving tree number 7436 {1}
02:     -> Evolving tree number 7630 {1}
06:         Output tree data at t=13.80 Gyr (output 1 of 1)
06:     <- Finished tree
06:     -> Evolving tree number 7626 {1}
57:         Output tree data at t=13.80 Gyr (output 1 of 1)
57:     <- Finished tree
14:         Output tree data at t=13.80 Gyr (output 1 of 1)
14:     <- Finished tree
57:     -> Evolving tree number 7447 {1}
14:     -> Evolving tree number 7490 {1}
40:         Output tree data at t=13.80 Gyr (output 1 of 1)
40:     <- Finished tree
40:     Progress: 2447 trees processed; elapsed 14.69 h
24:         Output tree data at t=13.80 Gyr (output 1 of 1)
24:     <- Finished tree
40:     -> Evolving tree number 7528 {1}
24:     -> Evolving tree number 7480 {1}
51:         Output tree data at t=13.80 Gyr (output 1 of 1)
51:     <- Finished tree
51:     -> Evolving tree number 7389 {1}
10:         Output tree data at t=13.80 Gyr (output 1 of 1)
10:     <- Finished tree
46:         Output tree data at t=13.80 Gyr (output 1 of 1)
46:     <- Finished tree
10:     -> Evolving tree number 7494 {1}
46:     -> Evolving tree number 7394 {1}
53:         Output tree data at t=13.80 Gyr (output 1 of 1)
53:     <- Finished tree
53:     Progress: 2452 trees processed; elapsed 14.71 h
53:     -> Evolving tree number 7515 {1}
12:         Output tree data at t=13.80 Gyr (output 1 of 1)
12:     <- Finished tree
44:         Output tree data at t=13.80 Gyr (output 1 of 1)
44:     <- Finished tree
12:     -> Evolving tree number 7492 {1}
44:     -> Evolving tree number 7332 {1}
59:         Output tree data at t=13.80 Gyr (output 1 of 1)
59:     <- Finished tree
59:     Progress: 2455 trees processed; elapsed 14.73 h
59:     -> Evolving tree number 7445 {1}
41:         Output tree data at t=13.80 Gyr (output 1 of 1)
41:     <- Finished tree
41:     -> Evolving tree number 7527 {1}
00:         Output tree data at t=13.80 Gyr (output 1 of 1)
00:     <- Finished tree
00:     -> Evolving tree number 7440 {1}
30:         Output tree data at t=13.80 Gyr (output 1 of 1)
30:     <- Finished tree
30:     Progress: 2458 trees processed; elapsed 14.75 h
30:     -> Evolving tree number 7346 {1}
26:         Output tree data at t=13.80 Gyr (output 1 of 1)
26:     <- Finished tree
26:     -> Evolving tree number 7542 {1}
18:         Output tree data at t=13.80 Gyr (output 1 of 1)
18:     <- Finished tree
18:     -> Evolving tree number 7486 {1}
49:         Output tree data at t=13.80 Gyr (output 1 of 1)
49:     <- Finished tree
49:     Progress: 2461 trees processed; elapsed 14.77 h
49:     -> Evolving tree number 7391 {1}
19:         Output tree data at t=13.80 Gyr (output 1 of 1)
19:     <- Finished tree
19:     -> Evolving tree number 7485 {1}
07:         Output tree data at t=13.80 Gyr (output 1 of 1)
07:     <- Finished tree
07:     Progress: 2463 trees processed; elapsed 14.79 h
13:         Output tree data at t=13.80 Gyr (output 1 of 1)
13:     <- Finished tree
07:     -> Evolving tree number 7497 {1}
13:     -> Evolving tree number 7491 {1}
50:         Output tree data at t=13.80 Gyr (output 1 of 1)
50:     <- Finished tree
27:         Output tree data at t=13.80 Gyr (output 1 of 1)
27:     <- Finished tree
50:     -> Evolving tree number 7390 {1}
27:     -> Evolving tree number 7413 {1}
63:         Output tree data at t=13.80 Gyr (output 1 of 1)
63:     <- Finished tree
63:     Progress: 2467 trees processed; elapsed 14.82 h
60:         Output tree data at t=13.80 Gyr (output 1 of 1)
60:     <- Finished tree
63:     -> Evolving tree number 7569 {1}
60:     -> Evolving tree number 7444 {1}
52:         Output tree data at t=13.80 Gyr (output 1 of 1)
52:     <- Finished tree
52:     -> Evolving tree number 7580 {1}
43:         Output tree data at t=13.80 Gyr (output 1 of 1)
43:     <- Finished tree
43:     -> Evolving tree number 7333 {1}
39:         Output tree data at t=13.80 Gyr (output 1 of 1)
39:     <- Finished tree
39:     Progress: 2471 trees processed; elapsed 14.84 h
48:         Output tree data at t=13.80 Gyr (output 1 of 1)
48:     <- Finished tree
03:         Output tree data at t=13.80 Gyr (output 1 of 1)
03:     <- Finished tree
39:     -> Evolving tree number 7465 {1}
48:     -> Evolving tree number 7328 {1}
03:     -> Evolving tree number 7437 {1}
21:         Output tree data at t=13.80 Gyr (output 1 of 1)
21:     <- Finished tree
35:         Output tree data at t=13.80 Gyr (output 1 of 1)
35:     <- Finished tree
21:     -> Evolving tree number 7419 {1}
38:         Output tree data at t=13.80 Gyr (output 1 of 1)
38:     <- Finished tree
35:     -> Evolving tree number 7341 {1}
38:     -> Evolving tree number 7402 {1}
36:         Output tree data at t=13.80 Gyr (output 1 of 1)
36:     <- Finished tree
36:     Progress: 2477 trees processed; elapsed 14.85 h
36:     -> Evolving tree number 7532 {1}
61:         Output tree data at t=13.80 Gyr (output 1 of 1)
61:     <- Finished tree
61:     -> Evolving tree number 7571 {1}
62:         Output tree data at t=13.80 Gyr (output 1 of 1)
62:     <- Finished tree
62:     -> Evolving tree number 7442 {1}
42:         Output tree data at t=13.80 Gyr (output 1 of 1)
42:     <- Finished tree
42:     -> Evolving tree number 7462 {1}
37:         Output tree data at t=13.80 Gyr (output 1 of 1)
37:     <- Finished tree
37:     Progress: 2481 trees processed; elapsed 14.87 h
37:     -> Evolving tree number 7467 {1}
15:         Output tree data at t=13.80 Gyr (output 1 of 1)
15:     <- Finished tree
15:     -> Evolving tree number 7681 {1}
58:         Output tree data at t=13.80 Gyr (output 1 of 1)
58:     <- Finished tree
58:     Progress: 2483 trees processed; elapsed 14.89 h
58:     -> Evolving tree number 7318 {1}
34:         Output tree data at t=13.80 Gyr (output 1 of 1)
34:     <- Finished tree
34:     -> Evolving tree number 7342 {1}
20:         Output tree data at t=13.80 Gyr (output 1 of 1)
20:     <- Finished tree
20:     -> Evolving tree number 7484 {1}
23:         Output tree data at t=13.80 Gyr (output 1 of 1)
23:     <- Finished tree
23:     Progress: 2486 trees processed; elapsed 14.91 h
23:     -> Evolving tree number 7609 {1}
22:         Output tree data at t=13.80 Gyr (output 1 of 1)
22:     <- Finished tree
47:         Output tree data at t=13.80 Gyr (output 1 of 1)
47:     <- Finished tree
32:         Output tree data at t=13.80 Gyr (output 1 of 1)
32:     <- Finished tree
47:     -> Evolving tree number 7265 {1}
22:     -> Evolving tree number 7674 {1}
32:     -> Evolving tree number 7472 {1}
01:         Output tree data at t=13.80 Gyr (output 1 of 1)
01:     <- Finished tree
01:     Progress: 2490 trees processed; elapsed 14.94 h
01:     -> Evolving tree number 7631 {1}
29:         Output tree data at t=13.80 Gyr (output 1 of 1)
29:     <- Finished tree
29:     -> Evolving tree number 7539 {1}
09:         Output tree data at t=13.80 Gyr (output 1 of 1)
09:     <- Finished tree
09:     -> Evolving tree number 7431 {1}
28:         Output tree data at t=13.80 Gyr (output 1 of 1)
28:     <- Finished tree
28:     Progress: 2493 trees processed; elapsed 14.96 h
28:     -> Evolving tree number 7604 {1}
04:         Output tree data at t=13.80 Gyr (output 1 of 1)
04:     <- Finished tree
04:     -> Evolving tree number 7372 {1}
14:         Output tree data at t=13.80 Gyr (output 1 of 1)
14:     <- Finished tree
14:     -> Evolving tree number 7426 {1}
12:         Output tree data at t=13.80 Gyr (output 1 of 1)
12:     <- Finished tree
12:     Progress: 2496 trees processed; elapsed 14.98 h
12:     -> Evolving tree number 7428 {1}
45:         Output tree data at t=13.80 Gyr (output 1 of 1)
45:     <- Finished tree
33:         Output tree data at t=13.80 Gyr (output 1 of 1)
33:     <- Finished tree
45:     -> Evolving tree number 7395 {1}
33:     -> Evolving tree number 7343 {1}
11:         Output tree data at t=13.80 Gyr (output 1 of 1)
11:     <- Finished tree
11:     Progress: 2499 trees processed; elapsed 15.00 h
11:     -> Evolving tree number 7493 {1}
05:         Output tree data at t=13.80 Gyr (output 1 of 1)
05:     <- Finished tree
25:         Output tree data at t=13.80 Gyr (output 1 of 1)
25:     <- Finished tree
05:     -> Evolving tree number 7435 {1}
55:         Output tree data at t=13.80 Gyr (output 1 of 1)
55:     <- Finished tree
25:     -> Evolving tree number 7479 {1}
55:     -> Evolving tree number 7385 {1}
54:         Output tree data at t=13.80 Gyr (output 1 of 1)
54:     <- Finished tree
54:     Progress: 2503 trees processed; elapsed 15.01 h
54:     -> Evolving tree number 7386 {1}
30:         Output tree data at t=13.80 Gyr (output 1 of 1)
30:     <- Finished tree
30:     -> Evolving tree number 7282 {1}
31:         Output tree data at t=13.80 Gyr (output 1 of 1)
31:     <- Finished tree
31:     Progress: 2505 trees processed; elapsed 15.04 h
46:         Output tree data at t=13.80 Gyr (output 1 of 1)
46:     <- Finished tree
31:     -> Evolving tree number 7345 {1}
16:         Output tree data at t=13.80 Gyr (output 1 of 1)
16:     <- Finished tree
46:     -> Evolving tree number 7330 {1}
16:     -> Evolving tree number 7552 {1}
17:         Output tree data at t=13.80 Gyr (output 1 of 1)
17:     <- Finished tree
17:     -> Evolving tree number 7487 {1}
56:         Output tree data at t=13.80 Gyr (output 1 of 1)
56:     <- Finished tree
56:     Progress: 2509 trees processed; elapsed 15.05 h
56:     -> Evolving tree number 7320 {1}
44:         Output tree data at t=13.80 Gyr (output 1 of 1)
44:     <- Finished tree
44:     -> Evolving tree number 7268 {1}
24:         Output tree data at t=13.80 Gyr (output 1 of 1)
24:     <- Finished tree
24:     -> Evolving tree number 7416 {1}
48:         Output tree data at t=13.80 Gyr (output 1 of 1)
48:     <- Finished tree
48:     Progress: 2512 trees processed; elapsed 15.09 h
48:     -> Evolving tree number 7264 {1}
37:         Output tree data at t=13.80 Gyr (output 1 of 1)
37:     <- Finished tree
37:     -> Evolving tree number 7403 {1}
00:         Output tree data at t=13.80 Gyr (output 1 of 1)
00:     <- Finished tree
00:     -> Evolving tree number 7376 {1}
36:         Output tree data at t=13.80 Gyr (output 1 of 1)
36:     <- Finished tree
41:         Output tree data at t=13.80 Gyr (output 1 of 1)
41:     <- Finished tree
41:     Progress: 2516 trees processed; elapsed 15.11 h
36:     -> Evolving tree number 7468 {1}
41:     -> Evolving tree number 7463 {1}
39:         Output tree data at t=13.80 Gyr (output 1 of 1)
39:     <- Finished tree
39:     -> Evolving tree number 7401 {1}
59:         Output tree data at t=13.80 Gyr (output 1 of 1)
59:     <- Finished tree
10:         Output tree data at t=13.80 Gyr (output 1 of 1)
10:     <- Finished tree
59:     -> Evolving tree number 7381 {1}
10:     -> Evolving tree number 7430 {1}
28:         Output tree data at t=13.80 Gyr (output 1 of 1)
28:     <- Finished tree
28:     Progress: 2520 trees processed; elapsed 15.13 h
51:         Output tree data at t=13.80 Gyr (output 1 of 1)
51:     <- Finished tree
28:     -> Evolving tree number 7540 {1}
51:     -> Evolving tree number 7325 {1}
53:         Output tree data at t=13.80 Gyr (output 1 of 1)
53:     <- Finished tree
53:     Progress: 2522 trees processed; elapsed 15.15 h
53:     -> Evolving tree number 7451 {1}
40:         Output tree data at t=13.80 Gyr (output 1 of 1)
40:     <- Finished tree
07:         Output tree data at t=13.80 Gyr (output 1 of 1)
07:     <- Finished tree
40:     -> Evolving tree number 7464 {1}
15:         Output tree data at t=13.80 Gyr (output 1 of 1)
15:     <- Finished tree
07:     -> Evolving tree number 7433 {1}
06:         Output tree data at t=13.80 Gyr (output 1 of 1)
06:     <- Finished tree
15:     -> Evolving tree number 7617 {1}
03:         Output tree data at t=13.80 Gyr (output 1 of 1)
03:     <- Finished tree
52:         Output tree data at t=13.80 Gyr (output 1 of 1)
52:     <- Finished tree
06:     -> Evolving tree number 7562 {1}
03:     -> Evolving tree number 7373 {1}
52:     -> Evolving tree number 7516 {1}
62:         Output tree data at t=13.80 Gyr (output 1 of 1)
62:     <- Finished tree
62:     Progress: 2529 trees processed; elapsed 15.17 h
62:     -> Evolving tree number 7378 {1}
02:         Output tree data at t=13.80 Gyr (output 1 of 1)
02:     <- Finished tree
02:     -> Evolving tree number 7566 {1}
57:         Output tree data at t=13.80 Gyr (output 1 of 1)
57:     <- Finished tree
57:     Progress: 2531 trees processed; elapsed 15.20 h
57:     -> Evolving tree number 7383 {1}
42:         Output tree data at t=13.80 Gyr (output 1 of 1)
42:     <- Finished tree
42:     -> Evolving tree number 7398 {1}
63:         Output tree data at t=13.80 Gyr (output 1 of 1)
63:     <- Finished tree
63:     Progress: 2533 trees processed; elapsed 15.22 h
63:     -> Evolving tree number 7505 {1}
08:         Output tree data at t=13.80 Gyr (output 1 of 1)
08:     <- Finished tree
23:         Output tree data at t=13.80 Gyr (output 1 of 1)
23:     <- Finished tree
08:     -> Evolving tree number 7496 {1}
23:     -> Evolving tree number 7545 {1}
43:         Output tree data at t=13.80 Gyr (output 1 of 1)
43:     <- Finished tree
43:     Progress: 2536 trees processed; elapsed 15.23 h
19:         Output tree data at t=13.80 Gyr (output 1 of 1)
19:     <- Finished tree
19:     -> Evolving tree number 7421 {1}
43:     -> Evolving tree number 7269 {1}
32:         Output tree data at t=13.80 Gyr (output 1 of 1)
32:     <- Finished tree
32:     -> Evolving tree number 7408 {1}
61:         Output tree data at t=13.80 Gyr (output 1 of 1)
61:     <- Finished tree
61:     -> Evolving tree number 7507 {1}
18:         Output tree data at t=13.80 Gyr (output 1 of 1)
18:     <- Finished tree
18:     Progress: 2540 trees processed; elapsed 15.26 h
34:         Output tree data at t=13.80 Gyr (output 1 of 1)
34:     <- Finished tree
18:     -> Evolving tree number 7422 {1}
34:     -> Evolving tree number 7278 {1}
49:         Output tree data at t=13.80 Gyr (output 1 of 1)
49:     <- Finished tree
49:     -> Evolving tree number 7327 {1}
58:         Output tree data at t=13.80 Gyr (output 1 of 1)
58:     <- Finished tree
58:     Progress: 2543 trees processed; elapsed 15.27 h
26:         Output tree data at t=13.80 Gyr (output 1 of 1)
26:     <- Finished tree
58:     -> Evolving tree number 7254 {1}
14:         Output tree data at t=13.80 Gyr (output 1 of 1)
14:     <- Finished tree
26:     -> Evolving tree number 7478 {1}
14:     -> Evolving tree number 7362 {1}
38:         Output tree data at t=13.80 Gyr (output 1 of 1)
38:     <- Finished tree
13:         Output tree data at t=13.80 Gyr (output 1 of 1)
13:     <- Finished tree
01:         Output tree data at t=13.80 Gyr (output 1 of 1)
01:     <- Finished tree
38:     -> Evolving tree number 7338 {1}
13:     -> Evolving tree number 7427 {1}
01:     -> Evolving tree number 7567 {1}
09:         Output tree data at t=13.80 Gyr (output 1 of 1)
09:     <- Finished tree
09:     -> Evolving tree number 7367 {1}
37:         Output tree data at t=13.80 Gyr (output 1 of 1)
37:     <- Finished tree
37:     Progress: 2550 trees processed; elapsed 15.31 h
50:         Output tree data at t=13.80 Gyr (output 1 of 1)
50:     <- Finished tree
37:     -> Evolving tree number 7339 {1}
50:     -> Evolving tree number 7326 {1}
55:         Output tree data at t=13.80 Gyr (output 1 of 1)
55:     <- Finished tree
05:         Output tree data at t=13.80 Gyr (output 1 of 1)
05:     <- Finished tree
55:     -> Evolving tree number 7321 {1}
05:     -> Evolving tree number 7371 {1}
24:         Output tree data at t=13.80 Gyr (output 1 of 1)
24:     <- Finished tree
24:     Progress: 2554 trees processed; elapsed 15.33 h
24:     -> Evolving tree number 7352 {1}
04:         Output tree data at t=13.80 Gyr (output 1 of 1)
04:     <- Finished tree
35:         Output tree data at t=13.80 Gyr (output 1 of 1)
35:     <- Finished tree
04:     -> Evolving tree number 7308 {1}
35:     -> Evolving tree number 7277 {1}
25:         Output tree data at t=13.80 Gyr (output 1 of 1)
25:     <- Finished tree
25:     -> Evolving tree number 7415 {1}
33:         Output tree data at t=13.80 Gyr (output 1 of 1)
33:     <- Finished tree
33:     Progress: 2558 trees processed; elapsed 15.35 h
33:     -> Evolving tree number 7279 {1}
12:         Output tree data at t=13.80 Gyr (output 1 of 1)
12:     <- Finished tree
12:     -> Evolving tree number 7364 {1}
56:         Output tree data at t=13.80 Gyr (output 1 of 1)
56:     <- Finished tree
56:     Progress: 2560 trees processed; elapsed 15.36 h
56:     -> Evolving tree number 7256 {1}
22:         Output tree data at t=13.80 Gyr (output 1 of 1)
22:     <- Finished tree
22:     -> Evolving tree number 7610 {1}
11:         Output tree data at t=13.80 Gyr (output 1 of 1)
11:     <- Finished tree
51:         Output tree data at t=13.80 Gyr (output 1 of 1)
51:     <- Finished tree
11:     -> Evolving tree number 7429 {1}
51:     -> Evolving tree number 7261 {1}
21:         Output tree data at t=13.80 Gyr (output 1 of 1)
21:     <- Finished tree
21:     Progress: 2564 trees processed; elapsed 15.38 h
29:         Output tree data at t=13.80 Gyr (output 1 of 1)
29:     <- Finished tree
21:     -> Evolving tree number 7355 {1}
29:     -> Evolving tree number 7475 {1}
27:         Output tree data at t=13.80 Gyr (output 1 of 1)
27:     <- Finished tree
20:         Output tree data at t=13.80 Gyr (output 1 of 1)
20:     <- Finished tree
20:     Progress: 2567 trees processed; elapsed 15.40 h
27:     -> Evolving tree number 7349 {1}
20:     -> Evolving tree number 7420 {1}
60:         Output tree data at t=13.80 Gyr (output 1 of 1)
60:     <- Finished tree
17:         Output tree data at t=13.80 Gyr (output 1 of 1)
17:     <- Finished tree
45:         Output tree data at t=13.80 Gyr (output 1 of 1)
45:     <- Finished tree
60:     -> Evolving tree number 7380 {1}
17:     -> Evolving tree number 7423 {1}
45:     -> Evolving tree number 7331 {1}
54:         Output tree data at t=13.80 Gyr (output 1 of 1)
54:     <- Finished tree
54:     -> Evolving tree number 7322 {1}
44:         Output tree data at t=13.80 Gyr (output 1 of 1)
44:     <- Finished tree
44:     Progress: 2572 trees processed; elapsed 15.42 h
44:     -> Evolving tree number 7204 {1}
31:         Output tree data at t=13.80 Gyr (output 1 of 1)
31:     <- Finished tree
31:     -> Evolving tree number 7281 {1}
30:         Output tree data at t=13.80 Gyr (output 1 of 1)
30:     <- Finished tree
30:     Progress: 2574 trees processed; elapsed 15.44 h
47:         Output tree data at t=13.80 Gyr (output 1 of 1)
47:     <- Finished tree
30:     -> Evolving tree number 7218 {1}
40:         Output tree data at t=13.80 Gyr (output 1 of 1)
40:     <- Finished tree
47:     -> Evolving tree number 7201 {1}
40:     -> Evolving tree number 7400 {1}
48:         Output tree data at t=13.80 Gyr (output 1 of 1)
48:     <- Finished tree
48:     -> Evolving tree number 7200 {1}
41:         Output tree data at t=13.80 Gyr (output 1 of 1)
41:     <- Finished tree
41:     Progress: 2578 trees processed; elapsed 15.46 h
41:     -> Evolving tree number 7399 {1}
36:         Output tree data at t=13.80 Gyr (output 1 of 1)
36:     <- Finished tree
36:     Progress: 2579 trees processed; elapsed 15.48 h
36:     -> Evolving tree number 7404 {1}
59:         Output tree data at t=13.80 Gyr (output 1 of 1)
59:     <- Finished tree
59:     -> Evolving tree number 7317 {1}
28:         Output tree data at t=13.80 Gyr (output 1 of 1)
28:     <- Finished tree
28:     -> Evolving tree number 7476 {1}
10:         Output tree data at t=13.80 Gyr (output 1 of 1)
10:     <- Finished tree
10:     Progress: 2582 trees processed; elapsed 15.51 h
10:     -> Evolving tree number 7366 {1}
53:         Output tree data at t=13.80 Gyr (output 1 of 1)
53:     <- Finished tree
00:         Output tree data at t=13.80 Gyr (output 1 of 1)
00:     <- Finished tree
53:     -> Evolving tree number 7387 {1}
00:     -> Evolving tree number 7312 {1}
03:         Output tree data at t=13.80 Gyr (output 1 of 1)
03:     <- Finished tree
03:     Progress: 2585 trees processed; elapsed 15.53 h
03:     -> Evolving tree number 7309 {1}
16:         Output tree data at t=13.80 Gyr (output 1 of 1)
16:     <- Finished tree
15:         Output tree data at t=13.80 Gyr (output 1 of 1)
15:     <- Finished tree
16:     -> Evolving tree number 7488 {1}
15:     -> Evolving tree number 7553 {1}
02:         Output tree data at t=13.80 Gyr (output 1 of 1)
02:     <- Finished tree
39:         Output tree data at t=13.80 Gyr (output 1 of 1)
39:     <- Finished tree
06:         Output tree data at t=13.80 Gyr (output 1 of 1)
06:     <- Finished tree
02:     -> Evolving tree number 7502 {1}
39:     -> Evolving tree number 7337 {1}
06:     -> Evolving tree number 7498 {1}
46:         Output tree data at t=13.80 Gyr (output 1 of 1)
46:     <- Finished tree
46:     Progress: 2591 trees processed; elapsed 15.55 h
46:     -> Evolving tree number 7266 {1}
07:         Output tree data at t=13.80 Gyr (output 1 of 1)
07:     <- Finished tree
07:     -> Evolving tree number 7369 {1}
52:         Output tree data at t=13.80 Gyr (output 1 of 1)
52:     <- Finished tree
52:     Progress: 2593 trees processed; elapsed 15.58 h
62:         Output tree data at t=13.80 Gyr (output 1 of 1)
62:     <- Finished tree
52:     -> Evolving tree number 7452 {1}
62:     -> Evolving tree number 7314 {1}
50:         Output tree data at t=13.80 Gyr (output 1 of 1)
50:     <- Finished tree
50:     Progress: 2595 trees processed; elapsed 15.60 h
50:     -> Evolving tree number 7262 {1}
21:         Output tree data at t=13.80 Gyr (output 1 of 1)
21:     <- Finished tree
21:     -> Evolving tree number 7291 {1}
32:         Output tree data at t=13.80 Gyr (output 1 of 1)
32:     <- Finished tree
32:     Progress: 2597 trees processed; elapsed 15.63 h
32:     -> Evolving tree number 7344 {1}
08:         Output tree data at t=13.80 Gyr (output 1 of 1)
08:     <- Finished tree
57:         Output tree data at t=13.80 Gyr (output 1 of 1)
57:     <- Finished tree
45:         Output tree data at t=13.80 Gyr (output 1 of 1)
45:     <- Finished tree
08:     -> Evolving tree number 7432 {1}
57:     -> Evolving tree number 7319 {1}
45:     -> Evolving tree number 7267 {1}
04:         Output tree data at t=13.80 Gyr (output 1 of 1)
04:     <- Finished tree
04:     Progress: 2601 trees processed; elapsed 15.65 h
04:     -> Evolving tree number 7244 {1}
43:         Output tree data at t=13.80 Gyr (output 1 of 1)
43:     <- Finished tree
43:     -> Evolving tree number 7205 {1}
38:         Output tree data at t=13.80 Gyr (output 1 of 1)
38:     <- Finished tree
38:     -> Evolving tree number 7274 {1}
34:         Output tree data at t=13.80 Gyr (output 1 of 1)
34:     <- Finished tree
34:     -> Evolving tree number 7214 {1}
18:         Output tree data at t=13.80 Gyr (output 1 of 1)
18:     <- Finished tree
18:     Progress: 2605 trees processed; elapsed 15.67 h
18:     -> Evolving tree number 7358 {1}
61:         Output tree data at t=13.80 Gyr (output 1 of 1)
61:     <- Finished tree
54:         Output tree data at t=13.80 Gyr (output 1 of 1)
54:     <- Finished tree
13:         Output tree data at t=13.80 Gyr (output 1 of 1)
13:     <- Finished tree
61:     -> Evolving tree number 7443 {1}
54:     -> Evolving tree number 7258 {1}
13:     -> Evolving tree number 7363 {1}
01:         Output tree data at t=13.80 Gyr (output 1 of 1)
01:     <- Finished tree
01:     -> Evolving tree number 7503 {1}
51:         Output tree data at t=13.80 Gyr (output 1 of 1)
51:     <- Finished tree
51:     Progress: 2610 trees processed; elapsed 15.70 h
23:         Output tree data at t=13.80 Gyr (output 1 of 1)
23:     <- Finished tree
51:     -> Evolving tree number 7197 {1}
23:     -> Evolving tree number 7481 {1}
29:         Output tree data at t=13.80 Gyr (output 1 of 1)
29:     <- Finished tree
29:     -> Evolving tree number 7411 {1}
55:         Output tree data at t=13.80 Gyr (output 1 of 1)
55:     <- Finished tree
63:         Output tree data at t=13.80 Gyr (output 1 of 1)
63:     <- Finished tree
55:     -> Evolving tree number 7257 {1}
63:     -> Evolving tree number 7441 {1}
05:         Output tree data at t=13.80 Gyr (output 1 of 1)
05:     <- Finished tree
05:     Progress: 2615 trees processed; elapsed 15.72 h
05:     -> Evolving tree number 7307 {1}
42:         Output tree data at t=13.80 Gyr (output 1 of 1)
42:     <- Finished tree
42:     -> Evolving tree number 7334 {1}
26:         Output tree data at t=13.80 Gyr (output 1 of 1)
26:     <- Finished tree
58:         Output tree data at t=13.80 Gyr (output 1 of 1)
58:     <- Finished tree
11:         Output tree data at t=13.80 Gyr (output 1 of 1)
11:     <- Finished tree
26:     -> Evolving tree number 7414 {1}
58:     -> Evolving tree number 7190 {1}
11:     -> Evolving tree number 7365 {1}
24:         Output tree data at t=13.80 Gyr (output 1 of 1)
24:     <- Finished tree
24:     Progress: 2620 trees processed; elapsed 15.73 h
24:     -> Evolving tree number 7288 {1}
19:         Output tree data at t=13.80 Gyr (output 1 of 1)
19:     <- Finished tree
19:     -> Evolving tree number 7357 {1}
40:         Output tree data at t=13.80 Gyr (output 1 of 1)
40:     <- Finished tree
40:     -> Evolving tree number 7336 {1}
28:         Output tree data at t=13.80 Gyr (output 1 of 1)
28:     <- Finished tree
28:     Progress: 2623 trees processed; elapsed 15.75 h
28:     -> Evolving tree number 7412 {1}
56:         Output tree data at t=13.80 Gyr (output 1 of 1)
56:     <- Finished tree
35:         Output tree data at t=13.80 Gyr (output 1 of 1)
35:     <- Finished tree
56:     -> Evolving tree number 7192 {1}
35:     -> Evolving tree number 7213 {1}
37:         Output tree data at t=13.80 Gyr (output 1 of 1)
37:     <- Finished tree
37:     -> Evolving tree number 7275 {1}
12:         Output tree data at t=13.80 Gyr (output 1 of 1)
12:     <- Finished tree
12:     Progress: 2627 trees processed; elapsed 15.78 h
09:         Output tree data at t=13.80 Gyr (output 1 of 1)
09:     <- Finished tree
12:     -> Evolving tree number 7300 {1}
09:     -> Evolving tree number 7303 {1}
22:         Output tree data at t=13.80 Gyr (output 1 of 1)
22:     <- Finished tree
22:     -> Evolving tree number 7546 {1}
44:         Output tree data at t=13.80 Gyr (output 1 of 1)
44:     <- Finished tree
44:     Progress: 2630 trees processed; elapsed 15.80 h
44:     -> Evolving tree number 7140 {1}
30:         Output tree data at t=13.80 Gyr (output 1 of 1)
30:     <- Finished tree
14:         Output tree data at t=13.80 Gyr (output 1 of 1)
14:     <- Finished tree
30:     -> Evolving tree number 7154 {1}
14:     -> Evolving tree number 7298 {1}
27:         Output tree data at t=13.80 Gyr (output 1 of 1)
27:     <- Finished tree
27:     Progress: 2633 trees processed; elapsed 15.82 h
27:     -> Evolving tree number 7285 {1}
16:         Output tree data at t=13.80 Gyr (output 1 of 1)
16:     <- Finished tree
16:     -> Evolving tree number 7424 {1}
59:         Output tree data at t=13.80 Gyr (output 1 of 1)
59:     <- Finished tree
59:     -> Evolving tree number 7253 {1}
03:         Output tree data at t=13.80 Gyr (output 1 of 1)
03:     <- Finished tree
03:     -> Evolving tree number 7245 {1}
25:         Output tree data at t=13.80 Gyr (output 1 of 1)
25:     <- Finished tree
25:     Progress: 2637 trees processed; elapsed 15.84 h
17:         Output tree data at t=13.80 Gyr (output 1 of 1)
17:     <- Finished tree
49:         Output tree data at t=13.80 Gyr (output 1 of 1)
49:     <- Finished tree
00:         Output tree data at t=13.80 Gyr (output 1 of 1)
00:     <- Finished tree
25:     -> Evolving tree number 7351 {1}
17:     -> Evolving tree number 7359 {1}
49:     -> Evolving tree number 7263 {1}
00:     -> Evolving tree number 7248 {1}
31:         Output tree data at t=13.80 Gyr (output 1 of 1)
31:     <- Finished tree
31:     -> Evolving tree number 7217 {1}
20:         Output tree data at t=13.80 Gyr (output 1 of 1)
20:     <- Finished tree
20:     -> Evolving tree number 7356 {1}
53:         Output tree data at t=13.80 Gyr (output 1 of 1)
53:     <- Finished tree
41:         Output tree data at t=13.80 Gyr (output 1 of 1)
41:     <- Finished tree
53:     -> Evolving tree number 7323 {1}
41:     -> Evolving tree number 7335 {1}
45:         Output tree data at t=13.80 Gyr (output 1 of 1)
45:     <- Finished tree
45:     Progress: 2645 trees processed; elapsed 15.86 h
45:     -> Evolving tree number 7203 {1}
33:         Output tree data at t=13.80 Gyr (output 1 of 1)
33:     <- Finished tree
33:     -> Evolving tree number 7215 {1}
47:         Output tree data at t=13.80 Gyr (output 1 of 1)
47:     <- Finished tree
47:     -> Evolving tree number 7137 {1}
36:         Output tree data at t=13.80 Gyr (output 1 of 1)
36:     <- Finished tree
36:     Progress: 2648 trees processed; elapsed 15.90 h
10:         Output tree data at t=13.80 Gyr (output 1 of 1)
10:     <- Finished tree
36:     -> Evolving tree number 7340 {1}
10:     -> Evolving tree number 7302 {1}
57:         Output tree data at t=13.80 Gyr (output 1 of 1)
57:     <- Finished tree
57:     Progress: 2650 trees processed; elapsed 15.92 h
57:     -> Evolving tree number 7255 {1}
48:         Output tree data at t=13.80 Gyr (output 1 of 1)
48:     <- Finished tree
48:     -> Evolving tree number 7136 {1}
06:         Output tree data at t=13.80 Gyr (output 1 of 1)
06:     <- Finished tree
06:     -> Evolving tree number 7434 {1}
21:         Output tree data at t=13.80 Gyr (output 1 of 1)
21:     <- Finished tree
21:     Progress: 2653 trees processed; elapsed 15.95 h
23:         Output tree data at t=13.80 Gyr (output 1 of 1)
23:     <- Finished tree
21:     -> Evolving tree number 7227 {1}
32:         Output tree data at t=13.80 Gyr (output 1 of 1)
32:     <- Finished tree
23:     -> Evolving tree number 7417 {1}
04:         Output tree data at t=13.80 Gyr (output 1 of 1)
04:     <- Finished tree
32:     -> Evolving tree number 7280 {1}
60:         Output tree data at t=13.80 Gyr (output 1 of 1)
60:     <- Finished tree
04:     -> Evolving tree number 7180 {1}
60:     -> Evolving tree number 7316 {1}
43:         Output tree data at t=13.80 Gyr (output 1 of 1)
43:     <- Finished tree
43:     -> Evolving tree number 7141 {1}
46:         Output tree data at t=13.80 Gyr (output 1 of 1)
46:     <- Finished tree
46:     Progress: 2659 trees processed; elapsed 15.97 h
46:     -> Evolving tree number 7202 {1}
38:         Output tree data at t=13.80 Gyr (output 1 of 1)
38:     <- Finished tree
38:     -> Evolving tree number 7210 {1}
15:         Output tree data at t=13.80 Gyr (output 1 of 1)
15:     <- Finished tree
15:     -> Evolving tree number 7489 {1}
13:         Output tree data at t=13.80 Gyr (output 1 of 1)
13:     <- Finished tree
13:     -> Evolving tree number 7299 {1}
39:         Output tree data at t=13.80 Gyr (output 1 of 1)
39:     <- Finished tree
39:     Progress: 2663 trees processed; elapsed 15.99 h
39:     -> Evolving tree number 7273 {1}
35:         Output tree data at t=13.80 Gyr (output 1 of 1)
35:     <- Finished tree
05:         Output tree data at t=13.80 Gyr (output 1 of 1)
05:     <- Finished tree
62:         Output tree data at t=13.80 Gyr (output 1 of 1)
62:     <- Finished tree
35:     -> Evolving tree number 7149 {1}
05:     -> Evolving tree number 7243 {1}
62:     -> Evolving tree number 7250 {1}
19:         Output tree data at t=13.80 Gyr (output 1 of 1)
19:     <- Finished tree
19:     Progress: 2667 trees processed; elapsed 16.01 h
07:         Output tree data at t=13.80 Gyr (output 1 of 1)
07:     <- Finished tree
19:     -> Evolving tree number 7293 {1}
07:     -> Evolving tree number 7305 {1}
02:         Output tree data at t=13.80 Gyr (output 1 of 1)
02:     <- Finished tree
34:         Output tree data at t=13.80 Gyr (output 1 of 1)
34:     <- Finished tree
02:     -> Evolving tree number 7438 {1}
34:     -> Evolving tree number 7150 {1}
01:         Output tree data at t=13.80 Gyr (output 1 of 1)
01:     <- Finished tree
01:     Progress: 2671 trees processed; elapsed 16.03 h
01:     -> Evolving tree number 7439 {1}
09:         Output tree data at t=13.80 Gyr (output 1 of 1)
09:     <- Finished tree
09:     Progress: 2672 trees processed; elapsed 16.06 h
09:     -> Evolving tree number 7239 {1}
55:         Output tree data at t=13.80 Gyr (output 1 of 1)
55:     <- Finished tree
55:     -> Evolving tree number 7193 {1}
29:         Output tree data at t=13.80 Gyr (output 1 of 1)
29:     <- Finished tree
58:         Output tree data at t=13.80 Gyr (output 1 of 1)
58:     <- Finished tree
58:     -> Evolving tree number 7126 {1}
29:     -> Evolving tree number 7347 {1}
41:         Output tree data at t=13.80 Gyr (output 1 of 1)
41:     <- Finished tree
41:     Progress: 2676 trees processed; elapsed 16.08 h
41:     -> Evolving tree number 7271 {1}
22:         Output tree data at t=13.80 Gyr (output 1 of 1)
22:     <- Finished tree
24:         Output tree data at t=13.80 Gyr (output 1 of 1)
24:     <- Finished tree
22:     -> Evolving tree number 7482 {1}
24:     -> Evolving tree number 7224 {1}
54:         Output tree data at t=13.80 Gyr (output 1 of 1)
54:     <- Finished tree
54:     -> Evolving tree number 7194 {1}
18:         Output tree data at t=13.80 Gyr (output 1 of 1)
18:     <- Finished tree
18:     Progress: 2680 trees processed; elapsed 16.10 h
18:     -> Evolving tree number 7294 {1}
49:         Output tree data at t=13.80 Gyr (output 1 of 1)
49:     <- Finished tree
49:     -> Evolving tree number 7199 {1}
63:         Output tree data at t=13.80 Gyr (output 1 of 1)
63:     <- Finished tree
63:     -> Evolving tree number 7377 {1}
26:         Output tree data at t=13.80 Gyr (output 1 of 1)
26:     <- Finished tree
26:     Progress: 2683 trees processed; elapsed 16.12 h
26:     -> Evolving tree number 7350 {1}
04:         Output tree data at t=13.80 Gyr (output 1 of 1)
04:     <- Finished tree
04:     -> Evolving tree number 7116 {1}
12:         Output tree data at t=13.80 Gyr (output 1 of 1)
12:     <- Finished tree
12:     Progress: 2685 trees processed; elapsed 16.14 h
12:     -> Evolving tree number 7236 {1}
50:         Output tree data at t=13.80 Gyr (output 1 of 1)
50:     <- Finished tree
50:     -> Evolving tree number 7198 {1}
30:         Output tree data at t=13.80 Gyr (output 1 of 1)
30:     <- Finished tree
30:     -> Evolving tree number 7090 {1}
25:         Output tree data at t=13.80 Gyr (output 1 of 1)
25:     <- Finished tree
25:     Progress: 2688 trees processed; elapsed 16.16 h
25:     -> Evolving tree number 7287 {1}
52:         Output tree data at t=13.80 Gyr (output 1 of 1)
52:     <- Finished tree
17:         Output tree data at t=13.80 Gyr (output 1 of 1)
17:     <- Finished tree
52:     -> Evolving tree number 7388 {1}
17:     -> Evolving tree number 7295 {1}
16:         Output tree data at t=13.80 Gyr (output 1 of 1)
16:     <- Finished tree
59:         Output tree data at t=13.80 Gyr (output 1 of 1)
59:     <- Finished tree
42:         Output tree data at t=13.80 Gyr (output 1 of 1)
42:     <- Finished tree
16:     -> Evolving tree number 7360 {1}
59:     -> Evolving tree number 7189 {1}
42:     -> Evolving tree number 7270 {1}
21:         Output tree data at t=13.80 Gyr (output 1 of 1)
21:     <- Finished tree
21:     Progress: 2694 trees processed; elapsed 16.18 h
21:     -> Evolving tree number 7163 {1}
37:         Output tree data at t=13.80 Gyr (output 1 of 1)
37:     <- Finished tree
37:     -> Evolving tree number 7211 {1}
44:         Output tree data at t=13.80 Gyr (output 1 of 1)
44:     <- Finished tree
33:         Output tree data at t=13.80 Gyr (output 1 of 1)
33:     <- Finished tree
44:     -> Evolving tree number 7076 {1}
33:     -> Evolving tree number 7151 {1}
51:         Output tree data at t=13.80 Gyr (output 1 of 1)
36:         Output tree data at t=13.80 Gyr (output 1 of 1)
51:     <- Finished tree
51:     Progress: 2698 trees processed; elapsed 16.20 h
36:     <- Finished tree
51:     -> Evolving tree number 7133 {1}
36:     -> Evolving tree number 7276 {1}
28:         Output tree data at t=13.80 Gyr (output 1 of 1)
28:     <- Finished tree
28:     -> Evolving tree number 7348 {1}
31:         Output tree data at t=13.80 Gyr (output 1 of 1)
31:     <- Finished tree
31:     Progress: 2701 trees processed; elapsed 16.22 h
31:     -> Evolving tree number 7153 {1}
08:         Output tree data at t=13.80 Gyr (output 1 of 1)
08:     <- Finished tree
08:     -> Evolving tree number 7368 {1}
27:         Output tree data at t=13.80 Gyr (output 1 of 1)
27:     <- Finished tree
27:     -> Evolving tree number 7221 {1}
56:         Output tree data at t=13.80 Gyr (output 1 of 1)
56:     <- Finished tree
40:         Output tree data at t=13.80 Gyr (output 1 of 1)
40:     <- Finished tree
56:     -> Evolving tree number 7128 {1}
40:     -> Evolving tree number 7272 {1}
61:         Output tree data at t=13.80 Gyr (output 1 of 1)
61:     <- Finished tree
61:     Progress: 2706 trees processed; elapsed 16.24 h
61:     -> Evolving tree number 7379 {1}
20:         Output tree data at t=13.80 Gyr (output 1 of 1)
20:     <- Finished tree
20:     -> Evolving tree number 7292 {1}
47:         Output tree data at t=13.80 Gyr (output 1 of 1)
47:     <- Finished tree
45:         Output tree data at t=13.80 Gyr (output 1 of 1)
45:     <- Finished tree
47:     -> Evolving tree number 7073 {1}
48:         Output tree data at t=13.80 Gyr (output 1 of 1)
48:     <- Finished tree
45:     -> Evolving tree number 7139 {1}
48:     -> Evolving tree number 7072 {1}
13:         Output tree data at t=13.80 Gyr (output 1 of 1)
13:     <- Finished tree
13:     Progress: 2711 trees processed; elapsed 16.27 h
03:         Output tree data at t=13.80 Gyr (output 1 of 1)
03:     <- Finished tree
13:     -> Evolving tree number 7235 {1}
03:     -> Evolving tree number 7181 {1}
10:         Output tree data at t=13.80 Gyr (output 1 of 1)
10:     <- Finished tree
10:     -> Evolving tree number 7238 {1}
43:         Output tree data at t=13.80 Gyr (output 1 of 1)
43:     <- Finished tree
43:     -> Evolving tree number 7077 {1}
00:         Output tree data at t=13.80 Gyr (output 1 of 1)
00:     <- Finished tree
00:     Progress: 2715 trees processed; elapsed 16.30 h
32:         Output tree data at t=13.80 Gyr (output 1 of 1)
32:     <- Finished tree
00:     -> Evolving tree number 7184 {1}
32:     -> Evolving tree number 7216 {1}
39:         Output tree data at t=13.80 Gyr (output 1 of 1)
39:     <- Finished tree
39:     Progress: 2717 trees processed; elapsed 16.32 h
39:     -> Evolving tree number 7209 {1}
11:         Output tree data at t=13.80 Gyr (output 1 of 1)
11:     <- Finished tree
11:     -> Evolving tree number 7301 {1}
46:         Output tree data at t=13.80 Gyr (output 1 of 1)
46:     <- Finished tree
46:     Progress: 2719 trees processed; elapsed 16.34 h
46:     -> Evolving tree number 7138 {1}
19:         Output tree data at t=13.80 Gyr (output 1 of 1)
19:     <- Finished tree
19:     -> Evolving tree number 7229 {1}
35:         Output tree data at t=13.80 Gyr (output 1 of 1)
35:     <- Finished tree
35:     -> Evolving tree number 7085 {1}
09:         Output tree data at t=13.80 Gyr (output 1 of 1)
09:     <- Finished tree
09:     Progress: 2722 trees processed; elapsed 16.36 h
34:         Output tree data at t=13.80 Gyr (output 1 of 1)
34:     <- Finished tree
57:         Output tree data at t=13.80 Gyr (output 1 of 1)
57:     <- Finished tree
09:     -> Evolving tree number 7175 {1}
29:         Output tree data at t=13.80 Gyr (output 1 of 1)
29:     <- Finished tree
34:     -> Evolving tree number 7086 {1}
57:     -> Evolving tree number 7191 {1}
29:     -> Evolving tree number 7283 {1}
55:         Output tree data at t=13.80 Gyr (output 1 of 1)
55:     <- Finished tree
55:     -> Evolving tree number 7129 {1}
06:         Output tree data at t=13.80 Gyr (output 1 of 1)
06:     <- Finished tree
06:     -> Evolving tree number 7370 {1}
05:         Output tree data at t=13.80 Gyr (output 1 of 1)
05:     <- Finished tree
53:         Output tree data at t=13.80 Gyr (output 1 of 1)
53:     <- Finished tree
05:     -> Evolving tree number 7179 {1}
53:     -> Evolving tree number 7259 {1}
15:         Output tree data at t=13.80 Gyr (output 1 of 1)
15:     <- Finished tree
15:     Progress: 2730 trees processed; elapsed 16.38 h
15:     -> Evolving tree number 7425 {1}
02:         Output tree data at t=13.80 Gyr (output 1 of 1)
02:     <- Finished tree
02:     -> Evolving tree number 7374 {1}
14:         Output tree data at t=13.80 Gyr (output 1 of 1)
14:     <- Finished tree
14:     -> Evolving tree number 7234 {1}
62:         Output tree data at t=13.80 Gyr (output 1 of 1)
62:     <- Finished tree
62:     Progress: 2733 trees processed; elapsed 16.40 h
62:     -> Evolving tree number 7186 {1}
21:         Output tree data at t=13.80 Gyr (output 1 of 1)
21:     <- Finished tree
24:         Output tree data at t=13.80 Gyr (output 1 of 1)
24:     <- Finished tree
21:     -> Evolving tree number 7099 {1}
24:     -> Evolving tree number 7160 {1}
01:         Output tree data at t=13.80 Gyr (output 1 of 1)
01:     <- Finished tree
01:     -> Evolving tree number 7375 {1}
63:         Output tree data at t=13.80 Gyr (output 1 of 1)
63:     <- Finished tree
04:         Output tree data at t=13.80 Gyr (output 1 of 1)
04:     <- Finished tree
04:     Progress: 2738 trees processed; elapsed 16.42 h
63:     -> Evolving tree number 7313 {1}
04:     -> Evolving tree number 7052 {1}
38:         Output tree data at t=13.80 Gyr (output 1 of 1)
38:     <- Finished tree
38:     -> Evolving tree number 7146 {1}
44:         Output tree data at t=13.80 Gyr (output 1 of 1)
44:     <- Finished tree
44:     Progress: 2740 trees processed; elapsed 16.44 h
44:     -> Evolving tree number 7012 {1}
08:         Output tree data at t=13.80 Gyr (output 1 of 1)
08:     <- Finished tree
12:         Output tree data at t=13.80 Gyr (output 1 of 1)
07:         Output tree data at t=13.80 Gyr (output 1 of 1)
12:     <- Finished tree
07:     <- Finished tree
08:     -> Evolving tree number 7304 {1}
58:         Output tree data at t=13.80 Gyr (output 1 of 1)
58:     <- Finished tree
07:     -> Evolving tree number 7241 {1}
12:     -> Evolving tree number 7172 {1}
58:     -> Evolving tree number 7062 {1}
41:         Output tree data at t=13.80 Gyr (output 1 of 1)
41:     <- Finished tree
41:     Progress: 2745 trees processed; elapsed 16.46 h
41:     -> Evolving tree number 7207 {1}
23:         Output tree data at t=13.80 Gyr (output 1 of 1)
23:     <- Finished tree
23:     -> Evolving tree number 7353 {1}
25:         Output tree data at t=13.80 Gyr (output 1 of 1)
25:     <- Finished tree
25:     -> Evolving tree number 7223 {1}
16:         Output tree data at t=13.80 Gyr (output 1 of 1)
16:     <- Finished tree
16:     Progress: 2748 trees processed; elapsed 16.49 h
18:         Output tree data at t=13.80 Gyr (output 1 of 1)
18:     <- Finished tree
16:     -> Evolving tree number 7296 {1}
60:         Output tree data at t=13.80 Gyr (output 1 of 1)
60:     <- Finished tree
18:     -> Evolving tree number 7230 {1}
54:         Output tree data at t=13.80 Gyr (output 1 of 1)
54:     <- Finished tree
60:     -> Evolving tree number 7252 {1}
54:     -> Evolving tree number 7130 {1}
30:         Output tree data at t=13.80 Gyr (output 1 of 1)
30:     <- Finished tree
30:     -> Evolving tree number 7026 {1}
22:         Output tree data at t=13.80 Gyr (output 1 of 1)
22:     <- Finished tree
22:     Progress: 2753 trees processed; elapsed 16.51 h
22:     -> Evolving tree number 7418 {1}
26:         Output tree data at t=13.80 Gyr (output 1 of 1)
26:     <- Finished tree
42:         Output tree data at t=13.80 Gyr (output 1 of 1)
42:     <- Finished tree
26:     -> Evolving tree number 7286 {1}
42:     -> Evolving tree number 7206 {1}
59:         Output tree data at t=13.80 Gyr (output 1 of 1)
59:     <- Finished tree
59:     Progress: 2756 trees processed; elapsed 16.54 h
50:         Output tree data at t=13.80 Gyr (output 1 of 1)
50:     <- Finished tree
59:     -> Evolving tree number 7125 {1}
50:     -> Evolving tree number 7134 {1}
45:         Output tree data at t=13.80 Gyr (output 1 of 1)
45:     <- Finished tree
45:     -> Evolving tree number 7075 {1}
39:         Output tree data at t=13.80 Gyr (output 1 of 1)
39:     <- Finished tree
39:     Progress: 2759 trees processed; elapsed 16.56 h
61:         Output tree data at t=13.80 Gyr (output 1 of 1)
61:     <- Finished tree
39:     -> Evolving tree number 7145 {1}
61:     -> Evolving tree number 7315 {1}
17:         Output tree data at t=13.80 Gyr (output 1 of 1)
17:     <- Finished tree
17:     -> Evolving tree number 7231 {1}
00:         Output tree data at t=13.80 Gyr (output 1 of 1)
00:     <- Finished tree
00:     -> Evolving tree number 7120 {1}
48:         Output tree data at t=13.80 Gyr (output 1 of 1)
48:     <- Finished tree
48:     Progress: 2763 trees processed; elapsed 16.59 h
48:     -> Evolving tree number 7008 {1}
37:         Output tree data at t=13.80 Gyr (output 1 of 1)
37:     <- Finished tree
37:     -> Evolving tree number 7147 {1}
33:         Output tree data at t=13.80 Gyr (output 1 of 1)
33:     <- Finished tree
02:         Output tree data at t=13.80 Gyr (output 1 of 1)
02:     <- Finished tree
33:     -> Evolving tree number 7087 {1}
02:     -> Evolving tree number 7310 {1}
28:         Output tree data at t=13.80 Gyr (output 1 of 1)
28:     <- Finished tree
28:     Progress: 2767 trees processed; elapsed 16.60 h
28:     -> Evolving tree number 7284 {1}
35:         Output tree data at t=13.80 Gyr (output 1 of 1)
35:     <- Finished tree
35:     Progress: 2768 trees processed; elapsed 16.62 h
51:         Output tree data at t=13.80 Gyr (output 1 of 1)
51:     <- Finished tree
35:     -> Evolving tree number 7021 {1}
51:     -> Evolving tree number 7069 {1}
49:         Output tree data at t=13.80 Gyr (output 1 of 1)
49:     <- Finished tree
49:     -> Evolving tree number 7135 {1}
40:         Output tree data at t=13.80 Gyr (output 1 of 1)
40:     <- Finished tree
40:     -> Evolving tree number 7208 {1}
52:         Output tree data at t=13.80 Gyr (output 1 of 1)
52:     <- Finished tree
52:     Progress: 2772 trees processed; elapsed 16.65 h
31:         Output tree data at t=13.80 Gyr (output 1 of 1)
31:     <- Finished tree
52:     -> Evolving tree number 7324 {1}
31:     -> Evolving tree number 7089 {1}
36:         Output tree data at t=13.80 Gyr (output 1 of 1)
36:     <- Finished tree
36:     -> Evolving tree number 7212 {1}
53:         Output tree data at t=13.80 Gyr (output 1 of 1)
53:     <- Finished tree
53:     -> Evolving tree number 7195 {1}
20:         Output tree data at t=13.80 Gyr (output 1 of 1)
20:     <- Finished tree
14:         Output tree data at t=13.80 Gyr (output 1 of 1)
14:     <- Finished tree
20:     -> Evolving tree number 7228 {1}
14:     -> Evolving tree number 7170 {1}
10:         Output tree data at t=13.80 Gyr (output 1 of 1)
10:     <- Finished tree
10:     Progress: 2778 trees processed; elapsed 16.68 h
10:     -> Evolving tree number 7174 {1}
63:         Output tree data at t=13.80 Gyr (output 1 of 1)
63:     <- Finished tree
63:     Progress: 2779 trees processed; elapsed 16.70 h
63:     -> Evolving tree number 7249 {1}
03:         Output tree data at t=13.80 Gyr (output 1 of 1)
03:     <- Finished tree
03:     -> Evolving tree number 7117 {1}
46:         Output tree data at t=13.80 Gyr (output 1 of 1)
46:     <- Finished tree
46:     -> Evolving tree number 7074 {1}
43:         Output tree data at t=13.80 Gyr (output 1 of 1)
43:     <- Finished tree
43:     Progress: 2782 trees processed; elapsed 16.72 h
43:     -> Evolving tree number 7013 {1}
27:         Output tree data at t=13.80 Gyr (output 1 of 1)
27:     <- Finished tree
27:     -> Evolving tree number 7157 {1}
19:         Output tree data at t=13.80 Gyr (output 1 of 1)
19:     <- Finished tree
55:         Output tree data at t=13.80 Gyr (output 1 of 1)
55:     <- Finished tree
13:         Output tree data at t=13.80 Gyr (output 1 of 1)
13:     <- Finished tree
19:     -> Evolving tree number 7165 {1}
55:     -> Evolving tree number 7065 {1}
13:     -> Evolving tree number 7171 {1}
05:         Output tree data at t=13.80 Gyr (output 1 of 1)
05:     <- Finished tree
05:     Progress: 2787 trees processed; elapsed 16.74 h
05:     -> Evolving tree number 7115 {1}
29:         Output tree data at t=13.80 Gyr (output 1 of 1)
29:     <- Finished tree
32:         Output tree data at t=13.80 Gyr (output 1 of 1)
32:     <- Finished tree
29:     -> Evolving tree number 7219 {1}
15:         Output tree data at t=13.80 Gyr (output 1 of 1)
15:     <- Finished tree
32:     -> Evolving tree number 7152 {1}
15:     -> Evolving tree number 7361 {1}
04:         Output tree data at t=13.80 Gyr (output 1 of 1)
04:     <- Finished tree
60:         Output tree data at t=13.80 Gyr (output 1 of 1)
60:     <- Finished tree
04:     -> Evolving tree number 6988 {1}
60:     -> Evolving tree number 7188 {1}
09:         Output tree data at t=13.80 Gyr (output 1 of 1)
09:     <- Finished tree
09:     -> Evolving tree number 7111 {1}
57:         Output tree data at t=13.80 Gyr (output 1 of 1)
57:     <- Finished tree
57:     Progress: 2794 trees processed; elapsed 16.76 h
57:     -> Evolving tree number 7127 {1}
06:         Output tree data at t=13.80 Gyr (output 1 of 1)
06:     <- Finished tree
06:     -> Evolving tree number 7306 {1}
47:         Output tree data at t=13.80 Gyr (output 1 of 1)
47:     <- Finished tree
47:     Progress: 2796 trees processed; elapsed 16.78 h
47:     -> Evolving tree number 7009 {1}
44:         Output tree data at t=13.80 Gyr (output 1 of 1)
44:     <- Finished tree
44:     -> Evolving tree number 6948 {1}
21:         Output tree data at t=13.80 Gyr (output 1 of 1)
21:     <- Finished tree
21:     -> Evolving tree number 7035 {1}
38:         Output tree data at t=13.80 Gyr (output 1 of 1)
38:     <- Finished tree
34:         Output tree data at t=13.80 Gyr (output 1 of 1)
34:     <- Finished tree
38:     -> Evolving tree number 7082 {1}
34:     -> Evolving tree number 7022 {1}
22:         Output tree data at t=13.80 Gyr (output 1 of 1)
22:     <- Finished tree
22:     Progress: 2801 trees processed; elapsed 16.80 h
22:     -> Evolving tree number 7354 {1}
12:         Output tree data at t=13.80 Gyr (output 1 of 1)
12:     <- Finished tree
12:     -> Evolving tree number 7108 {1}
62:         Output tree data at t=13.80 Gyr (output 1 of 1)
62:     <- Finished tree
62:     -> Evolving tree number 7122 {1}
26:         Output tree data at t=13.80 Gyr (output 1 of 1)
26:     <- Finished tree
26:     Progress: 2804 trees processed; elapsed 16.83 h
08:         Output tree data at t=13.80 Gyr (output 1 of 1)
08:     <- Finished tree
26:     -> Evolving tree number 7222 {1}
59:         Output tree data at t=13.80 Gyr (output 1 of 1)
59:     <- Finished tree
08:     -> Evolving tree number 7240 {1}
59:     -> Evolving tree number 7061 {1}
30:         Output tree data at t=13.80 Gyr (output 1 of 1)
30:     <- Finished tree
30:     -> Evolving tree number 6962 {1}
07:         Output tree data at t=13.80 Gyr (output 1 of 1)
07:     <- Finished tree
07:     Progress: 2808 trees processed; elapsed 16.85 h
07:     -> Evolving tree number 7177 {1}
01:         Output tree data at t=13.80 Gyr (output 1 of 1)
01:     <- Finished tree
01:     -> Evolving tree number 7311 {1}
42:         Output tree data at t=13.80 Gyr (output 1 of 1)
42:     <- Finished tree
42:     -> Evolving tree number 7142 {1}
11:         Output tree data at t=13.80 Gyr (output 1 of 1)
11:     <- Finished tree
11:     Progress: 2811 trees processed; elapsed 16.88 h
41:         Output tree data at t=13.80 Gyr (output 1 of 1)
41:     <- Finished tree
11:     -> Evolving tree number 7237 {1}
41:     -> Evolving tree number 7143 {1}
56:         Output tree data at t=13.80 Gyr (output 1 of 1)
56:     <- Finished tree
56:     -> Evolving tree number 7064 {1}
39:         Output tree data at t=13.80 Gyr (output 1 of 1)
39:     <- Finished tree
39:     -> Evolving tree number 7081 {1}
25:         Output tree data at t=13.80 Gyr (output 1 of 1)
25:     <- Finished tree
25:     Progress: 2815 trees processed; elapsed 16.90 h
25:     -> Evolving tree number 7159 {1}
48:         Output tree data at t=13.80 Gyr (output 1 of 1)
48:     <- Finished tree
48:     -> Evolving tree number 6944 {1}
54:         Output tree data at t=13.80 Gyr (output 1 of 1)
54:     <- Finished tree
54:     -> Evolving tree number 7066 {1}
61:         Output tree data at t=13.80 Gyr (output 1 of 1)
61:     <- Finished tree
61:     -> Evolving tree number 7251 {1}
51:         Output tree data at t=13.80 Gyr (output 1 of 1)
51:     <- Finished tree
51:     Progress: 2819 trees processed; elapsed 16.91 h
51:     -> Evolving tree number 7005 {1}
24:         Output tree data at t=13.80 Gyr (output 1 of 1)
24:     <- Finished tree
24:     -> Evolving tree number 7096 {1}
37:         Output tree data at t=13.80 Gyr (output 1 of 1)
37:     <- Finished tree
37:     -> Evolving tree number 7083 {1}
50:         Output tree data at t=13.80 Gyr (output 1 of 1)
50:     <- Finished tree
50:     Progress: 2822 trees processed; elapsed 16.94 h
50:     -> Evolving tree number 7070 {1}
33:         Output tree data at t=13.80 Gyr (output 1 of 1)
33:     <- Finished tree
33:     -> Evolving tree number 7023 {1}
52:         Output tree data at t=13.80 Gyr (output 1 of 1)
52:     <- Finished tree
58:         Output tree data at t=13.80 Gyr (output 1 of 1)
58:     <- Finished tree
52:     -> Evolving tree number 7260 {1}
58:     -> Evolving tree number 6998 {1}
00:         Output tree data at t=13.80 Gyr (output 1 of 1)
00:     <- Finished tree
00:     Progress: 2826 trees processed; elapsed 16.95 h
00:     -> Evolving tree number 7056 {1}
23:         Output tree data at t=13.80 Gyr (output 1 of 1)
23:     <- Finished tree
23:     -> Evolving tree number 7289 {1}
16:         Output tree data at t=13.80 Gyr (output 1 of 1)
16:     <- Finished tree
16:     Progress: 2828 trees processed; elapsed 16.97 h
16:     -> Evolving tree number 7232 {1}
20:         Output tree data at t=13.80 Gyr (output 1 of 1)
20:     <- Finished tree
20:     Progress: 2829 trees processed; elapsed 16.99 h
20:     -> Evolving tree number 7164 {1}
10:         Output tree data at t=13.80 Gyr (output 1 of 1)
10:     <- Finished tree
35:         Output tree data at t=13.80 Gyr (output 1 of 1)
35:     <- Finished tree
10:     -> Evolving tree number 7110 {1}
35:     -> Evolving tree number 6957 {1}
28:         Output tree data at t=13.80 Gyr (output 1 of 1)
28:     <- Finished tree
28:     -> Evolving tree number 7220 {1}
29:         Output tree data at t=13.80 Gyr (output 1 of 1)
29:     <- Finished tree
29:     -> Evolving tree number 7155 {1}
18:         Output tree data at t=13.80 Gyr (output 1 of 1)
18:     <- Finished tree
18:     Progress: 2834 trees processed; elapsed 17.01 h
18:     -> Evolving tree number 7166 {1}
13:         Output tree data at t=13.80 Gyr (output 1 of 1)
13:     <- Finished tree
02:         Output tree data at t=13.80 Gyr (output 1 of 1)
02:     <- Finished tree
13:     -> Evolving tree number 7107 {1}
02:     -> Evolving tree number 7246 {1}
60:         Output tree data at t=13.80 Gyr (output 1 of 1)
60:     <- Finished tree
53:         Output tree data at t=13.80 Gyr (output 1 of 1)
53:     <- Finished tree
63:         Output tree data at t=13.80 Gyr (output 1 of 1)
63:     <- Finished tree
60:     -> Evolving tree number 7124 {1}
53:     -> Evolving tree number 7131 {1}
63:     -> Evolving tree number 7185 {1}
03:         Output tree data at t=13.80 Gyr (output 1 of 1)
03:     <- Finished tree
03:     Progress: 2840 trees processed; elapsed 17.04 h
03:     -> Evolving tree number 7053 {1}
17:         Output tree data at t=13.80 Gyr (output 1 of 1)
17:     <- Finished tree
17:     -> Evolving tree number 7167 {1}
15:         Output tree data at t=13.80 Gyr (output 1 of 1)
15:     <- Finished tree
36:         Output tree data at t=13.80 Gyr (output 1 of 1)
36:     <- Finished tree
36:     Progress: 2843 trees processed; elapsed 17.06 h
15:     -> Evolving tree number 7297 {1}
36:     -> Evolving tree number 7148 {1}
55:         Output tree data at t=13.80 Gyr (output 1 of 1)
55:     <- Finished tree
14:         Output tree data at t=13.80 Gyr (output 1 of 1)
14:     <- Finished tree
55:     -> Evolving tree number 7001 {1}
14:     -> Evolving tree number 7106 {1}
06:         Output tree data at t=13.80 Gyr (output 1 of 1)
06:     <- Finished tree
06:     -> Evolving tree number 7242 {1}
09:         Output tree data at t=13.80 Gyr (output 1 of 1)
09:     <- Finished tree
40:         Output tree data at t=13.80 Gyr (output 1 of 1)
40:     <- Finished tree
09:     -> Evolving tree number 7047 {1}
40:     -> Evolving tree number 7144 {1}
45:         Output tree data at t=13.80 Gyr (output 1 of 1)
45:     <- Finished tree
45:     Progress: 2849 trees processed; elapsed 17.09 h
49:         Output tree data at t=13.80 Gyr (output 1 of 1)
49:     <- Finished tree
45:     -> Evolving tree number 7011 {1}
57:         Output tree data at t=13.80 Gyr (output 1 of 1)
57:     <- Finished tree
49:     -> Evolving tree number 7071 {1}
57:     -> Evolving tree number 7063 {1}
31:         Output tree data at t=13.80 Gyr (output 1 of 1)
31:     <- Finished tree
31:     -> Evolving tree number 7025 {1}
34:         Output tree data at t=13.80 Gyr (output 1 of 1)
34:     <- Finished tree
34:     -> Evolving tree number 6958 {1}
38:         Output tree data at t=13.80 Gyr (output 1 of 1)
38:     <- Finished tree
38:     Progress: 2854 trees processed; elapsed 17.11 h
38:     -> Evolving tree number 7018 {1}
43:         Output tree data at t=13.80 Gyr (output 1 of 1)
43:     <- Finished tree
43:     -> Evolving tree number 6949 {1}
19:         Output tree data at t=13.80 Gyr (output 1 of 1)
19:     <- Finished tree
19:     -> Evolving tree number 7101 {1}
07:         Output tree data at t=13.80 Gyr (output 1 of 1)
07:     <- Finished tree
07:     Progress: 2857 trees processed; elapsed 17.15 h
42:         Output tree data at t=13.80 Gyr (output 1 of 1)
42:     <- Finished tree
07:     -> Evolving tree number 7113 {1}
42:     -> Evolving tree number 7078 {1}
27:         Output tree data at t=13.80 Gyr (output 1 of 1)
27:     <- Finished tree
44:         Output tree data at t=13.80 Gyr (output 1 of 1)
44:     <- Finished tree
27:     -> Evolving tree number 7093 {1}
44:     -> Evolving tree number 6884 {1}
62:         Output tree data at t=13.80 Gyr (output 1 of 1)
62:     <- Finished tree
62:     -> Evolving tree number 7058 {1}
26:         Output tree data at t=13.80 Gyr (output 1 of 1)
26:     <- Finished tree
26:     -> Evolving tree number 7158 {1}
46:         Output tree data at t=13.80 Gyr (output 1 of 1)
46:     <- Finished tree
46:     Progress: 2863 trees processed; elapsed 17.18 h
46:     -> Evolving tree number 7010 {1}
05:         Output tree data at t=13.80 Gyr (output 1 of 1)
05:     <- Finished tree
05:     -> Evolving tree number 7051 {1}
12:         Output tree data at t=13.80 Gyr (output 1 of 1)
12:     <- Finished tree
41:         Output tree data at t=13.80 Gyr (output 1 of 1)
41:     <- Finished tree
12:     -> Evolving tree number 7044 {1}
61:         Output tree data at t=13.80 Gyr (output 1 of 1)
61:     <- Finished tree
41:     -> Evolving tree number 7079 {1}
61:     -> Evolving tree number 7187 {1}
22:         Output tree data at t=13.80 Gyr (output 1 of 1)
22:     <- Finished tree
22:     Progress: 2868 trees processed; elapsed 17.19 h
22:     -> Evolving tree number 7290 {1}
59:         Output tree data at t=13.80 Gyr (output 1 of 1)
59:     <- Finished tree
59:     -> Evolving tree number 6997 {1}
20:         Output tree data at t=13.80 Gyr (output 1 of 1)
20:     <- Finished tree
20:     -> Evolving tree number 7100 {1}
39:         Output tree data at t=13.80 Gyr (output 1 of 1)
39:     <- Finished tree
39:     Progress: 2871 trees processed; elapsed 17.22 h
39:     -> Evolving tree number 7017 {1}
08:         Output tree data at t=13.80 Gyr (output 1 of 1)
08:     <- Finished tree
08:     -> Evolving tree number 7176 {1}
47:         Output tree data at t=13.80 Gyr (output 1 of 1)
47:     <- Finished tree
47:     -> Evolving tree number 6945 {1}
30:         Output tree data at t=13.80 Gyr (output 1 of 1)
30:     <- Finished tree
30:     Progress: 2874 trees processed; elapsed 17.26 h
37:         Output tree data at t=13.80 Gyr (output 1 of 1)
37:     <- Finished tree
11:         Output tree data at t=13.80 Gyr (output 1 of 1)
11:     <- Finished tree
30:     -> Evolving tree number 6898 {1}
37:     -> Evolving tree number 7019 {1}
11:     -> Evolving tree number 7173 {1}
32:         Output tree data at t=13.80 Gyr (output 1 of 1)
32:     <- Finished tree
32:     -> Evolving tree number 7088 {1}
56:         Output tree data at t=13.80 Gyr (output 1 of 1)
56:     <- Finished tree
56:     Progress: 2878 trees processed; elapsed 17.28 h
56:     -> Evolving tree number 7000 {1}
21:         Output tree data at t=13.80 Gyr (output 1 of 1)
21:     <- Finished tree
21:     -> Evolving tree number 6971 {1}
51:         Output tree data at t=13.80 Gyr (output 1 of 1)
51:     <- Finished tree
51:     -> Evolving tree number 6941 {1}
53:         Output tree data at t=13.80 Gyr (output 1 of 1)
53:     <- Finished tree
53:     Progress: 2881 trees processed; elapsed 17.30 h
53:     -> Evolving tree number 7067 {1}
24:         Output tree data at t=13.80 Gyr (output 1 of 1)
24:     <- Finished tree
24:     -> Evolving tree number 7032 {1}
45:         Output tree data at t=13.80 Gyr (output 1 of 1)
45:     <- Finished tree
02:         Output tree data at t=13.80 Gyr (output 1 of 1)
02:     <- Finished tree
45:     -> Evolving tree number 6947 {1}
02:     -> Evolving tree number 7182 {1}
01:         Output tree data at t=13.80 Gyr (output 1 of 1)
01:     <- Finished tree
01:     Progress: 2885 trees processed; elapsed 17.32 h
35:         Output tree data at t=13.80 Gyr (output 1 of 1)
35:     <- Finished tree
01:     -> Evolving tree number 7247 {1}
48:         Output tree data at t=13.80 Gyr (output 1 of 1)
48:     <- Finished tree
35:     -> Evolving tree number 6893 {1}
48:     -> Evolving tree number 6880 {1}
40:         Output tree data at t=13.80 Gyr (output 1 of 1)
40:     <- Finished tree
52:         Output tree data at t=13.80 Gyr (output 1 of 1)
52:     <- Finished tree
40:     -> Evolving tree number 7080 {1}
52:     -> Evolving tree number 7196 {1}
54:         Output tree data at t=13.80 Gyr (output 1 of 1)
54:     <- Finished tree
54:     Progress: 2890 trees processed; elapsed 17.34 h
54:     -> Evolving tree number 7002 {1}
03:         Output tree data at t=13.80 Gyr (output 1 of 1)
03:     <- Finished tree
03:     -> Evolving tree number 6989 {1}
00:         Output tree data at t=13.80 Gyr (output 1 of 1)
00:     <- Finished tree
00:     -> Evolving tree number 6992 {1}
04:         Output tree data at t=13.80 Gyr (output 1 of 1)
04:     <- Finished tree
04:     -> Evolving tree number 6924 {1}
16:         Output tree data at t=13.80 Gyr (output 1 of 1)
16:     <- Finished tree
16:     Progress: 2894 trees processed; elapsed 17.36 h
16:     -> Evolving tree number 7168 {1}
60:         Output tree data at t=13.80 Gyr (output 1 of 1)
60:     <- Finished tree
60:     -> Evolving tree number 7060 {1}
09:         Output tree data at t=13.80 Gyr (output 1 of 1)
09:     <- Finished tree
09:     Progress: 2896 trees processed; elapsed 17.39 h
09:     -> Evolving tree number 6983 {1}
14:         Output tree data at t=13.80 Gyr (output 1 of 1)
14:     <- Finished tree
23:         Output tree data at t=13.80 Gyr (output 1 of 1)
23:     <- Finished tree
14:     -> Evolving tree number 7042 {1}
23:     -> Evolving tree number 7225 {1}
58:         Output tree data at t=13.80 Gyr (output 1 of 1)
58:     <- Finished tree
17:         Output tree data at t=13.80 Gyr (output 1 of 1)
17:     <- Finished tree
17:     Progress: 2900 trees processed; elapsed 17.40 h
42:         Output tree data at t=13.80 Gyr (output 1 of 1)
42:     <- Finished tree
58:     -> Evolving tree number 6934 {1}
17:     -> Evolving tree number 7103 {1}
42:     -> Evolving tree number 7014 {1}
36:         Output tree data at t=13.80 Gyr (output 1 of 1)
36:     <- Finished tree
36:     -> Evolving tree number 7084 {1}
10:         Output tree data at t=13.80 Gyr (output 1 of 1)
10:     <- Finished tree
10:     -> Evolving tree number 7046 {1}
63:         Output tree data at t=13.80 Gyr (output 1 of 1)
63:     <- Finished tree
63:     Progress: 2904 trees processed; elapsed 17.42 h
63:     -> Evolving tree number 7121 {1}
50:         Output tree data at t=13.80 Gyr (output 1 of 1)
50:     <- Finished tree
47:         Output tree data at t=13.80 Gyr (output 1 of 1)
47:     <- Finished tree
50:     -> Evolving tree number 7006 {1}
47:     -> Evolving tree number 6881 {1}
29:         Output tree data at t=13.80 Gyr (output 1 of 1)
29:     <- Finished tree
29:     Progress: 2907 trees processed; elapsed 17.45 h
29:     -> Evolving tree number 7091 {1}
62:         Output tree data at t=13.80 Gyr (output 1 of 1)
62:     <- Finished tree
62:     -> Evolving tree number 6994 {1}
34:         Output tree data at t=13.80 Gyr (output 1 of 1)
34:     <- Finished tree
34:     -> Evolving tree number 6894 {1}
61:         Output tree data at t=13.80 Gyr (output 1 of 1)
61:     <- Finished tree
61:     Progress: 2910 trees processed; elapsed 17.47 h
33:         Output tree data at t=13.80 Gyr (output 1 of 1)
33:     <- Finished tree
61:     -> Evolving tree number 7123 {1}
33:     -> Evolving tree number 6959 {1}
31:         Output tree data at t=13.80 Gyr (output 1 of 1)
31:     <- Finished tree
12:         Output tree data at t=13.80 Gyr (output 1 of 1)
12:     <- Finished tree
31:     -> Evolving tree number 6961 {1}
49:         Output tree data at t=13.80 Gyr (output 1 of 1)
49:     <- Finished tree
12:     -> Evolving tree number 6980 {1}
49:     -> Evolving tree number 7007 {1}
55:         Output tree data at t=13.80 Gyr (output 1 of 1)
55:     <- Finished tree
55:     -> Evolving tree number 6937 {1}
15:         Output tree data at t=13.80 Gyr (output 1 of 1)
15:     <- Finished tree
15:     Progress: 2916 trees processed; elapsed 17.49 h
15:     -> Evolving tree number 7233 {1}
13:         Output tree data at t=13.80 Gyr (output 1 of 1)
13:     <- Finished tree
18:         Output tree data at t=13.80 Gyr (output 1 of 1)
18:     <- Finished tree
13:     -> Evolving tree number 7043 {1}
18:     -> Evolving tree number 7102 {1}
38:         Output tree data at t=13.80 Gyr (output 1 of 1)
38:     <- Finished tree
38:     -> Evolving tree number 6954 {1}
59:         Output tree data at t=13.80 Gyr (output 1 of 1)
59:     <- Finished tree
59:     Progress: 2920 trees processed; elapsed 17.51 h
59:     -> Evolving tree number 6933 {1}
30:         Output tree data at t=13.80 Gyr (output 1 of 1)
30:     <- Finished tree
30:     -> Evolving tree number 6834 {1}
57:         Output tree data at t=13.80 Gyr (output 1 of 1)
57:     <- Finished tree
19:         Output tree data at t=13.80 Gyr (output 1 of 1)
19:     <- Finished tree
43:         Output tree data at t=13.80 Gyr (output 1 of 1)
43:     <- Finished tree
57:     -> Evolving tree number 6999 {1}
19:     -> Evolving tree number 7037 {1}
43:     -> Evolving tree number 6885 {1}
07:         Output tree data at t=13.80 Gyr (output 1 of 1)
07:     <- Finished tree
07:     Progress: 2925 trees processed; elapsed 17.54 h
07:     -> Evolving tree number 7049 {1}
41:         Output tree data at t=13.80 Gyr (output 1 of 1)
41:     <- Finished tree
05:         Output tree data at t=13.80 Gyr (output 1 of 1)
05:     <- Finished tree
41:     -> Evolving tree number 7015 {1}
05:     -> Evolving tree number 6987 {1}
06:         Output tree data at t=13.80 Gyr (output 1 of 1)
06:     <- Finished tree
06:     -> Evolving tree number 7178 {1}
23:         Output tree data at t=13.80 Gyr (output 1 of 1)
23:     <- Finished tree
23:     Progress: 2929 trees processed; elapsed 17.56 h
25:         Output tree data at t=13.80 Gyr (output 1 of 1)
25:     <- Finished tree
11:         Output tree data at t=13.80 Gyr (output 1 of 1)
11:     <- Finished tree
23:     -> Evolving tree number 7161 {1}
25:     -> Evolving tree number 7095 {1}
46:         Output tree data at t=13.80 Gyr (output 1 of 1)
46:     <- Finished tree
11:     -> Evolving tree number 7109 {1}
27:         Output tree data at t=13.80 Gyr (output 1 of 1)
27:     <- Finished tree
46:     -> Evolving tree number 6946 {1}
24:         Output tree data at t=13.80 Gyr (output 1 of 1)
24:     <- Finished tree
27:     -> Evolving tree number 7029 {1}
24:     -> Evolving tree number 6968 {1}
39:         Output tree data at t=13.80 Gyr (output 1 of 1)
39:     <- Finished tree
28:         Output tree data at t=13.80 Gyr (output 1 of 1)
28:     <- Finished tree
39:     -> Evolving tree number 6953 {1}
28:     -> Evolving tree number 7156 {1}
56:         Output tree data at t=13.80 Gyr (output 1 of 1)
56:     <- Finished tree
56:     Progress: 2937 trees processed; elapsed 17.58 h
56:     -> Evolving tree number 6936 {1}
26:         Output tree data at t=13.80 Gyr (output 1 of 1)
26:     <- Finished tree
26:     -> Evolving tree number 7094 {1}
20:         Output tree data at t=13.80 Gyr (output 1 of 1)
20:     <- Finished tree
20:     -> Evolving tree number 7036 {1}
48:         Output tree data at t=13.80 Gyr (output 1 of 1)
48:     <- Finished tree
48:     Progress: 2940 trees processed; elapsed 17.61 h
48:     -> Evolving tree number 6816 {1}
44:         Output tree data at t=13.80 Gyr (output 1 of 1)
44:     <- Finished tree
44:     -> Evolving tree number 6820 {1}
22:         Output tree data at t=13.80 Gyr (output 1 of 1)
22:     <- Finished tree
22:     Progress: 2942 trees processed; elapsed 17.63 h
04:         Output tree data at t=13.80 Gyr (output 1 of 1)
04:     <- Finished tree
45:         Output tree data at t=13.80 Gyr (output 1 of 1)
45:     <- Finished tree
22:     -> Evolving tree number 7226 {1}
04:     -> Evolving tree number 6860 {1}
45:     -> Evolving tree number 6883 {1}
35:         Output tree data at t=13.80 Gyr (output 1 of 1)
35:     <- Finished tree
35:     -> Evolving tree number 6829 {1}
08:         Output tree data at t=13.80 Gyr (output 1 of 1)
08:     <- Finished tree
08:     Progress: 2946 trees processed; elapsed 17.66 h
08:     -> Evolving tree number 7112 {1}
51:         Output tree data at t=13.80 Gyr (output 1 of 1)
51:     <- Finished tree
00:         Output tree data at t=13.80 Gyr (output 1 of 1)
00:     <- Finished tree
51:     -> Evolving tree number 6877 {1}
00:     -> Evolving tree number 6928 {1}
21:         Output tree data at t=13.80 Gyr (output 1 of 1)
21:     <- Finished tree
21:     Progress: 2949 trees processed; elapsed 17.68 h
47:         Output tree data at t=13.80 Gyr (output 1 of 1)
47:     <- Finished tree
21:     -> Evolving tree number 6907 {1}
47:     -> Evolving tree number 6817 {1}
42:         Output tree data at t=13.80 Gyr (output 1 of 1)
42:     <- Finished tree
01:         Output tree data at t=13.80 Gyr (output 1 of 1)
01:     <- Finished tree
02:         Output tree data at t=13.80 Gyr (output 1 of 1)
02:     <- Finished tree
42:     -> Evolving tree number 6950 {1}
01:     -> Evolving tree number 7183 {1}
02:     -> Evolving tree number 7118 {1}
54:         Output tree data at t=13.80 Gyr (output 1 of 1)
54:     <- Finished tree
54:     -> Evolving tree number 6938 {1}
40:         Output tree data at t=13.80 Gyr (output 1 of 1)
40:     <- Finished tree
53:         Output tree data at t=13.80 Gyr (output 1 of 1)
53:     <- Finished tree
40:     -> Evolving tree number 7016 {1}
53:     -> Evolving tree number 7003 {1}
50:         Output tree data at t=13.80 Gyr (output 1 of 1)
50:     <- Finished tree
50:     Progress: 2957 trees processed; elapsed 17.73 h
50:     -> Evolving tree number 6942 {1}
60:         Output tree data at t=13.80 Gyr (output 1 of 1)
60:     <- Finished tree
60:     Progress: 2958 trees processed; elapsed 17.75 h
60:     -> Evolving tree number 6996 {1}
52:         Output tree data at t=13.80 Gyr (output 1 of 1)
52:     <- Finished tree
52:     -> Evolving tree number 7132 {1}
17:         Output tree data at t=13.80 Gyr (output 1 of 1)
17:     <- Finished tree
17:     -> Evolving tree number 7039 {1}
62:         Output tree data at t=13.80 Gyr (output 1 of 1)
62:     <- Finished tree
62:     Progress: 2961 trees processed; elapsed 17.77 h
49:         Output tree data at t=13.80 Gyr (output 1 of 1)
49:     <- Finished tree
38:         Output tree data at t=13.80 Gyr (output 1 of 1)
38:     <- Finished tree
62:     -> Evolving tree number 6930 {1}
07:         Output tree data at t=13.80 Gyr (output 1 of 1)
07:     <- Finished tree
13:         Output tree data at t=13.80 Gyr (output 1 of 1)
13:     <- Finished tree
38:     -> Evolving tree number 6890 {1}
49:     -> Evolving tree number 6943 {1}
07:     -> Evolving tree number 6985 {1}
13:     -> Evolving tree number 6979 {1}
09:         Output tree data at t=13.80 Gyr (output 1 of 1)
09:     <- Finished tree
09:     -> Evolving tree number 6919 {1}
63:         Output tree data at t=13.80 Gyr (output 1 of 1)
63:     <- Finished tree
58:         Output tree data at t=13.80 Gyr (output 1 of 1)
58:     <- Finished tree
63:     -> Evolving tree number 7057 {1}
58:     -> Evolving tree number 6870 {1}
32:         Output tree data at t=13.80 Gyr (output 1 of 1)
32:     <- Finished tree
32:     Progress: 2969 trees processed; elapsed 17.79 h
32:     -> Evolving tree number 7024 {1}
14:         Output tree data at t=13.80 Gyr (output 1 of 1)
14:     <- Finished tree
14:     -> Evolving tree number 6978 {1}
41:         Output tree data at t=13.80 Gyr (output 1 of 1)
41:     <- Finished tree
41:     Progress: 2971 trees processed; elapsed 17.82 h
15:         Output tree data at t=13.80 Gyr (output 1 of 1)
15:     <- Finished tree
34:         Output tree data at t=13.80 Gyr (output 1 of 1)
34:     <- Finished tree
37:         Output tree data at t=13.80 Gyr (output 1 of 1)
37:     <- Finished tree
41:     -> Evolving tree number 6951 {1}
15:     -> Evolving tree number 7169 {1}
34:     -> Evolving tree number 6830 {1}
37:     -> Evolving tree number 6955 {1}
31:         Output tree data at t=13.80 Gyr (output 1 of 1)
31:     <- Finished tree
23:         Output tree data at t=13.80 Gyr (output 1 of 1)
23:     <- Finished tree
31:     -> Evolving tree number 6897 {1}
23:     -> Evolving tree number 7097 {1}
61:         Output tree data at t=13.80 Gyr (output 1 of 1)
61:     <- Finished tree
61:     -> Evolving tree number 7059 {1}
12:         Output tree data at t=13.80 Gyr (output 1 of 1)
12:     <- Finished tree
12:     -> Evolving tree number 6916 {1}
44:         Output tree data at t=13.80 Gyr (output 1 of 1)
44:     <- Finished tree
44:     Progress: 2979 trees processed; elapsed 17.84 h
44:     -> Evolving tree number 6756 {1}
10:         Output tree data at t=13.80 Gyr (output 1 of 1)
10:     <- Finished tree
10:     -> Evolving tree number 6982 {1}
36:         Output tree data at t=13.80 Gyr (output 1 of 1)
36:     <- Finished tree
36:     -> Evolving tree number 7020 {1}
06:         Output tree data at t=13.80 Gyr (output 1 of 1)
06:     <- Finished tree
06:     Progress: 2982 trees processed; elapsed 17.86 h
06:     -> Evolving tree number 7114 {1}
43:         Output tree data at t=13.80 Gyr (output 1 of 1)
43:     <- Finished tree
43:     -> Evolving tree number 6821 {1}
27:         Output tree data at t=13.80 Gyr (output 1 of 1)
27:     <- Finished tree
27:     Progress: 2984 trees processed; elapsed 17.89 h
27:     -> Evolving tree number 6965 {1}
39:         Output tree data at t=13.80 Gyr (output 1 of 1)
39:     <- Finished tree
39:     -> Evolving tree number 6889 {1}
19:         Output tree data at t=13.80 Gyr (output 1 of 1)
19:     <- Finished tree
19:     -> Evolving tree number 6973 {1}
18:         Output tree data at t=13.80 Gyr (output 1 of 1)
18:     <- Finished tree
18:     Progress: 2987 trees processed; elapsed 17.91 h
25:         Output tree data at t=13.80 Gyr (output 1 of 1)
25:     <- Finished tree
18:     -> Evolving tree number 7038 {1}
25:     -> Evolving tree number 7031 {1}
30:         Output tree data at t=13.80 Gyr (output 1 of 1)
30:     <- Finished tree
59:         Output tree data at t=13.80 Gyr (output 1 of 1)
59:     <- Finished tree
30:     -> Evolving tree number 6770 {1}
59:     -> Evolving tree number 6869 {1}
56:         Output tree data at t=13.80 Gyr (output 1 of 1)
56:     <- Finished tree
56:     Progress: 2991 trees processed; elapsed 17.93 h
56:     -> Evolving tree number 6872 {1}
46:         Output tree data at t=13.80 Gyr (output 1 of 1)
46:     <- Finished tree
46:     -> Evolving tree number 6882 {1}
22:         Output tree data at t=13.80 Gyr (output 1 of 1)
22:     <- Finished tree
22:     -> Evolving tree number 7162 {1}
20:         Output tree data at t=13.80 Gyr (output 1 of 1)
20:     <- Finished tree
20:     -> Evolving tree number 6972 {1}
03:         Output tree data at t=13.80 Gyr (output 1 of 1)
03:     <- Finished tree
03:     -> Evolving tree number 6925 {1}
51:         Output tree data at t=13.80 Gyr (output 1 of 1)
51:     <- Finished tree
51:     Progress: 2996 trees processed; elapsed 17.96 h
51:     -> Evolving tree number 6813 {1}
42:         Output tree data at t=13.80 Gyr (output 1 of 1)
42:     <- Finished tree
42:     -> Evolving tree number 6886 {1}
16:         Output tree data at t=13.80 Gyr (output 1 of 1)
16:     <- Finished tree
16:     -> Evolving tree number 7104 {1}
57:         Output tree data at t=13.80 Gyr (output 1 of 1)
57:     <- Finished tree
57:     -> Evolving tree number 6935 {1}
55:         Output tree data at t=13.80 Gyr (output 1 of 1)
55:     <- Finished tree
55:     Progress: 3000 trees processed; elapsed 17.98 h
05:         Output tree data at t=13.80 Gyr (output 1 of 1)
05:     <- Finished tree
55:     -> Evolving tree number 6873 {1}
28:         Output tree data at t=13.80 Gyr (output 1 of 1)
28:     <- Finished tree
05:     -> Evolving tree number 6923 {1}
28:     -> Evolving tree number 7092 {1}
48:         Output tree data at t=13.80 Gyr (output 1 of 1)
48:     <- Finished tree
48:     -> Evolving tree number 6752 {1}
33:         Output tree data at t=13.80 Gyr (output 1 of 1)
33:     <- Finished tree
33:     Progress: 3004 trees processed; elapsed 18.00 h
50:         Output tree data at t=13.80 Gyr (output 1 of 1)
50:     <- Finished tree
33:     -> Evolving tree number 6895 {1}
13:         Output tree data at t=13.80 Gyr (output 1 of 1)
13:     <- Finished tree
50:     -> Evolving tree number 6878 {1}
13:     -> Evolving tree number 6915 {1}
26:         Output tree data at t=13.80 Gyr (output 1 of 1)
26:     <- Finished tree
26:     Progress: 3007 trees processed; elapsed 18.02 h
26:     -> Evolving tree number 7030 {1}
21:         Output tree data at t=13.80 Gyr (output 1 of 1)
21:     <- Finished tree
24:         Output tree data at t=13.80 Gyr (output 1 of 1)
24:     <- Finished tree
21:     -> Evolving tree number 6843 {1}
24:     -> Evolving tree number 6904 {1}
47:         Output tree data at t=13.80 Gyr (output 1 of 1)
47:     <- Finished tree
47:     -> Evolving tree number 6753 {1}
00:         Output tree data at t=13.80 Gyr (output 1 of 1)
00:     <- Finished tree
00:     Progress: 3011 trees processed; elapsed 18.04 h
00:     -> Evolving tree number 6864 {1}
53:         Output tree data at t=13.80 Gyr (output 1 of 1)
53:     <- Finished tree
53:     Progress: 3012 trees processed; elapsed 18.06 h
11:         Output tree data at t=13.80 Gyr (output 1 of 1)
11:     <- Finished tree
53:     -> Evolving tree number 6939 {1}
11:     -> Evolving tree number 7045 {1}
08:         Output tree data at t=13.80 Gyr (output 1 of 1)
08:     <- Finished tree
08:     -> Evolving tree number 7048 {1}
45:         Output tree data at t=13.80 Gyr (output 1 of 1)
45:     <- Finished tree
45:     -> Evolving tree number 6819 {1}
04:         Output tree data at t=13.80 Gyr (output 1 of 1)
04:     <- Finished tree
04:     -> Evolving tree number 6796 {1}
35:         Output tree data at t=13.80 Gyr (output 1 of 1)
35:     <- Finished tree
35:     Progress: 3017 trees processed; elapsed 18.09 h
23:         Output tree data at t=13.80 Gyr (output 1 of 1)
23:     <- Finished tree
35:     -> Evolving tree number 6765 {1}
23:     -> Evolving tree number 7033 {1}
54:         Output tree data at t=13.80 Gyr (output 1 of 1)
54:     <- Finished tree
29:         Output tree data at t=13.80 Gyr (output 1 of 1)
29:     <- Finished tree
01:         Output tree data at t=13.80 Gyr (output 1 of 1)
01:     <- Finished tree
54:     -> Evolving tree number 6874 {1}
29:     -> Evolving tree number 7027 {1}
01:     -> Evolving tree number 7119 {1}
38:         Output tree data at t=13.80 Gyr (output 1 of 1)
38:     <- Finished tree
38:     Progress: 3022 trees processed; elapsed 18.11 h
38:     -> Evolving tree number 6826 {1}
40:         Output tree data at t=13.80 Gyr (output 1 of 1)
40:     <- Finished tree
40:     -> Evolving tree number 6952 {1}
49:         Output tree data at t=13.80 Gyr (output 1 of 1)
49:     <- Finished tree
17:         Output tree data at t=13.80 Gyr (output 1 of 1)
17:     <- Finished tree
49:     -> Evolving tree number 6879 {1}
17:     -> Evolving tree number 6975 {1}
02:         Output tree data at t=13.80 Gyr (output 1 of 1)
02:     <- Finished tree
02:     Progress: 3026 trees processed; elapsed 18.13 h
41:         Output tree data at t=13.80 Gyr (output 1 of 1)
41:     <- Finished tree
02:     -> Evolving tree number 7054 {1}
63:         Output tree data at t=13.80 Gyr (output 1 of 1)
63:     <- Finished tree
41:     -> Evolving tree number 6887 {1}
09:         Output tree data at t=13.80 Gyr (output 1 of 1)
09:     <- Finished tree
63:     -> Evolving tree number 6993 {1}
09:     -> Evolving tree number 6855 {1}
61:         Output tree data at t=13.80 Gyr (output 1 of 1)
61:     <- Finished tree
61:     -> Evolving tree number 6995 {1}
30:         Output tree data at t=13.80 Gyr (output 1 of 1)
30:     <- Finished tree
30:     Progress: 3031 trees processed; elapsed 18.15 h
20:         Output tree data at t=13.80 Gyr (output 1 of 1)
20:     <- Finished tree
43:         Output tree data at t=13.80 Gyr (output 1 of 1)
43:     <- Finished tree
30:     -> Evolving tree number 6706 {1}
20:     -> Evolving tree number 6908 {1}
43:     -> Evolving tree number 6757 {1}
27:         Output tree data at t=13.80 Gyr (output 1 of 1)
27:     <- Finished tree
27:     -> Evolving tree number 6901 {1}
14:         Output tree data at t=13.80 Gyr (output 1 of 1)
14:     <- Finished tree
14:     -> Evolving tree number 6914 {1}
59:         Output tree data at t=13.80 Gyr (output 1 of 1)
59:     <- Finished tree
59:     -> Evolving tree number 6805 {1}
06:         Output tree data at t=13.80 Gyr (output 1 of 1)
06:     <- Finished tree
06:     Progress: 3037 trees processed; elapsed 18.17 h
39:         Output tree data at t=13.80 Gyr (output 1 of 1)
39:     <- Finished tree
06:     -> Evolving tree number 7050 {1}
39:     -> Evolving tree number 6825 {1}
62:         Output tree data at t=13.80 Gyr (output 1 of 1)
62:     <- Finished tree
62:     -> Evolving tree number 6866 {1}
36:         Output tree data at t=13.80 Gyr (output 1 of 1)
36:     <- Finished tree
15:         Output tree data at t=13.80 Gyr (output 1 of 1)
15:     <- Finished tree
60:         Output tree data at t=13.80 Gyr (output 1 of 1)
60:     <- Finished tree
36:     -> Evolving tree number 6956 {1}
15:     -> Evolving tree number 7105 {1}
32:         Output tree data at t=13.80 Gyr (output 1 of 1)
32:     <- Finished tree
60:     -> Evolving tree number 6932 {1}
32:     -> Evolving tree number 6960 {1}
34:         Output tree data at t=13.80 Gyr (output 1 of 1)
34:     <- Finished tree
34:     Progress: 3044 trees processed; elapsed 18.20 h
34:     -> Evolving tree number 6766 {1}
22:         Output tree data at t=13.80 Gyr (output 1 of 1)
22:     <- Finished tree
22:     -> Evolving tree number 7098 {1}
55:         Output tree data at t=13.80 Gyr (output 1 of 1)
55:     <- Finished tree
55:     -> Evolving tree number 6809 {1}
07:         Output tree data at t=13.80 Gyr (output 1 of 1)
07:     <- Finished tree
07:     -> Evolving tree number 6921 {1}
52:         Output tree data at t=13.80 Gyr (output 1 of 1)
52:     <- Finished tree
52:     Progress: 3048 trees processed; elapsed 18.22 h
12:         Output tree data at t=13.80 Gyr (output 1 of 1)
12:     <- Finished tree
52:     -> Evolving tree number 7068 {1}
12:     -> Evolving tree number 6852 {1}
33:         Output tree data at t=13.80 Gyr (output 1 of 1)
33:     <- Finished tree
33:     -> Evolving tree number 6831 {1}
37:         Output tree data at t=13.80 Gyr (output 1 of 1)
37:     <- Finished tree
37:     -> Evolving tree number 6891 {1}
28:         Output tree data at t=13.80 Gyr (output 1 of 1)
28:     <- Finished tree
28:     Progress: 3052 trees processed; elapsed 18.25 h
18:         Output tree data at t=13.80 Gyr (output 1 of 1)
18:     <- Finished tree
28:     -> Evolving tree number 7028 {1}
18:     -> Evolving tree number 6974 {1}
48:         Output tree data at t=13.80 Gyr (output 1 of 1)
48:     <- Finished tree
48:     Progress: 3054 trees processed; elapsed 18.28 h
48:     -> Evolving tree number 6688 {1}
31:         Output tree data at t=13.80 Gyr (output 1 of 1)
31:     <- Finished tree
56:         Output tree data at t=13.80 Gyr (output 1 of 1)
56:     <- Finished tree
57:         Output tree data at t=13.80 Gyr (output 1 of 1)
57:     <- Finished tree
31:     -> Evolving tree number 6833 {1}
56:     -> Evolving tree number 6808 {1}
57:     -> Evolving tree number 6871 {1}
16:         Output tree data at t=13.80 Gyr (output 1 of 1)
16:     <- Finished tree
16:     Progress: 3058 trees processed; elapsed 18.30 h
16:     -> Evolving tree number 7040 {1}
03:         Output tree data at t=13.80 Gyr (output 1 of 1)
03:     <- Finished tree
03:     -> Evolving tree number 6861 {1}
29:         Output tree data at t=13.80 Gyr (output 1 of 1)
29:     <- Finished tree
29:     Progress: 3060 trees processed; elapsed 18.33 h
10:         Output tree data at t=13.80 Gyr (output 1 of 1)
10:     <- Finished tree
11:         Output tree data at t=13.80 Gyr (output 1 of 1)
11:     <- Finished tree
29:     -> Evolving tree number 6963 {1}
10:     -> Evolving tree number 6918 {1}
11:     -> Evolving tree number 6981 {1}
19:         Output tree data at t=13.80 Gyr (output 1 of 1)
19:     <- Finished tree
19:     -> Evolving tree number 6909 {1}
05:         Output tree data at t=13.80 Gyr (output 1 of 1)
05:     <- Finished tree
05:     -> Evolving tree number 6859 {1}
42:         Output tree data at t=13.80 Gyr (output 1 of 1)
42:     <- Finished tree
42:     Progress: 3065 trees processed; elapsed 18.35 h
42:     -> Evolving tree number 6822 {1}
13:         Output tree data at t=13.80 Gyr (output 1 of 1)
13:     <- Finished tree
13:     Progress: 3066 trees processed; elapsed 18.37 h
24:         Output tree data at t=13.80 Gyr (output 1 of 1)
24:     <- Finished tree
24:     -> Evolving tree number 6840 {1}
13:     -> Evolving tree number 6851 {1}
47:         Output tree data at t=13.80 Gyr (output 1 of 1)
47:     <- Finished tree
47:     -> Evolving tree number 6689 {1}
46:         Output tree data at t=13.80 Gyr (output 1 of 1)
46:     <- Finished tree
46:     -> Evolving tree number 6818 {1}
08:         Output tree data at t=13.80 Gyr (output 1 of 1)
08:     <- Finished tree
08:     Progress: 3070 trees processed; elapsed 18.40 h
20:         Output tree data at t=13.80 Gyr (output 1 of 1)
20:     <- Finished tree
08:     -> Evolving tree number 6984 {1}
51:         Output tree data at t=13.80 Gyr (output 1 of 1)
51:     <- Finished tree
20:     -> Evolving tree number 6844 {1}
51:     -> Evolving tree number 6749 {1}
26:         Output tree data at t=13.80 Gyr (output 1 of 1)
26:     <- Finished tree
26:     Progress: 3073 trees processed; elapsed 18.42 h
26:     -> Evolving tree number 6966 {1}
45:         Output tree data at t=13.80 Gyr (output 1 of 1)
45:     <- Finished tree
45:     -> Evolving tree number 6755 {1}
27:         Output tree data at t=13.80 Gyr (output 1 of 1)
27:     <- Finished tree
25:         Output tree data at t=13.80 Gyr (output 1 of 1)
25:     <- Finished tree
27:     -> Evolving tree number 6837 {1}
58:         Output tree data at t=13.80 Gyr (output 1 of 1)
58:     <- Finished tree
25:     -> Evolving tree number 6967 {1}
58:     -> Evolving tree number 6806 {1}
50:         Output tree data at t=13.80 Gyr (output 1 of 1)
50:     <- Finished tree
40:         Output tree data at t=13.80 Gyr (output 1 of 1)
40:     <- Finished tree
50:     -> Evolving tree number 6814 {1}
41:         Output tree data at t=13.80 Gyr (output 1 of 1)
41:     <- Finished tree
40:     -> Evolving tree number 6888 {1}
41:     -> Evolving tree number 6823 {1}
21:         Output tree data at t=13.80 Gyr (output 1 of 1)
21:     <- Finished tree
21:     Progress: 3081 trees processed; elapsed 18.44 h
21:     -> Evolving tree number 6779 {1}
35:         Output tree data at t=13.80 Gyr (output 1 of 1)
35:     <- Finished tree
35:     -> Evolving tree number 6701 {1}
44:         Output tree data at t=13.80 Gyr (output 1 of 1)
44:     <- Finished tree
44:     -> Evolving tree number 6692 {1}
00:         Output tree data at t=13.80 Gyr (output 1 of 1)
00:     <- Finished tree
00:     Progress: 3084 trees processed; elapsed 18.46 h
00:     -> Evolving tree number 6800 {1}
12:         Output tree data at t=13.80 Gyr (output 1 of 1)
12:     <- Finished tree
12:     -> Evolving tree number 6788 {1}
06:         Output tree data at t=13.80 Gyr (output 1 of 1)
06:     <- Finished tree
06:     Progress: 3086 trees processed; elapsed 18.49 h
06:     -> Evolving tree number 6986 {1}
38:         Output tree data at t=13.80 Gyr (output 1 of 1)
38:     <- Finished tree
38:     -> Evolving tree number 6762 {1}
14:         Output tree data at t=13.80 Gyr (output 1 of 1)
14:     <- Finished tree
14:     Progress: 3088 trees processed; elapsed 18.50 h
01:         Output tree data at t=13.80 Gyr (output 1 of 1)
01:     <- Finished tree
14:     -> Evolving tree number 6850 {1}
01:     -> Evolving tree number 7055 {1}
53:         Output tree data at t=13.80 Gyr (output 1 of 1)
53:     <- Finished tree
53:     -> Evolving tree number 6875 {1}
17:         Output tree data at t=13.80 Gyr (output 1 of 1)
17:     <- Finished tree
62:         Output tree data at t=13.80 Gyr (output 1 of 1)
62:     <- Finished tree
17:     -> Evolving tree number 6911 {1}
62:     -> Evolving tree number 6802 {1}
31:         Output tree data at t=13.80 Gyr (output 1 of 1)
31:     <- Finished tree
31:     -> Evolving tree number 6769 {1}
04:         Output tree data at t=13.80 Gyr (output 1 of 1)
04:     <- Finished tree
04:     Progress: 3094 trees processed; elapsed 18.53 h
61:         Output tree data at t=13.80 Gyr (output 1 of 1)
61:     <- Finished tree
04:     -> Evolving tree number 6732 {1}
61:     -> Evolving tree number 6931 {1}
49:         Output tree data at t=13.80 Gyr (output 1 of 1)
49:     <- Finished tree
23:         Output tree data at t=13.80 Gyr (output 1 of 1)
23:     <- Finished tree
49:     -> Evolving tree number 6815 {1}
23:     -> Evolving tree number 6969 {1}
63:         Output tree data at t=13.80 Gyr (output 1 of 1)
63:     <- Finished tree
63:     -> Evolving tree number 6929 {1}
15:         Output tree data at t=13.80 Gyr (output 1 of 1)
15:     <- Finished tree
09:         Output tree data at t=13.80 Gyr (output 1 of 1)
09:     <- Finished tree
15:     -> Evolving tree number 7041 {1}
09:     -> Evolving tree number 6791 {1}
18:         Output tree data at t=13.80 Gyr (output 1 of 1)
18:     <- Finished tree
18:     Progress: 3101 trees processed; elapsed 18.56 h
18:     -> Evolving tree number 6910 {1}
32:         Output tree data at t=13.80 Gyr (output 1 of 1)
32:     <- Finished tree
32:     -> Evolving tree number 6896 {1}
36:         Output tree data at t=13.80 Gyr (output 1 of 1)
36:     <- Finished tree
36:     Progress: 3103 trees processed; elapsed 18.58 h
54:         Output tree data at t=13.80 Gyr (output 1 of 1)
54:     <- Finished tree
36:     -> Evolving tree number 6892 {1}
54:     -> Evolving tree number 6810 {1}
07:         Output tree data at t=13.80 Gyr (output 1 of 1)
07:     <- Finished tree
07:     -> Evolving tree number 6857 {1}
59:         Output tree data at t=13.80 Gyr (output 1 of 1)
59:     <- Finished tree
22:         Output tree data at t=13.80 Gyr (output 1 of 1)
#0  0x97ecc7 in signal_handler_sigfpe
	at ./work/build/error/_module.p.F90:472
#1  0x147b1603fb2f in ???
#2  0x22a56ef in node_component_hot_halo_standard_outflowing_mass_rate
	at ./work/build/objects/nodes/components/hot_halo/standard/_class.p.F90:1386
#3  0x20cb924 in __galacticus_nodes_MOD_hothalostandardoutflowingmassrate
	at ./work/build/objects/nodes/_class.p.F90:53304
#4  0x1b6861e in __nodes_operators_MOD_stellarfeedbackdisksdifferentialevolution
	at ./work/build/nodes/operators/physics/stellar_feedback/disks.p.F90:417
#5  0x1abe6d0 in __nodes_operators_MOD_multidifferentialevolution
	at ./work/build/nodes/operators/multi.p.F90:329
#6  0x1abe6d0 in __nodes_operators_MOD_multidifferentialevolution
	at ./work/build/nodes/operators/multi.p.F90:319
#7  0x14fe676 in __merger_trees_evolve_node.mergertreenodeevolverstandard__MOD_standardderivativescompute
	at ./work/build/merger_trees/node_evolver/standard.p.F90:1767
#8  0x14fe9de in __merger_trees_evolve_node.mergertreenodeevolverstandard__MOD_standardodes
	at ./work/build/merger_trees/node_evolver/standard.p.F90:1591
#9  0x1e3a199 in derivativeswrapper
	at ./work/build/numerical/ODE_solver/solver.p.F90:763
#10  0x147b171335bc in rkck_apply
	at ode-initval/rkck.c:299
#11  0x147b17134709 in gsl_odeiv2_step_apply
	at ode-initval2/step.c:73
#12  0x147b17138577 in gsl_odeiv2_evolve_apply
	at ode-initval2/evolve.c:182
#13  0x4128f6 in gsl_odeiv2_driver2_apply
	at source/external/gslODEInitVal2/driver2.c:192
#14  0x1e60f7d in __numerical_ode_solvers_MOD_odesolversolve
	at ./work/build/numerical/ODE_solver/solver.p.F90:641
#15  0x151049d in __merger_trees_evolve_node_MOD_standardevolve
	at ./work/build/merger_trees/node_evolver/standard.p.F90:1326
#16  0x146f8c2 in __merger_trees_evolve_MOD_standardevolve
	at ./work/build/merger_trees/evolver/standard.p.F90:958
#17  0x392f892 in __tasks_MOD_evolveforestsperform._omp_fn.0
	at ./work/build/tasks/evolve_forests/_class.p.F90:1807
#18  0x147b1639270d in gomp_thread_start
	at ../../../libgomp/team.c:129
#19  0x147b1608b568 in ???
#20  0x147b1611075f in ???
#21  0xffffffffffffffff in ???
 Galacticus experienced a floating point exception - will try to flush data before exiting.
  => Error occurred in thread           51
  => Command line was: /home/sackah/Galacticus/galacticus/Galacticus.exe /home/sackah/milkyway/parameter_files/baryonsMilkyWay.xml /home/sackah/milkyway/parameter_files/lmcConstraint.xml
  => The following warnings were issued:
 Using default value for parameter '[errorWaitTime]'
 Using default value for parameter '[componentBlackHole/outputMergers]'
 Using default value for parameter '[componentDisk/toleranceAbsoluteMass]'
 Using default value for parameter '[componentHotHalo/starveSatellitesOutflowed]'
 Using default value for parameter '[componentSpheroid/toleranceRelativeMetallicity]'
 Using default value for parameter '[stellarPopulationSpectraPostprocessorBuilder/names]'
 Using default class for parameter '[stellarPopulationSpectraPostprocessor]'
 Using default class for parameter '[stellarPopulationSpectraPostprocessorBuilder]'
 Using default value for parameter '[task/countForestsMaximum]'
 Using default value for parameter '[mergerTreeConstructor/mergerTreeConstructor/timeSnapTolerance]'
 Using default value for parameter '[mergerTreeBuilder/mergerTreeBuilder/redshiftMaximum]'
 Using default value for parameter '[mergerTreeBranchingProbability/gamma4]'
 Using default value for parameter '[powerSpectrumPrimordial/runningRunning]'
 Using default value for parameter '[transferFunction/transferFunctionType]'
 Using default value for parameter '[cosmologicalMassVariance/integrationFailureIsFatal]'
 Using default value for parameter '[criticalOverdensity/criticalOverdensity/normalization]'
 Using default value for parameter '[criticalOverdensity/haloEnvironment/normalization]'
 Using default value for parameter '[haloEnvironment/massEnvironment]'
 Using default value for parameter '[mergerTreeBuilder/trialCountMaximum]'
 Using default value for parameter '[randomNumberGenerator/ompThreadOffset]'
 Using default value for parameter '[cosmologicalMassVariance/haloMassFunction/rootVarianceLogarithmicGradientTolerance]'
 Using default value for parameter '[criticalOverdensity/haloMassFunction/normalization]'
 Using default value for parameter '[mergerTreeBuildMasses/radiusTree]'
 Using default value for parameter '[virialDensityContrast/tableStore]'
 Using default class for parameter '[darkMatterHaloScale]'
 Using default value for parameter '[nodeOperator/nodeOperator/factorReset]'
 Using default value for parameter '[darkMatterProfileScaleRadius/darkMatterProfileScaleRadius/correlationRateDecay]'
 Using default value for parameter '[darkMatterProfileDMO/chandrasekharIntegralSuppressExtendedMass]'
 Using default value for parameter '[darkMatterProfileDMO/darkMatterProfileDMO/velocityDispersionUseSeriesExpansion]'
 Using default value for parameter '[darkMatterProfileHeating/coefficientSecondOrder2]'
 Using default value for parameter '[darkMatterProfileConcentration/darkMatterProfileScaleRadius/darkMatterProfileScaleRadius/darkMatterProfileScaleRadius/kappa]'
 Using default class for parameter '[satelliteMassBoundInitializor]'
 Using default value for parameter '[satelliteTidalStripping/useDynamicalTimeScale]'
 Using default value for parameter '[satelliteTidalStrippingRadius/efficiencyCentrifugal]'
 Using default class for parameter '[satelliteTidalStrippingRadius]'
 Using default class for parameter '[atomicIonizationRateCollisional]'
 Using default class for parameter '[atomicRecombinationRateRadiative]'
 Using default class for parameter '[atomicCrossSectionIonizationPhoto]'
 Using default value for parameter '[starFormationRateDisks/tolerance]'
 Using default value for parameter '[starFormationRateSurfaceDensityDisks/velocityDispersionDiskGas]'
 Using default value for parameter '[stellarPopulation/instantaneousRecyclingApproximation]'
 Using default value for parameter '[initialMassFunction/massUpper]'
 Using default value for parameter '[stellarAstrophysics/fileName]'
 Using default class for parameter '[stellarAstrophysics]'
 Using default value for parameter '[stellarFeedback/initialMassForSupernovaeTypeII]'
 Using default class for parameter '[supernovaeTypeIa]'
 Using default class for parameter '[supernovaePopulationIII]'
 Using default value for parameter '[stellarTracks/fileName]'
 Using default class for parameter '[stellarTracks]'
 Using default class for parameter '[stellarWinds]'
 Using default class for parameter '[stellarFeedback]'
 Using default value for parameter '[stellarPopulationSpectra/forceZeroMetallicity]'
 Using default value for parameter '[stellarPopulationBroadBandLuminosities/integrationToleranceRelative]'
 Using default class for parameter '[stellarPopulationBroadBandLuminosities]'
 Using default class for parameter '[starFormationHistory]'
 Using default class for parameter '[starFormationActiveMass]'
 Using default value for parameter '[galacticDynamicsBarInstability/nodeOperator/nodeOperator/timescaleMinimum]'
 Using default value for parameter '[darkMatterHaloMassAccretionHistory/formationRedshiftCompute]'
 Using default class for parameter '[darkMatterHaloMassAccretionHistory]'
 Using default value for parameter '[blackHoleAccretionRate/bondiHoyleAccretionEnhancementNuclearStarCluster]'
 Using default value for parameter '[accretionDisks/accretionRateTransitionWidth]'
 Using default value for parameter '[accretionDisksADAF/accretionDisks/fieldEnhancementOption]'
 Using default class for parameter '[blackHoleBinarySeparationGrowthRate]'
 Using default class for parameter '[chemicalState]'
 Using default class for parameter '[accretionHaloTotal]'
 Using default value for parameter '[accretionHalo/redshiftReionization]'
 Using default value for parameter '[intergalacticMediumFilteringMass/timeTooEarlyIsFatal]'
 Using default class for parameter '[coolingInfallRadius]'
 Using default value for parameter '[coolingSpecificAngularMomentum/useInteriorMean]'
 Using default value for parameter '[hotHaloRamPressureStripping/formFactor]'
 Using default value for parameter '[galacticFilter/nodeOperator/nodeOperator/branchOnly]'
 Using default class for parameter '[mergerTreeFilter]'
 Using default class for parameter '[mergerTreeOperator]'
 Using default class for parameter '[metaTreeProcessingTime]'
 Using default class for parameter '[universeOperator]'
 Using default value for parameter '[mergerTreeEvolver/allTreesExistAtFinalTime]'
 Using default value for parameter '[galacticStructureSolver/includeBaryonGravity]'
 Using default value for parameter '[mergerTreeNodeEvolver/odeJacobianStepSizeRelative]'
 Using default class for parameter '[mergerTreeEvolveProfiler]'
 Using default class for parameter '[mergerTreeInitializor]'
 Using default value for parameter '[mergerTreeOutputter/outputsGroupName]'
 Using default class for parameter '[galacticFilter]'
 Using default value for parameter '[blackHoleSeeds/mass]'
 Using default class for parameter '[blackHoleSeeds]'
 Using default class for parameter '[blackHoleBinaryRecoil]'
 Using default value for parameter '[blackHoleBinaryInitialSeparation/spheroidRadiusFraction]'
 Using default class for parameter '[blackHoleBinaryInitialSeparation]'
 Using default value for parameter '[darkMatterProfile/radiusFractionalPivot]'
 Using default value for parameter '[mergerMassMovements/destinationStarsMinorMerger]'
 Using default value for parameter '[massDistributionDisk/componentDisk/scaleHeight]'
 Using default value for parameter '[hotHaloMassDistribution/beta]'
 Using default value for parameter '[mergerRemnantSize/ignoreUnphysicalConditions]'
 Using default class for parameter '[mergerProgenitorProperties]'
 Using default value for parameter '[massDistributionSpheroid/componentSpheroid/densityNormalization]'
 Using default value for parameter '[blackHoleSeeds/mass]'
 Using default value for parameter '[blackHoleBinaryInitialSeparation/spheroidRadiusFraction]'
 Using default value for parameter '[darkMatterProfile/radiusFractionalPivot]'
 Using default value for parameter '[mergerMassMovements/destinationStarsMinorMerger]'
 Using default value for parameter '[massDistributionDisk/componentDisk/scaleHeight]'
 Using default value for parameter '[hotHaloMassDistribution/beta]'
 Using default value for parameter '[mergerRemnantSize/ignoreUnphysicalConditions]'
 Using default value for parameter '[massDistributionSpheroid/componentSpheroid/densityNormalization]'
 Using default value for parameter '[blackHoleSeeds/mass]'
 Using default value for parameter '[blackHoleBinaryInitialSeparation/spheroidRadiusFraction]'
 Using default value for parameter '[darkMatterProfile/radiusFractionalPivot]'
 Using default value for parameter '[mergerMassMovements/destinationStarsMinorMerger]'
 Using default value for parameter '[massDistributionDisk/componentDisk/scaleHeight]'
 Using default value for parameter '[hotHaloMassDistribution/beta]'
 Using default value for parameter '[mergerRemnantSize/ignoreUnphysicalConditions]'
 Using default value for parameter '[massDistributionSpheroid/componentSpheroid/densityNormalization]'
 Using default value for parameter '[blackHoleSeeds/mass]'
 Using default value for parameter '[blackHoleBinaryInitialSeparation/spheroidRadiusFraction]'
 Using default value for parameter '[darkMatterProfile/radiusFractionalPivot]'
 Using default value for parameter '[mergerMassMovements/destinationStarsMinorMerger]'
 Using default value for parameter '[massDistributionDisk/componentDisk/scaleHeight]'
 Using default value for parameter '[hotHaloMassDistribution/beta]'
 Using default value for parameter '[mergerRemnantSize/ignoreUnphysicalConditions]'
 Using default value for parameter '[massDistributionSpheroid/componentSpheroid/densityNormalization]'
 Using default value for parameter '[blackHoleSeeds/mass]'
 Using default value for parameter '[blackHoleBinaryInitialSeparation/spheroidRadiusFraction]'
 Using default value for parameter '[darkMatterProfile/radiusFractionalPivot]'
 Using default value for parameter '[mergerMassMovements/destinationStarsMinorMerger]'
 Using default value for parameter '[massDistributionDisk/componentDisk/scaleHeight]'
 Using default value for parameter '[hotHaloMassDistribution/beta]'
 Using default value for parameter '[mergerRemnantSize/ignoreUnphysicalConditions]'
 Using default value for parameter '[massDistributionSpheroid/componentSpheroid/densityNormalization]'
 Using default value for parameter '[blackHoleSeeds/mass]'
 Using default value for parameter '[blackHoleBinaryInitialSeparation/spheroidRadiusFraction]'
 Using default value for parameter '[darkMatterProfile/radiusFractionalPivot]'
 Using default value for parameter '[mergerMassMovements/destinationStarsMinorMerger]'
 Using default value for parameter '[massDistributionDisk/componentDisk/scaleHeight]'
 Using default value for parameter '[hotHaloMassDistribution/beta]'
 Using default value for parameter '[mergerRemnantSize/ignoreUnphysicalConditions]'
 Using default value for parameter '[massDistributionSpheroid/componentSpheroid/densityNormalization]'
 Using default value for parameter '[blackHoleSeeds/mass]'
 Using default value for parameter '[blackHoleBinaryInitialSeparation/spheroidRadiusFraction]'
 Using default value for parameter '[darkMatterProfile/radiusFractionalPivot]'
 Using default value for parameter '[mergerMassMovements/destinationStarsMinorMerger]'
 Using default value for parameter '[massDistributionDisk/componentDisk/scaleHeight]'
 Using default value for parameter '[hotHaloMassDistribution/beta]'
 Using default value for parameter '[mergerRemnantSize/ignoreUnphysicalConditions]'
 Using default value for parameter '[massDistributionSpheroid/componentSpheroid/densityNormalization]'
 Using default value for parameter '[blackHoleSeeds/mass]'
 Using default value for parameter '[blackHoleBinaryInitialSeparation/spheroidRadiusFraction]'
 Using default value for parameter '[darkMatterProfile/radiusFractionalPivot]'
 Using default value for parameter '[mergerMassMovements/destinationStarsMinorMerger]'
 Using default value for parameter '[massDistributionDisk/componentDisk/scaleHeight]'
 Using default value for parameter '[hotHaloMassDistribution/beta]'
 Using default value for parameter '[mergerRemnantSize/ignoreUnphysicalConditions]'
 Using default value for parameter '[massDistributionSpheroid/componentSpheroid/densityNormalization]'
 Using default value for parameter '[blackHoleSeeds/mass]'
 Using default value for parameter '[blackHoleBinaryInitialSeparation/spheroidRadiusFraction]'
 Using default value for parameter '[darkMatterProfile/radiusFractionalPivot]'
 Using default value for parameter '[mergerMassMovements/destinationStarsMinorMerger]'
 Using default value for parameter '[massDistributionDisk/componentDisk/scaleHeight]'
 Using default value for parameter '[hotHaloMassDistribution/beta]'
 Using default value for parameter '[mergerRemnantSize/ignoreUnphysicalConditions]'
 Using default value for parameter '[massDistributionSpheroid/componentSpheroid/densityNormalization]'
 Using default value for parameter '[blackHoleSeeds/mass]'
 Using default value for parameter '[blackHoleBinaryInitialSeparation/spheroidRadiusFraction]'
 Using default value for parameter '[darkMatterProfile/radiusFractionalPivot]'
 Using default value for parameter '[mergerMassMovements/destinationStarsMinorMerger]'
 Using default value for parameter '[massDistributionDisk/componentDisk/scaleHeight]'
 Using default value for parameter '[hotHaloMassDistribution/beta]'
 Using default value for parameter '[mergerRemnantSize/ignoreUnphysicalConditions]'
 Using default value for parameter '[massDistributionSpheroid/componentSpheroid/densityNormalization]'
 Using default value for parameter '[blackHoleSeeds/mass]'
 Using default value for parameter '[blackHoleBinaryInitialSeparation/spheroidRadiusFraction]'
 Using default value for parameter '[darkMatterProfile/radiusFractionalPivot]'
 Using default value for parameter '[mergerMassMovements/destinationStarsMinorMerger]'
 Using default value for parameter '[massDistributionDisk/componentDisk/scaleHeight]'
 Using default value for parameter '[hotHaloMassDistribution/beta]'
 Using default value for parameter '[mergerRemnantSize/ignoreUnphysicalConditions]'
 Using default value for parameter '[massDistributionSpheroid/componentSpheroid/densityNormalization]'
 Using default value for parameter '[blackHoleSeeds/mass]'
 Using default value for parameter '[blackHoleBinaryInitialSeparation/spheroidRadiusFraction]'
 Using default value for parameter '[darkMatterProfile/radiusFractionalPivot]'
 Using default value for parameter '[mergerMassMovements/destinationStarsMinorMerger]'
 Using default value for parameter '[massDistributionDisk/componentDisk/scaleHeight]'
 Using default value for parameter '[hotHaloMassDistribution/beta]'
 Using default value for parameter '[mergerRemnantSize/ignoreUnphysicalConditions]'
 Using default value for parameter '[massDistributionSpheroid/componentSpheroid/densityNormalization]'
 Using default value for parameter '[blackHoleSeeds/mass]'
 Using default value for parameter '[blackHoleBinaryInitialSeparation/spheroidRadiusFraction]'
 Using default value for parameter '[darkMatterProfile/radiusFractionalPivot]'
 Using default value for parameter '[mergerMassMovements/destinationStarsMinorMerger]'
 Using default value for parameter '[massDistributionDisk/componentDisk/scaleHeight]'
 Using default value for parameter '[hotHaloMassDistribution/beta]'
 Using default value for parameter '[mergerRemnantSize/ignoreUnphysicalConditions]'
 Using default value for parameter '[massDistributionSpheroid/componentSpheroid/densityNormalization]'
 Using default value for parameter '[blackHoleSeeds/mass]'
 Using default value for parameter '[blackHoleBinaryInitialSeparation/spheroidRadiusFraction]'
 Using default value for parameter '[darkMatterProfile/radiusFractionalPivot]'
 Using default value for parameter '[mergerMassMovements/destinationStarsMinorMerger]'
 Using default value for parameter '[massDistributionDisk/componentDisk/scaleHeight]'
 Using default value for parameter '[hotHaloMassDistribution/beta]'
 Using default value for parameter '[mergerRemnantSize/ignoreUnphysicalConditions]'
 Using default value for parameter '[massDistributionSpheroid/componentSpheroid/densityNormalization]'
 Using default value for parameter '[blackHoleSeeds/mass]'
 Using default value for parameter '[blackHoleBinaryInitialSeparation/spheroidRadiusFraction]'
 Using default value for parameter '[darkMatterProfile/radiusFractionalPivot]'
 Using default value for parameter '[mergerMassMovements/destinationStarsMinorMerger]'
 Using default value for parameter '[massDistributionDisk/componentDisk/scaleHeight]'
 Using default value for parameter '[hotHaloMassDistribution/beta]'
 Using default value for parameter '[mergerRemnantSize/ignoreUnphysicalConditions]'
 Using default value for parameter '[massDistributionSpheroid/componentSpheroid/densityNormalization]'
 Using default value for parameter '[blackHoleSeeds/mass]'
 Using default value for parameter '[blackHoleBinaryInitialSeparation/spheroidRadiusFraction]'
 Using default value for parameter '[darkMatterProfile/radiusFractionalPivot]'
 Using default value for parameter '[mergerMassMovements/destinationStarsMinorMerger]'
 Using default value for parameter '[massDistributionDisk/componentDisk/scaleHeight]'
 Using default value for parameter '[hotHaloMassDistribution/beta]'
 Using default value for parameter '[mergerRemnantSize/ignoreUnphysicalConditions]'
 Using default value for parameter '[massDistributionSpheroid/componentSpheroid/densityNormalization]'
 Using default value for parameter '[blackHoleSeeds/mass]'
 Using default value for parameter '[blackHoleBinaryInitialSeparation/spheroidRadiusFraction]'
 Using default value for parameter '[darkMatterProfile/radiusFractionalPivot]'
 Using default value for parameter '[mergerMassMovements/destinationStarsMinorMerger]'
 Using default value for parameter '[massDistributionDisk/componentDisk/scaleHeight]'
 Using default value for parameter '[hotHaloMassDistribution/beta]'
 Using default value for parameter '[mergerRemnantSize/ignoreUnphysicalConditions]'
 Using default value for parameter '[massDistributionSpheroid/componentSpheroid/densityNormalization]'
 Using default value for parameter '[blackHoleSeeds/mass]'
 Using default value for parameter '[blackHoleBinaryInitialSeparation/spheroidRadiusFraction]'
 Using default value for parameter '[darkMatterProfile/radiusFractionalPivot]'
 Using default value for parameter '[mergerMassMovements/destinationStarsMinorMerger]'
 Using default value for parameter '[massDistributionDisk/componentDisk/scaleHeight]'
 Using default value for parameter '[hotHaloMassDistribution/beta]'
 Using default value for parameter '[mergerRemnantSize/ignoreUnphysicalConditions]'
 Using default value for parameter '[massDistributionSpheroid/componentSpheroid/densityNormalization]'
 Using default value for parameter '[blackHoleSeeds/mass]'
 Using default value for parameter '[blackHoleBinaryInitialSeparation/spheroidRadiusFraction]'
 Using default value for parameter '[darkMatterProfile/radiusFractionalPivot]'
 Using default value for parameter '[mergerMassMovements/destinationStarsMinorMerger]'
 Using default value for parameter '[massDistributionDisk/componentDisk/scaleHeight]'
 Using default value for parameter '[hotHaloMassDistribution/beta]'
 Using default value for parameter '[mergerRemnantSize/ignoreUnphysicalConditions]'
 Using default value for parameter '[massDistributionSpheroid/componentSpheroid/densityNormalization]'
 Using default value for parameter '[blackHoleSeeds/mass]'
 Using default value for parameter '[blackHoleBinaryInitialSeparation/spheroidRadiusFraction]'
 Using default value for parameter '[darkMatterProfile/radiusFractionalPivot]'
 Using default value for parameter '[mergerMassMovements/destinationStarsMinorMerger]'
 Using default value for parameter '[massDistributionDisk/componentDisk/scaleHeight]'
 Using default value for parameter '[hotHaloMassDistribution/beta]'
 Using default value for parameter '[mergerRemnantSize/ignoreUnphysicalConditions]'
 Using default value for parameter '[massDistributionSpheroid/componentSpheroid/densityNormalization]'
 Using default value for parameter '[blackHoleSeeds/mass]'
 Using default value for parameter '[blackHoleBinaryInitialSeparation/spheroidRadiusFraction]'
 Using default value for parameter '[darkMatterProfile/radiusFractionalPivot]'
 Using default value for parameter '[mergerMassMovements/destinationStarsMinorMerger]'
 Using default value for parameter '[massDistributionDisk/componentDisk/scaleHeight]'
 Using default value for parameter '[hotHaloMassDistribution/beta]'
 Using default value for parameter '[mergerRemnantSize/ignoreUnphysicalConditions]'
 Using default value for parameter '[massDistributionSpheroid/componentSpheroid/densityNormalization]'
 Using default value for parameter '[blackHoleSeeds/mass]'
 Using default value for parameter '[blackHoleBinaryInitialSeparation/spheroidRadiusFraction]'
 Using default value for parameter '[darkMatterProfile/radiusFractionalPivot]'
 Using default value for parameter '[mergerMassMovements/destinationStarsMinorMerger]'
 Using default value for parameter '[massDistributionDisk/componentDisk/scaleHeight]'
 Using default value for parameter '[hotHaloMassDistribution/beta]'
 Using default value for parameter '[mergerRemnantSize/ignoreUnphysicalConditions]'
 Using default value for parameter '[massDistributionSpheroid/componentSpheroid/densityNormalization]'
 Using default value for parameter '[blackHoleSeeds/mass]'
 Using default value for parameter '[blackHoleBinaryInitialSeparation/spheroidRadiusFraction]'
 Using default value for parameter '[darkMatterProfile/radiusFractionalPivot]'
 Using default value for parameter '[mergerMassMovements/destinationStarsMinorMerger]'
 Using default value for parameter '[massDistributionDisk/componentDisk/scaleHeight]'
 Using default value for parameter '[hotHaloMassDistribution/beta]'
 Using default value for parameter '[mergerRemnantSize/ignoreUnphysicalConditions]'
 Using default value for parameter '[massDistributionSpheroid/componentSpheroid/densityNormalization]'
 Using default value for parameter '[blackHoleSeeds/mass]'
 Using default value for parameter '[blackHoleBinaryInitialSeparation/spheroidRadiusFraction]'
 Using default value for parameter '[darkMatterProfile/radiusFractionalPivot]'
 Using default value for parameter '[mergerMassMovements/destinationStarsMinorMerger]'
 Using default value for parameter '[massDistributionDisk/componentDisk/scaleHeight]'
 Using default value for parameter '[hotHaloMassDistribution/beta]'
 Using default value for parameter '[mergerRemnantSize/ignoreUnphysicalConditions]'
 Using default value for parameter '[massDistributionSpheroid/componentSpheroid/densityNormalization]'
 Using default value for parameter '[blackHoleSeeds/mass]'
 Using default value for parameter '[blackHoleBinaryInitialSeparation/spheroidRadiusFraction]'
 Using default value for parameter '[darkMatterProfile/radiusFractionalPivot]'
 Using default value for parameter '[mergerMassMovements/destinationStarsMinorMerger]'
 Using default value for parameter '[massDistributionDisk/componentDisk/scaleHeight]'
 Using default value for parameter '[hotHaloMassDistribution/beta]'
 Using default value for parameter '[mergerRemnantSize/ignoreUnphysicalConditions]'
 Using default value for parameter '[massDistributionSpheroid/componentSpheroid/densityNormalization]'
 Using default value for parameter '[blackHoleSeeds/mass]'
 Using default value for parameter '[blackHoleBinaryInitialSeparation/spheroidRadiusFraction]'
 Using default value for parameter '[darkMatterProfile/radiusFractionalPivot]'
 Using default value for parameter '[mergerMassMovements/destinationStarsMinorMerger]'
 Using default value for parameter '[massDistributionDisk/componentDisk/scaleHeight]'
 Using default value for parameter '[hotHaloMassDistribution/beta]'
 Using default value for parameter '[mergerRemnantSize/ignoreUnphysicalConditions]'
 Using default value for parameter '[massDistributionSpheroid/componentSpheroid/densityNormalization]'
 Using default value for parameter '[blackHoleSeeds/mass]'
 Using default value for parameter '[blackHoleBinaryInitialSeparation/spheroidRadiusFraction]'
 Using default value for parameter '[darkMatterProfile/radiusFractionalPivot]'
 Using default value for parameter '[mergerMassMovements/destinationStarsMinorMerger]'
 Using default value for parameter '[massDistributionDisk/componentDisk/scaleHeight]'
 Using default value for parameter '[hotHaloMassDistribution/beta]'
 Using default value for parameter '[mergerRemnantSize/ignoreUnphysicalConditions]'
 Using default value for parameter '[massDistributionSpheroid/componentSpheroid/densityNormalization]'
 Using default value for parameter '[blackHoleSeeds/mass]'
 Using default value for parameter '[blackHoleBinaryInitialSeparation/spheroidRadiusFraction]'
 Using default value for parameter '[darkMatterProfile/radiusFractionalPivot]'
 Using default value for parameter '[mergerMassMovements/destinationStarsMinorMerger]'
 Using default value for parameter '[massDistributionDisk/componentDisk/scaleHeight]'
 Using default value for parameter '[hotHaloMassDistribution/beta]'
 Using default value for parameter '[mergerRemnantSize/ignoreUnphysicalConditions]'
 Using default value for parameter '[massDistributionSpheroid/componentSpheroid/densityNormalization]'
 Using default value for parameter '[blackHoleSeeds/mass]'
 Using default value for parameter '[blackHoleBinaryInitialSeparation/spheroidRadiusFraction]'
 Using default value for parameter '[darkMatterProfile/radiusFractionalPivot]'
 Using default value for parameter '[mergerMassMovements/destinationStarsMinorMerger]'
 Using default value for parameter '[massDistributionDisk/componentDisk/scaleHeight]'
 Using default value for parameter '[hotHaloMassDistribution/beta]'
 Using default value for parameter '[mergerRemnantSize/ignoreUnphysicalConditions]'
 Using default value for parameter '[massDistributionSpheroid/componentSpheroid/densityNormalization]'
 Using default value for parameter '[blackHoleSeeds/mass]'
 Using default value for parameter '[blackHoleBinaryInitialSeparation/spheroidRadiusFraction]'
 Using default value for parameter '[darkMatterProfile/radiusFractionalPivot]'
 Using default value for parameter '[mergerMassMovements/destinationStarsMinorMerger]'
 Using default value for parameter '[massDistributionDisk/componentDisk/scaleHeight]'
 Using default value for parameter '[hotHaloMassDistribution/beta]'
 Using default value for parameter '[mergerRemnantSize/ignoreUnphysicalConditions]'
 Using default value for parameter '[massDistributionSpheroid/componentSpheroid/densityNormalization]'
 Using default value for parameter '[blackHoleSeeds/mass]'
 Using default value for parameter '[blackHoleBinaryInitialSeparation/spheroidRadiusFraction]'
 Using default value for parameter '[darkMatterProfile/radiusFractionalPivot]'
 Using default value for parameter '[mergerMassMovements/destinationStarsMinorMerger]'
 Using default value for parameter '[massDistributionDisk/componentDisk/scaleHeight]'
 Using default value for parameter '[hotHaloMassDistribution/beta]'
 Using default value for parameter '[mergerRemnantSize/ignoreUnphysicalConditions]'
 Using default value for parameter '[massDistributionSpheroid/componentSpheroid/densityNormalization]'
 Using default value for parameter '[blackHoleSeeds/mass]'
 Using default value for parameter '[blackHoleBinaryInitialSeparation/spheroidRadiusFraction]'
 Using default value for parameter '[darkMatterProfile/radiusFractionalPivot]'
 Using default value for parameter '[mergerMassMovements/destinationStarsMinorMerger]'
 Using default value for parameter '[massDistributionDisk/componentDisk/scaleHeight]'
 Using default value for parameter '[hotHaloMassDistribution/beta]'
 Using default value for parameter '[mergerRemnantSize/ignoreUnphysicalConditions]'
 Using default value for parameter '[massDistributionSpheroid/componentSpheroid/densityNormalization]'
 Using default value for parameter '[blackHoleSeeds/mass]'
 Using default value for parameter '[blackHoleBinaryInitialSeparation/spheroidRadiusFraction]'
 Using default value for parameter '[darkMatterProfile/radiusFractionalPivot]'
 Using default value for parameter '[mergerMassMovements/destinationStarsMinorMerger]'
 Using default value for parameter '[massDistributionDisk/componentDisk/scaleHeight]'
 Using default value for parameter '[hotHaloMassDistribution/beta]'
 Using default value for parameter '[mergerRemnantSize/ignoreUnphysicalConditions]'
 Using default value for parameter '[massDistributionSpheroid/componentSpheroid/densityNormalization]'
 Using default value for parameter '[blackHoleSeeds/mass]'
 Using default value for parameter '[blackHoleBinaryInitialSeparation/spheroidRadiusFraction]'
 Using default value for parameter '[darkMatterProfile/radiusFractionalPivot]'
 Using default value for parameter '[mergerMassMovements/destinationStarsMinorMerger]'
 Using default value for parameter '[massDistributionDisk/componentDisk/scaleHeight]'
 Using default value for parameter '[hotHaloMassDistribution/beta]'
 Using default value for parameter '[mergerRemnantSize/ignoreUnphysicalConditions]'
 Using default value for parameter '[massDistributionSpheroid/componentSpheroid/densityNormalization]'
 Using default value for parameter '[blackHoleSeeds/mass]'
 Using default value for parameter '[blackHoleBinaryInitialSeparation/spheroidRadiusFraction]'
 Using default value for parameter '[darkMatterProfile/radiusFractionalPivot]'
 Using default value for parameter '[mergerMassMovements/destinationStarsMinorMerger]'
 Using default value for parameter '[massDistributionDisk/componentDisk/scaleHeight]'
 Using default value for parameter '[hotHaloMassDistribution/beta]'
 Using default value for parameter '[mergerRemnantSize/ignoreUnphysicalConditions]'
 Using default value for parameter '[massDistributionSpheroid/componentSpheroid/densityNormalization]'
 Using default value for parameter '[blackHoleSeeds/mass]'
 Using default value for parameter '[blackHoleBinaryInitialSeparation/spheroidRadiusFraction]'
 Using default value for parameter '[darkMatterProfile/radiusFractionalPivot]'
 Using default value for parameter '[mergerMassMovements/destinationStarsMinorMerger]'
 Using default value for parameter '[massDistributionDisk/componentDisk/scaleHeight]'
 Using default value for parameter '[hotHaloMassDistribution/beta]'
 Using default value for parameter '[mergerRemnantSize/ignoreUnphysicalConditions]'
 Using default value for parameter '[massDistributionSpheroid/componentSpheroid/densityNormalization]'
 Using default value for parameter '[blackHoleSeeds/mass]'
 Using default value for parameter '[blackHoleBinaryInitialSeparation/spheroidRadiusFraction]'
 Using default value for parameter '[darkMatterProfile/radiusFractionalPivot]'
 Using default value for parameter '[mergerMassMovements/destinationStarsMinorMerger]'
 Using default value for parameter '[massDistributionDisk/componentDisk/scaleHeight]'
 Using default value for parameter '[hotHaloMassDistribution/beta]'
 Using default value for parameter '[mergerRemnantSize/ignoreUnphysicalConditions]'
 Using default value for parameter '[massDistributionSpheroid/componentSpheroid/densityNormalization]'
 Using default value for parameter '[blackHoleSeeds/mass]'
 Using default value for parameter '[blackHoleBinaryInitialSeparation/spheroidRadiusFraction]'
 Using default value for parameter '[darkMatterProfile/radiusFractionalPivot]'
 Using default value for parameter '[mergerMassMovements/destinationStarsMinorMerger]'
 Using default value for parameter '[massDistributionDisk/componentDisk/scaleHeight]'
 Using default value for parameter '[hotHaloMassDistribution/beta]'
 Using default value for parameter '[mergerRemnantSize/ignoreUnphysicalConditions]'
 Using default value for parameter '[massDistributionSpheroid/componentSpheroid/densityNormalization]'
 Using default value for parameter '[blackHoleSeeds/mass]'
 Using default value for parameter '[blackHoleBinaryInitialSeparation/spheroidRadiusFraction]'
 Using default value for parameter '[darkMatterProfile/radiusFractionalPivot]'
 Using default value for parameter '[mergerMassMovements/destinationStarsMinorMerger]'
 Using default value for parameter '[massDistributionDisk/componentDisk/scaleHeight]'
 Using default value for parameter '[hotHaloMassDistribution/beta]'
 Using default value for parameter '[mergerRemnantSize/ignoreUnphysicalConditions]'
 Using default value for parameter '[massDistributionSpheroid/componentSpheroid/densityNormalization]'
 Using default value for parameter '[blackHoleSeeds/mass]'
 Using default value for parameter '[blackHoleBinaryInitialSeparation/spheroidRadiusFraction]'
 Using default value for parameter '[darkMatterProfile/radiusFractionalPivot]'
 Using default value for parameter '[mergerMassMovements/destinationStarsMinorMerger]'
 Using default value for parameter '[massDistributionDisk/componentDisk/scaleHeight]'
 Using default value for parameter '[hotHaloMassDistribution/beta]'
 Using default value for parameter '[mergerRemnantSize/ignoreUnphysicalConditions]'
 Using default value for parameter '[massDistributionSpheroid/componentSpheroid/densityNormalization]'
 Using default value for parameter '[blackHoleSeeds/mass]'
 Using default value for parameter '[blackHoleBinaryInitialSeparation/spheroidRadiusFraction]'
 Using default value for parameter '[darkMatterProfile/radiusFractionalPivot]'
 Using default value for parameter '[mergerMassMovements/destinationStarsMinorMerger]'
 Using default value for parameter '[massDistributionDisk/componentDisk/scaleHeight]'
 Using default value for parameter '[hotHaloMassDistribution/beta]'
 Using default value for parameter '[mergerRemnantSize/ignoreUnphysicalConditions]'
 Using default value for parameter '[massDistributionSpheroid/componentSpheroid/densityNormalization]'
 Using default value for parameter '[blackHoleSeeds/mass]'
 Using default value for parameter '[blackHoleBinaryInitialSeparation/spheroidRadiusFraction]'
 Using default value for parameter '[darkMatterProfile/radiusFractionalPivot]'
 Using default value for parameter '[mergerMassMovements/destinationStarsMinorMerger]'
 Using default value for parameter '[massDistributionDisk/componentDisk/scaleHeight]'
 Using default value for parameter '[hotHaloMassDistribution/beta]'
 Using default value for parameter '[mergerRemnantSize/ignoreUnphysicalConditions]'
 Using default value for parameter '[massDistributionSpheroid/componentSpheroid/densityNormalization]'
 Using default value for parameter '[blackHoleSeeds/mass]'
 Using default value for parameter '[blackHoleBinaryInitialSeparation/spheroidRadiusFraction]'
 Using default value for parameter '[darkMatterProfile/radiusFractionalPivot]'
 Using default value for parameter '[mergerMassMovements/destinationStarsMinorMerger]'
 Using default value for parameter '[massDistributionDisk/componentDisk/scaleHeight]'
 Using default value for parameter '[hotHaloMassDistribution/beta]'
 Using default value for parameter '[mergerRemnantSize/ignoreUnphysicalConditions]'
 Using default value for parameter '[massDistributionSpheroid/componentSpheroid/densityNormalization]'
 Using default value for parameter '[blackHoleSeeds/mass]'
 Using default value for parameter '[blackHoleBinaryInitialSeparation/spheroidRadiusFraction]'
 Using default value for parameter '[darkMatterProfile/radiusFractionalPivot]'
 Using default value for parameter '[mergerMassMovements/destinationStarsMinorMerger]'
 Using default value for parameter '[massDistributionDisk/componentDisk/scaleHeight]'
 Using default value for parameter '[hotHaloMassDistribution/beta]'
 Using default value for parameter '[mergerRemnantSize/ignoreUnphysicalConditions]'
 Using default value for parameter '[massDistributionSpheroid/componentSpheroid/densityNormalization]'
 Using default value for parameter '[blackHoleSeeds/mass]'
 Using default value for parameter '[blackHoleBinaryInitialSeparation/spheroidRadiusFraction]'
 Using default value for parameter '[darkMatterProfile/radiusFractionalPivot]'
 Using default value for parameter '[mergerMassMovements/destinationStarsMinorMerger]'
 Using default value for parameter '[massDistributionDisk/componentDisk/scaleHeight]'
 Using default value for parameter '[hotHaloMassDistribution/beta]'
 Using default value for parameter '[mergerRemnantSize/ignoreUnphysicalConditions]'
 Using default value for parameter '[massDistributionSpheroid/componentSpheroid/densityNormalization]'
 Using default value for parameter '[blackHoleSeeds/mass]'
 Using default value for parameter '[blackHoleBinaryInitialSeparation/spheroidRadiusFraction]'
 Using default value for parameter '[darkMatterProfile/radiusFractionalPivot]'
 Using default value for parameter '[mergerMassMovements/destinationStarsMinorMerger]'
 Using default value for parameter '[massDistributionDisk/componentDisk/scaleHeight]'
 Using default value for parameter '[hotHaloMassDistribution/beta]'
 Using default value for parameter '[mergerRemnantSize/ignoreUnphysicalConditions]'
 Using default value for parameter '[massDistributionSpheroid/componentSpheroid/densityNormalization]'
 Using default value for parameter '[blackHoleSeeds/mass]'
 Using default value for parameter '[blackHoleBinaryInitialSeparation/spheroidRadiusFraction]'
 Using default value for parameter '[darkMatterProfile/radiusFractionalPivot]'
 Using default value for parameter '[mergerMassMovements/destinationStarsMinorMerger]'
 Using default value for parameter '[massDistributionDisk/componentDisk/scaleHeight]'
 Using default value for parameter '[hotHaloMassDistribution/beta]'
 Using default value for parameter '[mergerRemnantSize/ignoreUnphysicalConditions]'
 Using default value for parameter '[massDistributionSpheroid/componentSpheroid/densityNormalization]'
 Using default value for parameter '[blackHoleSeeds/mass]'
 Using default value for parameter '[blackHoleBinaryInitialSeparation/spheroidRadiusFraction]'
 Using default value for parameter '[darkMatterProfile/radiusFractionalPivot]'
 Using default value for parameter '[mergerMassMovements/destinationStarsMinorMerger]'
 Using default value for parameter '[massDistributionDisk/componentDisk/scaleHeight]'
 Using default value for parameter '[hotHaloMassDistribution/beta]'
 Using default value for parameter '[mergerRemnantSize/ignoreUnphysicalConditions]'
 Using default value for parameter '[massDistributionSpheroid/componentSpheroid/densityNormalization]'
 Using default value for parameter '[blackHoleSeeds/mass]'
 Using default value for parameter '[blackHoleBinaryInitialSeparation/spheroidRadiusFraction]'
 Using default value for parameter '[darkMatterProfile/radiusFractionalPivot]'
 Using default value for parameter '[mergerMassMovements/destinationStarsMinorMerger]'
 Using default value for parameter '[massDistributionDisk/componentDisk/scaleHeight]'
 Using default value for parameter '[hotHaloMassDistribution/beta]'
 Using default value for parameter '[mergerRemnantSize/ignoreUnphysicalConditions]'
 Using default value for parameter '[massDistributionSpheroid/componentSpheroid/densityNormalization]'
 Using default value for parameter '[blackHoleSeeds/mass]'
 Using default value for parameter '[blackHoleBinaryInitialSeparation/spheroidRadiusFraction]'
 Using default value for parameter '[darkMatterProfile/radiusFractionalPivot]'
 Using default value for parameter '[mergerMassMovements/destinationStarsMinorMerger]'
 Using default value for parameter '[massDistributionDisk/componentDisk/scaleHeight]'
 Using default value for parameter '[hotHaloMassDistribution/beta]'
 Using default value for parameter '[mergerRemnantSize/ignoreUnphysicalConditions]'
 Using default value for parameter '[massDistributionSpheroid/componentSpheroid/densityNormalization]'
 Using default value for parameter '[blackHoleSeeds/mass]'
 Using default value for parameter '[blackHoleBinaryInitialSeparation/spheroidRadiusFraction]'
 Using default value for parameter '[darkMatterProfile/radiusFractionalPivot]'
 Using default value for parameter '[mergerMassMovements/destinationStarsMinorMerger]'
 Using default value for parameter '[massDistributionDisk/componentDisk/scaleHeight]'
 Using default value for parameter '[hotHaloMassDistribution/beta]'
 Using default value for parameter '[mergerRemnantSize/ignoreUnphysicalConditions]'
 Using default value for parameter '[massDistributionSpheroid/componentSpheroid/densityNormalization]'
 Using default value for parameter '[blackHoleSeeds/mass]'
 Using default value for parameter '[blackHoleBinaryInitialSeparation/spheroidRadiusFraction]'
 Using default value for parameter '[darkMatterProfile/radiusFractionalPivot]'
 Using default value for parameter '[mergerMassMovements/destinationStarsMinorMerger]'
 Using default value for parameter '[massDistributionDisk/componentDisk/scaleHeight]'
 Using default value for parameter '[hotHaloMassDistribution/beta]'
 Using default value for parameter '[mergerRemnantSize/ignoreUnphysicalConditions]'
 Using default value for parameter '[massDistributionSpheroid/componentSpheroid/densityNormalization]'
 Using default value for parameter '[blackHoleSeeds/mass]'
 Using default value for parameter '[blackHoleBinaryInitialSeparation/spheroidRadiusFraction]'
 Using default value for parameter '[darkMatterProfile/radiusFractionalPivot]'
 Using default value for parameter '[mergerMassMovements/destinationStarsMinorMerger]'
 Using default value for parameter '[massDistributionDisk/componentDisk/scaleHeight]'
 Using default value for parameter '[hotHaloMassDistribution/beta]'
 Using default value for parameter '[mergerRemnantSize/ignoreUnphysicalConditions]'
 Using default value for parameter '[massDistributionSpheroid/componentSpheroid/densityNormalization]'
 Using default value for parameter '[blackHoleSeeds/mass]'
 Using default value for parameter '[blackHoleBinaryInitialSeparation/spheroidRadiusFraction]'
 Using default value for parameter '[darkMatterProfile/radiusFractionalPivot]'
 Using default value for parameter '[mergerMassMovements/destinationStarsMinorMerger]'
 Using default value for parameter '[massDistributionDisk/componentDisk/scaleHeight]'
 Using default value for parameter '[hotHaloMassDistribution/beta]'
 Using default value for parameter '[mergerRemnantSize/ignoreUnphysicalConditions]'
 Using default value for parameter '[massDistributionSpheroid/componentSpheroid/densityNormalization]'
 Using default value for parameter '[blackHoleSeeds/mass]'
 Using default value for parameter '[blackHoleBinaryInitialSeparation/spheroidRadiusFraction]'
 Using default value for parameter '[darkMatterProfile/radiusFractionalPivot]'
 Using default value for parameter '[mergerMassMovements/destinationStarsMinorMerger]'
 Using default value for parameter '[massDistributionDisk/componentDisk/scaleHeight]'
 Using default value for parameter '[hotHaloMassDistribution/beta]'
 Using default value for parameter '[mergerRemnantSize/ignoreUnphysicalConditions]'
 Using default value for parameter '[massDistributionSpheroid/componentSpheroid/densityNormalization]'
 Using default value for parameter '[blackHoleSeeds/mass]'
 Using default value for parameter '[blackHoleBinaryInitialSeparation/spheroidRadiusFraction]'
 Using default value for parameter '[darkMatterProfile/radiusFractionalPivot]'
 Using default value for parameter '[mergerMassMovements/destinationStarsMinorMerger]'
 Using default value for parameter '[massDistributionDisk/componentDisk/scaleHeight]'
 Using default value for parameter '[hotHaloMassDistribution/beta]'
 Using default value for parameter '[mergerRemnantSize/ignoreUnphysicalConditions]'
 Using default value for parameter '[massDistributionSpheroid/componentSpheroid/densityNormalization]'
 Using default value for parameter '[blackHoleSeeds/mass]'
 Using default value for parameter '[blackHoleBinaryInitialSeparation/spheroidRadiusFraction]'
 Using default value for parameter '[darkMatterProfile/radiusFractionalPivot]'
 Using default value for parameter '[mergerMassMovements/destinationStarsMinorMerger]'
 Using default value for parameter '[massDistributionDisk/componentDisk/scaleHeight]'
 Using default value for parameter '[hotHaloMassDistribution/beta]'
 Using default value for parameter '[mergerRemnantSize/ignoreUnphysicalConditions]'
 Using default value for parameter '[massDistributionSpheroid/componentSpheroid/densityNormalization]'
 Using default value for parameter '[blackHoleSeeds/mass]'
 Using default value for parameter '[blackHoleBinaryInitialSeparation/spheroidRadiusFraction]'
 Using default value for parameter '[darkMatterProfile/radiusFractionalPivot]'
 Using default value for parameter '[mergerMassMovements/destinationStarsMinorMerger]'
 Using default value for parameter '[massDistributionDisk/componentDisk/scaleHeight]'
 Using default value for parameter '[hotHaloMassDistribution/beta]'
 Using default value for parameter '[mergerRemnantSize/ignoreUnphysicalConditions]'
 Using default value for parameter '[massDistributionSpheroid/componentSpheroid/densityNormalization]'
 Using default value for parameter '[blackHoleSeeds/mass]'
 Using default value for parameter '[blackHoleBinaryInitialSeparation/spheroidRadiusFraction]'
 Using default value for parameter '[darkMatterProfile/radiusFractionalPivot]'
 Using default value for parameter '[mergerMassMovements/destinationStarsMinorMerger]'
 Using default value for parameter '[massDistributionDisk/componentDisk/scaleHeight]'
 Using default value for parameter '[hotHaloMassDistribution/beta]'
 Using default value for parameter '[mergerRemnantSize/ignoreUnphysicalConditions]'
 Using default value for parameter '[massDistributionSpheroid/componentSpheroid/densityNormalization]'
 Using default value for parameter '[blackHoleSeeds/mass]'
 Using default value for parameter '[blackHoleBinaryInitialSeparation/spheroidRadiusFraction]'
 Using default value for parameter '[darkMatterProfile/radiusFractionalPivot]'
 Using default value for parameter '[mergerMassMovements/destinationStarsMinorMerger]'
 Using default value for parameter '[massDistributionDisk/componentDisk/scaleHeight]'
 Using default value for parameter '[hotHaloMassDistribution/beta]'
 Using default value for parameter '[mergerRemnantSize/ignoreUnphysicalConditions]'
 Using default value for parameter '[massDistributionSpheroid/componentSpheroid/densityNormalization]'
 Using default value for parameter '[blackHoleSeeds/mass]'
 Using default value for parameter '[blackHoleBinaryInitialSeparation/spheroidRadiusFraction]'
 Using default value for parameter '[darkMatterProfile/radiusFractionalPivot]'
 Using default value for parameter '[mergerMassMovements/destinationStarsMinorMerger]'
 Using default value for parameter '[massDistributionDisk/componentDisk/scaleHeight]'
 Using default value for parameter '[hotHaloMassDistribution/beta]'
 Using default value for parameter '[mergerRemnantSize/ignoreUnphysicalConditions]'
 Using default value for parameter '[massDistributionSpheroid/componentSpheroid/densityNormalization]'
 Using default value for parameter '[blackHoleSeeds/mass]'
 Using default value for parameter '[blackHoleBinaryInitialSeparation/spheroidRadiusFraction]'
 Using default value for parameter '[darkMatterProfile/radiusFractionalPivot]'
 Using default value for parameter '[mergerMassMovements/destinationStarsMinorMerger]'
 Using default value for parameter '[massDistributionDisk/componentDisk/scaleHeight]'
 Using default value for parameter '[hotHaloMassDistribution/beta]'
 Using default value for parameter '[mergerRemnantSize/ignoreUnphysicalConditions]'
 Using default value for parameter '[massDistributionSpheroid/componentSpheroid/densityNormalization]'
 Using default value for parameter '[blackHoleSeeds/mass]'
 Using default value for parameter '[blackHoleBinaryInitialSeparation/spheroidRadiusFraction]'
 Using default value for parameter '[darkMatterProfile/radiusFractionalPivot]'
 Using default value for parameter '[mergerMassMovements/destinationStarsMinorMerger]'
 Using default value for parameter '[massDistributionDisk/componentDisk/scaleHeight]'
 Using default value for parameter '[hotHaloMassDistribution/beta]'
 Using default value for parameter '[mergerRemnantSize/ignoreUnphysicalConditions]'
 Using default value for parameter '[massDistributionSpheroid/componentSpheroid/densityNormalization]'
 Using default value for parameter '[blackHoleSeeds/mass]'
 Using default value for parameter '[blackHoleBinaryInitialSeparation/spheroidRadiusFraction]'
 Using default value for parameter '[darkMatterProfile/radiusFractionalPivot]'
 Using default value for parameter '[mergerMassMovements/destinationStarsMinorMerger]'
 Using default value for parameter '[massDistributionDisk/componentDisk/scaleHeight]'
 Using default value for parameter '[hotHaloMassDistribution/beta]'
 Using default value for parameter '[mergerRemnantSize/ignoreUnphysicalConditions]'
 Using default value for parameter '[massDistributionSpheroid/componentSpheroid/densityNormalization]'
 failed to find converged solution for galactic structure radii
 failed to find converged solution for galactic structure radii
 => For help diagnosing this error, see the troubleshooting guide:
22:     <- Finished tree
59:     -> Evolving tree number 6741 {1}
22:     -> Evolving tree number 7034 {1}
60:         Output tree data at t=13.80 Gyr (output 1 of 1)
60:     <- Finished tree
60:     Progress: 3108 trees processed; elapsed 18.61 h
60:     -> Evolving tree number 6868 {1}
39:         Output tree data at t=13.80 Gyr (output 1 of 1)
39:     <- Finished tree
39:     -> Evolving tree number 6761 {1}
11:         Output tree data at t=13.80 Gyr (output 1 of 1)
11:     <- Finished tree
02:         Output tree data at t=13.80 Gyr (output 1 of 1)
02:     <- Finished tree
11:     -> Evolving tree number 6917 {1}
02:     -> Evolving tree number 6990 {1}
37:         Output tree data at t=13.80 Gyr (output 1 of 1)
37:     <- Finished tree
37:     Progress: 3112 trees processed; elapsed 18.63 h
37:     -> Evolving tree number 6827 {1}
43:         Output tree data at t=13.80 Gyr (output 1 of 1)
43:     <- Finished tree
19:         Output tree data at t=13.80 Gyr (output 1 of 1)
19:     <- Finished tree
43:     -> Evolving tree number 6693 {1}
19:     -> Evolving tree number 6845 {1}
55:         Output tree data at t=13.80 Gyr (output 1 of 1)
55:     <- Finished tree
55:     Progress: 3115 trees processed; elapsed 18.66 h
55:     -> Evolving tree number 6745 {1}
30:         Output tree data at t=13.80 Gyr (output 1 of 1)
30:     <- Finished tree
30:     -> Evolving tree number 6642 {1}
03:         Output tree data at t=13.80 Gyr (output 1 of 1)
03:     <- Finished tree
03:     -> Evolving tree number 6797 {1}
29:         Output tree data at t=13.80 Gyr (output 1 of 1)
29:     <- Finished tree
29:     -> Evolving tree number 6899 {1}
56:         Output tree data at t=13.80 Gyr (output 1 of 1)
56:     <- Finished tree
56:     Progress: 3119 trees processed; elapsed 18.69 h
56:     -> Evolving tree number 6744 {1}
34:         Output tree data at t=13.80 Gyr (output 1 of 1)
34:     <- Finished tree
34:     -> Evolving tree number 6702 {1}
58:         Output tree data at t=13.80 Gyr (output 1 of 1)
58:     <- Finished tree
58:     Progress: 3121 trees processed; elapsed 18.71 h
58:     -> Evolving tree number 6742 {1}
52:         Output tree data at t=13.80 Gyr (output 1 of 1)
52:     <- Finished tree
52:     -> Evolving tree number 7004 {1}
48:         Output tree data at t=13.80 Gyr (output 1 of 1)
48:     <- Finished tree
48:     -> Evolving tree number 6624 {1}
33:         Output tree data at t=13.80 Gyr (output 1 of 1)
33:     <- Finished tree
33:     Progress: 3124 trees processed; elapsed 18.73 h
33:     -> Evolving tree number 6767 {1}
10:         Output tree data at t=13.80 Gyr (output 1 of 1)
10:     <- Finished tree
10:     -> Evolving tree number 6854 {1}
44:         Output tree data at t=13.80 Gyr (output 1 of 1)
44:     <- Finished tree
44:     Progress: 3126 trees processed; elapsed 18.75 h
44:     -> Evolving tree number 6628 {1}
05:         Output tree data at t=13.80 Gyr (output 1 of 1)
05:     <- Finished tree
05:     -> Evolving tree number 6795 {1}
57:         Output tree data at t=13.80 Gyr (output 1 of 1)
57:     <- Finished tree
16:         Output tree data at t=13.80 Gyr (output 1 of 1)
16:     <- Finished tree
57:     -> Evolving tree number 6807 {1}
28:         Output tree data at t=13.80 Gyr (output 1 of 1)
28:     <- Finished tree
28:     Progress: 3130 trees processed; elapsed 18.77 h
16:     -> Evolving tree number 6976 {1}
28:     -> Evolving tree number 6964 {1}
26:         Output tree data at t=13.80 Gyr (output 1 of 1)
26:     <- Finished tree
24:         Output tree data at t=13.80 Gyr (output 1 of 1)
24:     <- Finished tree
26:     -> Evolving tree number 6902 {1}
24:     -> Evolving tree number 6776 {1}
      https://galacticus.readthedocs.io/en/latest/manuals/user-guide/troubleshooting/index.html
 => This is unexpected and most likely indicates a bug. Please report it (include the message and backtrace above, plus your parameter file):
      https://github.com/galacticusorg/galacticus/issues/new/choose
 => Note: backtrace line numbers refer to the preprocessed sources under work/build/ (files ending in .p.F90).
