              ##                                     
   ####        #                  #                  
  #   #        #             #                       
 #       ###   #  ###   ### ###  ##   ### ## ##   ## 
 #       #  #  #  #  # #  #  #    #  #  #  #  #  #   
 #   ###  ###  #   ### #     #    #  #     #  #   #  
  #   #  #  #  #  #  # #     #    #  #     #  #    # 
   ####  #### ### ####  ###   ## ###  ###   #### ##  

 © 2009, 2010, 2011, 2012, 2013, 2014, 2015, 2016,
   2017, 2018, 2019, 2020, 2021, 2022, 2023, 2024,
   2025, 2026                                     
   - Andrew Benson

MM: NOTE: datasets are being read from /home/sackah/Galacticus/datasets/static/
MM: WARNING: parameter file may be missing important parameter updates - consider updating by running:

              ./scripts/aux/parametersMigrate.py /home/sackah/milkyway/parameter_files/baryonsMilkyWay.xml newParameterFile.xml

MM: -> Begin task: merger tree evolution
26:     NOTE: memory available (128.000 GB) determined from SLURM
26:     Memory usage: 3.305 GB / 128.000 GB
26:     -> Evolving tree number 99974 {1}
45:     -> Evolving tree number 99955 {1}
20:     -> Evolving tree number 99980 {1}
24:     Memory usage: 7.873 GB / 128.000 GB
24:     -> Evolving tree number 99976 {1}
35:     -> Evolving tree number 99965 {1}
46:     -> Evolving tree number 99954 {1}
40:     Memory usage: 10.524 GB / 128.000 GB
40:     -> Evolving tree number 99960 {1}
16:     -> Evolving tree number 99984 {1}
01:     -> Evolving tree number 99999 {1}
00:     Memory usage: 18.569 GB / 128.000 GB
00:     -> Evolving tree number 100000 {1}
19:     Memory usage: 24.351 GB / 128.000 GB
19:     -> Evolving tree number 99981 {1}
17:     -> Evolving tree number 99983 {1}
31:     -> Evolving tree number 99969 {1}
30:     -> Evolving tree number 99970 {1}
37:     -> Evolving tree number 99963 {1}
04:     -> Evolving tree number 99996 {1}
21:     -> Evolving tree number 99979 {1}
36:     -> Evolving tree number 99964 {1}
08:     -> Evolving tree number 99992 {1}
03:     -> Evolving tree number 99997 {1}
27:     -> Evolving tree number 99973 {1}
41:     -> Evolving tree number 99959 {1}
43:     -> Evolving tree number 99957 {1}
02:     -> Evolving tree number 99998 {1}
07:     -> Evolving tree number 99993 {1}
11:     -> Evolving tree number 99989 {1}
06:     -> Evolving tree number 99994 {1}
47:     -> Evolving tree number 99953 {1}
34:     -> Evolving tree number 99966 {1}
14:     -> Evolving tree number 99986 {1}
32:     -> Evolving tree number 99968 {1}
22:     -> Evolving tree number 99978 {1}
13:     Memory usage: 29.287 GB / 128.000 GB
13:     -> Evolving tree number 99987 {1}
29:     -> Evolving tree number 99971 {1}
28:     -> Evolving tree number 99972 {1}
10:     -> Evolving tree number 99990 {1}
39:     -> Evolving tree number 99961 {1}
18:     -> Evolving tree number 99982 {1}
25:     -> Evolving tree number 99975 {1}
33:     -> Evolving tree number 99967 {1}
09:     -> Evolving tree number 99991 {1}
05:     -> Evolving tree number 99995 {1}
15:     -> Evolving tree number 99985 {1}
42:     -> Evolving tree number 99958 {1}
23:     -> Evolving tree number 99977 {1}
12:     -> Evolving tree number 99988 {1}
38:     Memory usage: 36.702 GB / 128.000 GB
38:     -> Evolving tree number 99962 {1}
44:     -> Evolving tree number 99956 {1}
29:         Memory usage: 58.898 GB / 128.000 GB
29:         Output tree data at t=13.80 Gyr (output 1 of 1)
29:     <- Finished tree
29:     Progress: 1 trees processed; elapsed 12.7 m
15:         Output tree data at t=13.80 Gyr (output 1 of 1)
15:     <- Finished tree
29:     -> Evolving tree number 99923 {1}
15:     -> Evolving tree number 99937 {1}
23:         Output tree data at t=13.80 Gyr (output 1 of 1)
23:     <- Finished tree
23:     Progress: 3 trees processed; elapsed 14.3 m
23:     -> Evolving tree number 99929 {1}
04:         Output tree data at t=13.80 Gyr (output 1 of 1)
04:     <- Finished tree
04:     Progress: 4 trees processed; elapsed 15.4 m
04:     -> Evolving tree number 99948 {1}
16:         Output tree data at t=13.80 Gyr (output 1 of 1)
16:     <- Finished tree
16:     Progress: 5 trees processed; elapsed 16.9 m
14:         Output tree data at t=13.80 Gyr (output 1 of 1)
14:     <- Finished tree
43:         Output tree data at t=13.80 Gyr (output 1 of 1)
43:     <- Finished tree
16:     -> Evolving tree number 99936 {1}
25:         Output tree data at t=13.80 Gyr (output 1 of 1)
25:     <- Finished tree
14:     -> Evolving tree number 99938 {1}
46:         Output tree data at t=13.80 Gyr (output 1 of 1)
46:     <- Finished tree
43:     -> Evolving tree number 99909 {1}
25:     -> Evolving tree number 99927 {1}
46:     -> Evolving tree number 99906 {1}
30:         Output tree data at t=13.80 Gyr (output 1 of 1)
30:     <- Finished tree
10:         Output tree data at t=13.80 Gyr (output 1 of 1)
10:     <- Finished tree
20:         Output tree data at t=13.80 Gyr (output 1 of 1)
20:     <- Finished tree
30:     -> Evolving tree number 99922 {1}
10:     -> Evolving tree number 99942 {1}
20:     -> Evolving tree number 99932 {1}
37:         Output tree data at t=13.80 Gyr (output 1 of 1)
37:     <- Finished tree
37:     -> Evolving tree number 99915 {1}
02:         Output tree data at t=13.80 Gyr (output 1 of 1)
02:     <- Finished tree
02:     Progress: 14 trees processed; elapsed 18.2 m
13:         Output tree data at t=13.80 Gyr (output 1 of 1)
13:     <- Finished tree
02:     -> Evolving tree number 99950 {1}
13:     -> Evolving tree number 99939 {1}
39:         Output tree data at t=13.80 Gyr (output 1 of 1)
39:     <- Finished tree
39:     -> Evolving tree number 99913 {1}
38:         Output tree data at t=13.80 Gyr (output 1 of 1)
38:     <- Finished tree
38:     -> Evolving tree number 99914 {1}
44:         Output tree data at t=13.80 Gyr (output 1 of 1)
44:     <- Finished tree
44:     Progress: 18 trees processed; elapsed 19.4 m
44:     -> Evolving tree number 99908 {1}
03:         Output tree data at t=13.80 Gyr (output 1 of 1)
03:     <- Finished tree
03:     -> Evolving tree number 99949 {1}
27:         Output tree data at t=13.80 Gyr (output 1 of 1)
27:     <- Finished tree
27:     -> Evolving tree number 99925 {1}
36:         Output tree data at t=13.80 Gyr (output 1 of 1)
36:     <- Finished tree
36:     Progress: 21 trees processed; elapsed 20.4 m
36:     -> Evolving tree number 99916 {1}
00:         Output tree data at t=13.80 Gyr (output 1 of 1)
00:     <- Finished tree
07:         Output tree data at t=13.80 Gyr (output 1 of 1)
07:     <- Finished tree
11:         Output tree data at t=13.80 Gyr (output 1 of 1)
11:     <- Finished tree
33:         Output tree data at t=13.80 Gyr (output 1 of 1)
33:     <- Finished tree
00:     -> Evolving tree number 99952 {1}
07:     -> Evolving tree number 99945 {1}
11:     -> Evolving tree number 99941 {1}
33:     -> Evolving tree number 99919 {1}
17:         Output tree data at t=13.80 Gyr (output 1 of 1)
17:     <- Finished tree
17:     Progress: 26 trees processed; elapsed 21.4 m
28:         Output tree data at t=13.80 Gyr (output 1 of 1)
28:     <- Finished tree
17:     -> Evolving tree number 99935 {1}
35:         Output tree data at t=13.80 Gyr (output 1 of 1)
35:     <- Finished tree
28:     -> Evolving tree number 99924 {1}
35:     -> Evolving tree number 99917 {1}
05:         Output tree data at t=13.80 Gyr (output 1 of 1)
05:     <- Finished tree
24:         Output tree data at t=13.80 Gyr (output 1 of 1)
24:     <- Finished tree
05:     -> Evolving tree number 99947 {1}
24:     -> Evolving tree number 99928 {1}
19:         Output tree data at t=13.80 Gyr (output 1 of 1)
19:     <- Finished tree
19:     -> Evolving tree number 99933 {1}
34:         Output tree data at t=13.80 Gyr (output 1 of 1)
34:     <- Finished tree
34:     Progress: 32 trees processed; elapsed 22.6 m
34:     -> Evolving tree number 99918 {1}
21:         Output tree data at t=13.80 Gyr (output 1 of 1)
21:     <- Finished tree
21:     -> Evolving tree number 99931 {1}
26:         Output tree data at t=13.80 Gyr (output 1 of 1)
26:     <- Finished tree
26:     Progress: 34 trees processed; elapsed 23.9 m
26:     -> Evolving tree number 99926 {1}
31:         Output tree data at t=13.80 Gyr (output 1 of 1)
31:     <- Finished tree
31:     -> Evolving tree number 99921 {1}
32:         Output tree data at t=13.80 Gyr (output 1 of 1)
32:     <- Finished tree
32:     -> Evolving tree number 99920 {1}
08:         Output tree data at t=13.80 Gyr (output 1 of 1)
08:     <- Finished tree
08:     Progress: 37 trees processed; elapsed 25.0 m
09:         Output tree data at t=13.80 Gyr (output 1 of 1)
09:     <- Finished tree
08:     -> Evolving tree number 99944 {1}
09:     -> Evolving tree number 99943 {1}
01:         Output tree data at t=13.80 Gyr (output 1 of 1)
01:     <- Finished tree
18:         Output tree data at t=13.80 Gyr (output 1 of 1)
18:     <- Finished tree
01:     -> Evolving tree number 99951 {1}
18:     -> Evolving tree number 99934 {1}
12:         Output tree data at t=13.80 Gyr (output 1 of 1)
12:     <- Finished tree
12:     Progress: 41 trees processed; elapsed 26.5 m
12:     -> Evolving tree number 99940 {1}
06:         Output tree data at t=13.80 Gyr (output 1 of 1)
06:     <- Finished tree
41:         Output tree data at t=13.80 Gyr (output 1 of 1)
41:     <- Finished tree
06:     -> Evolving tree number 99946 {1}
41:     -> Evolving tree number 99911 {1}
29:         Output tree data at t=13.80 Gyr (output 1 of 1)
29:     <- Finished tree
29:     Progress: 44 trees processed; elapsed 28.1 m
29:     -> Evolving tree number 99875 {1}
42:         Output tree data at t=13.80 Gyr (output 1 of 1)
42:     <- Finished tree
42:     -> Evolving tree number 99910 {1}
47:         Output tree data at t=13.80 Gyr (output 1 of 1)
47:     <- Finished tree
47:     Progress: 46 trees processed; elapsed 29.4 m
47:     -> Evolving tree number 99905 {1}
40:         Output tree data at t=13.80 Gyr (output 1 of 1)
40:     <- Finished tree
40:     Progress: 47 trees processed; elapsed 30.5 m
40:     -> Evolving tree number 99912 {1}
45:         Output tree data at t=13.80 Gyr (output 1 of 1)
45:     <- Finished tree
45:     -> Evolving tree number 99907 {1}
22:         Output tree data at t=13.80 Gyr (output 1 of 1)
22:     <- Finished tree
22:     Progress: 49 trees processed; elapsed 32.1 m
22:     -> Evolving tree number 99930 {1}
07:         Output tree data at t=13.80 Gyr (output 1 of 1)
07:     <- Finished tree
07:     -> Evolving tree number 99897 {1}
36:         Output tree data at t=13.80 Gyr (output 1 of 1)
36:     <- Finished tree
36:     Progress: 51 trees processed; elapsed 33.2 m
36:     -> Evolving tree number 99868 {1}
38:         Output tree data at t=13.80 Gyr (output 1 of 1)
38:     <- Finished tree
38:     -> Evolving tree number 99866 {1}
04:         Output tree data at t=13.80 Gyr (output 1 of 1)
04:     <- Finished tree
04:     Progress: 53 trees processed; elapsed 34.7 m
04:     -> Evolving tree number 99900 {1}
10:         Output tree data at t=13.80 Gyr (output 1 of 1)
10:     <- Finished tree
10:     -> Evolving tree number 99894 {1}
14:         Output tree data at t=13.80 Gyr (output 1 of 1)
14:     <- Finished tree
14:     Progress: 55 trees processed; elapsed 36.3 m
14:     -> Evolving tree number 99890 {1}
16:         Output tree data at t=13.80 Gyr (output 1 of 1)
16:     <- Finished tree
16:     Progress: 56 trees processed; elapsed 37.4 m
23:         Output tree data at t=13.80 Gyr (output 1 of 1)
23:     <- Finished tree
16:     -> Evolving tree number 99888 {1}
23:     -> Evolving tree number 99881 {1}
15:         Output tree data at t=13.80 Gyr (output 1 of 1)
15:     <- Finished tree
15:     -> Evolving tree number 99889 {1}
03:         Output tree data at t=13.80 Gyr (output 1 of 1)
03:     <- Finished tree
03:     Progress: 59 trees processed; elapsed 39.4 m
46:         Output tree data at t=13.80 Gyr (output 1 of 1)
46:     <- Finished tree
03:     -> Evolving tree number 99901 {1}
46:     -> Evolving tree number 99858 {1}
28:         Output tree data at t=13.80 Gyr (output 1 of 1)
28:     <- Finished tree
39:         Output tree data at t=13.80 Gyr (output 1 of 1)
39:     <- Finished tree
28:     -> Evolving tree number 99876 {1}
39:     -> Evolving tree number 99865 {1}
17:         Output tree data at t=13.80 Gyr (output 1 of 1)
17:     <- Finished tree
17:     -> Evolving tree number 99887 {1}
43:         Output tree data at t=13.80 Gyr (output 1 of 1)
43:     <- Finished tree
43:     Progress: 64 trees processed; elapsed 41.2 m
43:     -> Evolving tree number 99861 {1}
42:         Output tree data at t=13.80 Gyr (output 1 of 1)
42:     <- Finished tree
42:     -> Evolving tree number 99862 {1}
20:         Output tree data at t=13.80 Gyr (output 1 of 1)
20:     <- Finished tree
20:     Progress: 66 trees processed; elapsed 42.2 m
20:     -> Evolving tree number 99884 {1}
25:         Output tree data at t=13.80 Gyr (output 1 of 1)
25:     <- Finished tree
25:     Progress: 67 trees processed; elapsed 43.3 m
37:         Output tree data at t=13.80 Gyr (output 1 of 1)
37:     <- Finished tree
24:         Output tree data at t=13.80 Gyr (output 1 of 1)
24:     <- Finished tree
25:     -> Evolving tree number 99879 {1}
37:     -> Evolving tree number 99867 {1}
11:         Output tree data at t=13.80 Gyr (output 1 of 1)
11:     <- Finished tree
24:     -> Evolving tree number 99880 {1}
11:     -> Evolving tree number 99893 {1}
13:         Output tree data at t=13.80 Gyr (output 1 of 1)
13:     <- Finished tree
13:     -> Evolving tree number 99891 {1}
27:         Output tree data at t=13.80 Gyr (output 1 of 1)
27:     <- Finished tree
27:     Progress: 72 trees processed; elapsed 44.4 m
26:         Output tree data at t=13.80 Gyr (output 1 of 1)
26:     <- Finished tree
01:         Output tree data at t=13.80 Gyr (output 1 of 1)
01:     <- Finished tree
27:     -> Evolving tree number 99877 {1}
32:         Output tree data at t=13.80 Gyr (output 1 of 1)
32:     <- Finished tree
26:     -> Evolving tree number 99878 {1}
01:     -> Evolving tree number 99903 {1}
32:     -> Evolving tree number 99872 {1}
29:         Output tree data at t=13.80 Gyr (output 1 of 1)
29:     <- Finished tree
29:     -> Evolving tree number 99827 {1}
02:         Output tree data at t=13.80 Gyr (output 1 of 1)
02:     <- Finished tree
00:         Output tree data at t=13.80 Gyr (output 1 of 1)
00:     <- Finished tree
00:     Progress: 78 trees processed; elapsed 45.6 m
02:     -> Evolving tree number 99902 {1}
00:     -> Evolving tree number 99904 {1}
33:         Output tree data at t=13.80 Gyr (output 1 of 1)
33:     <- Finished tree
12:         Output tree data at t=13.80 Gyr (output 1 of 1)
12:     <- Finished tree
33:     -> Evolving tree number 99871 {1}
35:         Output tree data at t=13.80 Gyr (output 1 of 1)
35:     <- Finished tree
12:     -> Evolving tree number 99892 {1}
35:     -> Evolving tree number 99869 {1}
44:         Output tree data at t=13.80 Gyr (output 1 of 1)
44:     <- Finished tree
44:     -> Evolving tree number 99860 {1}
05:         Output tree data at t=13.80 Gyr (output 1 of 1)
05:     <- Finished tree
05:     -> Evolving tree number 99899 {1}
08:         Output tree data at t=13.80 Gyr (output 1 of 1)
08:     <- Finished tree
08:     Progress: 84 trees processed; elapsed 48.1 m
08:     -> Evolving tree number 99896 {1}
31:         Output tree data at t=13.80 Gyr (output 1 of 1)
31:     <- Finished tree
31:     -> Evolving tree number 99873 {1}
06:         Output tree data at t=13.80 Gyr (output 1 of 1)
06:     <- Finished tree
06:     Progress: 86 trees processed; elapsed 49.2 m
06:     -> Evolving tree number 99898 {1}
18:         Output tree data at t=13.80 Gyr (output 1 of 1)
18:     <- Finished tree
34:         Output tree data at t=13.80 Gyr (output 1 of 1)
34:     <- Finished tree
18:     -> Evolving tree number 99886 {1}
34:     -> Evolving tree number 99870 {1}
04:         Output tree data at t=13.80 Gyr (output 1 of 1)
04:     <- Finished tree
04:     -> Evolving tree number 99852 {1}
36:         Output tree data at t=13.80 Gyr (output 1 of 1)
36:     <- Finished tree
36:     -> Evolving tree number 99820 {1}
10:         Output tree data at t=13.80 Gyr (output 1 of 1)
10:     <- Finished tree
10:     Progress: 91 trees processed; elapsed 50.7 m
10:     -> Evolving tree number 99846 {1}
21:         Output tree data at t=13.80 Gyr (output 1 of 1)
21:     <- Finished tree
21:     -> Evolving tree number 99883 {1}
41:         Output tree data at t=13.80 Gyr (output 1 of 1)
41:     <- Finished tree
41:     -> Evolving tree number 99863 {1}
07:         Output tree data at t=13.80 Gyr (output 1 of 1)
07:     <- Finished tree
07:     Progress: 94 trees processed; elapsed 52.2 m
40:         Output tree data at t=13.80 Gyr (output 1 of 1)
40:     <- Finished tree
07:     -> Evolving tree number 99849 {1}
40:     -> Evolving tree number 99864 {1}
30:         Output tree data at t=13.80 Gyr (output 1 of 1)
30:     <- Finished tree
30:     Progress: 96 trees processed; elapsed 55.8 m
30:     -> Evolving tree number 99874 {1}
19:         Output tree data at t=13.80 Gyr (output 1 of 1)
19:     <- Finished tree
19:     -> Evolving tree number 99885 {1}
15:         Output tree data at t=13.80 Gyr (output 1 of 1)
15:     <- Finished tree
15:     Progress: 98 trees processed; elapsed 57.2 m
15:     -> Evolving tree number 99841 {1}
22:         Output tree data at t=13.80 Gyr (output 1 of 1)
22:     <- Finished tree
22:     -> Evolving tree number 99882 {1}
45:         Output tree data at t=13.80 Gyr (output 1 of 1)
45:     <- Finished tree
45:     -> Evolving tree number 99859 {1}
14:         Output tree data at t=13.80 Gyr (output 1 of 1)
14:     <- Finished tree
14:     Progress: 101 trees processed; elapsed 59.0 m
09:         Output tree data at t=13.80 Gyr (output 1 of 1)
09:     <- Finished tree
47:         Output tree data at t=13.80 Gyr (output 1 of 1)
47:     <- Finished tree
14:     -> Evolving tree number 99842 {1}
09:     -> Evolving tree number 99895 {1}
33:         Output tree data at t=13.80 Gyr (output 1 of 1)
33:     <- Finished tree
47:     -> Evolving tree number 99857 {1}
33:     -> Evolving tree number 99823 {1}
25:         Output tree data at t=13.80 Gyr (output 1 of 1)
25:     <- Finished tree
25:     Progress: 105 trees processed; elapsed 1.00 h
25:     -> Evolving tree number 99831 {1}
01:         Output tree data at t=13.80 Gyr (output 1 of 1)
01:     <- Finished tree
35:         Output tree data at t=13.80 Gyr (output 1 of 1)
35:     <- Finished tree
01:     -> Evolving tree number 99855 {1}
35:     -> Evolving tree number 99821 {1}
02:         Output tree data at t=13.80 Gyr (output 1 of 1)
02:     <- Finished tree
02:     -> Evolving tree number 99854 {1}
46:         Output tree data at t=13.80 Gyr (output 1 of 1)
46:     <- Finished tree
46:     Progress: 109 trees processed; elapsed 1.02 h
46:     -> Evolving tree number 99810 {1}
24:         Output tree data at t=13.80 Gyr (output 1 of 1)
24:     <- Finished tree
24:     -> Evolving tree number 99832 {1}
23:         Output tree data at t=13.80 Gyr (output 1 of 1)
23:     <- Finished tree
23:     -> Evolving tree number 99833 {1}
16:         Output tree data at t=13.80 Gyr (output 1 of 1)
16:     <- Finished tree
16:     Progress: 112 trees processed; elapsed 1.04 h
06:         Output tree data at t=13.80 Gyr (output 1 of 1)
06:     <- Finished tree
16:     -> Evolving tree number 99840 {1}
06:     -> Evolving tree number 99850 {1}
38:         Output tree data at t=13.80 Gyr (output 1 of 1)
38:     <- Finished tree
38:     -> Evolving tree number 99818 {1}
37:         Output tree data at t=13.80 Gyr (output 1 of 1)
37:     <- Finished tree
37:     Progress: 115 trees processed; elapsed 1.06 h
37:     -> Evolving tree number 99819 {1}
03:         Output tree data at t=13.80 Gyr (output 1 of 1)
03:     <- Finished tree
03:     -> Evolving tree number 99853 {1}
17:         Output tree data at t=13.80 Gyr (output 1 of 1)
17:     <- Finished tree
17:     Progress: 117 trees processed; elapsed 1.08 h
17:     -> Evolving tree number 99839 {1}
28:         Output tree data at t=13.80 Gyr (output 1 of 1)
28:     <- Finished tree
00:         Output tree data at t=13.80 Gyr (output 1 of 1)
00:     <- Finished tree
07:         Output tree data at t=13.80 Gyr (output 1 of 1)
07:     <- Finished tree
28:     -> Evolving tree number 99828 {1}
00:     -> Evolving tree number 99856 {1}
07:     -> Evolving tree number 99801 {1}
20:         Output tree data at t=13.80 Gyr (output 1 of 1)
20:     <- Finished tree
20:     -> Evolving tree number 99836 {1}
32:         Output tree data at t=13.80 Gyr (output 1 of 1)
32:     <- Finished tree
32:     -> Evolving tree number 99824 {1}
11:         Output tree data at t=13.80 Gyr (output 1 of 1)
11:     <- Finished tree
11:     Progress: 123 trees processed; elapsed 1.13 h
13:         Output tree data at t=13.80 Gyr (output 1 of 1)
13:     <- Finished tree
11:     -> Evolving tree number 99845 {1}
08:         Output tree data at t=13.80 Gyr (output 1 of 1)
08:     <- Finished tree
13:     -> Evolving tree number 99843 {1}
08:     -> Evolving tree number 99848 {1}
42:         Output tree data at t=13.80 Gyr (output 1 of 1)
42:     <- Finished tree
42:     -> Evolving tree number 99814 {1}
26:         Output tree data at t=13.80 Gyr (output 1 of 1)
26:     <- Finished tree
40:         Output tree data at t=13.80 Gyr (output 1 of 1)
40:     <- Finished tree
26:     -> Evolving tree number 99830 {1}
40:     -> Evolving tree number 99816 {1}
39:         Output tree data at t=13.80 Gyr (output 1 of 1)
39:     <- Finished tree
39:     Progress: 129 trees processed; elapsed 1.15 h
39:     -> Evolving tree number 99817 {1}
44:         Output tree data at t=13.80 Gyr (output 1 of 1)
44:     <- Finished tree
44:     -> Evolving tree number 99812 {1}
31:         Output tree data at t=13.80 Gyr (output 1 of 1)
31:     <- Finished tree
31:     -> Evolving tree number 99825 {1}
43:         Output tree data at t=13.80 Gyr (output 1 of 1)
43:     <- Finished tree
43:     Progress: 132 trees processed; elapsed 1.17 h
43:     -> Evolving tree number 99813 {1}
04:         Output tree data at t=13.80 Gyr (output 1 of 1)
04:     <- Finished tree
04:     Progress: 133 trees processed; elapsed 1.20 h
27:         Output tree data at t=13.80 Gyr (output 1 of 1)
27:     <- Finished tree
47:         Output tree data at t=13.80 Gyr (output 1 of 1)
47:     <- Finished tree
04:     -> Evolving tree number 99804 {1}
27:     -> Evolving tree number 99829 {1}
47:     -> Evolving tree number 99809 {1}
05:         Output tree data at t=13.80 Gyr (output 1 of 1)
05:     <- Finished tree
05:     -> Evolving tree number 99851 {1}
41:         Output tree data at t=13.80 Gyr (output 1 of 1)
41:     <- Finished tree
41:     -> Evolving tree number 99815 {1}
29:         Output tree data at t=13.80 Gyr (output 1 of 1)
29:     <- Finished tree
29:     Progress: 138 trees processed; elapsed 1.21 h
29:     -> Evolving tree number 99779 {1}
36:         Output tree data at t=13.80 Gyr (output 1 of 1)
36:     <- Finished tree
36:     -> Evolving tree number 99772 {1}
34:         Output tree data at t=13.80 Gyr (output 1 of 1)
34:     <- Finished tree
34:     Progress: 140 trees processed; elapsed 1.24 h
34:     -> Evolving tree number 99822 {1}
12:         Output tree data at t=13.80 Gyr (output 1 of 1)
12:     <- Finished tree
12:     Progress: 141 trees processed; elapsed 1.26 h
12:     -> Evolving tree number 99844 {1}
21:         Output tree data at t=13.80 Gyr (output 1 of 1)
21:     <- Finished tree
21:     Progress: 142 trees processed; elapsed 1.28 h
21:     -> Evolving tree number 99835 {1}
15:         Output tree data at t=13.80 Gyr (output 1 of 1)
15:     <- Finished tree
15:     -> Evolving tree number 99793 {1}
10:         Output tree data at t=13.80 Gyr (output 1 of 1)
10:     <- Finished tree
10:     Progress: 144 trees processed; elapsed 1.30 h
10:     -> Evolving tree number 99798 {1}
22:         Output tree data at t=13.80 Gyr (output 1 of 1)
22:     <- Finished tree
22:     -> Evolving tree number 99834 {1}
18:         Output tree data at t=13.80 Gyr (output 1 of 1)
18:     <- Finished tree
18:     Progress: 146 trees processed; elapsed 1.32 h
18:     -> Evolving tree number 99838 {1}
19:         Output tree data at t=13.80 Gyr (output 1 of 1)
19:     <- Finished tree
33:         Output tree data at t=13.80 Gyr (output 1 of 1)
33:     <- Finished tree
33:     Progress: 148 trees processed; elapsed 1.34 h
19:     -> Evolving tree number 99837 {1}
33:     -> Evolving tree number 99775 {1}
09:         Output tree data at t=13.80 Gyr (output 1 of 1)
09:     <- Finished tree
01:         Output tree data at t=13.80 Gyr (output 1 of 1)
01:     <- Finished tree
14:         Output tree data at t=13.80 Gyr (output 1 of 1)
14:     <- Finished tree
09:     -> Evolving tree number 99847 {1}
01:     -> Evolving tree number 99807 {1}
11:         Output tree data at t=13.80 Gyr (output 1 of 1)
11:     <- Finished tree
14:     -> Evolving tree number 99794 {1}
11:     -> Evolving tree number 99797 {1}
16:         Output tree data at t=13.80 Gyr (output 1 of 1)
16:     <- Finished tree
16:     Progress: 153 trees processed; elapsed 1.36 h
16:     -> Evolving tree number 99792 {1}
20:         Output tree data at t=13.80 Gyr (output 1 of 1)
20:     <- Finished tree
25:         Output tree data at t=13.80 Gyr (output 1 of 1)
25:     <- Finished tree
20:     -> Evolving tree number 99788 {1}
06:         Output tree data at t=13.80 Gyr (output 1 of 1)
06:     <- Finished tree
25:     -> Evolving tree number 99783 {1}
06:     -> Evolving tree number 99802 {1}
30:         Output tree data at t=13.80 Gyr (output 1 of 1)
30:     <- Finished tree
30:     Progress: 157 trees processed; elapsed 1.38 h
30:     -> Evolving tree number 99826 {1}
13:         Output tree data at t=13.80 Gyr (output 1 of 1)
13:     <- Finished tree
13:     -> Evolving tree number 99795 {1}
45:         Output tree data at t=13.80 Gyr (output 1 of 1)
45:     <- Finished tree
17:         Output tree data at t=13.80 Gyr (output 1 of 1)
17:     <- Finished tree
45:     -> Evolving tree number 99811 {1}
17:     -> Evolving tree number 99791 {1}
03:         Output tree data at t=13.80 Gyr (output 1 of 1)
03:     <- Finished tree
03:     Progress: 161 trees processed; elapsed 1.41 h
03:     -> Evolving tree number 99805 {1}
24:         Output tree data at t=13.80 Gyr (output 1 of 1)
24:     <- Finished tree
24:     -> Evolving tree number 99784 {1}
07:         Output tree data at t=13.80 Gyr (output 1 of 1)
07:     <- Finished tree
07:     -> Evolving tree number 99753 {1}
47:         Output tree data at t=13.80 Gyr (output 1 of 1)
47:     <- Finished tree
47:     Progress: 164 trees processed; elapsed 1.46 h
47:     -> Evolving tree number 99761 {1}
23:         Output tree data at t=13.80 Gyr (output 1 of 1)
23:     <- Finished tree
28:         Output tree data at t=13.80 Gyr (output 1 of 1)
28:     <- Finished tree
26:         Output tree data at t=13.80 Gyr (output 1 of 1)
26:     <- Finished tree
23:     -> Evolving tree number 99785 {1}
28:     -> Evolving tree number 99780 {1}
26:     -> Evolving tree number 99782 {1}
35:         Output tree data at t=13.80 Gyr (output 1 of 1)
35:     <- Finished tree
35:     -> Evolving tree number 99773 {1}
08:         Output tree data at t=13.80 Gyr (output 1 of 1)
08:     <- Finished tree
08:     Progress: 169 trees processed; elapsed 1.48 h
46:         Output tree data at t=13.80 Gyr (output 1 of 1)
46:     <- Finished tree
08:     -> Evolving tree number 99800 {1}
05:         Output tree data at t=13.80 Gyr (output 1 of 1)
05:     <- Finished tree
46:     -> Evolving tree number 99762 {1}
37:         Output tree data at t=13.80 Gyr (output 1 of 1)
37:     <- Finished tree
05:     -> Evolving tree number 99803 {1}
02:         Output tree data at t=13.80 Gyr (output 1 of 1)
02:     <- Finished tree
37:     -> Evolving tree number 99771 {1}
02:     -> Evolving tree number 99806 {1}
32:         Output tree data at t=13.80 Gyr (output 1 of 1)
32:     <- Finished tree
32:     -> Evolving tree number 99776 {1}
36:         Output tree data at t=13.80 Gyr (output 1 of 1)
36:     <- Finished tree
36:     Progress: 175 trees processed; elapsed 1.50 h
36:     -> Evolving tree number 99724 {1}
00:         Output tree data at t=13.80 Gyr (output 1 of 1)
00:     <- Finished tree
00:     Progress: 176 trees processed; elapsed 1.55 h
00:     -> Evolving tree number 99808 {1}
38:         Output tree data at t=13.80 Gyr (output 1 of 1)
38:     <- Finished tree
38:     -> Evolving tree number 99770 {1}
42:         Output tree data at t=13.80 Gyr (output 1 of 1)
42:     <- Finished tree
42:     Progress: 178 trees processed; elapsed 1.57 h
44:         Output tree data at t=13.80 Gyr (output 1 of 1)
44:     <- Finished tree
42:     -> Evolving tree number 99766 {1}
44:     -> Evolving tree number 99764 {1}
31:         Output tree data at t=13.80 Gyr (output 1 of 1)
31:     <- Finished tree
39:         Output tree data at t=13.80 Gyr (output 1 of 1)
39:     <- Finished tree
31:     -> Evolving tree number 99777 {1}
39:     -> Evolving tree number 99769 {1}
10:         Output tree data at t=13.80 Gyr (output 1 of 1)
10:     <- Finished tree
10:     Progress: 182 trees processed; elapsed 1.59 h
10:     -> Evolving tree number 99750 {1}
12:         Output tree data at t=13.80 Gyr (output 1 of 1)
12:     <- Finished tree
12:     -> Evolving tree number 99796 {1}
43:         Output tree data at t=13.80 Gyr (output 1 of 1)
43:     <- Finished tree
43:     -> Evolving tree number 99765 {1}
29:         Output tree data at t=13.80 Gyr (output 1 of 1)
29:     <- Finished tree
29:     Progress: 185 trees processed; elapsed 1.61 h
29:     -> Evolving tree number 99731 {1}
40:         Output tree data at t=13.80 Gyr (output 1 of 1)
40:     <- Finished tree
40:     -> Evolving tree number 99768 {1}
34:         Output tree data at t=13.80 Gyr (output 1 of 1)
34:     <- Finished tree
34:     -> Evolving tree number 99774 {1}
27:         Output tree data at t=13.80 Gyr (output 1 of 1)
27:     <- Finished tree
27:     Progress: 188 trees processed; elapsed 1.63 h
22:         Output tree data at t=13.80 Gyr (output 1 of 1)
22:     <- Finished tree
27:     -> Evolving tree number 99781 {1}
22:     -> Evolving tree number 99786 {1}
33:         Output tree data at t=13.80 Gyr (output 1 of 1)
33:     <- Finished tree
33:     Progress: 190 trees processed; elapsed 1.67 h
33:     -> Evolving tree number 99727 {1}
09:         Output tree data at t=13.80 Gyr (output 1 of 1)
09:     <- Finished tree
09:     -> Evolving tree number 99799 {1}
41:         Output tree data at t=13.80 Gyr (output 1 of 1)
41:     <- Finished tree
41:     Progress: 192 trees processed; elapsed 1.70 h
41:     -> Evolving tree number 99767 {1}
21:         Output tree data at t=13.80 Gyr (output 1 of 1)
21:     <- Finished tree
21:     -> Evolving tree number 99787 {1}
04:         Output tree data at t=13.80 Gyr (output 1 of 1)
04:     <- Finished tree
04:     Progress: 194 trees processed; elapsed 1.72 h
06:         Output tree data at t=13.80 Gyr (output 1 of 1)
06:     <- Finished tree
04:     -> Evolving tree number 99756 {1}
06:     -> Evolving tree number 99754 {1}
01:         Output tree data at t=13.80 Gyr (output 1 of 1)
01:     <- Finished tree
13:         Output tree data at t=13.80 Gyr (output 1 of 1)
13:     <- Finished tree
01:     -> Evolving tree number 99759 {1}
13:     -> Evolving tree number 99747 {1}
17:         Output tree data at t=13.80 Gyr (output 1 of 1)
17:     <- Finished tree
15:         Output tree data at t=13.80 Gyr (output 1 of 1)
15:     <- Finished tree
17:     -> Evolving tree number 99743 {1}
15:     -> Evolving tree number 99745 {1}
19:         Output tree data at t=13.80 Gyr (output 1 of 1)
19:     <- Finished tree
19:     Progress: 200 trees processed; elapsed 1.76 h
08:         Output tree data at t=13.80 Gyr (output 1 of 1)
08:     <- Finished tree
35:         Output tree data at t=13.80 Gyr (output 1 of 1)
35:     <- Finished tree
19:     -> Evolving tree number 99789 {1}
28:         Output tree data at t=13.80 Gyr (output 1 of 1)
28:     <- Finished tree
08:     -> Evolving tree number 99752 {1}
35:     -> Evolving tree number 99725 {1}
18:         Output tree data at t=13.80 Gyr (output 1 of 1)
18:     <- Finished tree
28:     -> Evolving tree number 99732 {1}
18:     -> Evolving tree number 99790 {1}
47:         Output tree data at t=13.80 Gyr (output 1 of 1)
47:     <- Finished tree
47:     -> Evolving tree number 99713 {1}
05:         Output tree data at t=13.80 Gyr (output 1 of 1)
05:     <- Finished tree
14:         Output tree data at t=13.80 Gyr (output 1 of 1)
14:     <- Finished tree
05:     -> Evolving tree number 99755 {1}
14:     -> Evolving tree number 99746 {1}
37:         Output tree data at t=13.80 Gyr (output 1 of 1)
37:     <- Finished tree
03:         Output tree data at t=13.80 Gyr (output 1 of 1)
03:     <- Finished tree
37:     -> Evolving tree number 99723 {1}
03:     -> Evolving tree number 99757 {1}
30:         Output tree data at t=13.80 Gyr (output 1 of 1)
30:     <- Finished tree
30:     Progress: 210 trees processed; elapsed 1.79 h
30:     -> Evolving tree number 99778 {1}
23:         Output tree data at t=13.80 Gyr (output 1 of 1)
23:     <- Finished tree
23:     -> Evolving tree number 99737 {1}
16:         Output tree data at t=13.80 Gyr (output 1 of 1)
16:     <- Finished tree
24:         Output tree data at t=13.80 Gyr (output 1 of 1)
24:     <- Finished tree
16:     -> Evolving tree number 99744 {1}
24:     -> Evolving tree number 99736 {1}
11:         Output tree data at t=13.80 Gyr (output 1 of 1)
11:     <- Finished tree
11:     Progress: 214 trees processed; elapsed 1.81 h
20:         Output tree data at t=13.80 Gyr (output 1 of 1)
20:     <- Finished tree
11:     -> Evolving tree number 99749 {1}
20:     -> Evolving tree number 99740 {1}
45:         Output tree data at t=13.80 Gyr (output 1 of 1)
45:     <- Finished tree
45:     Progress: 216 trees processed; elapsed 1.84 h
45:     -> Evolving tree number 99763 {1}
26:         Output tree data at t=13.80 Gyr (output 1 of 1)
26:     <- Finished tree
26:     -> Evolving tree number 99734 {1}
25:         Output tree data at t=13.80 Gyr (output 1 of 1)
25:     <- Finished tree
25:     -> Evolving tree number 99735 {1}
32:         Output tree data at t=13.80 Gyr (output 1 of 1)
32:     <- Finished tree
32:     Progress: 219 trees processed; elapsed 1.88 h
44:         Output tree data at t=13.80 Gyr (output 1 of 1)
44:     <- Finished tree
32:     -> Evolving tree number 99728 {1}
44:     -> Evolving tree number 99716 {1}
07:         Output tree data at t=13.80 Gyr (output 1 of 1)
07:     <- Finished tree
02:         Output tree data at t=13.80 Gyr (output 1 of 1)
02:     <- Finished tree
07:     -> Evolving tree number 99705 {1}
02:     -> Evolving tree number 99758 {1}
12:         Output tree data at t=13.80 Gyr (output 1 of 1)
12:     <- Finished tree
12:     -> Evolving tree number 99748 {1}
46:         Output tree data at t=13.80 Gyr (output 1 of 1)
46:     <- Finished tree
46:     Progress: 224 trees processed; elapsed 1.91 h
10:         Output tree data at t=13.80 Gyr (output 1 of 1)
10:     <- Finished tree
46:     -> Evolving tree number 99714 {1}
10:     -> Evolving tree number 99702 {1}
36:         Output tree data at t=13.80 Gyr (output 1 of 1)
36:     <- Finished tree
36:     -> Evolving tree number 99676 {1}
42:         Output tree data at t=13.80 Gyr (output 1 of 1)
42:     <- Finished tree
42:     -> Evolving tree number 99718 {1}
38:         Output tree data at t=13.80 Gyr (output 1 of 1)
38:     <- Finished tree
38:     Progress: 228 trees processed; elapsed 1.94 h
39:         Output tree data at t=13.80 Gyr (output 1 of 1)
39:     <- Finished tree
38:     -> Evolving tree number 99722 {1}
39:     -> Evolving tree number 99721 {1}
22:         Output tree data at t=13.80 Gyr (output 1 of 1)
22:     <- Finished tree
22:     -> Evolving tree number 99738 {1}
40:         Output tree data at t=13.80 Gyr (output 1 of 1)
40:     <- Finished tree
40:     Progress: 231 trees processed; elapsed 1.97 h
40:     -> Evolving tree number 99720 {1}
43:         Output tree data at t=13.80 Gyr (output 1 of 1)
43:     <- Finished tree
43:     -> Evolving tree number 99717 {1}
31:         Output tree data at t=13.80 Gyr (output 1 of 1)
31:     <- Finished tree
31:     -> Evolving tree number 99729 {1}
29:         Output tree data at t=13.80 Gyr (output 1 of 1)
29:     <- Finished tree
29:     -> Evolving tree number 99683 {1}
33:         Output tree data at t=13.80 Gyr (output 1 of 1)
33:     <- Finished tree
33:     Progress: 235 trees processed; elapsed 2.01 h
41:         Output tree data at t=13.80 Gyr (output 1 of 1)
41:     <- Finished tree
00:         Output tree data at t=13.80 Gyr (output 1 of 1)
00:     <- Finished tree
33:     -> Evolving tree number 99679 {1}
41:     -> Evolving tree number 99719 {1}
00:     -> Evolving tree number 99760 {1}
47:         Output tree data at t=13.80 Gyr (output 1 of 1)
47:     <- Finished tree
47:     -> Evolving tree number 99665 {1}
15:         Output tree data at t=13.80 Gyr (output 1 of 1)
15:     <- Finished tree
15:     Progress: 239 trees processed; elapsed 2.03 h
34:         Output tree data at t=13.80 Gyr (output 1 of 1)
34:     <- Finished tree
15:     -> Evolving tree number 99697 {1}
34:     -> Evolving tree number 99726 {1}
17:         Output tree data at t=13.80 Gyr (output 1 of 1)
17:     <- Finished tree
17:     -> Evolving tree number 99695 {1}
01:         Output tree data at t=13.80 Gyr (output 1 of 1)
01:     <- Finished tree
20:         Output tree data at t=13.80 Gyr (output 1 of 1)
20:     <- Finished tree
01:     -> Evolving tree number 99711 {1}
20:     -> Evolving tree number 99692 {1}
18:         Output tree data at t=13.80 Gyr (output 1 of 1)
18:     <- Finished tree
18:     Progress: 244 trees processed; elapsed 2.05 h
18:     -> Evolving tree number 99742 {1}
23:         Output tree data at t=13.80 Gyr (output 1 of 1)
23:     <- Finished tree
26:         Output tree data at t=13.80 Gyr (output 1 of 1)
26:     <- Finished tree
09:         Output tree data at t=13.80 Gyr (output 1 of 1)
09:     <- Finished tree
23:     -> Evolving tree number 99689 {1}
26:     -> Evolving tree number 99686 {1}
09:     -> Evolving tree number 99751 {1}
24:         Output tree data at t=13.80 Gyr (output 1 of 1)
24:     <- Finished tree
24:     Progress: 248 trees processed; elapsed 2.07 h
24:     -> Evolving tree number 99688 {1}
05:         Output tree data at t=13.80 Gyr (output 1 of 1)
05:     <- Finished tree
05:     -> Evolving tree number 99707 {1}
19:         Output tree data at t=13.80 Gyr (output 1 of 1)
19:     <- Finished tree
19:     -> Evolving tree number 99741 {1}
27:         Output tree data at t=13.80 Gyr (output 1 of 1)
27:     <- Finished tree
27:     Progress: 251 trees processed; elapsed 2.10 h
37:         Output tree data at t=13.80 Gyr (output 1 of 1)
37:     <- Finished tree
27:     -> Evolving tree number 99733 {1}
37:     -> Evolving tree number 99675 {1}
08:         Output tree data at t=13.80 Gyr (output 1 of 1)
08:     <- Finished tree
08:     -> Evolving tree number 99704 {1}
16:         Output tree data at t=13.80 Gyr (output 1 of 1)
16:     <- Finished tree
16:     Progress: 254 trees processed; elapsed 2.12 h
16:     -> Evolving tree number 99696 {1}
35:         Output tree data at t=13.80 Gyr (output 1 of 1)
35:     <- Finished tree
35:     -> Evolving tree number 99677 {1}
04:         Output tree data at t=13.80 Gyr (output 1 of 1)
04:     <- Finished tree
04:     -> Evolving tree number 99708 {1}
21:         Output tree data at t=13.80 Gyr (output 1 of 1)
21:     <- Finished tree
21:     Progress: 257 trees processed; elapsed 2.15 h
21:     -> Evolving tree number 99739 {1}
14:         Output tree data at t=13.80 Gyr (output 1 of 1)
14:     <- Finished tree
14:     Progress: 258 trees processed; elapsed 2.17 h
14:     -> Evolving tree number 99698 {1}
07:         Output tree data at t=13.80 Gyr (output 1 of 1)
07:     <- Finished tree
10:         Output tree data at t=13.80 Gyr (output 1 of 1)
10:     <- Finished tree
06:         Output tree data at t=13.80 Gyr (output 1 of 1)
06:     <- Finished tree
07:     -> Evolving tree number 99657 {1}
10:     -> Evolving tree number 99654 {1}
06:     -> Evolving tree number 99706 {1}
46:         Output tree data at t=13.80 Gyr (output 1 of 1)
46:     <- Finished tree
40:         Output tree data at t=13.80 Gyr (output 1 of 1)
40:     <- Finished tree
46:     -> Evolving tree number 99666 {1}
11:         Output tree data at t=13.80 Gyr (output 1 of 1)
11:     <- Finished tree
40:     -> Evolving tree number 99672 {1}
11:     -> Evolving tree number 99701 {1}
03:         Output tree data at t=13.80 Gyr (output 1 of 1)
03:     <- Finished tree
03:     Progress: 265 trees processed; elapsed 2.22 h
03:     -> Evolving tree number 99709 {1}
22:         Output tree data at t=13.80 Gyr (output 1 of 1)
22:     <- Finished tree
22:     -> Evolving tree number 99690 {1}
29:         Output tree data at t=13.80 Gyr (output 1 of 1)
29:     <- Finished tree
29:     -> Evolving tree number 99635 {1}
30:         Output tree data at t=13.80 Gyr (output 1 of 1)
30:     <- Finished tree
30:     Progress: 268 trees processed; elapsed 2.24 h
30:     -> Evolving tree number 99730 {1}
41:         Output tree data at t=13.80 Gyr (output 1 of 1)
41:     <- Finished tree
41:     -> Evolving tree number 99671 {1}
02:         Output tree data at t=13.80 Gyr (output 1 of 1)
02:     <- Finished tree
02:     -> Evolving tree number 99710 {1}
13:         Output tree data at t=13.80 Gyr (output 1 of 1)
13:     <- Finished tree
13:     -> Evolving tree number 99699 {1}
25:         Output tree data at t=13.80 Gyr (output 1 of 1)
25:     <- Finished tree
25:     Progress: 272 trees processed; elapsed 2.27 h
25:     -> Evolving tree number 99687 {1}
45:         Output tree data at t=13.80 Gyr (output 1 of 1)
45:     <- Finished tree
45:     Progress: 273 trees processed; elapsed 2.29 h
45:     -> Evolving tree number 99715 {1}
42:         Output tree data at t=13.80 Gyr (output 1 of 1)
42:     <- Finished tree
42:     -> Evolving tree number 99670 {1}
28:         Output tree data at t=13.80 Gyr (output 1 of 1)
28:     <- Finished tree
28:     Progress: 275 trees processed; elapsed 2.31 h
34:         Output tree data at t=13.80 Gyr (output 1 of 1)
34:     <- Finished tree
28:     -> Evolving tree number 99684 {1}
33:         Output tree data at t=13.80 Gyr (output 1 of 1)
33:     <- Finished tree
34:     -> Evolving tree number 99678 {1}
33:     -> Evolving tree number 99631 {1}
12:         Output tree data at t=13.80 Gyr (output 1 of 1)
12:     <- Finished tree
12:     Progress: 278 trees processed; elapsed 2.33 h
12:     -> Evolving tree number 99700 {1}
39:         Output tree data at t=13.80 Gyr (output 1 of 1)
39:     <- Finished tree
39:     Progress: 279 trees processed; elapsed 2.36 h
39:     -> Evolving tree number 99673 {1}
17:         Output tree data at t=13.80 Gyr (output 1 of 1)
17:     <- Finished tree
21:         Output tree data at t=13.80 Gyr (output 1 of 1)
21:     <- Finished tree
17:     -> Evolving tree number 99647 {1}
21:     -> Evolving tree number 99691 {1}
01:         Output tree data at t=13.80 Gyr (output 1 of 1)
01:     <- Finished tree
47:         Output tree data at t=13.80 Gyr (output 1 of 1)
47:     <- Finished tree
43:         Output tree data at t=13.80 Gyr (output 1 of 1)
43:     <- Finished tree
01:     -> Evolving tree number 99663 {1}
47:     -> Evolving tree number 99617 {1}
43:     -> Evolving tree number 99669 {1}
20:         Output tree data at t=13.80 Gyr (output 1 of 1)
20:     <- Finished tree
20:     Progress: 285 trees processed; elapsed 2.37 h
24:         Output tree data at t=13.80 Gyr (output 1 of 1)
24:     <- Finished tree
20:     -> Evolving tree number 99644 {1}
27:         Output tree data at t=13.80 Gyr (output 1 of 1)
27:     <- Finished tree
24:     -> Evolving tree number 99640 {1}
27:     -> Evolving tree number 99685 {1}
38:         Output tree data at t=13.80 Gyr (output 1 of 1)
38:     <- Finished tree
38:     -> Evolving tree number 99674 {1}
44:         Output tree data at t=13.80 Gyr (output 1 of 1)
44:     <- Finished tree
44:     Progress: 289 trees processed; elapsed 2.39 h
44:     -> Evolving tree number 99668 {1}
26:         Output tree data at t=13.80 Gyr (output 1 of 1)
26:     <- Finished tree
26:     -> Evolving tree number 99638 {1}
09:         Output tree data at t=13.80 Gyr (output 1 of 1)
09:     <- Finished tree
09:     -> Evolving tree number 99703 {1}
31:         Output tree data at t=13.80 Gyr (output 1 of 1)
31:     <- Finished tree
37:         Output tree data at t=13.80 Gyr (output 1 of 1)
37:     <- Finished tree
31:     -> Evolving tree number 99681 {1}
37:     -> Evolving tree number 99627 {1}
00:         Output tree data at t=13.80 Gyr (output 1 of 1)
00:     <- Finished tree
00:     Progress: 294 trees processed; elapsed 2.41 h
23:         Output tree data at t=13.80 Gyr (output 1 of 1)
23:     <- Finished tree
00:     -> Evolving tree number 99712 {1}
23:     -> Evolving tree number 99641 {1}
36:         Output tree data at t=13.80 Gyr (output 1 of 1)
36:     <- Finished tree
36:     -> Evolving tree number 99628 {1}
16:         Output tree data at t=13.80 Gyr (output 1 of 1)
16:     <- Finished tree
16:     -> Evolving tree number 99648 {1}
32:         Output tree data at t=13.80 Gyr (output 1 of 1)
32:     <- Finished tree
32:     Progress: 298 trees processed; elapsed 2.43 h
32:     -> Evolving tree number 99680 {1}
05:         Output tree data at t=13.80 Gyr (output 1 of 1)
05:     <- Finished tree
05:     -> Evolving tree number 99659 {1}
14:         Output tree data at t=13.80 Gyr (output 1 of 1)
14:     <- Finished tree
14:     Progress: 300 trees processed; elapsed 2.45 h
14:     -> Evolving tree number 99650 {1}
03:         Output tree data at t=13.80 Gyr (output 1 of 1)
03:     <- Finished tree
03:     -> Evolving tree number 99661 {1}
15:         Output tree data at t=13.80 Gyr (output 1 of 1)
15:     <- Finished tree
15:     -> Evolving tree number 99649 {1}
08:         Output tree data at t=13.80 Gyr (output 1 of 1)
08:     <- Finished tree
08:     Progress: 303 trees processed; elapsed 2.49 h
08:     -> Evolving tree number 99656 {1}
41:         Output tree data at t=13.80 Gyr (output 1 of 1)
41:     <- Finished tree
19:         Output tree data at t=13.80 Gyr (output 1 of 1)
19:     <- Finished tree
41:     -> Evolving tree number 99623 {1}
19:     -> Evolving tree number 99693 {1}
29:         Output tree data at t=13.80 Gyr (output 1 of 1)
29:     <- Finished tree
29:     Progress: 306 trees processed; elapsed 2.52 h
29:     -> Evolving tree number 99587 {1}
28:         Output tree data at t=13.80 Gyr (output 1 of 1)
28:     <- Finished tree
28:     -> Evolving tree number 99636 {1}
18:         Output tree data at t=13.80 Gyr (output 1 of 1)
18:     <- Finished tree
18:     Progress: 308 trees processed; elapsed 2.54 h
06:         Output tree data at t=13.80 Gyr (output 1 of 1)
06:     <- Finished tree
18:     -> Evolving tree number 99694 {1}
06:     -> Evolving tree number 99658 {1}
35:         Output tree data at t=13.80 Gyr (output 1 of 1)
35:     <- Finished tree
35:     Progress: 310 trees processed; elapsed 2.56 h
35:     -> Evolving tree number 99629 {1}
04:         Output tree data at t=13.80 Gyr (output 1 of 1)
04:     <- Finished tree
04:     -> Evolving tree number 99660 {1}
30:         Output tree data at t=13.80 Gyr (output 1 of 1)
30:     <- Finished tree
30:     Progress: 312 trees processed; elapsed 2.57 h
30:     -> Evolving tree number 99682 {1}
13:         Output tree data at t=13.80 Gyr (output 1 of 1)
13:     <- Finished tree
13:     -> Evolving tree number 99651 {1}
37:         Output tree data at t=13.80 Gyr (output 1 of 1)
37:     <- Finished tree
37:     Progress: 314 trees processed; elapsed 2.59 h
11:         Output tree data at t=13.80 Gyr (output 1 of 1)
11:     <- Finished tree
37:     -> Evolving tree number 99579 {1}
34:         Output tree data at t=13.80 Gyr (output 1 of 1)
34:     <- Finished tree
11:     -> Evolving tree number 99653 {1}
02:         Output tree data at t=13.80 Gyr (output 1 of 1)
02:     <- Finished tree
34:     -> Evolving tree number 99630 {1}
02:     -> Evolving tree number 99662 {1}
45:         Output tree data at t=13.80 Gyr (output 1 of 1)
45:     <- Finished tree
45:     -> Evolving tree number 99667 {1}
42:         Output tree data at t=13.80 Gyr (output 1 of 1)
42:     <- Finished tree
42:     Progress: 319 trees processed; elapsed 2.61 h
42:     -> Evolving tree number 99622 {1}
40:         Output tree data at t=13.80 Gyr (output 1 of 1)
40:     <- Finished tree
40:     -> Evolving tree number 99624 {1}
25:         Output tree data at t=13.80 Gyr (output 1 of 1)
25:     <- Finished tree
25:     Progress: 321 trees processed; elapsed 2.64 h
25:     -> Evolving tree number 99639 {1}
33:         Output tree data at t=13.80 Gyr (output 1 of 1)
33:     <- Finished tree
33:     -> Evolving tree number 99583 {1}
44:         Output tree data at t=13.80 Gyr (output 1 of 1)
44:     <- Finished tree
44:     Progress: 323 trees processed; elapsed 2.67 h
26:         Output tree data at t=13.80 Gyr (output 1 of 1)
26:     <- Finished tree
39:         Output tree data at t=13.80 Gyr (output 1 of 1)
39:     <- Finished tree
44:     -> Evolving tree number 99620 {1}
26:     -> Evolving tree number 99590 {1}
39:     -> Evolving tree number 99625 {1}
38:         Output tree data at t=13.80 Gyr (output 1 of 1)
38:     <- Finished tree
22:         Output tree data at t=13.80 Gyr (output 1 of 1)
22:     <- Finished tree
38:     -> Evolving tree number 99626 {1}
22:     -> Evolving tree number 99642 {1}
27:         Output tree data at t=13.80 Gyr (output 1 of 1)
27:     <- Finished tree
27:     Progress: 328 trees processed; elapsed 2.69 h
24:         Output tree data at t=13.80 Gyr (output 1 of 1)
24:     <- Finished tree
27:     -> Evolving tree number 99637 {1}
24:     -> Evolving tree number 99592 {1}
21:         Output tree data at t=13.80 Gyr (output 1 of 1)
21:     <- Finished tree
17:         Output tree data at t=13.80 Gyr (output 1 of 1)
17:     <- Finished tree
21:     -> Evolving tree number 99643 {1}
17:     -> Evolving tree number 99599 {1}
07:         Output tree data at t=13.80 Gyr (output 1 of 1)
07:     <- Finished tree
07:     Progress: 332 trees processed; elapsed 2.71 h
07:     -> Evolving tree number 99609 {1}
10:         Output tree data at t=13.80 Gyr (output 1 of 1)
10:     <- Finished tree
10:     -> Evolving tree number 99606 {1}
46:         Output tree data at t=13.80 Gyr (output 1 of 1)
46:     <- Finished tree
46:     -> Evolving tree number 99618 {1}
00:         Output tree data at t=13.80 Gyr (output 1 of 1)
00:     <- Finished tree
00:     Progress: 335 trees processed; elapsed 2.73 h
18:         Output tree data at t=13.80 Gyr (output 1 of 1)
18:     <- Finished tree
00:     -> Evolving tree number 99664 {1}
18:     -> Evolving tree number 99646 {1}
05:         Output tree data at t=13.80 Gyr (output 1 of 1)
05:     <- Finished tree
29:         Output tree data at t=13.80 Gyr (output 1 of 1)
29:     <- Finished tree
05:     -> Evolving tree number 99611 {1}
29:     -> Evolving tree number 99539 {1}
43:         Output tree data at t=13.80 Gyr (output 1 of 1)
43:     <- Finished tree
43:     Progress: 339 trees processed; elapsed 2.76 h
43:     -> Evolving tree number 99621 {1}
35:         Output tree data at t=13.80 Gyr (output 1 of 1)
35:     <- Finished tree
35:     Progress: 340 trees processed; elapsed 2.78 h
35:     -> Evolving tree number 99581 {1}
20:         Output tree data at t=13.80 Gyr (output 1 of 1)
20:     <- Finished tree
12:         Output tree data at t=13.80 Gyr (output 1 of 1)
12:     <- Finished tree
15:         Output tree data at t=13.80 Gyr (output 1 of 1)
15:     <- Finished tree
12:     -> Evolving tree number 99652 {1}
20:     -> Evolving tree number 99596 {1}
15:     -> Evolving tree number 99601 {1}
23:         Output tree data at t=13.80 Gyr (output 1 of 1)
23:     <- Finished tree
23:     -> Evolving tree number 99593 {1}
01:         Output tree data at t=13.80 Gyr (output 1 of 1)
01:     <- Finished tree
01:     Progress: 345 trees processed; elapsed 2.80 h
03:         Output tree data at t=13.80 Gyr (output 1 of 1)
03:     <- Finished tree
01:     -> Evolving tree number 99615 {1}
03:     -> Evolving tree number 99613 {1}
32:         Output tree data at t=13.80 Gyr (output 1 of 1)
32:     <- Finished tree
32:     -> Evolving tree number 99632 {1}
14:         Output tree data at t=13.80 Gyr (output 1 of 1)
14:     <- Finished tree
14:     -> Evolving tree number 99602 {1}
06:         Output tree data at t=13.80 Gyr (output 1 of 1)
06:     <- Finished tree
06:     Progress: 349 trees processed; elapsed 2.82 h
06:     -> Evolving tree number 99610 {1}
19:         Output tree data at t=13.80 Gyr (output 1 of 1)
19:     <- Finished tree
16:         Output tree data at t=13.80 Gyr (output 1 of 1)
16:     <- Finished tree
19:     -> Evolving tree number 99645 {1}
16:     -> Evolving tree number 99600 {1}
04:         Output tree data at t=13.80 Gyr (output 1 of 1)
04:     <- Finished tree
04:     Progress: 352 trees processed; elapsed 2.84 h
04:     -> Evolving tree number 99612 {1}
28:         Output tree data at t=13.80 Gyr (output 1 of 1)
28:     <- Finished tree
28:     -> Evolving tree number 99588 {1}
31:         Output tree data at t=13.80 Gyr (output 1 of 1)
31:     <- Finished tree
31:     Progress: 354 trees processed; elapsed 2.87 h
39:         Output tree data at t=13.80 Gyr (output 1 of 1)
39:     <- Finished tree
31:     -> Evolving tree number 99633 {1}
39:     -> Evolving tree number 99577 {1}
47:         Output tree data at t=13.80 Gyr (output 1 of 1)
47:     <- Finished tree
47:     Progress: 356 trees processed; elapsed 2.89 h
02:         Output tree data at t=13.80 Gyr (output 1 of 1)
02:     <- Finished tree
47:     -> Evolving tree number 99569 {1}
02:     -> Evolving tree number 99614 {1}
08:         Output tree data at t=13.80 Gyr (output 1 of 1)
08:     <- Finished tree
08:     -> Evolving tree number 99608 {1}
26:         Output tree data at t=13.80 Gyr (output 1 of 1)
26:     <- Finished tree
26:     -> Evolving tree number 99542 {1}
41:         Output tree data at t=13.80 Gyr (output 1 of 1)
41:     <- Finished tree
41:     Progress: 360 trees processed; elapsed 2.91 h
41:     -> Evolving tree number 99575 {1}
09:         Output tree data at t=13.80 Gyr (output 1 of 1)
09:     <- Finished tree
09:     -> Evolving tree number 99655 {1}
13:         Output tree data at t=13.80 Gyr (output 1 of 1)
13:     <- Finished tree
13:     Progress: 362 trees processed; elapsed 2.93 h
13:     -> Evolving tree number 99603 {1}
33:         Output tree data at t=13.80 Gyr (output 1 of 1)
33:     <- Finished tree
33:     -> Evolving tree number 99535 {1}
36:         Output tree data at t=13.80 Gyr (output 1 of 1)
36:     <- Finished tree
36:     Progress: 364 trees processed; elapsed 2.95 h
45:         Output tree data at t=13.80 Gyr (output 1 of 1)
45:     <- Finished tree
36:     -> Evolving tree number 99580 {1}
45:     -> Evolving tree number 99619 {1}
30:         Output tree data at t=13.80 Gyr (output 1 of 1)
30:     <- Finished tree
44:         Output tree data at t=13.80 Gyr (output 1 of 1)
44:     <- Finished tree
30:     -> Evolving tree number 99634 {1}
32:         Output tree data at t=13.80 Gyr (output 1 of 1)
32:     <- Finished tree
44:     -> Evolving tree number 99572 {1}
42:         Output tree data at t=13.80 Gyr (output 1 of 1)
42:     <- Finished tree
42:     Progress: 369 trees processed; elapsed 2.97 h
32:     -> Evolving tree number 99584 {1}
42:     -> Evolving tree number 99574 {1}
40:         Output tree data at t=13.80 Gyr (output 1 of 1)
40:     <- Finished tree
40:     Progress: 370 trees processed; elapsed 3.00 h
37:         Output tree data at t=13.80 Gyr (output 1 of 1)
37:     <- Finished tree
40:     -> Evolving tree number 99576 {1}
37:     -> Evolving tree number 99531 {1}
34:         Output tree data at t=13.80 Gyr (output 1 of 1)
34:     <- Finished tree
34:     Progress: 372 trees processed; elapsed 3.01 h
34:     -> Evolving tree number 99582 {1}
25:         Output tree data at t=13.80 Gyr (output 1 of 1)
25:     <- Finished tree
25:     -> Evolving tree number 99591 {1}
35:         Output tree data at t=13.80 Gyr (output 1 of 1)
35:     <- Finished tree
35:     -> Evolving tree number 99533 {1}
38:         Output tree data at t=13.80 Gyr (output 1 of 1)
38:     <- Finished tree
27:         Output tree data at t=13.80 Gyr (output 1 of 1)
27:     <- Finished tree
38:     -> Evolving tree number 99578 {1}
27:     -> Evolving tree number 99589 {1}
20:         Output tree data at t=13.80 Gyr (output 1 of 1)
20:     <- Finished tree
20:     Progress: 377 trees processed; elapsed 3.03 h
20:     -> Evolving tree number 99548 {1}
11:         Output tree data at t=13.80 Gyr (output 1 of 1)
11:     <- Finished tree
11:     -> Evolving tree number 99605 {1}
21:         Output tree data at t=13.80 Gyr (output 1 of 1)
21:     <- Finished tree
21:     -> Evolving tree number 99595 {1}
07:         Output tree data at t=13.80 Gyr (output 1 of 1)
07:     <- Finished tree
07:     Progress: 380 trees processed; elapsed 3.05 h
17:         Output tree data at t=13.80 Gyr (output 1 of 1)
17:     <- Finished tree
07:     -> Evolving tree number 99561 {1}
17:     -> Evolving tree number 99551 {1}
10:         Output tree data at t=13.80 Gyr (output 1 of 1)
10:     <- Finished tree
10:     -> Evolving tree number 99558 {1}
28:         Output tree data at t=13.80 Gyr (output 1 of 1)
28:     <- Finished tree
28:     Progress: 383 trees processed; elapsed 3.08 h
28:     -> Evolving tree number 99540 {1}
14:         Output tree data at t=13.80 Gyr (output 1 of 1)
14:     <- Finished tree
14:     -> Evolving tree number 99554 {1}
15:         Output tree data at t=13.80 Gyr (output 1 of 1)
15:     <- Finished tree
15:     Progress: 385 trees processed; elapsed 3.11 h
15:     -> Evolving tree number 99553 {1}
18:         Output tree data at t=13.80 Gyr (output 1 of 1)
18:     <- Finished tree
18:     -> Evolving tree number 99598 {1}
46:         Output tree data at t=13.80 Gyr (output 1 of 1)
46:     <- Finished tree
46:     -> Evolving tree number 99570 {1}
22:         Output tree data at t=13.80 Gyr (output 1 of 1)
22:     <- Finished tree
22:     Progress: 388 trees processed; elapsed 3.13 h
22:     -> Evolving tree number 99594 {1}
47:         Output tree data at t=13.80 Gyr (output 1 of 1)
47:     <- Finished tree
47:     -> Evolving tree number 99521 {1}
19:         Output tree data at t=13.80 Gyr (output 1 of 1)
19:     <- Finished tree
24:         Output tree data at t=13.80 Gyr (output 1 of 1)
24:     <- Finished tree
19:     -> Evolving tree number 99597 {1}
03:         Output tree data at t=13.80 Gyr (output 1 of 1)
03:     <- Finished tree
03:     Progress: 392 trees processed; elapsed 3.15 h
24:     -> Evolving tree number 99544 {1}
29:         Output tree data at t=13.80 Gyr (output 1 of 1)
29:     <- Finished tree
03:     -> Evolving tree number 99565 {1}
29:     -> Evolving tree number 99491 {1}
39:         Output tree data at t=13.80 Gyr (output 1 of 1)
39:     <- Finished tree
16:         Output tree data at t=13.80 Gyr (output 1 of 1)
16:     <- Finished tree
39:     -> Evolving tree number 99529 {1}
16:     -> Evolving tree number 99552 {1}
26:         Output tree data at t=13.80 Gyr (output 1 of 1)
26:     <- Finished tree
26:     Progress: 396 trees processed; elapsed 3.17 h
31:         Output tree data at t=13.80 Gyr (output 1 of 1)
31:     <- Finished tree
26:     -> Evolving tree number 99494 {1}
31:     -> Evolving tree number 99585 {1}
05:         Output tree data at t=13.80 Gyr (output 1 of 1)
05:     <- Finished tree
04:         Output tree data at t=13.80 Gyr (output 1 of 1)
04:     <- Finished tree
05:     -> Evolving tree number 99563 {1}
04:     -> Evolving tree number 99564 {1}
43:         Output tree data at t=13.80 Gyr (output 1 of 1)
43:     <- Finished tree
43:     Progress: 400 trees processed; elapsed 3.19 h
43:     -> Evolving tree number 99573 {1}
36:         Output tree data at t=13.80 Gyr (output 1 of 1)
36:     <- Finished tree
36:     Progress: 401 trees processed; elapsed 3.21 h
36:     -> Evolving tree number 99532 {1}
01:         Output tree data at t=13.80 Gyr (output 1 of 1)
01:     <- Finished tree
01:     -> Evolving tree number 99567 {1}
00:         Output tree data at t=13.80 Gyr (output 1 of 1)
00:     <- Finished tree
00:     Progress: 403 trees processed; elapsed 3.24 h
00:     -> Evolving tree number 99616 {1}
40:         Output tree data at t=13.80 Gyr (output 1 of 1)
40:     <- Finished tree
40:     Progress: 404 trees processed; elapsed 3.26 h
40:     -> Evolving tree number 99528 {1}
06:         Output tree data at t=13.80 Gyr (output 1 of 1)
06:     <- Finished tree
08:         Output tree data at t=13.80 Gyr (output 1 of 1)
08:     <- Finished tree
13:         Output tree data at t=13.80 Gyr (output 1 of 1)
13:     <- Finished tree
06:     -> Evolving tree number 99562 {1}
08:     -> Evolving tree number 99560 {1}
13:     -> Evolving tree number 99555 {1}
12:         Output tree data at t=13.80 Gyr (output 1 of 1)
12:     <- Finished tree
12:     Progress: 408 trees processed; elapsed 3.28 h
12:     -> Evolving tree number 99604 {1}
23:         Output tree data at t=13.80 Gyr (output 1 of 1)
23:     <- Finished tree
23:     Progress: 409 trees processed; elapsed 3.31 h
37:         Output tree data at t=13.80 Gyr (output 1 of 1)
37:     <- Finished tree
37:     -> Evolving tree number 99483 {1}
23:     -> Evolving tree number 99545 {1}
42:         Output tree data at t=13.80 Gyr (output 1 of 1)
42:     <- Finished tree
42:     -> Evolving tree number 99526 {1}
33:         Output tree data at t=13.80 Gyr (output 1 of 1)
33:     <- Finished tree
33:     Progress: 412 trees processed; elapsed 3.33 h
33:     -> Evolving tree number 99487 {1}
18:         Output tree data at t=13.80 Gyr (output 1 of 1)
18:     <- Finished tree
18:     -> Evolving tree number 99550 {1}
11:         Output tree data at t=13.80 Gyr (output 1 of 1)
11:     <- Finished tree
11:     -> Evolving tree number 99557 {1}
38:         Output tree data at t=13.80 Gyr (output 1 of 1)
38:     <- Finished tree
38:     -> Evolving tree number 99530 {1}
30:         Output tree data at t=13.80 Gyr (output 1 of 1)
30:     <- Finished tree
30:     Progress: 416 trees processed; elapsed 3.36 h
30:     -> Evolving tree number 99586 {1}
34:         Output tree data at t=13.80 Gyr (output 1 of 1)
34:     <- Finished tree
44:         Output tree data at t=13.80 Gyr (output 1 of 1)
44:     <- Finished tree
25:         Output tree data at t=13.80 Gyr (output 1 of 1)
25:     <- Finished tree
34:     -> Evolving tree number 99534 {1}
44:     -> Evolving tree number 99524 {1}
25:     -> Evolving tree number 99543 {1}
15:         Output tree data at t=13.80 Gyr (output 1 of 1)
15:     <- Finished tree
35:         Output tree data at t=13.80 Gyr (output 1 of 1)
35:     <- Finished tree
02:         Output tree data at t=13.80 Gyr (output 1 of 1)
02:     <- Finished tree
27:         Output tree data at t=13.80 Gyr (output 1 of 1)
27:     <- Finished tree
15:     -> Evolving tree number 99505 {1}
02:     -> Evolving tree number 99566 {1}
35:     -> Evolving tree number 99485 {1}
27:     -> Evolving tree number 99541 {1}
32:         Output tree data at t=13.80 Gyr (output 1 of 1)
32:     <- Finished tree
32:     Progress: 424 trees processed; elapsed 3.39 h
32:     -> Evolving tree number 99536 {1}
28:         Output tree data at t=13.80 Gyr (output 1 of 1)
28:     <- Finished tree
28:     -> Evolving tree number 99492 {1}
20:         Output tree data at t=13.80 Gyr (output 1 of 1)
20:     <- Finished tree
20:     Progress: 426 trees processed; elapsed 3.40 h
20:     -> Evolving tree number 99500 {1}
09:         Output tree data at t=13.80 Gyr (output 1 of 1)
09:     <- Finished tree
10:         Output tree data at t=13.80 Gyr (output 1 of 1)
10:     <- Finished tree
09:     -> Evolving tree number 99607 {1}
10:     -> Evolving tree number 99510 {1}
41:         Output tree data at t=13.80 Gyr (output 1 of 1)
41:     <- Finished tree
21:         Output tree data at t=13.80 Gyr (output 1 of 1)
21:     <- Finished tree
17:         Output tree data at t=13.80 Gyr (output 1 of 1)
17:     <- Finished tree
41:     -> Evolving tree number 99527 {1}
21:     -> Evolving tree number 99547 {1}
17:     -> Evolving tree number 99503 {1}
19:         Output tree data at t=13.80 Gyr (output 1 of 1)
19:     <- Finished tree
19:     Progress: 432 trees processed; elapsed 3.42 h
19:     -> Evolving tree number 99549 {1}
14:         Output tree data at t=13.80 Gyr (output 1 of 1)
14:     <- Finished tree
14:     Progress: 433 trees processed; elapsed 3.46 h
14:     -> Evolving tree number 99506 {1}
22:         Output tree data at t=13.80 Gyr (output 1 of 1)
22:     <- Finished tree
22:     -> Evolving tree number 99546 {1}
47:         Output tree data at t=13.80 Gyr (output 1 of 1)
47:     <- Finished tree
47:     -> Evolving tree number 99473 {1}
29:         Output tree data at t=13.80 Gyr (output 1 of 1)
29:     <- Finished tree
29:     Progress: 436 trees processed; elapsed 3.48 h
29:     -> Evolving tree number 99443 {1}
43:         Output tree data at t=13.80 Gyr (output 1 of 1)
43:     <- Finished tree
43:     Progress: 437 trees processed; elapsed 3.50 h
43:     -> Evolving tree number 99525 {1}
45:         Output tree data at t=13.80 Gyr (output 1 of 1)
45:     <- Finished tree
45:     -> Evolving tree number 99571 {1}
05:         Output tree data at t=13.80 Gyr (output 1 of 1)
05:     <- Finished tree
05:     -> Evolving tree number 99515 {1}
46:         Output tree data at t=13.80 Gyr (output 1 of 1)
46:     <- Finished tree
46:     -> Evolving tree number 99522 {1}
31:         Output tree data at t=13.80 Gyr (output 1 of 1)
31:     <- Finished tree
31:     Progress: 441 trees processed; elapsed 3.52 h
31:     -> Evolving tree number 99537 {1}
04:         Output tree data at t=13.80 Gyr (output 1 of 1)
04:     <- Finished tree
04:     -> Evolving tree number 99516 {1}
40:         Output tree data at t=13.80 Gyr (output 1 of 1)
40:     <- Finished tree
40:     Progress: 443 trees processed; elapsed 3.54 h
40:     -> Evolving tree number 99480 {1}
24:         Output tree data at t=13.80 Gyr (output 1 of 1)
24:     <- Finished tree
24:     Progress: 444 trees processed; elapsed 3.56 h
24:     -> Evolving tree number 99496 {1}
26:         Output tree data at t=13.80 Gyr (output 1 of 1)
26:     <- Finished tree
26:     -> Evolving tree number 99446 {1}
03:         Output tree data at t=13.80 Gyr (output 1 of 1)
03:     <- Finished tree
03:     Progress: 446 trees processed; elapsed 3.58 h
08:         Output tree data at t=13.80 Gyr (output 1 of 1)
08:     <- Finished tree
03:     -> Evolving tree number 99517 {1}
08:     -> Evolving tree number 99512 {1}
07:         Output tree data at t=13.80 Gyr (output 1 of 1)
07:     <- Finished tree
36:         Output tree data at t=13.80 Gyr (output 1 of 1)
36:     <- Finished tree
07:     -> Evolving tree number 99513 {1}
36:     -> Evolving tree number 99484 {1}
11:         Output tree data at t=13.80 Gyr (output 1 of 1)
11:     <- Finished tree
11:     -> Evolving tree number 99509 {1}
34:         Output tree data at t=13.80 Gyr (output 1 of 1)
34:     <- Finished tree
34:     Progress: 451 trees processed; elapsed 3.60 h
34:     -> Evolving tree number 99486 {1}
39:         Output tree data at t=13.80 Gyr (output 1 of 1)
39:     <- Finished tree
39:     -> Evolving tree number 99481 {1}
16:         Output tree data at t=13.80 Gyr (output 1 of 1)
16:     <- Finished tree
42:         Output tree data at t=13.80 Gyr (output 1 of 1)
42:     <- Finished tree
16:     -> Evolving tree number 99504 {1}
37:         Output tree data at t=13.80 Gyr (output 1 of 1)
37:     <- Finished tree
37:     Progress: 455 trees processed; elapsed 3.62 h
42:     -> Evolving tree number 99478 {1}
37:     -> Evolving tree number 99435 {1}
30:         Output tree data at t=13.80 Gyr (output 1 of 1)
30:     <- Finished tree
30:     -> Evolving tree number 99538 {1}
20:         Output tree data at t=13.80 Gyr (output 1 of 1)
20:     <- Finished tree
20:     -> Evolving tree number 99452 {1}
13:         Output tree data at t=13.80 Gyr (output 1 of 1)
13:     <- Finished tree
13:     Progress: 458 trees processed; elapsed 3.64 h
13:     -> Evolving tree number 99507 {1}
38:         Output tree data at t=13.80 Gyr (output 1 of 1)
38:     <- Finished tree
38:     -> Evolving tree number 99482 {1}
44:         Output tree data at t=13.80 Gyr (output 1 of 1)
44:     <- Finished tree
44:     Progress: 460 trees processed; elapsed 3.66 h
44:     -> Evolving tree number 99476 {1}
01:         Output tree data at t=13.80 Gyr (output 1 of 1)
01:     <- Finished tree
01:     -> Evolving tree number 99519 {1}
09:         Output tree data at t=13.80 Gyr (output 1 of 1)
09:     <- Finished tree
09:     -> Evolving tree number 99559 {1}
12:         Output tree data at t=13.80 Gyr (output 1 of 1)
12:     <- Finished tree
12:     Progress: 463 trees processed; elapsed 3.70 h
12:     -> Evolving tree number 99556 {1}
02:         Output tree data at t=13.80 Gyr (output 1 of 1)
02:     <- Finished tree
23:         Output tree data at t=13.80 Gyr (output 1 of 1)
23:     <- Finished tree
41:         Output tree data at t=13.80 Gyr (output 1 of 1)
41:     <- Finished tree
02:     -> Evolving tree number 99518 {1}
23:     -> Evolving tree number 99497 {1}
41:     -> Evolving tree number 99479 {1}
18:         Output tree data at t=13.80 Gyr (output 1 of 1)
18:     <- Finished tree
18:     -> Evolving tree number 99502 {1}
00:         Output tree data at t=13.80 Gyr (output 1 of 1)
00:     <- Finished tree
00:     Progress: 468 trees processed; elapsed 3.72 h
00:     -> Evolving tree number 99568 {1}
06:         Output tree data at t=13.80 Gyr (output 1 of 1)
06:     <- Finished tree
06:     -> Evolving tree number 99514 {1}
15:         Output tree data at t=13.80 Gyr (output 1 of 1)
15:     <- Finished tree
15:     -> Evolving tree number 99457 {1}
21:         Output tree data at t=13.80 Gyr (output 1 of 1)
21:     <- Finished tree
21:     Progress: 471 trees processed; elapsed 3.74 h
21:     -> Evolving tree number 99499 {1}
35:         Output tree data at t=13.80 Gyr (output 1 of 1)
35:     <- Finished tree
35:     Progress: 472 trees processed; elapsed 3.76 h
35:     -> Evolving tree number 99437 {1}
14:         Output tree data at t=13.80 Gyr (output 1 of 1)
14:     <- Finished tree
14:     -> Evolving tree number 99458 {1}
27:         Output tree data at t=13.80 Gyr (output 1 of 1)
27:     <- Finished tree
33:         Output tree data at t=13.80 Gyr (output 1 of 1)
33:     <- Finished tree
29:         Output tree data at t=13.80 Gyr (output 1 of 1)
29:     <- Finished tree
27:     -> Evolving tree number 99493 {1}
10:         Output tree data at t=13.80 Gyr (output 1 of 1)
10:     <- Finished tree
33:     -> Evolving tree number 99439 {1}
29:     -> Evolving tree number 99395 {1}
10:     -> Evolving tree number 99462 {1}
25:         Output tree data at t=13.80 Gyr (output 1 of 1)
25:     <- Finished tree
25:     Progress: 478 trees processed; elapsed 3.78 h
05:         Output tree data at t=13.80 Gyr (output 1 of 1)
05:     <- Finished tree
25:     -> Evolving tree number 99495 {1}
05:     -> Evolving tree number 99467 {1}
28:         Output tree data at t=13.80 Gyr (output 1 of 1)
28:     <- Finished tree
28:     -> Evolving tree number 99444 {1}
47:         Output tree data at t=13.80 Gyr (output 1 of 1)
47:     <- Finished tree
07:         Output tree data at t=13.80 Gyr (output 1 of 1)
07:     <- Finished tree
47:     -> Evolving tree number 99425 {1}
07:     -> Evolving tree number 99465 {1}
32:         Output tree data at t=13.80 Gyr (output 1 of 1)
32:     <- Finished tree
32:     Progress: 483 trees processed; elapsed 3.80 h
32:     -> Evolving tree number 99488 {1}
45:         Output tree data at t=13.80 Gyr (output 1 of 1)
45:     <- Finished tree
45:     -> Evolving tree number 99523 {1}
24:         Output tree data at t=13.80 Gyr (output 1 of 1)
24:     <- Finished tree
24:     -> Evolving tree number 99448 {1}
04:         Output tree data at t=13.80 Gyr (output 1 of 1)
04:     <- Finished tree
04:     Progress: 486 trees processed; elapsed 3.84 h
04:     -> Evolving tree number 99468 {1}
37:         Output tree data at t=13.80 Gyr (output 1 of 1)
37:     <- Finished tree
37:     Progress: 487 trees processed; elapsed 3.86 h
22:         Output tree data at t=13.80 Gyr (output 1 of 1)
22:     <- Finished tree
17:         Output tree data at t=13.80 Gyr (output 1 of 1)
17:     <- Finished tree
37:     -> Evolving tree number 99387 {1}
22:     -> Evolving tree number 99498 {1}
17:     -> Evolving tree number 99455 {1}
43:         Output tree data at t=13.80 Gyr (output 1 of 1)
43:     <- Finished tree
43:     -> Evolving tree number 99477 {1}
46:         Output tree data at t=13.80 Gyr (output 1 of 1)
46:     <- Finished tree
46:     Progress: 491 trees processed; elapsed 3.88 h
46:     -> Evolving tree number 99474 {1}
31:         Output tree data at t=13.80 Gyr (output 1 of 1)
31:     <- Finished tree
31:     -> Evolving tree number 99489 {1}
19:         Output tree data at t=13.80 Gyr (output 1 of 1)
19:     <- Finished tree
19:     -> Evolving tree number 99501 {1}
42:         Output tree data at t=13.80 Gyr (output 1 of 1)
42:     <- Finished tree
42:     Progress: 494 trees processed; elapsed 3.90 h
08:         Output tree data at t=13.80 Gyr (output 1 of 1)
08:     <- Finished tree
42:     -> Evolving tree number 99430 {1}
08:     -> Evolving tree number 99464 {1}
03:         Output tree data at t=13.80 Gyr (output 1 of 1)
03:     <- Finished tree
03:     -> Evolving tree number 99469 {1}
41:         Output tree data at t=13.80 Gyr (output 1 of 1)
41:     <- Finished tree
40:         Output tree data at t=13.80 Gyr (output 1 of 1)
40:     <- Finished tree
41:     -> Evolving tree number 99431 {1}
40:     -> Evolving tree number 99432 {1}
26:         Output tree data at t=13.80 Gyr (output 1 of 1)
26:     <- Finished tree
26:     Progress: 499 trees processed; elapsed 3.93 h
30:         Output tree data at t=13.80 Gyr (output 1 of 1)
30:     <- Finished tree
26:     -> Evolving tree number 99398 {1}
30:     -> Evolving tree number 99490 {1}
20:         Output tree data at t=13.80 Gyr (output 1 of 1)
20:     <- Finished tree
20:     -> Evolving tree number 99404 {1}
39:         Output tree data at t=13.80 Gyr (output 1 of 1)
39:     <- Finished tree
39:     Progress: 502 trees processed; elapsed 3.95 h
39:     -> Evolving tree number 99433 {1}
16:         Output tree data at t=13.80 Gyr (output 1 of 1)
16:     <- Finished tree
16:     Progress: 503 trees processed; elapsed 3.97 h
16:     -> Evolving tree number 99456 {1}
02:         Output tree data at t=13.80 Gyr (output 1 of 1)
02:     <- Finished tree
02:     -> Evolving tree number 99470 {1}
05:         Output tree data at t=13.80 Gyr (output 1 of 1)
05:     <- Finished tree
05:     Progress: 505 trees processed; elapsed 3.99 h
05:     -> Evolving tree number 99419 {1}
11:         Output tree data at t=13.80 Gyr (output 1 of 1)
11:     <- Finished tree
38:         Output tree data at t=13.80 Gyr (output 1 of 1)
38:     <- Finished tree
38:     -> Evolving tree number 99434 {1}
11:     -> Evolving tree number 99461 {1}
12:         Output tree data at t=13.80 Gyr (output 1 of 1)
12:     <- Finished tree
12:     -> Evolving tree number 99508 {1}
34:         Output tree data at t=13.80 Gyr (output 1 of 1)
34:     <- Finished tree
34:     -> Evolving tree number 99438 {1}
33:         Output tree data at t=13.80 Gyr (output 1 of 1)
33:     <- Finished tree
33:     Progress: 510 trees processed; elapsed 4.02 h
36:         Output tree data at t=13.80 Gyr (output 1 of 1)
36:     <- Finished tree
33:     -> Evolving tree number 99391 {1}
36:     -> Evolving tree number 99436 {1}
23:         Output tree data at t=13.80 Gyr (output 1 of 1)
23:     <- Finished tree
27:         Output tree data at t=13.80 Gyr (output 1 of 1)
27:     <- Finished tree
23:     -> Evolving tree number 99449 {1}
27:     -> Evolving tree number 99445 {1}
10:         Output tree data at t=13.80 Gyr (output 1 of 1)
10:     <- Finished tree
00:         Output tree data at t=13.80 Gyr (output 1 of 1)
00:     <- Finished tree
10:     -> Evolving tree number 99414 {1}
00:     -> Evolving tree number 99520 {1}
09:         Output tree data at t=13.80 Gyr (output 1 of 1)
09:     <- Finished tree
09:     Progress: 516 trees processed; elapsed 4.04 h
18:         Output tree data at t=13.80 Gyr (output 1 of 1)
18:     <- Finished tree
09:     -> Evolving tree number 99511 {1}
18:     -> Evolving tree number 99454 {1}
14:         Output tree data at t=13.80 Gyr (output 1 of 1)
14:     <- Finished tree
14:     -> Evolving tree number 99410 {1}
06:         Output tree data at t=13.80 Gyr (output 1 of 1)
06:     <- Finished tree
15:         Output tree data at t=13.80 Gyr (output 1 of 1)
15:     <- Finished tree
06:     -> Evolving tree number 99466 {1}
15:     -> Evolving tree number 99409 {1}
24:         Output tree data at t=13.80 Gyr (output 1 of 1)
24:     <- Finished tree
24:     Progress: 521 trees processed; elapsed 4.06 h
24:     -> Evolving tree number 99400 {1}
45:         Output tree data at t=13.80 Gyr (output 1 of 1)
45:     <- Finished tree
32:         Output tree data at t=13.80 Gyr (output 1 of 1)
32:     <- Finished tree
45:     -> Evolving tree number 99475 {1}
32:     -> Evolving tree number 99440 {1}
01:         Output tree data at t=13.80 Gyr (output 1 of 1)
01:     <- Finished tree
01:     Progress: 524 trees processed; elapsed 4.09 h
01:     -> Evolving tree number 99471 {1}
21:         Output tree data at t=13.80 Gyr (output 1 of 1)
21:     <- Finished tree
47:         Output tree data at t=13.80 Gyr (output 1 of 1)
47:     <- Finished tree
47:     -> Evolving tree number 99377 {1}
21:     -> Evolving tree number 99451 {1}
04:         Output tree data at t=13.80 Gyr (output 1 of 1)
04:     <- Finished tree
04:     -> Evolving tree number 99420 {1}
13:         Output tree data at t=13.80 Gyr (output 1 of 1)
13:     <- Finished tree
13:     Progress: 528 trees processed; elapsed 4.12 h
13:     -> Evolving tree number 99459 {1}
03:         Output tree data at t=13.80 Gyr (output 1 of 1)
03:     <- Finished tree
03:     Progress: 529 trees processed; elapsed 4.14 h
03:     -> Evolving tree number 99421 {1}
22:         Output tree data at t=13.80 Gyr (output 1 of 1)
22:     <- Finished tree
22:     -> Evolving tree number 99450 {1}
07:         Output tree data at t=13.80 Gyr (output 1 of 1)
07:     <- Finished tree
07:     -> Evolving tree number 99417 {1}
19:         Output tree data at t=13.80 Gyr (output 1 of 1)
19:     <- Finished tree
19:     Progress: 532 trees processed; elapsed 4.17 h
29:         Output tree data at t=13.80 Gyr (output 1 of 1)
29:     <- Finished tree
19:     -> Evolving tree number 99453 {1}
29:     -> Evolving tree number 99347 {1}
37:         Output tree data at t=13.80 Gyr (output 1 of 1)
37:     <- Finished tree
37:     Progress: 534 trees processed; elapsed 4.19 h
37:     -> Evolving tree number 99339 {1}
35:         Output tree data at t=13.80 Gyr (output 1 of 1)
35:     <- Finished tree
25:         Output tree data at t=13.80 Gyr (output 1 of 1)
25:     <- Finished tree
35:     -> Evolving tree number 99389 {1}
25:     -> Evolving tree number 99447 {1}
30:         Output tree data at t=13.80 Gyr (output 1 of 1)
30:     <- Finished tree
30:     Progress: 537 trees processed; elapsed 4.21 h
30:     -> Evolving tree number 99442 {1}
43:         Output tree data at t=13.80 Gyr (output 1 of 1)
43:     <- Finished tree
43:     Progress: 538 trees processed; elapsed 4.23 h
40:         Output tree data at t=13.80 Gyr (output 1 of 1)
40:     <- Finished tree
46:         Output tree data at t=13.80 Gyr (output 1 of 1)
46:     <- Finished tree
43:     -> Evolving tree number 99429 {1}
40:     -> Evolving tree number 99384 {1}
46:     -> Evolving tree number 99426 {1}
17:         Output tree data at t=13.80 Gyr (output 1 of 1)
17:     <- Finished tree
17:     -> Evolving tree number 99407 {1}
28:         Output tree data at t=13.80 Gyr (output 1 of 1)
28:     <- Finished tree
28:     -> Evolving tree number 99396 {1}
12:         Output tree data at t=13.80 Gyr (output 1 of 1)
12:     <- Finished tree
12:     Progress: 543 trees processed; elapsed 4.25 h
12:     -> Evolving tree number 99460 {1}
02:         Output tree data at t=13.80 Gyr (output 1 of 1)
02:     <- Finished tree
02:     -> Evolving tree number 99422 {1}
16:         Output tree data at t=13.80 Gyr (output 1 of 1)
16:     <- Finished tree
16:     Progress: 545 trees processed; elapsed 4.27 h
20:         Output tree data at t=13.80 Gyr (output 1 of 1)
20:     <- Finished tree
16:     -> Evolving tree number 99408 {1}
20:     -> Evolving tree number 99356 {1}
26:         Output tree data at t=13.80 Gyr (output 1 of 1)
26:     <- Finished tree
26:     -> Evolving tree number 99350 {1}
44:         Output tree data at t=13.80 Gyr (output 1 of 1)
44:     <- Finished tree
44:     -> Evolving tree number 99428 {1}
36:         Output tree data at t=13.80 Gyr (output 1 of 1)
36:     <- Finished tree
36:     Progress: 549 trees processed; elapsed 4.31 h
36:     -> Evolving tree number 99388 {1}
31:         Output tree data at t=13.80 Gyr (output 1 of 1)
31:     <- Finished tree
31:     -> Evolving tree number 99441 {1}
14:         Output tree data at t=13.80 Gyr (output 1 of 1)
14:     <- Finished tree
14:     -> Evolving tree number 99362 {1}
10:         Output tree data at t=13.80 Gyr (output 1 of 1)
10:     <- Finished tree
10:     -> Evolving tree number 99366 {1}
00:         Output tree data at t=13.80 Gyr (output 1 of 1)
00:     <- Finished tree
00:     -> Evolving tree number 99472 {1}
42:         Output tree data at t=13.80 Gyr (output 1 of 1)
42:     <- Finished tree
42:     Progress: 554 trees processed; elapsed 4.33 h
42:     -> Evolving tree number 99382 {1}
11:         Output tree data at t=13.80 Gyr (output 1 of 1)
11:     <- Finished tree
11:     -> Evolving tree number 99413 {1}
38:         Output tree data at t=13.80 Gyr (output 1 of 1)
38:     <- Finished tree
08:         Output tree data at t=13.80 Gyr (output 1 of 1)
08:     <- Finished tree
38:     -> Evolving tree number 99386 {1}
08:     -> Evolving tree number 99416 {1}
23:         Output tree data at t=13.80 Gyr (output 1 of 1)
23:     <- Finished tree
23:     -> Evolving tree number 99401 {1}
06:         Output tree data at t=13.80 Gyr (output 1 of 1)
06:     <- Finished tree
06:     Progress: 559 trees processed; elapsed 4.35 h
06:     -> Evolving tree number 99418 {1}
27:         Output tree data at t=13.80 Gyr (output 1 of 1)
27:     <- Finished tree
27:     -> Evolving tree number 99397 {1}
05:         Output tree data at t=13.80 Gyr (output 1 of 1)
05:     <- Finished tree
05:     -> Evolving tree number 99371 {1}
39:         Output tree data at t=13.80 Gyr (output 1 of 1)
39:     <- Finished tree
39:     Progress: 562 trees processed; elapsed 4.36 h
39:     -> Evolving tree number 99385 {1}
41:         Output tree data at t=13.80 Gyr (output 1 of 1)
41:     <- Finished tree
41:     -> Evolving tree number 99383 {1}
15:         Output tree data at t=13.80 Gyr (output 1 of 1)
15:     <- Finished tree
15:     Progress: 564 trees processed; elapsed 4.41 h
15:     -> Evolving tree number 99361 {1}
21:         Output tree data at t=13.80 Gyr (output 1 of 1)
21:     <- Finished tree
21:     -> Evolving tree number 99403 {1}
13:         Output tree data at t=13.80 Gyr (output 1 of 1)
13:     <- Finished tree
34:         Output tree data at t=13.80 Gyr (output 1 of 1)
34:     <- Finished tree
13:     -> Evolving tree number 99411 {1}
34:     -> Evolving tree number 99390 {1}
32:         Output tree data at t=13.80 Gyr (output 1 of 1)
32:     <- Finished tree
32:     Progress: 568 trees processed; elapsed 4.44 h
32:     -> Evolving tree number 99392 {1}
04:         Output tree data at t=13.80 Gyr (output 1 of 1)
04:     <- Finished tree
43:         Output tree data at t=13.80 Gyr (output 1 of 1)
43:     <- Finished tree
43:     -> Evolving tree number 99381 {1}
04:     -> Evolving tree number 99372 {1}
18:         Output tree data at t=13.80 Gyr (output 1 of 1)
18:     <- Finished tree
18:     -> Evolving tree number 99406 {1}
45:         Output tree data at t=13.80 Gyr (output 1 of 1)
45:     <- Finished tree
45:     Progress: 572 trees processed; elapsed 4.47 h
45:     -> Evolving tree number 99427 {1}
37:         Output tree data at t=13.80 Gyr (output 1 of 1)
37:     <- Finished tree
37:     -> Evolving tree number 99291 {1}
24:         Output tree data at t=13.80 Gyr (output 1 of 1)
24:     <- Finished tree
24:     -> Evolving tree number 99352 {1}
47:         Output tree data at t=13.80 Gyr (output 1 of 1)
47:     <- Finished tree
47:     Progress: 575 trees processed; elapsed 4.50 h
03:         Output tree data at t=13.80 Gyr (output 1 of 1)
03:     <- Finished tree
47:     -> Evolving tree number 99329 {1}
03:     -> Evolving tree number 99373 {1}
19:         Output tree data at t=13.80 Gyr (output 1 of 1)
19:     <- Finished tree
19:     -> Evolving tree number 99405 {1}
01:         Output tree data at t=13.80 Gyr (output 1 of 1)
01:     <- Finished tree
01:     Progress: 578 trees processed; elapsed 4.52 h
46:         Output tree data at t=13.80 Gyr (output 1 of 1)
46:     <- Finished tree
01:     -> Evolving tree number 99423 {1}
46:     -> Evolving tree number 99378 {1}
22:         Output tree data at t=13.80 Gyr (output 1 of 1)
22:     <- Finished tree
25:         Output tree data at t=13.80 Gyr (output 1 of 1)
25:     <- Finished tree
22:     -> Evolving tree number 99402 {1}
44:         Output tree data at t=13.80 Gyr (output 1 of 1)
44:     <- Finished tree
25:     -> Evolving tree number 99399 {1}
44:     -> Evolving tree number 99380 {1}
30:         Output tree data at t=13.80 Gyr (output 1 of 1)
30:     <- Finished tree
30:     Progress: 583 trees processed; elapsed 4.54 h
30:     -> Evolving tree number 99394 {1}
09:         Output tree data at t=13.80 Gyr (output 1 of 1)
09:     <- Finished tree
09:     -> Evolving tree number 99463 {1}
33:         Output tree data at t=13.80 Gyr (output 1 of 1)
33:     <- Finished tree
33:     Progress: 585 trees processed; elapsed 4.58 h
33:     -> Evolving tree number 99343 {1}
29:         Output tree data at t=13.80 Gyr (output 1 of 1)
29:     <- Finished tree
12:         Output tree data at t=13.80 Gyr (output 1 of 1)
12:     <- Finished tree
12:     Progress: 587 trees processed; elapsed 4.60 h
29:     -> Evolving tree number 99299 {1}
12:     -> Evolving tree number 99412 {1}
02:         Output tree data at t=13.80 Gyr (output 1 of 1)
02:     <- Finished tree
02:     Progress: 588 trees processed; elapsed 4.61 h
02:     -> Evolving tree number 99374 {1}
07:         Output tree data at t=13.80 Gyr (output 1 of 1)
07:     <- Finished tree
07:     -> Evolving tree number 99369 {1}
36:         Output tree data at t=13.80 Gyr (output 1 of 1)
36:     <- Finished tree
36:     -> Evolving tree number 99340 {1}
17:         Output tree data at t=13.80 Gyr (output 1 of 1)
17:     <- Finished tree
17:     -> Evolving tree number 99359 {1}
14:         Output tree data at t=13.80 Gyr (output 1 of 1)
14:     <- Finished tree
14:     Progress: 592 trees processed; elapsed 4.65 h
14:     -> Evolving tree number 99314 {1}
16:         Output tree data at t=13.80 Gyr (output 1 of 1)
16:     <- Finished tree
16:     -> Evolving tree number 99360 {1}
23:         Output tree data at t=13.80 Gyr (output 1 of 1)
23:     <- Finished tree
23:     -> Evolving tree number 99353 {1}
27:         Output tree data at t=13.80 Gyr (output 1 of 1)
27:     <- Finished tree
00:         Output tree data at t=13.80 Gyr (output 1 of 1)
00:     <- Finished tree
00:     Progress: 596 trees processed; elapsed 4.67 h
26:         Output tree data at t=13.80 Gyr (output 1 of 1)
26:     <- Finished tree
10:         Output tree data at t=13.80 Gyr (output 1 of 1)
10:     <- Finished tree
27:     -> Evolving tree number 99349 {1}
10:     -> Evolving tree number 99318 {1}
00:     -> Evolving tree number 99424 {1}
26:     -> Evolving tree number 99302 {1}
08:         Output tree data at t=13.80 Gyr (output 1 of 1)
08:     <- Finished tree
40:         Output tree data at t=13.80 Gyr (output 1 of 1)
40:     <- Finished tree
08:     -> Evolving tree number 99368 {1}
40:     -> Evolving tree number 99336 {1}
11:         Output tree data at t=13.80 Gyr (output 1 of 1)
11:     <- Finished tree
38:         Output tree data at t=13.80 Gyr (output 1 of 1)
38:     <- Finished tree
11:     -> Evolving tree number 99365 {1}
38:     -> Evolving tree number 99338 {1}
42:         Output tree data at t=13.80 Gyr (output 1 of 1)
42:     <- Finished tree
42:     Progress: 603 trees processed; elapsed 4.70 h
42:     -> Evolving tree number 99334 {1}
45:         Output tree data at t=13.80 Gyr (output 1 of 1)
45:     <- Finished tree
45:     -> Evolving tree number 99379 {1}
20:         Output tree data at t=13.80 Gyr (output 1 of 1)
20:     <- Finished tree
20:     Progress: 605 trees processed; elapsed 4.72 h
28:         Output tree data at t=13.80 Gyr (output 1 of 1)
28:     <- Finished tree
20:     -> Evolving tree number 99308 {1}
28:     -> Evolving tree number 99348 {1}
31:         Output tree data at t=13.80 Gyr (output 1 of 1)
31:     <- Finished tree
24:         Output tree data at t=13.80 Gyr (output 1 of 1)
24:     <- Finished tree
31:     -> Evolving tree number 99393 {1}
24:     -> Evolving tree number 99304 {1}
21:         Output tree data at t=13.80 Gyr (output 1 of 1)
21:     <- Finished tree
21:     -> Evolving tree number 99355 {1}
34:         Output tree data at t=13.80 Gyr (output 1 of 1)
34:     <- Finished tree
34:     Progress: 610 trees processed; elapsed 4.74 h
13:         Output tree data at t=13.80 Gyr (output 1 of 1)
13:     <- Finished tree
34:     -> Evolving tree number 99342 {1}
13:     -> Evolving tree number 99363 {1}
43:         Output tree data at t=13.80 Gyr (output 1 of 1)
43:     <- Finished tree
43:     -> Evolving tree number 99333 {1}
35:         Output tree data at t=13.80 Gyr (output 1 of 1)
35:     <- Finished tree
35:     -> Evolving tree number 99341 {1}
41:         Output tree data at t=13.80 Gyr (output 1 of 1)
41:     <- Finished tree
41:     Progress: 614 trees processed; elapsed 4.76 h
15:         Output tree data at t=13.80 Gyr (output 1 of 1)
15:     <- Finished tree
41:     -> Evolving tree number 99335 {1}
15:     -> Evolving tree number 99313 {1}
19:         Output tree data at t=13.80 Gyr (output 1 of 1)
19:     <- Finished tree
19:     -> Evolving tree number 99357 {1}
37:         Output tree data at t=13.80 Gyr (output 1 of 1)
37:     <- Finished tree
37:     Progress: 617 trees processed; elapsed 4.78 h
18:         Output tree data at t=13.80 Gyr (output 1 of 1)
18:     <- Finished tree
37:     -> Evolving tree number 99243 {1}
18:     -> Evolving tree number 99358 {1}
22:         Output tree data at t=13.80 Gyr (output 1 of 1)
22:     <- Finished tree
22:     -> Evolving tree number 99354 {1}
25:         Output tree data at t=13.80 Gyr (output 1 of 1)
25:     <- Finished tree
25:     Progress: 620 trees processed; elapsed 4.80 h
25:     -> Evolving tree number 99351 {1}
03:         Output tree data at t=13.80 Gyr (output 1 of 1)
03:     <- Finished tree
03:     Progress: 621 trees processed; elapsed 4.82 h
03:     -> Evolving tree number 99325 {1}
39:         Output tree data at t=13.80 Gyr (output 1 of 1)
39:     <- Finished tree
33:         Output tree data at t=13.80 Gyr (output 1 of 1)
33:     <- Finished tree
39:     -> Evolving tree number 99337 {1}
33:     -> Evolving tree number 99295 {1}
06:         Output tree data at t=13.80 Gyr (output 1 of 1)
06:     <- Finished tree
06:     Progress: 624 trees processed; elapsed 4.85 h
06:     -> Evolving tree number 99370 {1}
04:         Output tree data at t=13.80 Gyr (output 1 of 1)
04:     <- Finished tree
09:         Output tree data at t=13.80 Gyr (output 1 of 1)
09:     <- Finished tree
04:     -> Evolving tree number 99324 {1}
09:     -> Evolving tree number 99415 {1}
05:         Output tree data at t=13.80 Gyr (output 1 of 1)
05:     <- Finished tree
05:     Progress: 627 trees processed; elapsed 4.88 h
05:     -> Evolving tree number 99323 {1}
01:         Output tree data at t=13.80 Gyr (output 1 of 1)
01:     <- Finished tree
32:         Output tree data at t=13.80 Gyr (output 1 of 1)
32:     <- Finished tree
01:     -> Evolving tree number 99375 {1}
32:     -> Evolving tree number 99344 {1}
44:         Output tree data at t=13.80 Gyr (output 1 of 1)
44:     <- Finished tree
44:     -> Evolving tree number 99332 {1}
47:         Output tree data at t=13.80 Gyr (output 1 of 1)
47:     <- Finished tree
47:     Progress: 631 trees processed; elapsed 4.91 h
47:     -> Evolving tree number 99281 {1}
23:         Output tree data at t=13.80 Gyr (output 1 of 1)
23:     <- Finished tree
23:     Progress: 632 trees processed; elapsed 4.93 h
23:     -> Evolving tree number 99305 {1}
30:         Output tree data at t=13.80 Gyr (output 1 of 1)
30:     <- Finished tree
30:     -> Evolving tree number 99346 {1}
07:         Output tree data at t=13.80 Gyr (output 1 of 1)
07:     <- Finished tree
07:     Progress: 634 trees processed; elapsed 4.95 h
07:     -> Evolving tree number 99321 {1}
36:         Output tree data at t=13.80 Gyr (output 1 of 1)
36:     <- Finished tree
31:         Output tree data at t=13.80 Gyr (output 1 of 1)
31:     <- Finished tree
36:     -> Evolving tree number 99292 {1}
31:     -> Evolving tree number 99345 {1}
02:         Output tree data at t=13.80 Gyr (output 1 of 1)
02:     <- Finished tree
02:     -> Evolving tree number 99326 {1}
10:         Output tree data at t=13.80 Gyr (output 1 of 1)
10:     <- Finished tree
10:     Progress: 638 trees processed; elapsed 4.97 h
10:     -> Evolving tree number 99270 {1}
00:         Output tree data at t=13.80 Gyr (output 1 of 1)
00:     <- Finished tree
00:     Progress: 639 trees processed; elapsed 5.00 h
34:         Output tree data at t=13.80 Gyr (output 1 of 1)
34:     <- Finished tree
00:     -> Evolving tree number 99376 {1}
34:     -> Evolving tree number 99294 {1}
45:         Output tree data at t=13.80 Gyr (output 1 of 1)
45:     <- Finished tree
43:         Output tree data at t=13.80 Gyr (output 1 of 1)
43:     <- Finished tree
16:         Output tree data at t=13.80 Gyr (output 1 of 1)
16:     <- Finished tree
35:         Output tree data at t=13.80 Gyr (output 1 of 1)
35:     <- Finished tree
45:     -> Evolving tree number 99331 {1}
43:     -> Evolving tree number 99285 {1}
16:     -> Evolving tree number 99312 {1}
35:     -> Evolving tree number 99293 {1}
46:         Output tree data at t=13.80 Gyr (output 1 of 1)
46:     <- Finished tree
46:     -> Evolving tree number 99330 {1}
27:         Output tree data at t=13.80 Gyr (output 1 of 1)
27:     <- Finished tree
27:     Progress: 646 trees processed; elapsed 5.02 h
27:     -> Evolving tree number 99301 {1}
42:         Output tree data at t=13.80 Gyr (output 1 of 1)
42:     <- Finished tree
42:     -> Evolving tree number 99286 {1}
24:         Output tree data at t=13.80 Gyr (output 1 of 1)
24:     <- Finished tree
24:     Progress: 648 trees processed; elapsed 5.04 h
24:     -> Evolving tree number 99256 {1}
19:         Output tree data at t=13.80 Gyr (output 1 of 1)
19:     <- Finished tree
17:         Output tree data at t=13.80 Gyr (output 1 of 1)
17:     <- Finished tree
19:     -> Evolving tree number 99309 {1}
11:         Output tree data at t=13.80 Gyr (output 1 of 1)
11:     <- Finished tree
17:     -> Evolving tree number 99311 {1}
11:     -> Evolving tree number 99317 {1}
18:         Output tree data at t=13.80 Gyr (output 1 of 1)
18:     <- Finished tree
18:     -> Evolving tree number 99310 {1}
26:         Output tree data at t=13.80 Gyr (output 1 of 1)
26:     <- Finished tree
26:     Progress: 653 trees processed; elapsed 5.06 h
26:     -> Evolving tree number 99254 {1}
14:         Output tree data at t=13.80 Gyr (output 1 of 1)
14:     <- Finished tree
14:     Progress: 654 trees processed; elapsed 5.07 h
12:         Output tree data at t=13.80 Gyr (output 1 of 1)
12:     <- Finished tree
14:     -> Evolving tree number 99266 {1}
12:     -> Evolving tree number 99364 {1}
29:         Output tree data at t=13.80 Gyr (output 1 of 1)
29:     <- Finished tree
08:         Output tree data at t=13.80 Gyr (output 1 of 1)
08:     <- Finished tree
28:         Output tree data at t=13.80 Gyr (output 1 of 1)
28:     <- Finished tree
29:     -> Evolving tree number 99251 {1}
08:     -> Evolving tree number 99320 {1}
28:     -> Evolving tree number 99300 {1}
20:         Output tree data at t=13.80 Gyr (output 1 of 1)
20:     <- Finished tree
38:         Output tree data at t=13.80 Gyr (output 1 of 1)
38:     <- Finished tree
20:     -> Evolving tree number 99260 {1}
38:     -> Evolving tree number 99290 {1}
41:         Output tree data at t=13.80 Gyr (output 1 of 1)
41:     <- Finished tree
41:     Progress: 661 trees processed; elapsed 5.10 h
41:     -> Evolving tree number 99287 {1}
21:         Output tree data at t=13.80 Gyr (output 1 of 1)
21:     <- Finished tree
21:     -> Evolving tree number 99307 {1}
37:         Output tree data at t=13.80 Gyr (output 1 of 1)
37:     <- Finished tree
37:     -> Evolving tree number 99195 {1}
40:         Output tree data at t=13.80 Gyr (output 1 of 1)
40:     <- Finished tree
40:     Progress: 664 trees processed; elapsed 5.13 h
40:     -> Evolving tree number 99288 {1}
22:         Output tree data at t=13.80 Gyr (output 1 of 1)
22:     <- Finished tree
13:         Output tree data at t=13.80 Gyr (output 1 of 1)
13:     <- Finished tree
22:     -> Evolving tree number 99306 {1}
13:     -> Evolving tree number 99315 {1}
39:         Output tree data at t=13.80 Gyr (output 1 of 1)
39:     <- Finished tree
39:     Progress: 667 trees processed; elapsed 5.16 h
39:     -> Evolving tree number 99289 {1}
15:         Output tree data at t=13.80 Gyr (output 1 of 1)
15:     <- Finished tree
15:     -> Evolving tree number 99265 {1}
05:         Output tree data at t=13.80 Gyr (output 1 of 1)
05:     <- Finished tree
05:     -> Evolving tree number 99275 {1}
03:         Output tree data at t=13.80 Gyr (output 1 of 1)
03:     <- Finished tree
03:     Progress: 670 trees processed; elapsed 5.18 h
03:     -> Evolving tree number 99277 {1}
23:         Output tree data at t=13.80 Gyr (output 1 of 1)
23:     <- Finished tree
23:     -> Evolving tree number 99257 {1}
06:         Output tree data at t=13.80 Gyr (output 1 of 1)
06:     <- Finished tree
25:         Output tree data at t=13.80 Gyr (output 1 of 1)
25:     <- Finished tree
25:     Progress: 673 trees processed; elapsed 5.19 h
06:     -> Evolving tree number 99322 {1}
25:     -> Evolving tree number 99303 {1}
36:         Output tree data at t=13.80 Gyr (output 1 of 1)
36:     <- Finished tree
36:     Progress: 674 trees processed; elapsed 5.22 h
36:     -> Evolving tree number 99244 {1}
33:         Output tree data at t=13.80 Gyr (output 1 of 1)
33:     <- Finished tree
33:     -> Evolving tree number 99247 {1}
04:         Output tree data at t=13.80 Gyr (output 1 of 1)
04:     <- Finished tree
04:     -> Evolving tree number 99276 {1}
30:         Output tree data at t=13.80 Gyr (output 1 of 1)
30:     <- Finished tree
30:     Progress: 677 trees processed; elapsed 5.24 h
30:     -> Evolving tree number 99298 {1}
10:         Output tree data at t=13.80 Gyr (output 1 of 1)
10:     <- Finished tree
10:     -> Evolving tree number 99222 {1}
27:         Output tree data at t=13.80 Gyr (output 1 of 1)
27:     <- Finished tree
27:     Progress: 679 trees processed; elapsed 5.26 h
27:     -> Evolving tree number 99253 {1}
34:         Output tree data at t=13.80 Gyr (output 1 of 1)
34:     <- Finished tree
34:     -> Evolving tree number 99246 {1}
00:         Output tree data at t=13.80 Gyr (output 1 of 1)
00:     <- Finished tree
00:     Progress: 681 trees processed; elapsed 5.29 h
07:         Output tree data at t=13.80 Gyr (output 1 of 1)
07:     <- Finished tree
00:     -> Evolving tree number 99328 {1}
07:     -> Evolving tree number 99273 {1}
31:         Output tree data at t=13.80 Gyr (output 1 of 1)
31:     <- Finished tree
14:         Output tree data at t=13.80 Gyr (output 1 of 1)
14:     <- Finished tree
31:     -> Evolving tree number 99297 {1}
14:     -> Evolving tree number 99218 {1}
28:         Output tree data at t=13.80 Gyr (output 1 of 1)
28:     <- Finished tree
44:         Output tree data at t=13.80 Gyr (output 1 of 1)
44:     <- Finished tree
28:     -> Evolving tree number 99252 {1}
44:     -> Evolving tree number 99284 {1}
45:         Output tree data at t=13.80 Gyr (output 1 of 1)
45:     <- Finished tree
45:     Progress: 687 trees processed; elapsed 5.31 h
45:     -> Evolving tree number 99283 {1}
19:         Output tree data at t=13.80 Gyr (output 1 of 1)
19:     <- Finished tree
19:     -> Evolving tree number 99261 {1}
46:         Output tree data at t=13.80 Gyr (output 1 of 1)
46:     <- Finished tree
46:     Progress: 689 trees processed; elapsed 5.34 h
12:         Output tree data at t=13.80 Gyr (output 1 of 1)
12:     <- Finished tree
46:     -> Evolving tree number 99282 {1}
01:         Output tree data at t=13.80 Gyr (output 1 of 1)
01:     <- Finished tree
12:     -> Evolving tree number 99316 {1}
01:     -> Evolving tree number 99327 {1}
09:         Output tree data at t=13.80 Gyr (output 1 of 1)
09:     <- Finished tree
09:     -> Evolving tree number 99367 {1}
24:         Output tree data at t=13.80 Gyr (output 1 of 1)
24:     <- Finished tree
24:     -> Evolving tree number 99208 {1}
16:         Output tree data at t=13.80 Gyr (output 1 of 1)
16:     <- Finished tree
16:     -> Evolving tree number 99264 {1}
32:         Output tree data at t=13.80 Gyr (output 1 of 1)
32:     <- Finished tree
32:     Progress: 695 trees processed; elapsed 5.36 h
21:         Output tree data at t=13.80 Gyr (output 1 of 1)
21:     <- Finished tree
02:         Output tree data at t=13.80 Gyr (output 1 of 1)
02:     <- Finished tree
38:         Output tree data at t=13.80 Gyr (output 1 of 1)
38:     <- Finished tree
32:     -> Evolving tree number 99296 {1}
21:     -> Evolving tree number 99259 {1}
02:     -> Evolving tree number 99278 {1}
11:         Output tree data at t=13.80 Gyr (output 1 of 1)
11:     <- Finished tree
38:     -> Evolving tree number 99242 {1}
11:     -> Evolving tree number 99269 {1}
43:         Output tree data at t=13.80 Gyr (output 1 of 1)
43:     <- Finished tree
43:     Progress: 700 trees processed; elapsed 5.38 h
08:         Output tree data at t=13.80 Gyr (output 1 of 1)
08:     <- Finished tree
43:     -> Evolving tree number 99237 {1}
29:         Output tree data at t=13.80 Gyr (output 1 of 1)
29:     <- Finished tree
26:         Output tree data at t=13.80 Gyr (output 1 of 1)
26:     <- Finished tree
08:     -> Evolving tree number 99272 {1}
29:     -> Evolving tree number 99203 {1}
26:     -> Evolving tree number 99206 {1}
18:         Output tree data at t=13.80 Gyr (output 1 of 1)
18:     <- Finished tree
18:     Progress: 704 trees processed; elapsed 5.40 h
18:     -> Evolving tree number 99262 {1}
42:         Output tree data at t=13.80 Gyr (output 1 of 1)
42:     <- Finished tree
42:     -> Evolving tree number 99238 {1}
13:         Output tree data at t=13.80 Gyr (output 1 of 1)
13:     <- Finished tree
13:     Progress: 706 trees processed; elapsed 5.41 h
13:     -> Evolving tree number 99267 {1}
37:         Output tree data at t=13.80 Gyr (output 1 of 1)
37:     <- Finished tree
37:     -> Evolving tree number 99147 {1}
40:         Output tree data at t=13.80 Gyr (output 1 of 1)
40:     <- Finished tree
40:     -> Evolving tree number 99240 {1}
35:         Output tree data at t=13.80 Gyr (output 1 of 1)
35:     <- Finished tree
35:     Progress: 709 trees processed; elapsed 5.44 h
35:     -> Evolving tree number 99245 {1}
06:         Output tree data at t=13.80 Gyr (output 1 of 1)
06:     <- Finished tree
47:         Output tree data at t=13.80 Gyr (output 1 of 1)
06:     -> Evolving tree number 99274 {1}
47:     <- Finished tree
47:     -> Evolving tree number 99233 {1}
22:         Output tree data at t=13.80 Gyr (output 1 of 1)
22:     <- Finished tree
22:     Progress: 712 trees processed; elapsed 5.46 h
22:     -> Evolving tree number 99258 {1}
36:         Output tree data at t=13.80 Gyr (output 1 of 1)
36:     <- Finished tree
36:     -> Evolving tree number 99196 {1}
20:         Output tree data at t=13.80 Gyr (output 1 of 1)
20:     <- Finished tree
20:     Progress: 714 trees processed; elapsed 5.49 h
20:     -> Evolving tree number 99212 {1}
25:         Output tree data at t=13.80 Gyr (output 1 of 1)
25:     <- Finished tree
25:     -> Evolving tree number 99255 {1}
04:         Output tree data at t=13.80 Gyr (output 1 of 1)
04:     <- Finished tree
04:     Progress: 716 trees processed; elapsed 5.52 h
04:     -> Evolving tree number 99228 {1}
33:         Output tree data at t=13.80 Gyr (output 1 of 1)
33:     <- Finished tree
33:     -> Evolving tree number 99199 {1}
23:         Output tree data at t=13.80 Gyr (output 1 of 1)
23:     <- Finished tree
39:         Output tree data at t=13.80 Gyr (output 1 of 1)
39:     <- Finished tree
23:     -> Evolving tree number 99209 {1}
39:     -> Evolving tree number 99241 {1}
03:         Output tree data at t=13.80 Gyr (output 1 of 1)
03:     <- Finished tree
03:     Progress: 720 trees processed; elapsed 5.54 h
17:         Output tree data at t=13.80 Gyr (output 1 of 1)
17:     <- Finished tree
03:     -> Evolving tree number 99229 {1}
17:     -> Evolving tree number 99263 {1}
16:         Output tree data at t=13.80 Gyr (output 1 of 1)
16:     <- Finished tree
34:         Output tree data at t=13.80 Gyr (output 1 of 1)
34:     <- Finished tree
16:     -> Evolving tree number 99216 {1}
34:     -> Evolving tree number 99198 {1}
44:         Output tree data at t=13.80 Gyr (output 1 of 1)
44:     <- Finished tree
05:         Output tree data at t=13.80 Gyr (output 1 of 1)
05:     <- Finished tree
44:     -> Evolving tree number 99236 {1}
05:     -> Evolving tree number 99227 {1}
26:         Output tree data at t=13.80 Gyr (output 1 of 1)
26:     <- Finished tree
26:     Progress: 726 trees processed; elapsed 5.56 h
26:     -> Evolving tree number 99158 {1}
10:         Output tree data at t=13.80 Gyr (output 1 of 1)
10:     <- Finished tree
10:     -> Evolving tree number 99174 {1}
41:         Output tree data at t=13.80 Gyr (output 1 of 1)
41:     <- Finished tree
41:     -> Evolving tree number 99239 {1}
08:         Output tree data at t=13.80 Gyr (output 1 of 1)
08:     <- Finished tree
08:     Progress: 729 trees processed; elapsed 5.59 h
08:     -> Evolving tree number 99224 {1}
31:         Output tree data at t=13.80 Gyr (output 1 of 1)
31:     <- Finished tree
31:     -> Evolving tree number 99249 {1}
15:         Output tree data at t=13.80 Gyr (output 1 of 1)
15:     <- Finished tree
15:     Progress: 731 trees processed; elapsed 5.60 h
15:     -> Evolving tree number 99217 {1}
14:         Output tree data at t=13.80 Gyr (output 1 of 1)
14:     <- Finished tree
14:     -> Evolving tree number 99170 {1}
30:         Output tree data at t=13.80 Gyr (output 1 of 1)
30:     <- Finished tree
30:     Progress: 733 trees processed; elapsed 5.64 h
29:         Output tree data at t=13.80 Gyr (output 1 of 1)
29:     <- Finished tree
30:     -> Evolving tree number 99250 {1}
29:     -> Evolving tree number 99155 {1}
28:         Output tree data at t=13.80 Gyr (output 1 of 1)
28:     <- Finished tree
38:         Output tree data at t=13.80 Gyr (output 1 of 1)
38:     <- Finished tree
28:     -> Evolving tree number 99204 {1}
38:     -> Evolving tree number 99194 {1}
45:         Output tree data at t=13.80 Gyr (output 1 of 1)
45:     <- Finished tree
45:     Progress: 737 trees processed; elapsed 5.66 h
45:     -> Evolving tree number 99235 {1}
09:         Output tree data at t=13.80 Gyr (output 1 of 1)
09:     <- Finished tree
09:     -> Evolving tree number 99319 {1}
42:         Output tree data at t=13.80 Gyr (output 1 of 1)
42:     <- Finished tree
42:     Progress: 739 trees processed; elapsed 5.68 h
00:         Output tree data at t=13.80 Gyr (output 1 of 1)
00:     <- Finished tree
20:         Output tree data at t=13.80 Gyr (output 1 of 1)
20:     <- Finished tree
42:     -> Evolving tree number 99190 {1}
00:     -> Evolving tree number 99280 {1}
20:     -> Evolving tree number 99164 {1}
12:         Output tree data at t=13.80 Gyr (output 1 of 1)
12:     <- Finished tree
12:     -> Evolving tree number 99268 {1}
46:         Output tree data at t=13.80 Gyr (output 1 of 1)
46:     <- Finished tree
46:     Progress: 743 trees processed; elapsed 5.70 h
46:     -> Evolving tree number 99234 {1}
06:         Output tree data at t=13.80 Gyr (output 1 of 1)
06:     <- Finished tree
06:     -> Evolving tree number 99226 {1}
27:         Output tree data at t=13.80 Gyr (output 1 of 1)
27:     <- Finished tree
27:     -> Evolving tree number 99205 {1}
21:         Output tree data at t=13.80 Gyr (output 1 of 1)
21:     <- Finished tree
21:     -> Evolving tree number 99211 {1}
19:         Output tree data at t=13.80 Gyr (output 1 of 1)
19:     <- Finished tree
19:     Progress: 747 trees processed; elapsed 5.72 h
19:     -> Evolving tree number 99213 {1}
18:         Output tree data at t=13.80 Gyr (output 1 of 1)
18:     <- Finished tree
18:     -> Evolving tree number 99214 {1}
01:         Output tree data at t=13.80 Gyr (output 1 of 1)
01:     <- Finished tree
01:     Progress: 749 trees processed; elapsed 5.74 h
01:     -> Evolving tree number 99279 {1}
07:         Output tree data at t=13.80 Gyr (output 1 of 1)
07:     <- Finished tree
35:         Output tree data at t=13.80 Gyr (output 1 of 1)
35:     <- Finished tree
07:     -> Evolving tree number 99225 {1}
35:     -> Evolving tree number 99197 {1}
11:         Output tree data at t=13.80 Gyr (output 1 of 1)
11:     <- Finished tree
11:     -> Evolving tree number 99221 {1}
36:         Output tree data at t=13.80 Gyr (output 1 of 1)
36:     <- Finished tree
36:     Progress: 753 trees processed; elapsed 5.76 h
36:     -> Evolving tree number 99148 {1}
40:         Output tree data at t=13.80 Gyr (output 1 of 1)
40:     <- Finished tree
40:     -> Evolving tree number 99192 {1}
37:         Output tree data at t=13.80 Gyr (output 1 of 1)
37:     <- Finished tree
05:         Output tree data at t=13.80 Gyr (output 1 of 1)
05:     <- Finished tree
37:     -> Evolving tree number 99099 {1}
05:     -> Evolving tree number 99179 {1}
24:         Output tree data at t=13.80 Gyr (output 1 of 1)
24:     <- Finished tree
24:     Progress: 757 trees processed; elapsed 5.80 h
24:     -> Evolving tree number 99160 {1}
04:         Output tree data at t=13.80 Gyr (output 1 of 1)
04:     <- Finished tree
04:     Progress: 758 trees processed; elapsed 5.82 h
04:     -> Evolving tree number 99180 {1}
22:         Output tree data at t=13.80 Gyr (output 1 of 1)
22:     <- Finished tree
47:         Output tree data at t=13.80 Gyr (output 1 of 1)
47:     <- Finished tree
47:     Progress: 760 trees processed; elapsed 5.84 h
34:         Output tree data at t=13.80 Gyr (output 1 of 1)
34:     <- Finished tree
22:     -> Evolving tree number 99210 {1}
47:     -> Evolving tree number 99185 {1}
34:     -> Evolving tree number 99150 {1}
43:         Output tree data at t=13.80 Gyr (output 1 of 1)
43:     <- Finished tree
43:     -> Evolving tree number 99189 {1}
10:         Output tree data at t=13.80 Gyr (output 1 of 1)
10:     <- Finished tree
10:     -> Evolving tree number 99126 {1}
44:         Output tree data at t=13.80 Gyr (output 1 of 1)
44:     <- Finished tree
44:     Progress: 764 trees processed; elapsed 5.86 h
44:     -> Evolving tree number 99188 {1}
29:         Output tree data at t=13.80 Gyr (output 1 of 1)
29:     <- Finished tree
17:         Output tree data at t=13.80 Gyr (output 1 of 1)
17:     <- Finished tree
29:     -> Evolving tree number 99107 {1}
17:     -> Evolving tree number 99215 {1}
13:         Output tree data at t=13.80 Gyr (output 1 of 1)
13:     <- Finished tree
13:     -> Evolving tree number 99219 {1}
32:         Output tree data at t=13.80 Gyr (output 1 of 1)
32:     <- Finished tree
32:     Progress: 768 trees processed; elapsed 5.88 h
32:     -> Evolving tree number 99248 {1}
15:         Output tree data at t=13.80 Gyr (output 1 of 1)
15:     <- Finished tree
23:         Output tree data at t=13.80 Gyr (output 1 of 1)
23:     <- Finished tree
15:     -> Evolving tree number 99169 {1}
03:         Output tree data at t=13.80 Gyr (output 1 of 1)
03:     <- Finished tree
23:     -> Evolving tree number 99161 {1}
03:     -> Evolving tree number 99181 {1}
02:         Output tree data at t=13.80 Gyr (output 1 of 1)
02:     <- Finished tree
02:     Progress: 772 trees processed; elapsed 5.90 h
02:     -> Evolving tree number 99230 {1}
25:         Output tree data at t=13.80 Gyr (output 1 of 1)
25:     <- Finished tree
39:         Output tree data at t=13.80 Gyr (output 1 of 1)
39:     <- Finished tree
45:         Output tree data at t=13.80 Gyr (output 1 of 1)
45:     <- Finished tree
25:     -> Evolving tree number 99207 {1}
39:     -> Evolving tree number 99193 {1}
45:     -> Evolving tree number 99187 {1}
08:         Output tree data at t=13.80 Gyr (output 1 of 1)
08:     <- Finished tree
08:     Progress: 776 trees processed; elapsed 5.93 h
08:     -> Evolving tree number 99176 {1}
16:         Output tree data at t=13.80 Gyr (output 1 of 1)
16:     <- Finished tree
16:     -> Evolving tree number 99168 {1}
41:         Output tree data at t=13.80 Gyr (output 1 of 1)
41:     <- Finished tree
41:     -> Evolving tree number 99191 {1}
12:         Output tree data at t=13.80 Gyr (output 1 of 1)
12:     <- Finished tree
12:     -> Evolving tree number 99220 {1}
30:         Output tree data at t=13.80 Gyr (output 1 of 1)
30:     <- Finished tree
30:     -> Evolving tree number 99202 {1}
33:         Output tree data at t=13.80 Gyr (output 1 of 1)
33:     <- Finished tree
33:     Progress: 781 trees processed; elapsed 5.94 h
33:     -> Evolving tree number 99151 {1}
27:         Output tree data at t=13.80 Gyr (output 1 of 1)
27:     <- Finished tree
27:     Progress: 782 trees processed; elapsed 5.97 h
14:         Output tree data at t=13.80 Gyr (output 1 of 1)
14:     <- Finished tree
27:     -> Evolving tree number 99157 {1}
14:     -> Evolving tree number 99122 {1}
40:         Output tree data at t=13.80 Gyr (output 1 of 1)
40:     <- Finished tree
40:     -> Evolving tree number 99144 {1}
19:         Output tree data at t=13.80 Gyr (output 1 of 1)
19:     <- Finished tree
19:     Progress: 785 trees processed; elapsed 5.98 h
19:     -> Evolving tree number 99165 {1}
46:         Output tree data at t=13.80 Gyr (output 1 of 1)
46:     <- Finished tree
46:     -> Evolving tree number 99186 {1}
31:         Output tree data at t=13.80 Gyr (output 1 of 1)
31:     <- Finished tree
31:     -> Evolving tree number 99201 {1}
28:         Output tree data at t=13.80 Gyr (output 1 of 1)
28:     <- Finished tree
28:     Progress: 788 trees processed; elapsed 6.00 h
28:     -> Evolving tree number 99156 {1}
09:         Output tree data at t=13.80 Gyr (output 1 of 1)
09:     <- Finished tree
09:     -> Evolving tree number 99271 {1}
38:         Output tree data at t=13.80 Gyr (output 1 of 1)
38:     <- Finished tree
38:     -> Evolving tree number 99146 {1}
26:         Output tree data at t=13.80 Gyr (output 1 of 1)
26:     <- Finished tree
26:     Progress: 791 trees processed; elapsed 6.02 h
26:     -> Evolving tree number 99110 {1}
00:         Output tree data at t=13.80 Gyr (output 1 of 1)
00:     <- Finished tree
00:     -> Evolving tree number 99232 {1}
18:         Output tree data at t=13.80 Gyr (output 1 of 1)
18:     <- Finished tree
18:     Progress: 793 trees processed; elapsed 6.05 h
18:     -> Evolving tree number 99166 {1}
24:         Output tree data at t=13.80 Gyr (output 1 of 1)
24:     <- Finished tree
24:     -> Evolving tree number 99112 {1}
35:         Output tree data at t=13.80 Gyr (output 1 of 1)
35:     <- Finished tree
35:     -> Evolving tree number 99149 {1}
01:         Output tree data at t=13.80 Gyr (output 1 of 1)
01:     <- Finished tree
01:     -> Evolving tree number 99231 {1}
33:         Output tree data at t=13.80 Gyr (output 1 of 1)
33:     <- Finished tree
33:     Progress: 797 trees processed; elapsed 6.10 h
20:         Output tree data at t=13.80 Gyr (output 1 of 1)
20:     <- Finished tree
33:     -> Evolving tree number 99103 {1}
06:         Output tree data at t=13.80 Gyr (output 1 of 1)
06:     <- Finished tree
20:     -> Evolving tree number 99116 {1}
06:     -> Evolving tree number 99178 {1}
32:         Output tree data at t=13.80 Gyr (output 1 of 1)
32:     <- Finished tree
32:     -> Evolving tree number 99200 {1}
36:         Output tree data at t=13.80 Gyr (output 1 of 1)
36:     <- Finished tree
36:     -> Evolving tree number 99100 {1}
07:         Output tree data at t=13.80 Gyr (output 1 of 1)
07:     <- Finished tree
07:     Progress: 802 trees processed; elapsed 6.13 h
23:         Output tree data at t=13.80 Gyr (output 1 of 1)
23:     <- Finished tree
07:     -> Evolving tree number 99177 {1}
23:     -> Evolving tree number 99113 {1}
17:         Output tree data at t=13.80 Gyr (output 1 of 1)
17:     <- Finished tree
17:     -> Evolving tree number 99167 {1}
37:         Output tree data at t=13.80 Gyr (output 1 of 1)
37:     <- Finished tree
47:         Output tree data at t=13.80 Gyr (output 1 of 1)
47:     <- Finished tree
37:     -> Evolving tree number 99051 {1}
47:     -> Evolving tree number 99137 {1}
34:         Output tree data at t=13.80 Gyr (output 1 of 1)
34:     <- Finished tree
34:     -> Evolving tree number 99102 {1}
44:         Output tree data at t=13.80 Gyr (output 1 of 1)
44:     <- Finished tree
44:     Progress: 808 trees processed; elapsed 6.16 h
04:         Output tree data at t=13.80 Gyr (output 1 of 1)
04:     <- Finished tree
29:         Output tree data at t=13.80 Gyr (output 1 of 1)
29:     <- Finished tree
44:     -> Evolving tree number 99140 {1}
04:     -> Evolving tree number 99132 {1}
43:         Output tree data at t=13.80 Gyr (output 1 of 1)
43:     <- Finished tree
29:     -> Evolving tree number 99059 {1}
43:     -> Evolving tree number 99141 {1}
21:         Output tree data at t=13.80 Gyr (output 1 of 1)
21:     <- Finished tree
21:     -> Evolving tree number 99163 {1}
05:         Output tree data at t=13.80 Gyr (output 1 of 1)
05:     <- Finished tree
05:     -> Evolving tree number 99131 {1}
02:         Output tree data at t=13.80 Gyr (output 1 of 1)
02:     <- Finished tree
02:     Progress: 814 trees processed; elapsed 6.18 h
02:     -> Evolving tree number 99182 {1}
08:         Output tree data at t=13.80 Gyr (output 1 of 1)
08:     <- Finished tree
08:     -> Evolving tree number 99128 {1}
11:         Output tree data at t=13.80 Gyr (output 1 of 1)
11:     <- Finished tree
11:     -> Evolving tree number 99173 {1}
27:         Output tree data at t=13.80 Gyr (output 1 of 1)
27:     <- Finished tree
27:     Progress: 817 trees processed; elapsed 6.20 h
27:     -> Evolving tree number 99109 {1}
13:         Output tree data at t=13.80 Gyr (output 1 of 1)
13:     <- Finished tree
10:         Output tree data at t=13.80 Gyr (output 1 of 1)
10:     <- Finished tree
13:     -> Evolving tree number 99171 {1}
15:         Output tree data at t=13.80 Gyr (output 1 of 1)
15:     <- Finished tree
10:     -> Evolving tree number 99078 {1}
15:     -> Evolving tree number 99121 {1}
39:         Output tree data at t=13.80 Gyr (output 1 of 1)
39:     <- Finished tree
39:     -> Evolving tree number 99145 {1}
38:         Output tree data at t=13.80 Gyr (output 1 of 1)
38:     <- Finished tree
38:     Progress: 822 trees processed; elapsed 6.22 h
42:         Output tree data at t=13.80 Gyr (output 1 of 1)
42:     <- Finished tree
38:     -> Evolving tree number 99098 {1}
42:     -> Evolving tree number 99142 {1}
22:         Output tree data at t=13.80 Gyr (output 1 of 1)
22:     <- Finished tree
30:         Output tree data at t=13.80 Gyr (output 1 of 1)
30:     <- Finished tree
22:     -> Evolving tree number 99162 {1}
30:     -> Evolving tree number 99154 {1}
25:         Output tree data at t=13.80 Gyr (output 1 of 1)
25:     <- Finished tree
25:     Progress: 826 trees processed; elapsed 6.25 h
25:     -> Evolving tree number 99159 {1}
41:         Output tree data at t=13.80 Gyr (output 1 of 1)
41:     <- Finished tree
41:     Progress: 827 trees processed; elapsed 6.28 h
41:     -> Evolving tree number 99143 {1}
16:         Output tree data at t=13.80 Gyr (output 1 of 1)
16:     <- Finished tree
16:     -> Evolving tree number 99120 {1}
19:         Output tree data at t=13.80 Gyr (output 1 of 1)
19:     <- Finished tree
19:     Progress: 829 trees processed; elapsed 6.30 h
19:     -> Evolving tree number 99117 {1}
03:         Output tree data at t=13.80 Gyr (output 1 of 1)
03:     <- Finished tree
03:     -> Evolving tree number 99133 {1}
12:         Output tree data at t=13.80 Gyr (output 1 of 1)
12:     <- Finished tree
12:     -> Evolving tree number 99172 {1}
28:         Output tree data at t=13.80 Gyr (output 1 of 1)
28:     <- Finished tree
28:     Progress: 832 trees processed; elapsed 6.32 h
28:     -> Evolving tree number 99108 {1}
45:         Output tree data at t=13.80 Gyr (output 1 of 1)
45:     <- Finished tree
45:     -> Evolving tree number 99139 {1}
35:         Output tree data at t=13.80 Gyr (output 1 of 1)
35:     <- Finished tree
35:     -> Evolving tree number 99101 {1}
14:         Output tree data at t=13.80 Gyr (output 1 of 1)
14:     <- Finished tree
14:     -> Evolving tree number 99074 {1}
00:         Output tree data at t=13.80 Gyr (output 1 of 1)
00:     <- Finished tree
00:     Progress: 836 trees processed; elapsed 6.35 h
00:     -> Evolving tree number 99184 {1}
26:         Output tree data at t=13.80 Gyr (output 1 of 1)
26:     <- Finished tree
26:     Progress: 837 trees processed; elapsed 6.37 h
26:     -> Evolving tree number 99062 {1}
46:         Output tree data at t=13.80 Gyr (output 1 of 1)
46:     <- Finished tree
46:     -> Evolving tree number 99138 {1}
44:         Output tree data at t=13.80 Gyr (output 1 of 1)
44:     <- Finished tree
23:         Output tree data at t=13.80 Gyr (output 1 of 1)
23:     <- Finished tree
23:     Progress: 840 trees processed; elapsed 6.39 h
44:     -> Evolving tree number 99092 {1}
40:         Output tree data at t=13.80 Gyr (output 1 of 1)
40:     <- Finished tree
18:         Output tree data at t=13.80 Gyr (output 1 of 1)
18:     <- Finished tree
23:     -> Evolving tree number 99065 {1}
40:     -> Evolving tree number 99096 {1}
31:         Output tree data at t=13.80 Gyr (output 1 of 1)
31:     <- Finished tree
18:     -> Evolving tree number 99118 {1}
31:     -> Evolving tree number 99153 {1}
05:         Output tree data at t=13.80 Gyr (output 1 of 1)
05:     <- Finished tree
05:     -> Evolving tree number 99083 {1}
36:         Output tree data at t=13.80 Gyr (output 1 of 1)
36:     <- Finished tree
36:     Progress: 845 trees processed; elapsed 6.41 h
09:         Output tree data at t=13.80 Gyr (output 1 of 1)
09:     <- Finished tree
17:         Output tree data at t=13.80 Gyr (output 1 of 1)
17:     <- Finished tree
36:     -> Evolving tree number 99052 {1}
09:     -> Evolving tree number 99223 {1}
17:     -> Evolving tree number 99119 {1}
43:         Output tree data at t=13.80 Gyr (output 1 of 1)
43:     <- Finished tree
43:     -> Evolving tree number 99093 {1}
47:         Output tree data at t=13.80 Gyr (output 1 of 1)
47:     <- Finished tree
47:     -> Evolving tree number 99089 {1}
11:         Output tree data at t=13.80 Gyr (output 1 of 1)
11:     <- Finished tree
11:     Progress: 850 trees processed; elapsed 6.44 h
11:     -> Evolving tree number 99125 {1}
27:         Output tree data at t=13.80 Gyr (output 1 of 1)
27:     <- Finished tree
27:     -> Evolving tree number 99061 {1}
01:         Output tree data at t=13.80 Gyr (output 1 of 1)
01:     <- Finished tree
01:     -> Evolving tree number 99183 {1}
06:         Output tree data at t=13.80 Gyr (output 1 of 1)
06:     <- Finished tree
06:     Progress: 853 trees processed; elapsed 6.48 h
32:         Output tree data at t=13.80 Gyr (output 1 of 1)
32:     <- Finished tree
06:     -> Evolving tree number 99130 {1}
32:     -> Evolving tree number 99152 {1}
15:         Output tree data at t=13.80 Gyr (output 1 of 1)
15:     <- Finished tree
15:     -> Evolving tree number 99073 {1}
24:         Output tree data at t=13.80 Gyr (output 1 of 1)
24:     <- Finished tree
24:     Progress: 856 trees processed; elapsed 6.50 h
02:         Output tree data at t=13.80 Gyr (output 1 of 1)
02:     <- Finished tree
24:     -> Evolving tree number 99064 {1}
02:     -> Evolving tree number 99134 {1}
29:         Output tree data at t=13.80 Gyr (output 1 of 1)
29:     <- Finished tree
29:     -> Evolving tree number 99011 {1}
39:         Output tree data at t=13.80 Gyr (output 1 of 1)
39:     <- Finished tree
39:     Progress: 859 trees processed; elapsed 6.52 h
39:     -> Evolving tree number 99097 {1}
20:         Output tree data at t=13.80 Gyr (output 1 of 1)
20:     <- Finished tree
20:     -> Evolving tree number 99068 {1}
22:         Output tree data at t=13.80 Gyr (output 1 of 1)
22:     <- Finished tree
22:     -> Evolving tree number 99114 {1}
37:         Output tree data at t=13.80 Gyr (output 1 of 1)
37:     <- Finished tree
37:     Progress: 862 trees processed; elapsed 6.54 h
37:     -> Evolving tree number 99003 {1}
04:         Output tree data at t=13.80 Gyr (output 1 of 1)
04:     <- Finished tree
21:         Output tree data at t=13.80 Gyr (output 1 of 1)
21:     <- Finished tree
04:     -> Evolving tree number 99084 {1}
21:     -> Evolving tree number 99115 {1}
13:         Output tree data at t=13.80 Gyr (output 1 of 1)
13:     <- Finished tree
13:     -> Evolving tree number 99123 {1}
19:         Output tree data at t=13.80 Gyr (output 1 of 1)
19:     <- Finished tree
34:         Output tree data at t=13.80 Gyr (output 1 of 1)
34:     <- Finished tree
34:     Progress: 867 trees processed; elapsed 6.56 h
19:     -> Evolving tree number 99069 {1}
34:     -> Evolving tree number 99054 {1}
33:         Output tree data at t=13.80 Gyr (output 1 of 1)
33:     <- Finished tree
33:     -> Evolving tree number 99055 {1}
08:         Output tree data at t=13.80 Gyr (output 1 of 1)
08:     <- Finished tree
08:     Progress: 869 trees processed; elapsed 6.58 h
08:     -> Evolving tree number 99080 {1}
30:         Output tree data at t=13.80 Gyr (output 1 of 1)
30:     <- Finished tree
30:     -> Evolving tree number 99106 {1}
25:         Output tree data at t=13.80 Gyr (output 1 of 1)
25:     <- Finished tree
25:     -> Evolving tree number 99111 {1}
35:         Output tree data at t=13.80 Gyr (output 1 of 1)
35:     <- Finished tree
35:     Progress: 872 trees processed; elapsed 6.60 h
35:     -> Evolving tree number 99053 {1}
38:         Output tree data at t=13.80 Gyr (output 1 of 1)
38:     <- Finished tree
38:     -> Evolving tree number 99050 {1}
07:         Output tree data at t=13.80 Gyr (output 1 of 1)
07:     <- Finished tree
07:     -> Evolving tree number 99129 {1}
10:         Output tree data at t=13.80 Gyr (output 1 of 1)
10:     <- Finished tree
10:     Progress: 875 trees processed; elapsed 6.62 h
10:     -> Evolving tree number 99030 {1}
45:         Output tree data at t=13.80 Gyr (output 1 of 1)
45:     <- Finished tree
45:     -> Evolving tree number 99091 {1}
26:         Output tree data at t=13.80 Gyr (output 1 of 1)
26:     <- Finished tree
26:     -> Evolving tree number 99014 {1}
41:         Output tree data at t=13.80 Gyr (output 1 of 1)
41:     <- Finished tree
41:     Progress: 878 trees processed; elapsed 6.65 h
12:         Output tree data at t=13.80 Gyr (output 1 of 1)
12:     <- Finished tree
41:     -> Evolving tree number 99095 {1}
12:     -> Evolving tree number 99124 {1}
05:         Output tree data at t=13.80 Gyr (output 1 of 1)
05:     <- Finished tree
05:     -> Evolving tree number 99035 {1}
42:         Output tree data at t=13.80 Gyr (output 1 of 1)
42:     <- Finished tree
16:         Output tree data at t=13.80 Gyr (output 1 of 1)
16:     <- Finished tree
42:     -> Evolving tree number 99094 {1}
16:     -> Evolving tree number 99072 {1}
00:         Output tree data at t=13.80 Gyr (output 1 of 1)
00:     <- Finished tree
46:         Output tree data at t=13.80 Gyr (output 1 of 1)
46:     <- Finished tree
00:     -> Evolving tree number 99136 {1}
46:     -> Evolving tree number 99090 {1}
14:         Output tree data at t=13.80 Gyr (output 1 of 1)
14:     <- Finished tree
14:     Progress: 885 trees processed; elapsed 6.67 h
36:         Output tree data at t=13.80 Gyr (output 1 of 1)
36:     <- Finished tree
14:     -> Evolving tree number 99026 {1}
36:     -> Evolving tree number 99004 {1}
28:         Output tree data at t=13.80 Gyr (output 1 of 1)
28:     <- Finished tree
28:     Progress: 887 trees processed; elapsed 6.70 h
28:     -> Evolving tree number 99060 {1}
43:         Output tree data at t=13.80 Gyr (output 1 of 1)
43:     <- Finished tree
43:     Progress: 888 trees processed; elapsed 6.72 h
43:     -> Evolving tree number 99045 {1}
15:         Output tree data at t=13.80 Gyr (output 1 of 1)
15:     <- Finished tree
15:     -> Evolving tree number 99025 {1}
03:         Output tree data at t=13.80 Gyr (output 1 of 1)
03:     <- Finished tree
03:     -> Evolving tree number 99085 {1}
09:         Output tree data at t=13.80 Gyr (output 1 of 1)
09:     <- Finished tree
09:     Progress: 891 trees processed; elapsed 6.74 h
09:     -> Evolving tree number 99175 {1}
17:         Output tree data at t=13.80 Gyr (output 1 of 1)
17:     <- Finished tree
17:     -> Evolving tree number 99071 {1}
31:         Output tree data at t=13.80 Gyr (output 1 of 1)
31:     <- Finished tree
18:         Output tree data at t=13.80 Gyr (output 1 of 1)
18:     <- Finished tree
31:     -> Evolving tree number 99105 {1}
18:     -> Evolving tree number 99070 {1}
11:         Output tree data at t=13.80 Gyr (output 1 of 1)
11:     <- Finished tree
11:     Progress: 895 trees processed; elapsed 6.76 h
27:         Output tree data at t=13.80 Gyr (output 1 of 1)
27:     <- Finished tree
11:     -> Evolving tree number 99077 {1}
06:         Output tree data at t=13.80 Gyr (output 1 of 1)
06:     <- Finished tree
27:     -> Evolving tree number 99013 {1}
06:     -> Evolving tree number 99082 {1}
44:         Output tree data at t=13.80 Gyr (output 1 of 1)
44:     <- Finished tree
44:     -> Evolving tree number 99044 {1}
01:         Output tree data at t=13.80 Gyr (output 1 of 1)
01:     <- Finished tree
01:     Progress: 899 trees processed; elapsed 6.77 h
01:     -> Evolving tree number 99135 {1}
47:         Output tree data at t=13.80 Gyr (output 1 of 1)
47:     <- Finished tree
47:     -> Evolving tree number 99041 {1}
32:         Output tree data at t=13.80 Gyr (output 1 of 1)
32:     <- Finished tree
32:     -> Evolving tree number 99104 {1}
24:         Output tree data at t=13.80 Gyr (output 1 of 1)
24:     <- Finished tree
24:     Progress: 902 trees processed; elapsed 6.80 h
24:     -> Evolving tree number 99016 {1}
08:         Output tree data at t=13.80 Gyr (output 1 of 1)
08:     <- Finished tree
08:     -> Evolving tree number 99032 {1}
19:         Output tree data at t=13.80 Gyr (output 1 of 1)
19:     <- Finished tree
19:     -> Evolving tree number 99021 {1}
22:         Output tree data at t=13.80 Gyr (output 1 of 1)
22:     <- Finished tree
22:     Progress: 905 trees processed; elapsed 6.82 h
40:         Output tree data at t=13.80 Gyr (output 1 of 1)
40:     <- Finished tree
40:     -> Evolving tree number 99048 {1}
22:     -> Evolving tree number 99066 {1}
02:         Output tree data at t=13.80 Gyr (output 1 of 1)
02:     <- Finished tree
02:     -> Evolving tree number 99086 {1}
23:         Output tree data at t=13.80 Gyr (output 1 of 1)
23:     <- Finished tree
23:     Progress: 908 trees processed; elapsed 6.85 h
23:     -> Evolving tree number 99017 {1}
30:         Output tree data at t=13.80 Gyr (output 1 of 1)
30:     <- Finished tree
30:     -> Evolving tree number 99058 {1}
04:         Output tree data at t=13.80 Gyr (output 1 of 1)
04:     <- Finished tree
04:     -> Evolving tree number 99036 {1}
29:         Output tree data at t=13.80 Gyr (output 1 of 1)
29:     <- Finished tree
29:     Progress: 911 trees processed; elapsed 6.86 h
29:     -> Evolving tree number 98963 {1}
25:         Output tree data at t=13.80 Gyr (output 1 of 1)
25:     <- Finished tree
26:         Output tree data at t=13.80 Gyr (output 1 of 1)
26:     <- Finished tree
25:     -> Evolving tree number 99063 {1}
26:     -> Evolving tree number 98966 {1}
33:         Output tree data at t=13.80 Gyr (output 1 of 1)
33:     <- Finished tree
33:     Progress: 914 trees processed; elapsed 6.89 h
37:         Output tree data at t=13.80 Gyr (output 1 of 1)
37:     <- Finished tree
33:     -> Evolving tree number 99007 {1}
39:         Output tree data at t=13.80 Gyr (output 1 of 1)
39:     <- Finished tree
37:     -> Evolving tree number 98955 {1}
39:     -> Evolving tree number 99049 {1}
20:         Output tree data at t=13.80 Gyr (output 1 of 1)
20:     <- Finished tree
20:     -> Evolving tree number 99020 {1}
13:         Output tree data at t=13.80 Gyr (output 1 of 1)
13:     <- Finished tree
13:     -> Evolving tree number 99075 {1}
10:         Output tree data at t=13.80 Gyr (output 1 of 1)
10:     <- Finished tree
10:     Progress: 919 trees processed; elapsed 6.94 h
10:     -> Evolving tree number 98982 {1}
05:         Output tree data at t=13.80 Gyr (output 1 of 1)
05:     <- Finished tree
34:         Output tree data at t=13.80 Gyr (output 1 of 1)
34:     <- Finished tree
05:     -> Evolving tree number 98987 {1}
34:     -> Evolving tree number 99006 {1}
09:         Output tree data at t=13.80 Gyr (output 1 of 1)
09:     <- Finished tree
09:     Progress: 922 trees processed; elapsed 6.97 h
36:         Output tree data at t=13.80 Gyr (output 1 of 1)
36:     <- Finished tree
36:     -> Evolving tree number 98956 {1}
09:     -> Evolving tree number 99127 {1}
35:         Output tree data at t=13.80 Gyr (output 1 of 1)
35:     <- Finished tree
35:     Progress: 924 trees processed; elapsed 6.98 h
35:     -> Evolving tree number 99005 {1}
41:         Output tree data at t=13.80 Gyr (output 1 of 1)
41:     <- Finished tree
41:     -> Evolving tree number 99047 {1}
14:         Output tree data at t=13.80 Gyr (output 1 of 1)
14:     <- Finished tree
14:     -> Evolving tree number 98978 {1}
12:         Output tree data at t=13.80 Gyr (output 1 of 1)
12:     <- Finished tree
12:     Progress: 927 trees processed; elapsed 7.00 h
38:         Output tree data at t=13.80 Gyr (output 1 of 1)
38:     <- Finished tree
12:     -> Evolving tree number 99076 {1}
03:         Output tree data at t=13.80 Gyr (output 1 of 1)
03:     <- Finished tree
38:     -> Evolving tree number 99002 {1}
03:     -> Evolving tree number 99037 {1}
28:         Output tree data at t=13.80 Gyr (output 1 of 1)
28:     <- Finished tree
28:     -> Evolving tree number 99012 {1}
21:         Output tree data at t=13.80 Gyr (output 1 of 1)
21:     <- Finished tree
21:     -> Evolving tree number 99067 {1}
00:         Output tree data at t=13.80 Gyr (output 1 of 1)
00:     <- Finished tree
00:     Progress: 932 trees processed; elapsed 7.03 h
00:     -> Evolving tree number 99088 {1}
07:         Output tree data at t=13.80 Gyr (output 1 of 1)
07:     <- Finished tree
07:     -> Evolving tree number 99081 {1}
16:         Output tree data at t=13.80 Gyr (output 1 of 1)
16:     <- Finished tree
16:     -> Evolving tree number 99024 {1}
45:         Output tree data at t=13.80 Gyr (output 1 of 1)
45:     <- Finished tree
45:     Progress: 935 trees processed; elapsed 7.05 h
45:     -> Evolving tree number 99043 {1}
46:         Output tree data at t=13.80 Gyr (output 1 of 1)
46:     <- Finished tree
46:     -> Evolving tree number 99042 {1}
17:         Output tree data at t=13.80 Gyr (output 1 of 1)
17:     <- Finished tree
17:     Progress: 937 trees processed; elapsed 7.08 h
17:     -> Evolving tree number 99023 {1}
22:         Output tree data at t=13.80 Gyr (output 1 of 1)
22:     <- Finished tree
22:     -> Evolving tree number 99018 {1}
39:         Output tree data at t=13.80 Gyr (output 1 of 1)
39:     <- Finished tree
39:     -> Evolving tree number 99001 {1}
44:         Output tree data at t=13.80 Gyr (output 1 of 1)
44:     <- Finished tree
44:     -> Evolving tree number 98996 {1}
31:         Output tree data at t=13.80 Gyr (output 1 of 1)
31:     <- Finished tree
31:     Progress: 941 trees processed; elapsed 7.10 h
18:         Output tree data at t=13.80 Gyr (output 1 of 1)
18:     <- Finished tree
31:     -> Evolving tree number 99057 {1}
18:     -> Evolving tree number 99022 {1}
15:         Output tree data at t=13.80 Gyr (output 1 of 1)
15:     <- Finished tree
15:     Progress: 943 trees processed; elapsed 7.12 h
29:         Output tree data at t=13.80 Gyr (output 1 of 1)
29:     <- Finished tree
15:     -> Evolving tree number 98977 {1}
01:         Output tree data at t=13.80 Gyr (output 1 of 1)
01:     <- Finished tree
29:     -> Evolving tree number 98915 {1}
01:     -> Evolving tree number 99087 {1}
27:         Output tree data at t=13.80 Gyr (output 1 of 1)
27:     <- Finished tree
27:     Progress: 946 trees processed; elapsed 7.14 h
24:         Output tree data at t=13.80 Gyr (output 1 of 1)
24:     <- Finished tree
33:         Output tree data at t=13.80 Gyr (output 1 of 1)
33:     <- Finished tree
27:     -> Evolving tree number 98965 {1}
24:     -> Evolving tree number 98968 {1}
33:     -> Evolving tree number 98959 {1}
42:         Output tree data at t=13.80 Gyr (output 1 of 1)
42:     <- Finished tree
23:         Output tree data at t=13.80 Gyr (output 1 of 1)
23:     <- Finished tree
42:     -> Evolving tree number 99046 {1}
23:     -> Evolving tree number 98969 {1}
37:         Output tree data at t=13.80 Gyr (output 1 of 1)
37:     <- Finished tree
02:         Output tree data at t=13.80 Gyr (output 1 of 1)
02:     <- Finished tree
02:     Progress: 952 trees processed; elapsed 7.16 h
37:     -> Evolving tree number 98907 {1}
02:     -> Evolving tree number 99038 {1}
26:         Output tree data at t=13.80 Gyr (output 1 of 1)
26:     <- Finished tree
30:         Output tree data at t=13.80 Gyr (output 1 of 1)
30:     <- Finished tree
26:     -> Evolving tree number 98918 {1}
30:     -> Evolving tree number 99010 {1}
08:         Output tree data at t=13.80 Gyr (output 1 of 1)
08:     <- Finished tree
08:     -> Evolving tree number 98984 {1}
40:         Output tree data at t=13.80 Gyr (output 1 of 1)
40:     <- Finished tree
40:     Progress: 956 trees processed; elapsed 7.19 h
40:     -> Evolving tree number 99000 {1}
25:         Output tree data at t=13.80 Gyr (output 1 of 1)
25:     <- Finished tree
25:     -> Evolving tree number 99015 {1}
47:         Output tree data at t=13.80 Gyr (output 1 of 1)
47:     <- Finished tree
47:     -> Evolving tree number 98993 {1}
13:         Output tree data at t=13.80 Gyr (output 1 of 1)
13:     <- Finished tree
13:     Progress: 959 trees processed; elapsed 7.22 h
34:         Output tree data at t=13.80 Gyr (output 1 of 1)
34:     <- Finished tree
13:     -> Evolving tree number 99027 {1}
32:         Output tree data at t=13.80 Gyr (output 1 of 1)
32:     <- Finished tree
34:     -> Evolving tree number 98958 {1}
06:         Output tree data at t=13.80 Gyr (output 1 of 1)
06:     <- Finished tree
32:     -> Evolving tree number 99056 {1}
06:     -> Evolving tree number 99034 {1}
04:         Output tree data at t=13.80 Gyr (output 1 of 1)
04:     <- Finished tree
04:     -> Evolving tree number 98988 {1}
14:         Output tree data at t=13.80 Gyr (output 1 of 1)
14:     <- Finished tree
14:     Progress: 964 trees processed; elapsed 7.26 h
14:     -> Evolving tree number 98930 {1}
19:         Output tree data at t=13.80 Gyr (output 1 of 1)
19:     <- Finished tree
19:     Progress: 965 trees processed; elapsed 7.29 h
28:         Output tree data at t=13.80 Gyr (output 1 of 1)
28:     <- Finished tree
19:     -> Evolving tree number 98973 {1}
28:     -> Evolving tree number 98964 {1}
11:         Output tree data at t=13.80 Gyr (output 1 of 1)
11:     <- Finished tree
11:     Progress: 967 trees processed; elapsed 7.30 h
11:     -> Evolving tree number 99029 {1}
21:         Output tree data at t=13.80 Gyr (output 1 of 1)
21:     <- Finished tree
21:     -> Evolving tree number 99019 {1}
05:         Output tree data at t=13.80 Gyr (output 1 of 1)
05:     <- Finished tree
05:     -> Evolving tree number 98939 {1}
27:         Output tree data at t=13.80 Gyr (output 1 of 1)
27:     <- Finished tree
27:     Progress: 970 trees processed; elapsed 7.33 h
27:     -> Evolving tree number 98917 {1}
45:         Output tree data at t=13.80 Gyr (output 1 of 1)
45:     <- Finished tree
45:     -> Evolving tree number 98995 {1}
43:         Output tree data at t=13.80 Gyr (output 1 of 1)
43:     <- Finished tree
03:         Output tree data at t=13.80 Gyr (output 1 of 1)
03:     <- Finished tree
43:     -> Evolving tree number 98997 {1}
03:     -> Evolving tree number 98989 {1}
36:         Output tree data at t=13.80 Gyr (output 1 of 1)
36:     <- Finished tree
20:         Output tree data at t=13.80 Gyr (output 1 of 1)
20:     <- Finished tree
36:     -> Evolving tree number 98908 {1}
38:         Output tree data at t=13.80 Gyr (output 1 of 1)
38:     <- Finished tree
20:     -> Evolving tree number 98972 {1}
38:     -> Evolving tree number 98954 {1}
09:         Output tree data at t=13.80 Gyr (output 1 of 1)
09:     <- Finished tree
09:     Progress: 977 trees processed; elapsed 7.35 h
09:     -> Evolving tree number 99079 {1}
12:         Output tree data at t=13.80 Gyr (output 1 of 1)
12:     <- Finished tree
39:         Output tree data at t=13.80 Gyr (output 1 of 1)
39:     <- Finished tree
00:         Output tree data at t=13.80 Gyr (output 1 of 1)
00:     <- Finished tree
12:     -> Evolving tree number 99028 {1}
39:     -> Evolving tree number 98953 {1}
00:     -> Evolving tree number 99040 {1}
46:         Output tree data at t=13.80 Gyr (output 1 of 1)
46:     <- Finished tree
16:         Output tree data at t=13.80 Gyr (output 1 of 1)
16:     <- Finished tree
46:     -> Evolving tree number 98994 {1}
16:     -> Evolving tree number 98976 {1}
41:         Output tree data at t=13.80 Gyr (output 1 of 1)
41:     <- Finished tree
41:     Progress: 983 trees processed; elapsed 7.37 h
41:     -> Evolving tree number 98999 {1}
07:         Output tree data at t=13.80 Gyr (output 1 of 1)
07:     <- Finished tree
07:     -> Evolving tree number 99033 {1}
44:         Output tree data at t=13.80 Gyr (output 1 of 1)
44:     <- Finished tree
44:     -> Evolving tree number 98948 {1}
10:         Output tree data at t=13.80 Gyr (output 1 of 1)
10:     <- Finished tree
10:     Progress: 986 trees processed; elapsed 7.39 h
10:     -> Evolving tree number 98934 {1}
42:         Output tree data at t=13.80 Gyr (output 1 of 1)
42:     <- Finished tree
17:         Output tree data at t=13.80 Gyr (output 1 of 1)
17:     <- Finished tree
42:     -> Evolving tree number 98998 {1}
17:     -> Evolving tree number 98975 {1}
01:         Output tree data at t=13.80 Gyr (output 1 of 1)
01:     <- Finished tree
01:     Progress: 989 trees processed; elapsed 7.42 h
01:     -> Evolving tree number 99039 {1}
35:         Output tree data at t=13.80 Gyr (output 1 of 1)
35:     <- Finished tree
35:     -> Evolving tree number 98957 {1}
31:         Output tree data at t=13.80 Gyr (output 1 of 1)
31:     <- Finished tree
02:         Output tree data at t=13.80 Gyr (output 1 of 1)
02:     <- Finished tree
31:     -> Evolving tree number 99009 {1}
02:     -> Evolving tree number 98990 {1}
24:         Output tree data at t=13.80 Gyr (output 1 of 1)
24:     <- Finished tree
24:     Progress: 993 trees processed; elapsed 7.46 h
24:     -> Evolving tree number 98920 {1}
13:         Output tree data at t=13.80 Gyr (output 1 of 1)
13:     <- Finished tree
22:         Output tree data at t=13.80 Gyr (output 1 of 1)
22:     <- Finished tree
13:     -> Evolving tree number 98979 {1}
22:     -> Evolving tree number 98970 {1}
29:         Output tree data at t=13.80 Gyr (output 1 of 1)
29:     <- Finished tree
29:     Progress: 996 trees processed; elapsed 7.48 h
29:     -> Evolving tree number 98867 {1}
33:         Output tree data at t=13.80 Gyr (output 1 of 1)
33:     <- Finished tree
33:     -> Evolving tree number 98911 {1}
32:         Output tree data at t=13.80 Gyr (output 1 of 1)
32:     <- Finished tree
32:     Progress: 998 trees processed; elapsed 7.50 h
32:     -> Evolving tree number 99008 {1}
08:         Output tree data at t=13.80 Gyr (output 1 of 1)
08:     <- Finished tree
30:         Output tree data at t=13.80 Gyr (output 1 of 1)
30:     <- Finished tree
08:     -> Evolving tree number 98936 {1}
30:     -> Evolving tree number 98962 {1}
47:         Output tree data at t=13.80 Gyr (output 1 of 1)
47:     <- Finished tree
47:     -> Evolving tree number 98945 {1}
04:         Output tree data at t=13.80 Gyr (output 1 of 1)
04:     <- Finished tree
04:     Progress: 1002 trees processed; elapsed 7.54 h
04:     -> Evolving tree number 98940 {1}
03:         Output tree data at t=13.80 Gyr (output 1 of 1)
03:     <- Finished tree
03:     -> Evolving tree number 98941 {1}
18:         Output tree data at t=13.80 Gyr (output 1 of 1)
18:     <- Finished tree
18:     -> Evolving tree number 98974 {1}
23:         Output tree data at t=13.80 Gyr (output 1 of 1)
23:     <- Finished tree
23:     -> Evolving tree number 98921 {1}
40:         Output tree data at t=13.80 Gyr (output 1 of 1)
40:     <- Finished tree
40:     Progress: 1006 trees processed; elapsed 7.56 h
40:     -> Evolving tree number 98952 {1}
26:         Output tree data at t=13.80 Gyr (output 1 of 1)
26:     <- Finished tree
26:     -> Evolving tree number 98870 {1}
11:         Output tree data at t=13.80 Gyr (output 1 of 1)
11:     <- Finished tree
11:     Progress: 1008 trees processed; elapsed 7.59 h
07:         Output tree data at t=13.80 Gyr (output 1 of 1)
07:     <- Finished tree
38:         Output tree data at t=13.80 Gyr (output 1 of 1)
38:     <- Finished tree
11:     -> Evolving tree number 98981 {1}
07:     -> Evolving tree number 98985 {1}
38:     -> Evolving tree number 98906 {1}
34:         Output tree data at t=13.80 Gyr (output 1 of 1)
34:     <- Finished tree
43:         Output tree data at t=13.80 Gyr (output 1 of 1)
43:     <- Finished tree
34:     -> Evolving tree number 98910 {1}
43:     -> Evolving tree number 98949 {1}
16:         Output tree data at t=13.80 Gyr (output 1 of 1)
16:     <- Finished tree
16:     -> Evolving tree number 98928 {1}
20:         Output tree data at t=13.80 Gyr (output 1 of 1)
20:     <- Finished tree
20:     Progress: 1014 trees processed; elapsed 7.61 h
20:     -> Evolving tree number 98924 {1}
25:         Output tree data at t=13.80 Gyr (output 1 of 1)
25:     <- Finished tree
25:     -> Evolving tree number 98967 {1}
19:         Output tree data at t=13.80 Gyr (output 1 of 1)
19:     <- Finished tree
19:     Progress: 1016 trees processed; elapsed 7.64 h
19:     -> Evolving tree number 98925 {1}
15:         Output tree data at t=13.80 Gyr (output 1 of 1)
15:     <- Finished tree
15:     -> Evolving tree number 98929 {1}
14:         Output tree data at t=13.80 Gyr (output 1 of 1)
14:     <- Finished tree
14:     -> Evolving tree number 98882 {1}
37:         Output tree data at t=13.80 Gyr (output 1 of 1)
37:     <- Finished tree
37:     Progress: 1019 trees processed; elapsed 7.65 h
28:         Output tree data at t=13.80 Gyr (output 1 of 1)
28:     <- Finished tree
37:     -> Evolving tree number 98859 {1}
28:     -> Evolving tree number 98916 {1}
06:         Output tree data at t=13.80 Gyr (output 1 of 1)
06:     <- Finished tree
06:     -> Evolving tree number 98986 {1}
36:         Output tree data at t=13.80 Gyr (output 1 of 1)
36:     <- Finished tree
36:     Progress: 1022 trees processed; elapsed 7.67 h
36:     -> Evolving tree number 98860 {1}
10:         Output tree data at t=13.80 Gyr (output 1 of 1)
10:     <- Finished tree
10:     -> Evolving tree number 98886 {1}
13:         Output tree data at t=13.80 Gyr (output 1 of 1)
13:     <- Finished tree
13:     -> Evolving tree number 98931 {1}
39:         Output tree data at t=13.80 Gyr (output 1 of 1)
39:     <- Finished tree
39:     -> Evolving tree number 98905 {1}
01:         Output tree data at t=13.80 Gyr (output 1 of 1)
01:     <- Finished tree
01:     Progress: 1026 trees processed; elapsed 7.70 h
01:     -> Evolving tree number 98991 {1}
47:         Output tree data at t=13.80 Gyr (output 1 of 1)
47:     <- Finished tree
46:         Output tree data at t=13.80 Gyr (output 1 of 1)
46:     <- Finished tree
47:     -> Evolving tree number 98897 {1}
46:     -> Evolving tree number 98946 {1}
42:         Output tree data at t=13.80 Gyr (output 1 of 1)
42:     <- Finished tree
09:         Output tree data at t=13.80 Gyr (output 1 of 1)
09:     <- Finished tree
42:     -> Evolving tree number 98950 {1}
09:     -> Evolving tree number 99031 {1}
00:         Output tree data at t=13.80 Gyr (output 1 of 1)
00:     <- Finished tree
00:     Progress: 1031 trees processed; elapsed 7.72 h
00:     -> Evolving tree number 98992 {1}
29:         Output tree data at t=13.80 Gyr (output 1 of 1)
29:     <- Finished tree
29:     -> Evolving tree number 98819 {1}
02:         Output tree data at t=13.80 Gyr (output 1 of 1)
02:     <- Finished tree
02:     Progress: 1033 trees processed; elapsed 7.74 h
02:     -> Evolving tree number 98942 {1}
04:         Output tree data at t=13.80 Gyr (output 1 of 1)
04:     <- Finished tree
45:         Output tree data at t=13.80 Gyr (output 1 of 1)
45:     <- Finished tree
05:         Output tree data at t=13.80 Gyr (output 1 of 1)
05:     <- Finished tree
04:     -> Evolving tree number 98892 {1}
45:     -> Evolving tree number 98947 {1}
05:     -> Evolving tree number 98891 {1}
21:         Output tree data at t=13.80 Gyr (output 1 of 1)
21:     <- Finished tree
27:         Output tree data at t=13.80 Gyr (output 1 of 1)
27:     <- Finished tree
21:     -> Evolving tree number 98971 {1}
27:     -> Evolving tree number 98869 {1}
30:         Output tree data at t=13.80 Gyr (output 1 of 1)
30:     <- Finished tree
30:     -> Evolving tree number 98914 {1}
31:         Output tree data at t=13.80 Gyr (output 1 of 1)
31:     <- Finished tree
31:     Progress: 1040 trees processed; elapsed 7.77 h
31:     -> Evolving tree number 98961 {1}
41:         Output tree data at t=13.80 Gyr (output 1 of 1)
41:     <- Finished tree
41:     -> Evolving tree number 98951 {1}
17:         Output tree data at t=13.80 Gyr (output 1 of 1)
17:     <- Finished tree
17:     -> Evolving tree number 98927 {1}
08:         Output tree data at t=13.80 Gyr (output 1 of 1)
08:     <- Finished tree
08:     Progress: 1043 trees processed; elapsed 7.79 h
08:     -> Evolving tree number 98888 {1}
03:         Output tree data at t=13.80 Gyr (output 1 of 1)
03:     <- Finished tree
03:     Progress: 1044 trees processed; elapsed 7.81 h
03:     -> Evolving tree number 98893 {1}
44:         Output tree data at t=13.80 Gyr (output 1 of 1)
44:     <- Finished tree
18:         Output tree data at t=13.80 Gyr (output 1 of 1)
18:     <- Finished tree
44:     -> Evolving tree number 98900 {1}
18:     -> Evolving tree number 98926 {1}
34:         Output tree data at t=13.80 Gyr (output 1 of 1)
34:     <- Finished tree
34:     -> Evolving tree number 98862 {1}
15:         Output tree data at t=13.80 Gyr (output 1 of 1)
15:     <- Finished tree
15:     Progress: 1048 trees processed; elapsed 7.83 h
32:         Output tree data at t=13.80 Gyr (output 1 of 1)
32:     <- Finished tree
15:     -> Evolving tree number 98881 {1}
32:     -> Evolving tree number 98960 {1}
35:         Output tree data at t=13.80 Gyr (output 1 of 1)
35:     <- Finished tree
12:         Output tree data at t=13.80 Gyr (output 1 of 1)
12:     <- Finished tree
35:     -> Evolving tree number 98909 {1}
12:     -> Evolving tree number 98980 {1}
37:         Output tree data at t=13.80 Gyr (output 1 of 1)
37:     <- Finished tree
37:     Progress: 1052 trees processed; elapsed 7.85 h
37:     -> Evolving tree number 98811 {1}
23:         Output tree data at t=13.80 Gyr (output 1 of 1)
23:     <- Finished tree
23:     Progress: 1053 trees processed; elapsed 7.87 h
23:     -> Evolving tree number 98873 {1}
33:         Output tree data at t=13.80 Gyr (output 1 of 1)
33:     <- Finished tree
33:     -> Evolving tree number 98863 {1}
22:         Output tree data at t=13.80 Gyr (output 1 of 1)
22:     <- Finished tree
22:     -> Evolving tree number 98922 {1}
24:         Output tree data at t=13.80 Gyr (output 1 of 1)
24:     <- Finished tree
24:     Progress: 1056 trees processed; elapsed 7.89 h
24:     -> Evolving tree number 98872 {1}
16:         Output tree data at t=13.80 Gyr (output 1 of 1)
16:     <- Finished tree
16:     -> Evolving tree number 98880 {1}
26:         Output tree data at t=13.80 Gyr (output 1 of 1)
26:     <- Finished tree
07:         Output tree data at t=13.80 Gyr (output 1 of 1)
07:     <- Finished tree
38:         Output tree data at t=13.80 Gyr (output 1 of 1)
38:     <- Finished tree
26:     -> Evolving tree number 98822 {1}
07:     -> Evolving tree number 98937 {1}
38:     -> Evolving tree number 98858 {1}
43:         Output tree data at t=13.80 Gyr (output 1 of 1)
43:     <- Finished tree
43:     -> Evolving tree number 98901 {1}
14:         Output tree data at t=13.80 Gyr (output 1 of 1)
14:     <- Finished tree
14:     Progress: 1062 trees processed; elapsed 7.94 h
14:     -> Evolving tree number 98834 {1}
42:         Output tree data at t=13.80 Gyr (output 1 of 1)
42:     <- Finished tree
42:     Progress: 1063 trees processed; elapsed 7.96 h
42:     -> Evolving tree number 98902 {1}
02:         Output tree data at t=13.80 Gyr (output 1 of 1)
02:     <- Finished tree
46:         Output tree data at t=13.80 Gyr (output 1 of 1)
46:     <- Finished tree
19:         Output tree data at t=13.80 Gyr (output 1 of 1)
19:     <- Finished tree
02:     -> Evolving tree number 98894 {1}
46:     -> Evolving tree number 98898 {1}
19:     -> Evolving tree number 98877 {1}
11:         Output tree data at t=13.80 Gyr (output 1 of 1)
11:     <- Finished tree
00:         Output tree data at t=13.80 Gyr (output 1 of 1)
00:     <- Finished tree
06:         Output tree data at t=13.80 Gyr (output 1 of 1)
06:     <- Finished tree
06:     Progress: 1069 trees processed; elapsed 7.98 h
11:     -> Evolving tree number 98933 {1}
00:     -> Evolving tree number 98944 {1}
06:     -> Evolving tree number 98938 {1}
20:         Output tree data at t=13.80 Gyr (output 1 of 1)
20:     <- Finished tree
39:         Output tree data at t=13.80 Gyr (output 1 of 1)
39:     <- Finished tree
40:         Output tree data at t=13.80 Gyr (output 1 of 1)
40:     <- Finished tree
20:     -> Evolving tree number 98876 {1}
39:     -> Evolving tree number 98857 {1}
40:     -> Evolving tree number 98904 {1}
28:         Output tree data at t=13.80 Gyr (output 1 of 1)
28:     <- Finished tree
28:     Progress: 1073 trees processed; elapsed 8.02 h
28:     -> Evolving tree number 98868 {1}
45:         Output tree data at t=13.80 Gyr (output 1 of 1)
45:     <- Finished tree
45:     -> Evolving tree number 98899 {1}
09:         Output tree data at t=13.80 Gyr (output 1 of 1)
09:     <- Finished tree
09:     Progress: 1075 trees processed; elapsed 8.04 h
09:     -> Evolving tree number 98983 {1}
13:         Output tree data at t=13.80 Gyr (output 1 of 1)
13:     <- Finished tree
13:     -> Evolving tree number 98883 {1}
47:         Output tree data at t=13.80 Gyr (output 1 of 1)
47:     <- Finished tree
47:     Progress: 1077 trees processed; elapsed 8.05 h
36:         Output tree data at t=13.80 Gyr (output 1 of 1)
36:     <- Finished tree
47:     -> Evolving tree number 98849 {1}
36:     -> Evolving tree number 98812 {1}
29:         Output tree data at t=13.80 Gyr (output 1 of 1)
29:     <- Finished tree
29:     -> Evolving tree number 98771 {1}
26:         Output tree data at t=13.80 Gyr (output 1 of 1)
26:     <- Finished tree
26:     Progress: 1080 trees processed; elapsed 8.08 h
26:     -> Evolving tree number 98774 {1}
32:         Output tree data at t=13.80 Gyr (output 1 of 1)
32:     <- Finished tree
32:     -> Evolving tree number 98912 {1}
30:         Output tree data at t=13.80 Gyr (output 1 of 1)
30:     <- Finished tree
30:     Progress: 1082 trees processed; elapsed 8.11 h
30:     -> Evolving tree number 98866 {1}
05:         Output tree data at t=13.80 Gyr (output 1 of 1)
05:     <- Finished tree
05:     -> Evolving tree number 98843 {1}
25:         Output tree data at t=13.80 Gyr (output 1 of 1)
25:     <- Finished tree
25:     Progress: 1084 trees processed; elapsed 8.13 h
34:         Output tree data at t=13.80 Gyr (output 1 of 1)
34:     <- Finished tree
25:     -> Evolving tree number 98919 {1}
34:     -> Evolving tree number 98814 {1}
12:         Output tree data at t=13.80 Gyr (output 1 of 1)
12:     <- Finished tree
12:     -> Evolving tree number 98932 {1}
10:         Output tree data at t=13.80 Gyr (output 1 of 1)
10:     <- Finished tree
10:     -> Evolving tree number 98838 {1}
03:         Output tree data at t=13.80 Gyr (output 1 of 1)
03:     <- Finished tree
03:     Progress: 1088 trees processed; elapsed 8.15 h
44:         Output tree data at t=13.80 Gyr (output 1 of 1)
44:     <- Finished tree
03:     -> Evolving tree number 98845 {1}
44:     -> Evolving tree number 98852 {1}
01:         Output tree data at t=13.80 Gyr (output 1 of 1)
01:     <- Finished tree
15:         Output tree data at t=13.80 Gyr (output 1 of 1)
15:     <- Finished tree
01:     -> Evolving tree number 98943 {1}
15:     -> Evolving tree number 98833 {1}
18:         Output tree data at t=13.80 Gyr (output 1 of 1)
18:     <- Finished tree
18:     -> Evolving tree number 98878 {1}
37:         Output tree data at t=13.80 Gyr (output 1 of 1)
37:     <- Finished tree
37:     Progress: 1093 trees processed; elapsed 8.17 h
22:         Output tree data at t=13.80 Gyr (output 1 of 1)
22:     <- Finished tree
37:     -> Evolving tree number 98763 {1}
22:     -> Evolving tree number 98874 {1}
31:         Output tree data at t=13.80 Gyr (output 1 of 1)
31:     <- Finished tree
33:         Output tree data at t=13.80 Gyr (output 1 of 1)
33:     <- Finished tree
04:         Output tree data at t=13.80 Gyr (output 1 of 1)
04:     <- Finished tree
31:     -> Evolving tree number 98913 {1}
33:     -> Evolving tree number 98815 {1}
04:     -> Evolving tree number 98844 {1}
43:         Output tree data at t=13.80 Gyr (output 1 of 1)
43:     <- Finished tree
43:     Progress: 1098 trees processed; elapsed 8.21 h
41:         Output tree data at t=13.80 Gyr (output 1 of 1)
41:     <- Finished tree
43:     -> Evolving tree number 98853 {1}
41:     -> Evolving tree number 98903 {1}
21:         Output tree data at t=13.80 Gyr (output 1 of 1)
21:     <- Finished tree
21:     -> Evolving tree number 98923 {1}
23:         Output tree data at t=13.80 Gyr (output 1 of 1)
23:     <- Finished tree
23:     Progress: 1101 trees processed; elapsed 8.23 h
17:         Output tree data at t=13.80 Gyr (output 1 of 1)
17:     <- Finished tree
23:     -> Evolving tree number 98825 {1}
17:     -> Evolving tree number 98879 {1}
40:         Output tree data at t=13.80 Gyr (output 1 of 1)
40:     <- Finished tree
27:         Output tree data at t=13.80 Gyr (output 1 of 1)
27:     <- Finished tree
02:         Output tree data at t=13.80 Gyr (output 1 of 1)
02:     <- Finished tree
40:     -> Evolving tree number 98856 {1}
27:     -> Evolving tree number 98821 {1}
02:     -> Evolving tree number 98846 {1}
16:         Output tree data at t=13.80 Gyr (output 1 of 1)
16:     <- Finished tree
16:     Progress: 1106 trees processed; elapsed 8.25 h
35:         Output tree data at t=13.80 Gyr (output 1 of 1)
35:     <- Finished tree
16:     -> Evolving tree number 98832 {1}
35:     -> Evolving tree number 98861 {1}
46:         Output tree data at t=13.80 Gyr (output 1 of 1)
46:     <- Finished tree
46:     -> Evolving tree number 98850 {1}
07:         Output tree data at t=13.80 Gyr (output 1 of 1)
07:     <- Finished tree
07:     Progress: 1109 trees processed; elapsed 8.29 h
07:     -> Evolving tree number 98889 {1}
11:         Output tree data at t=13.80 Gyr (output 1 of 1)
11:     <- Finished tree
11:     -> Evolving tree number 98885 {1}
26:         Output tree data at t=13.80 Gyr (output 1 of 1)
26:     <- Finished tree
26:     -> Evolving tree number 98726 {1}
20:         Output tree data at t=13.80 Gyr (output 1 of 1)
20:     <- Finished tree
20:     Progress: 1112 trees processed; elapsed 8.31 h
24:         Output tree data at t=13.80 Gyr (output 1 of 1)
24:     <- Finished tree
08:         Output tree data at t=13.80 Gyr (output 1 of 1)
08:     <- Finished tree
20:     -> Evolving tree number 98828 {1}
24:     -> Evolving tree number 98824 {1}
08:     -> Evolving tree number 98840 {1}
14:         Output tree data at t=13.80 Gyr (output 1 of 1)
14:     <- Finished tree
14:     -> Evolving tree number 98786 {1}
19:         Output tree data at t=13.80 Gyr (output 1 of 1)
19:     <- Finished tree
19:     Progress: 1116 trees processed; elapsed 8.34 h
19:     -> Evolving tree number 98829 {1}
38:         Output tree data at t=13.80 Gyr (output 1 of 1)
38:     <- Finished tree
38:     Progress: 1117 trees processed; elapsed 8.36 h
38:     -> Evolving tree number 98810 {1}
00:         Output tree data at t=13.80 Gyr (output 1 of 1)
00:     <- Finished tree
06:         Output tree data at t=13.80 Gyr (output 1 of 1)
06:     <- Finished tree
00:     -> Evolving tree number 98896 {1}
06:     -> Evolving tree number 98890 {1}
25:         Output tree data at t=13.80 Gyr (output 1 of 1)
25:     <- Finished tree
25:     -> Evolving tree number 98871 {1}
28:         Output tree data at t=13.80 Gyr (output 1 of 1)
28:     <- Finished tree
28:     Progress: 1121 trees processed; elapsed 8.39 h
28:     -> Evolving tree number 98820 {1}
42:         Output tree data at t=13.80 Gyr (output 1 of 1)
42:     <- Finished tree
33:         Output tree data at t=13.80 Gyr (output 1 of 1)
33:     <- Finished tree
42:     -> Evolving tree number 98854 {1}
33:     -> Evolving tree number 98767 {1}
32:         Output tree data at t=13.80 Gyr (output 1 of 1)
32:     <- Finished tree
32:     Progress: 1124 trees processed; elapsed 8.41 h
32:     -> Evolving tree number 98864 {1}
36:         Output tree data at t=13.80 Gyr (output 1 of 1)
36:     <- Finished tree
36:     -> Evolving tree number 98764 {1}
34:         Output tree data at t=13.80 Gyr (output 1 of 1)
34:     <- Finished tree
34:     -> Evolving tree number 98766 {1}
29:         Output tree data at t=13.80 Gyr (output 1 of 1)
29:     <- Finished tree
29:     Progress: 1127 trees processed; elapsed 8.43 h
03:         Output tree data at t=13.80 Gyr (output 1 of 1)
03:     <- Finished tree
29:     -> Evolving tree number 98723 {1}
03:     -> Evolving tree number 98797 {1}
30:         Output tree data at t=13.80 Gyr (output 1 of 1)
30:     <- Finished tree
30:     -> Evolving tree number 98818 {1}
12:         Output tree data at t=13.80 Gyr (output 1 of 1)
12:     <- Finished tree
12:     Progress: 1130 trees processed; elapsed 8.45 h
12:     -> Evolving tree number 98884 {1}
47:         Output tree data at t=13.80 Gyr (output 1 of 1)
47:     <- Finished tree
09:         Output tree data at t=13.80 Gyr (output 1 of 1)
09:     <- Finished tree
47:     -> Evolving tree number 98801 {1}
09:     -> Evolving tree number 98935 {1}
39:         Output tree data at t=13.80 Gyr (output 1 of 1)
39:     <- Finished tree
39:     Progress: 1133 trees processed; elapsed 8.47 h
39:     -> Evolving tree number 98809 {1}
44:         Output tree data at t=13.80 Gyr (output 1 of 1)
44:     <- Finished tree
01:         Output tree data at t=13.80 Gyr (output 1 of 1)
01:     <- Finished tree
44:     -> Evolving tree number 98804 {1}
01:     -> Evolving tree number 98895 {1}
43:         Output tree data at t=13.80 Gyr (output 1 of 1)
43:     <- Finished tree
43:     Progress: 1136 trees processed; elapsed 8.49 h
17:         Output tree data at t=13.80 Gyr (output 1 of 1)
17:     <- Finished tree
43:     -> Evolving tree number 98805 {1}
17:     -> Evolving tree number 98831 {1}
41:         Output tree data at t=13.80 Gyr (output 1 of 1)
41:     <- Finished tree
41:     -> Evolving tree number 98855 {1}
13:         Output tree data at t=13.80 Gyr (output 1 of 1)
13:     <- Finished tree
13:     -> Evolving tree number 98835 {1}
05:         Output tree data at t=13.80 Gyr (output 1 of 1)
05:     <- Finished tree
05:     Progress: 1140 trees processed; elapsed 8.52 h
05:     -> Evolving tree number 98795 {1}
23:         Output tree data at t=13.80 Gyr (output 1 of 1)
23:     <- Finished tree
23:     -> Evolving tree number 98777 {1}
45:         Output tree data at t=13.80 Gyr (output 1 of 1)
45:     <- Finished tree
45:     -> Evolving tree number 98851 {1}
15:         Output tree data at t=13.80 Gyr (output 1 of 1)
15:     <- Finished tree
15:     Progress: 1143 trees processed; elapsed 8.54 h
15:     -> Evolving tree number 98785 {1}
27:         Output tree data at t=13.80 Gyr (output 1 of 1)
27:     <- Finished tree
27:     -> Evolving tree number 98773 {1}
04:         Output tree data at t=13.80 Gyr (output 1 of 1)
04:     <- Finished tree
04:     Progress: 1145 trees processed; elapsed 8.57 h
37:         Output tree data at t=13.80 Gyr (output 1 of 1)
37:     <- Finished tree
04:     -> Evolving tree number 98796 {1}
37:     -> Evolving tree number 98715 {1}
35:         Output tree data at t=13.80 Gyr (output 1 of 1)
35:     <- Finished tree
35:     -> Evolving tree number 98813 {1}
18:         Output tree data at t=13.80 Gyr (output 1 of 1)
18:     <- Finished tree
22:         Output tree data at t=13.80 Gyr (output 1 of 1)
22:     <- Finished tree
20:         Output tree data at t=13.80 Gyr (output 1 of 1)
20:     <- Finished tree
18:     -> Evolving tree number 98830 {1}
07:         Output tree data at t=13.80 Gyr (output 1 of 1)
07:     <- Finished tree
07:     Progress: 1151 trees processed; elapsed 8.59 h
10:         Output tree data at t=13.80 Gyr (output 1 of 1)
10:     <- Finished tree
22:     -> Evolving tree number 98826 {1}
20:     -> Evolving tree number 98780 {1}
07:     -> Evolving tree number 98841 {1}
10:     -> Evolving tree number 98790 {1}
40:         Output tree data at t=13.80 Gyr (output 1 of 1)
40:     <- Finished tree
40:     -> Evolving tree number 98808 {1}
16:         Output tree data at t=13.80 Gyr (output 1 of 1)
16:     <- Finished tree
21:         Output tree data at t=13.80 Gyr (output 1 of 1)
21:     <- Finished tree
16:     -> Evolving tree number 98784 {1}
21:     -> Evolving tree number 98875 {1}
26:         Output tree data at t=13.80 Gyr (output 1 of 1)
26:     <- Finished tree
26:     Progress: 1156 trees processed; elapsed 8.61 h
26:     -> Evolving tree number 98678 {1}
02:         Output tree data at t=13.80 Gyr (output 1 of 1)
02:     <- Finished tree
02:     -> Evolving tree number 98798 {1}
28:         Output tree data at t=13.80 Gyr (output 1 of 1)
28:     <- Finished tree
28:     Progress: 1158 trees processed; elapsed 8.64 h
28:     -> Evolving tree number 98772 {1}
14:         Output tree data at t=13.80 Gyr (output 1 of 1)
14:     <- Finished tree
14:     -> Evolving tree number 98738 {1}
46:         Output tree data at t=13.80 Gyr (output 1 of 1)
46:     <- Finished tree
46:     -> Evolving tree number 98802 {1}
19:         Output tree data at t=13.80 Gyr (output 1 of 1)
19:     <- Finished tree
19:     Progress: 1161 trees processed; elapsed 8.66 h
31:         Output tree data at t=13.80 Gyr (output 1 of 1)
31:     <- Finished tree
19:     -> Evolving tree number 98781 {1}
31:     -> Evolving tree number 98865 {1}
36:         Output tree data at t=13.80 Gyr (output 1 of 1)
36:     <- Finished tree
36:     -> Evolving tree number 98716 {1}
08:         Output tree data at t=13.80 Gyr (output 1 of 1)
08:     <- Finished tree
08:     -> Evolving tree number 98792 {1}
01:         Output tree data at t=13.80 Gyr (output 1 of 1)
01:     <- Finished tree
01:     Progress: 1165 trees processed; elapsed 8.69 h
01:     -> Evolving tree number 98847 {1}
00:         Output tree data at t=13.80 Gyr (output 1 of 1)
00:     <- Finished tree
00:     -> Evolving tree number 98848 {1}
12:         Output tree data at t=13.80 Gyr (output 1 of 1)
12:     <- Finished tree
12:     Progress: 1167 trees processed; elapsed 8.72 h
12:     -> Evolving tree number 98836 {1}
32:         Output tree data at t=13.80 Gyr (output 1 of 1)
32:     <- Finished tree
32:     -> Evolving tree number 98816 {1}
42:         Output tree data at t=13.80 Gyr (output 1 of 1)
42:     <- Finished tree
42:     -> Evolving tree number 98806 {1}
38:         Output tree data at t=13.80 Gyr (output 1 of 1)
38:     <- Finished tree
38:     -> Evolving tree number 98762 {1}
24:         Output tree data at t=13.80 Gyr (output 1 of 1)
24:     <- Finished tree
24:     Progress: 1171 trees processed; elapsed 8.74 h
24:     -> Evolving tree number 98776 {1}
30:         Output tree data at t=13.80 Gyr (output 1 of 1)
30:     <- Finished tree
30:     -> Evolving tree number 98770 {1}
43:         Output tree data at t=13.80 Gyr (output 1 of 1)
43:     <- Finished tree
43:     -> Evolving tree number 98757 {1}
29:         Output tree data at t=13.80 Gyr (output 1 of 1)
29:     <- Finished tree
29:     Progress: 1174 trees processed; elapsed 8.76 h
29:     -> Evolving tree number 98675 {1}
25:         Output tree data at t=13.80 Gyr (output 1 of 1)
25:     <- Finished tree
25:     -> Evolving tree number 98823 {1}
15:         Output tree data at t=13.80 Gyr (output 1 of 1)
15:     <- Finished tree
06:         Output tree data at t=13.80 Gyr (output 1 of 1)
06:     <- Finished tree
15:     -> Evolving tree number 98737 {1}
06:     -> Evolving tree number 98842 {1}
47:         Output tree data at t=13.80 Gyr (output 1 of 1)
47:     <- Finished tree
47:     Progress: 1178 trees processed; elapsed 8.79 h
47:     -> Evolving tree number 98753 {1}
34:         Output tree data at t=13.80 Gyr (output 1 of 1)
34:     <- Finished tree
34:     -> Evolving tree number 98718 {1}
17:         Output tree data at t=13.80 Gyr (output 1 of 1)
17:     <- Finished tree
17:     -> Evolving tree number 98783 {1}
33:         Output tree data at t=13.80 Gyr (output 1 of 1)
33:     <- Finished tree
33:     Progress: 1181 trees processed; elapsed 8.81 h
33:     -> Evolving tree number 98719 {1}
09:         Output tree data at t=13.80 Gyr (output 1 of 1)
09:     <- Finished tree
09:     -> Evolving tree number 98887 {1}
03:         Output tree data at t=13.80 Gyr (output 1 of 1)
03:     <- Finished tree
03:     -> Evolving tree number 98749 {1}
11:         Output tree data at t=13.80 Gyr (output 1 of 1)
11:     <- Finished tree
11:     -> Evolving tree number 98837 {1}
04:         Output tree data at t=13.80 Gyr (output 1 of 1)
04:     <- Finished tree
04:     Progress: 1185 trees processed; elapsed 8.82 h
04:     -> Evolving tree number 98748 {1}
44:         Output tree data at t=13.80 Gyr (output 1 of 1)
44:     <- Finished tree
44:     -> Evolving tree number 98756 {1}
39:         Output tree data at t=13.80 Gyr (output 1 of 1)
39:     <- Finished tree
39:     Progress: 1187 trees processed; elapsed 8.85 h
39:     -> Evolving tree number 98761 {1}
05:         Output tree data at t=13.80 Gyr (output 1 of 1)
05:     <- Finished tree
05:     -> Evolving tree number 98747 {1}
27:         Output tree data at t=13.80 Gyr (output 1 of 1)
27:     <- Finished tree
27:     -> Evolving tree number 98725 {1}
35:         Output tree data at t=13.80 Gyr (output 1 of 1)
35:     <- Finished tree
35:     Progress: 1190 trees processed; elapsed 8.87 h
14:         Output tree data at t=13.80 Gyr (output 1 of 1)
14:     <- Finished tree
35:     -> Evolving tree number 98765 {1}
14:     -> Evolving tree number 98690 {1}
21:         Output tree data at t=13.80 Gyr (output 1 of 1)
21:     <- Finished tree
21:     -> Evolving tree number 98827 {1}
28:         Output tree data at t=13.80 Gyr (output 1 of 1)
28:     <- Finished tree
28:     Progress: 1193 trees processed; elapsed 8.89 h
28:     -> Evolving tree number 98724 {1}
13:         Output tree data at t=13.80 Gyr (output 1 of 1)
13:     <- Finished tree
22:         Output tree data at t=13.80 Gyr (output 1 of 1)
22:     <- Finished tree
41:         Output tree data at t=13.80 Gyr (output 1 of 1)
41:     <- Finished tree
13:     -> Evolving tree number 98787 {1}
22:     -> Evolving tree number 98778 {1}
41:     -> Evolving tree number 98807 {1}
37:         Output tree data at t=13.80 Gyr (output 1 of 1)
37:     <- Finished tree
37:     Progress: 1197 trees processed; elapsed 8.91 h
37:     -> Evolving tree number 98667 {1}
16:         Output tree data at t=13.80 Gyr (output 1 of 1)
16:     <- Finished tree
46:         Output tree data at t=13.80 Gyr (output 1 of 1)
46:     <- Finished tree
16:     -> Evolving tree number 98736 {1}
26:         Output tree data at t=13.80 Gyr (output 1 of 1)
26:     <- Finished tree
46:     -> Evolving tree number 98754 {1}
26:     -> Evolving tree number 98630 {1}
36:         Output tree data at t=13.80 Gyr (output 1 of 1)
36:     <- Finished tree
36:     -> Evolving tree number 98668 {1}
23:         Output tree data at t=13.80 Gyr (output 1 of 1)
23:     <- Finished tree
23:     Progress: 1202 trees processed; elapsed 8.95 h
07:         Output tree data at t=13.80 Gyr (output 1 of 1)
07:     <- Finished tree
40:         Output tree data at t=13.80 Gyr (output 1 of 1)
40:     <- Finished tree
23:     -> Evolving tree number 98729 {1}
07:     -> Evolving tree number 98793 {1}
40:     -> Evolving tree number 98760 {1}
20:         Output tree data at t=13.80 Gyr (output 1 of 1)
20:     <- Finished tree
30:         Output tree data at t=13.80 Gyr (output 1 of 1)
30:     <- Finished tree
20:     -> Evolving tree number 98732 {1}
30:     -> Evolving tree number 98722 {1}
02:         Output tree data at t=13.80 Gyr (output 1 of 1)
02:     <- Finished tree
02:     Progress: 1207 trees processed; elapsed 8.98 h
02:     -> Evolving tree number 98750 {1}
45:         Output tree data at t=13.80 Gyr (output 1 of 1)
45:     <- Finished tree
43:         Output tree data at t=13.80 Gyr (output 1 of 1)
43:     <- Finished tree
45:     -> Evolving tree number 98803 {1}
43:     -> Evolving tree number 98709 {1}
19:         Output tree data at t=13.80 Gyr (output 1 of 1)
19:     <- Finished tree
19:     -> Evolving tree number 98733 {1}
08:         Output tree data at t=13.80 Gyr (output 1 of 1)
08:     <- Finished tree
08:     Progress: 1211 trees processed; elapsed 9.02 h
08:     -> Evolving tree number 98744 {1}
18:         Output tree data at t=13.80 Gyr (output 1 of 1)
18:     <- Finished tree
18:     -> Evolving tree number 98782 {1}
10:         Output tree data at t=13.80 Gyr (output 1 of 1)
10:     <- Finished tree
17:         Output tree data at t=13.80 Gyr (output 1 of 1)
17:     <- Finished tree
10:     -> Evolving tree number 98742 {1}
24:         Output tree data at t=13.80 Gyr (output 1 of 1)
24:     <- Finished tree
17:     -> Evolving tree number 98735 {1}
24:     -> Evolving tree number 98728 {1}
01:         Output tree data at t=13.80 Gyr (output 1 of 1)
01:     <- Finished tree
01:     -> Evolving tree number 98799 {1}
31:         Output tree data at t=13.80 Gyr (output 1 of 1)
31:     <- Finished tree
31:     Progress: 1217 trees processed; elapsed 9.03 h
15:         Output tree data at t=13.80 Gyr (output 1 of 1)
15:     <- Finished tree
31:     -> Evolving tree number 98817 {1}
15:     -> Evolving tree number 98689 {1}
12:         Output tree data at t=13.80 Gyr (output 1 of 1)
12:     <- Finished tree
12:     Progress: 1219 trees processed; elapsed 9.06 h
34:         Output tree data at t=13.80 Gyr (output 1 of 1)
34:     <- Finished tree
12:     -> Evolving tree number 98788 {1}
34:     -> Evolving tree number 98670 {1}
29:         Output tree data at t=13.80 Gyr (output 1 of 1)
29:     <- Finished tree
44:         Output tree data at t=13.80 Gyr (output 1 of 1)
44:     <- Finished tree
44:     -> Evolving tree number 98708 {1}
29:     -> Evolving tree number 98627 {1}
42:         Output tree data at t=13.80 Gyr (output 1 of 1)
42:     <- Finished tree
42:     Progress: 1223 trees processed; elapsed 9.08 h
42:     -> Evolving tree number 98758 {1}
09:         Output tree data at t=13.80 Gyr (output 1 of 1)
09:     <- Finished tree
47:         Output tree data at t=13.80 Gyr (output 1 of 1)
47:     <- Finished tree
09:     -> Evolving tree number 98839 {1}
47:     -> Evolving tree number 98705 {1}
06:         Output tree data at t=13.80 Gyr (output 1 of 1)
06:     <- Finished tree
06:     Progress: 1226 trees processed; elapsed 9.12 h
06:     -> Evolving tree number 98794 {1}
04:         Output tree data at t=13.80 Gyr (output 1 of 1)
04:     <- Finished tree
04:     -> Evolving tree number 98700 {1}
13:         Output tree data at t=13.80 Gyr (output 1 of 1)
13:     <- Finished tree
13:     Progress: 1228 trees processed; elapsed 9.14 h
38:         Output tree data at t=13.80 Gyr (output 1 of 1)
38:     <- Finished tree
25:         Output tree data at t=13.80 Gyr (output 1 of 1)
25:     <- Finished tree
13:     -> Evolving tree number 98739 {1}
38:     -> Evolving tree number 98714 {1}
25:     -> Evolving tree number 98775 {1}
32:         Output tree data at t=13.80 Gyr (output 1 of 1)
32:     <- Finished tree
00:         Output tree data at t=13.80 Gyr (output 1 of 1)
00:     <- Finished tree
32:     -> Evolving tree number 98768 {1}
00:     -> Evolving tree number 98800 {1}
28:         Output tree data at t=13.80 Gyr (output 1 of 1)
28:     <- Finished tree
28:     Progress: 1233 trees processed; elapsed 9.17 h
28:     -> Evolving tree number 98676 {1}
21:         Output tree data at t=13.80 Gyr (output 1 of 1)
21:     <- Finished tree
21:     Progress: 1234 trees processed; elapsed 9.19 h
21:     -> Evolving tree number 98779 {1}
30:         Output tree data at t=13.80 Gyr (output 1 of 1)
30:     <- Finished tree
14:         Output tree data at t=13.80 Gyr (output 1 of 1)
14:     <- Finished tree
30:     -> Evolving tree number 98674 {1}
14:     -> Evolving tree number 98642 {1}
20:         Output tree data at t=13.80 Gyr (output 1 of 1)
20:     <- Finished tree
20:     Progress: 1237 trees processed; elapsed 9.21 h
20:     -> Evolving tree number 98684 {1}
41:         Output tree data at t=13.80 Gyr (output 1 of 1)
41:     <- Finished tree
41:     -> Evolving tree number 98759 {1}
16:         Output tree data at t=13.80 Gyr (output 1 of 1)
16:     <- Finished tree
16:     Progress: 1239 trees processed; elapsed 9.23 h
16:     -> Evolving tree number 98688 {1}
33:         Output tree data at t=13.80 Gyr (output 1 of 1)
33:     <- Finished tree
33:     -> Evolving tree number 98671 {1}
05:         Output tree data at t=13.80 Gyr (output 1 of 1)
05:     <- Finished tree
39:         Output tree data at t=13.80 Gyr (output 1 of 1)
39:     <- Finished tree
05:     -> Evolving tree number 98699 {1}
39:     -> Evolving tree number 98713 {1}
03:         Output tree data at t=13.80 Gyr (output 1 of 1)
03:     <- Finished tree
03:     Progress: 1243 trees processed; elapsed 9.24 h
03:     -> Evolving tree number 98701 {1}
45:         Output tree data at t=13.80 Gyr (output 1 of 1)
45:     <- Finished tree
26:         Output tree data at t=13.80 Gyr (output 1 of 1)
26:     <- Finished tree
26:     -> Evolving tree number 98582 {1}
45:     -> Evolving tree number 98755 {1}
35:         Output tree data at t=13.80 Gyr (output 1 of 1)
35:     <- Finished tree
35:     -> Evolving tree number 98717 {1}
22:         Output tree data at t=13.80 Gyr (output 1 of 1)
22:     <- Finished tree
22:     Progress: 1247 trees processed; elapsed 9.27 h
22:     -> Evolving tree number 98730 {1}
11:         Output tree data at t=13.80 Gyr (output 1 of 1)
11:     <- Finished tree
11:     -> Evolving tree number 98789 {1}
36:         Output tree data at t=13.80 Gyr (output 1 of 1)
36:     <- Finished tree
36:     -> Evolving tree number 98620 {1}
37:         Output tree data at t=13.80 Gyr (output 1 of 1)
37:     <- Finished tree
37:     Progress: 1250 trees processed; elapsed 9.29 h
37:     -> Evolving tree number 98619 {1}
10:         Output tree data at t=13.80 Gyr (output 1 of 1)
10:     <- Finished tree
10:     Progress: 1251 trees processed; elapsed 9.32 h
10:     -> Evolving tree number 98694 {1}
08:         Output tree data at t=13.80 Gyr (output 1 of 1)
08:     <- Finished tree
08:     -> Evolving tree number 98696 {1}
43:         Output tree data at t=13.80 Gyr (output 1 of 1)
43:     <- Finished tree
43:     -> Evolving tree number 98661 {1}
18:         Output tree data at t=13.80 Gyr (output 1 of 1)
18:     <- Finished tree
18:     -> Evolving tree number 98734 {1}
07:         Output tree data at t=13.80 Gyr (output 1 of 1)
07:     <- Finished tree
07:     Progress: 1255 trees processed; elapsed 9.34 h
09:         Output tree data at t=13.80 Gyr (output 1 of 1)
09:     <- Finished tree
07:     -> Evolving tree number 98745 {1}
09:     -> Evolving tree number 98791 {1}
04:         Output tree data at t=13.80 Gyr (output 1 of 1)
04:     <- Finished tree
04:     -> Evolving tree number 98652 {1}
40:         Output tree data at t=13.80 Gyr (output 1 of 1)
40:     <- Finished tree
27:         Output tree data at t=13.80 Gyr (output 1 of 1)
27:     <- Finished tree
40:     -> Evolving tree number 98712 {1}
27:     -> Evolving tree number 98677 {1}
46:         Output tree data at t=13.80 Gyr (output 1 of 1)
46:     <- Finished tree
46:     -> Evolving tree number 98706 {1}
15:         Output tree data at t=13.80 Gyr (output 1 of 1)
15:     <- Finished tree
06:         Output tree data at t=13.80 Gyr (output 1 of 1)
06:     <- Finished tree
24:         Output tree data at t=13.80 Gyr (output 1 of 1)
24:     <- Finished tree
24:     Progress: 1263 trees processed; elapsed 9.36 h
15:     -> Evolving tree number 98641 {1}
06:     -> Evolving tree number 98746 {1}
24:     -> Evolving tree number 98680 {1}
42:         Output tree data at t=13.80 Gyr (output 1 of 1)
42:     <- Finished tree
42:     -> Evolving tree number 98710 {1}
12:         Output tree data at t=13.80 Gyr (output 1 of 1)
12:     <- Finished tree
12:     -> Evolving tree number 98740 {1}
44:         Output tree data at t=13.80 Gyr (output 1 of 1)
44:     <- Finished tree
44:     Progress: 1266 trees processed; elapsed 9.38 h
44:     -> Evolving tree number 98660 {1}
23:         Output tree data at t=13.80 Gyr (output 1 of 1)
23:     <- Finished tree
23:     -> Evolving tree number 98681 {1}
02:         Output tree data at t=13.80 Gyr (output 1 of 1)
02:     <- Finished tree
02:     -> Evolving tree number 98702 {1}
21:         Output tree data at t=13.80 Gyr (output 1 of 1)
21:     <- Finished tree
21:     Progress: 1269 trees processed; elapsed 9.40 h
21:     -> Evolving tree number 98731 {1}
16:         Output tree data at t=13.80 Gyr (output 1 of 1)
16:     <- Finished tree
16:     -> Evolving tree number 98640 {1}
03:         Output tree data at t=13.80 Gyr (output 1 of 1)
03:     <- Finished tree
03:     Progress: 1271 trees processed; elapsed 9.43 h
03:     -> Evolving tree number 98653 {1}
31:         Output tree data at t=13.80 Gyr (output 1 of 1)
31:     <- Finished tree
31:     Progress: 1272 trees processed; elapsed 9.45 h
47:         Output tree data at t=13.80 Gyr (output 1 of 1)
47:     <- Finished tree
31:     -> Evolving tree number 98769 {1}
47:     -> Evolving tree number 98657 {1}
34:         Output tree data at t=13.80 Gyr (output 1 of 1)
34:     <- Finished tree
05:         Output tree data at t=13.80 Gyr (output 1 of 1)
05:     <- Finished tree
34:     -> Evolving tree number 98622 {1}
38:         Output tree data at t=13.80 Gyr (output 1 of 1)
38:     <- Finished tree
05:     -> Evolving tree number 98651 {1}
38:     -> Evolving tree number 98666 {1}
19:         Output tree data at t=13.80 Gyr (output 1 of 1)
19:     <- Finished tree
19:     Progress: 1277 trees processed; elapsed 9.48 h
19:     -> Evolving tree number 98685 {1}
30:         Output tree data at t=13.80 Gyr (output 1 of 1)
30:     <- Finished tree
22:         Output tree data at t=13.80 Gyr (output 1 of 1)
22:     <- Finished tree
20:         Output tree data at t=13.80 Gyr (output 1 of 1)
20:     <- Finished tree
20:     -> Evolving tree number 98636 {1}
30:     -> Evolving tree number 98626 {1}
22:     -> Evolving tree number 98682 {1}
32:         Output tree data at t=13.80 Gyr (output 1 of 1)
32:     <- Finished tree
32:     -> Evolving tree number 98720 {1}
25:         Output tree data at t=13.80 Gyr (output 1 of 1)
25:     <- Finished tree
25:     Progress: 1282 trees processed; elapsed 9.50 h
25:     -> Evolving tree number 98727 {1}
13:         Output tree data at t=13.80 Gyr (output 1 of 1)
13:     <- Finished tree
00:         Output tree data at t=13.80 Gyr (output 1 of 1)
00:     <- Finished tree
13:     -> Evolving tree number 98691 {1}
00:     -> Evolving tree number 98752 {1}
41:         Output tree data at t=13.80 Gyr (output 1 of 1)
41:     <- Finished tree
41:     -> Evolving tree number 98711 {1}
45:         Output tree data at t=13.80 Gyr (output 1 of 1)
45:     <- Finished tree
45:     Progress: 1286 trees processed; elapsed 9.52 h
45:     -> Evolving tree number 98707 {1}
11:         Output tree data at t=13.80 Gyr (output 1 of 1)
11:     <- Finished tree
11:     -> Evolving tree number 98741 {1}
14:         Output tree data at t=13.80 Gyr (output 1 of 1)
14:     <- Finished tree
14:     Progress: 1288 trees processed; elapsed 9.54 h
39:         Output tree data at t=13.80 Gyr (output 1 of 1)
39:     <- Finished tree
14:     -> Evolving tree number 98594 {1}
28:         Output tree data at t=13.80 Gyr (output 1 of 1)
28:     <- Finished tree
39:     -> Evolving tree number 98665 {1}
28:     -> Evolving tree number 98628 {1}
26:         Output tree data at t=13.80 Gyr (output 1 of 1)
26:     <- Finished tree
26:     -> Evolving tree number 98534 {1}
01:         Output tree data at t=13.80 Gyr (output 1 of 1)
01:     <- Finished tree
01:     Progress: 1292 trees processed; elapsed 9.56 h
01:     -> Evolving tree number 98751 {1}
37:         Output tree data at t=13.80 Gyr (output 1 of 1)
37:     <- Finished tree
37:     -> Evolving tree number 98571 {1}
29:         Output tree data at t=13.80 Gyr (output 1 of 1)
29:     <- Finished tree
29:     Progress: 1294 trees processed; elapsed 9.58 h
29:     -> Evolving tree number 98579 {1}
17:         Output tree data at t=13.80 Gyr (output 1 of 1)
17:     <- Finished tree
17:     -> Evolving tree number 98687 {1}
35:         Output tree data at t=13.80 Gyr (output 1 of 1)
35:     <- Finished tree
35:     -> Evolving tree number 98669 {1}
09:         Output tree data at t=13.80 Gyr (output 1 of 1)
09:     <- Finished tree
09:     Progress: 1297 trees processed; elapsed 9.61 h
27:         Output tree data at t=13.80 Gyr (output 1 of 1)
27:     <- Finished tree
09:     -> Evolving tree number 98743 {1}
27:     -> Evolving tree number 98629 {1}
43:         Output tree data at t=13.80 Gyr (output 1 of 1)
43:     <- Finished tree
43:     Progress: 1299 trees processed; elapsed 9.64 h
43:     -> Evolving tree number 98613 {1}
10:         Output tree data at t=13.80 Gyr (output 1 of 1)
10:     <- Finished tree
10:     -> Evolving tree number 98646 {1}
24:         Output tree data at t=13.80 Gyr (output 1 of 1)
24:     <- Finished tree
24:     -> Evolving tree number 98632 {1}
02:         Output tree data at t=13.80 Gyr (output 1 of 1)
02:     <- Finished tree
02:     -> Evolving tree number 98654 {1}
40:         Output tree data at t=13.80 Gyr (output 1 of 1)
40:     <- Finished tree
40:     Progress: 1303 trees processed; elapsed 9.67 h
40:     -> Evolving tree number 98664 {1}
33:         Output tree data at t=13.80 Gyr (output 1 of 1)
33:     <- Finished tree
18:         Output tree data at t=13.80 Gyr (output 1 of 1)
18:     <- Finished tree
33:     -> Evolving tree number 98623 {1}
18:     -> Evolving tree number 98686 {1}
46:         Output tree data at t=13.80 Gyr (output 1 of 1)
46:     <- Finished tree
46:     Progress: 1306 trees processed; elapsed 9.68 h
46:     -> Evolving tree number 98658 {1}
23:         Output tree data at t=13.80 Gyr (output 1 of 1)
23:     <- Finished tree
23:     -> Evolving tree number 98633 {1}
05:         Output tree data at t=13.80 Gyr (output 1 of 1)
05:     <- Finished tree
05:     -> Evolving tree number 98603 {1}
15:         Output tree data at t=13.80 Gyr (output 1 of 1)
15:     <- Finished tree
15:     Progress: 1309 trees processed; elapsed 9.72 h
15:     -> Evolving tree number 98593 {1}
12:         Output tree data at t=13.80 Gyr (output 1 of 1)
12:     <- Finished tree
12:     -> Evolving tree number 98692 {1}
38:         Output tree data at t=13.80 Gyr (output 1 of 1)
38:     <- Finished tree
38:     -> Evolving tree number 98618 {1}
07:         Output tree data at t=13.80 Gyr (output 1 of 1)
07:     <- Finished tree
07:     Progress: 1312 trees processed; elapsed 9.74 h
07:     -> Evolving tree number 98697 {1}
36:         Output tree data at t=13.80 Gyr (output 1 of 1)
36:     <- Finished tree
03:         Output tree data at t=13.80 Gyr (output 1 of 1)
03:     <- Finished tree
06:         Output tree data at t=13.80 Gyr (output 1 of 1)
06:     <- Finished tree
36:     -> Evolving tree number 98572 {1}
44:         Output tree data at t=13.80 Gyr (output 1 of 1)
44:     <- Finished tree
03:     -> Evolving tree number 98605 {1}
06:     -> Evolving tree number 98698 {1}
44:     -> Evolving tree number 98612 {1}
31:         Output tree data at t=13.80 Gyr (output 1 of 1)
31:     <- Finished tree
47:         Output tree data at t=13.80 Gyr (output 1 of 1)
47:     <- Finished tree
31:     -> Evolving tree number 98721 {1}
47:     -> Evolving tree number 98609 {1}
16:         Output tree data at t=13.80 Gyr (output 1 of 1)
16:     <- Finished tree
16:     Progress: 1319 trees processed; elapsed 9.76 h
16:     -> Evolving tree number 98592 {1}
19:         Output tree data at t=13.80 Gyr (output 1 of 1)
19:     <- Finished tree
08:         Output tree data at t=13.80 Gyr (output 1 of 1)
08:     <- Finished tree
19:     -> Evolving tree number 98637 {1}
08:     -> Evolving tree number 98648 {1}
21:         Output tree data at t=13.80 Gyr (output 1 of 1)
21:     <- Finished tree
30:         Output tree data at t=13.80 Gyr (output 1 of 1)
30:     <- Finished tree
21:     -> Evolving tree number 98683 {1}
30:     -> Evolving tree number 98578 {1}
04:         Output tree data at t=13.80 Gyr (output 1 of 1)
04:     <- Finished tree
04:     Progress: 1324 trees processed; elapsed 9.79 h
20:         Output tree data at t=13.80 Gyr (output 1 of 1)
20:     <- Finished tree
04:     -> Evolving tree number 98604 {1}
20:     -> Evolving tree number 98588 {1}
42:         Output tree data at t=13.80 Gyr (output 1 of 1)
42:     <- Finished tree
42:     -> Evolving tree number 98662 {1}
37:         Output tree data at t=13.80 Gyr (output 1 of 1)
37:     <- Finished tree
37:     -> Evolving tree number 98523 {1}
32:         Output tree data at t=13.80 Gyr (output 1 of 1)
32:     <- Finished tree
45:         Output tree data at t=13.80 Gyr (output 1 of 1)
45:     <- Finished tree
32:     -> Evolving tree number 98672 {1}
45:     -> Evolving tree number 98659 {1}
14:         Output tree data at t=13.80 Gyr (output 1 of 1)
14:     <- Finished tree
14:     Progress: 1330 trees processed; elapsed 9.81 h
14:     -> Evolving tree number 98546 {1}
13:         Output tree data at t=13.80 Gyr (output 1 of 1)
13:     <- Finished tree
13:     -> Evolving tree number 98643 {1}
11:         Output tree data at t=13.80 Gyr (output 1 of 1)
11:     <- Finished tree
11:     -> Evolving tree number 98693 {1}
00:         Output tree data at t=13.80 Gyr (output 1 of 1)
00:     <- Finished tree
00:     Progress: 1333 trees processed; elapsed 9.88 h
34:         Output tree data at t=13.80 Gyr (output 1 of 1)
34:     <- Finished tree
35:         Output tree data at t=13.80 Gyr (output 1 of 1)
35:     <- Finished tree
00:     -> Evolving tree number 98704 {1}
34:     -> Evolving tree number 98574 {1}
35:     -> Evolving tree number 98621 {1}
01:         Output tree data at t=13.80 Gyr (output 1 of 1)
01:     <- Finished tree
18:         Output tree data at t=13.80 Gyr (output 1 of 1)
18:     <- Finished tree
01:     -> Evolving tree number 98703 {1}
18:     -> Evolving tree number 98638 {1}
22:         Output tree data at t=13.80 Gyr (output 1 of 1)
22:     <- Finished tree
33:         Output tree data at t=13.80 Gyr (output 1 of 1)
33:     <- Finished tree
22:     -> Evolving tree number 98634 {1}
33:     -> Evolving tree number 98575 {1}
10:         Output tree data at t=13.80 Gyr (output 1 of 1)
10:     <- Finished tree
10:     -> Evolving tree number 98598 {1}
41:         Output tree data at t=13.80 Gyr (output 1 of 1)
41:     <- Finished tree
41:     Progress: 1341 trees processed; elapsed 9.90 h
41:     -> Evolving tree number 98663 {1}
25:         Output tree data at t=13.80 Gyr (output 1 of 1)
25:     <- Finished tree
25:     -> Evolving tree number 98679 {1}
17:         Output tree data at t=13.80 Gyr (output 1 of 1)
17:     <- Finished tree
17:     Progress: 1343 trees processed; elapsed 9.92 h
17:     -> Evolving tree number 98639 {1}
02:         Output tree data at t=13.80 Gyr (output 1 of 1)
02:     <- Finished tree
02:     Progress: 1344 trees processed; elapsed 9.94 h
02:     -> Evolving tree number 98606 {1}
39:         Output tree data at t=13.80 Gyr (output 1 of 1)
39:     <- Finished tree
39:     -> Evolving tree number 98617 {1}
40:         Output tree data at t=13.80 Gyr (output 1 of 1)
40:     <- Finished tree
40:     Progress: 1346 trees processed; elapsed 9.96 h
40:     -> Evolving tree number 98616 {1}
08:         Output tree data at t=13.80 Gyr (output 1 of 1)
08:     <- Finished tree
08:     -> Evolving tree number 98600 {1}
26:         Output tree data at t=13.80 Gyr (output 1 of 1)
26:     <- Finished tree
26:     -> Evolving tree number 98486 {1}
23:         Output tree data at t=13.80 Gyr (output 1 of 1)
23:     <- Finished tree
23:     Progress: 1349 trees processed; elapsed 10.00 h
23:     -> Evolving tree number 98585 {1}
04:         Output tree data at t=13.80 Gyr (output 1 of 1)
04:     <- Finished tree
43:         Output tree data at t=13.80 Gyr (output 1 of 1)
43:     <- Finished tree
04:     -> Evolving tree number 98556 {1}
43:     -> Evolving tree number 98565 {1}
05:         Output tree data at t=13.80 Gyr (output 1 of 1)
05:     <- Finished tree
29:         Output tree data at t=13.80 Gyr (output 1 of 1)
29:     <- Finished tree
05:     -> Evolving tree number 98555 {1}
15:         Output tree data at t=13.80 Gyr (output 1 of 1)
15:     <- Finished tree
29:     -> Evolving tree number 98531 {1}
15:     -> Evolving tree number 98545 {1}
16:         Output tree data at t=13.80 Gyr (output 1 of 1)
16:     <- Finished tree
16:     Progress: 1355 trees processed; elapsed 10.05 h
09:         Output tree data at t=13.80 Gyr (output 1 of 1)
09:     <- Finished tree
16:     -> Evolving tree number 98544 {1}
09:     -> Evolving tree number 98695 {1}
06:         Output tree data at t=13.80 Gyr (output 1 of 1)
06:     <- Finished tree
27:         Output tree data at t=13.80 Gyr (output 1 of 1)
27:     <- Finished tree
06:     -> Evolving tree number 98650 {1}
27:     -> Evolving tree number 98581 {1}
03:         Output tree data at t=13.80 Gyr (output 1 of 1)
03:     <- Finished tree
03:     Progress: 1359 trees processed; elapsed 10.06 h
03:     -> Evolving tree number 98557 {1}
28:         Output tree data at t=13.80 Gyr (output 1 of 1)
28:     <- Finished tree
47:         Output tree data at t=13.80 Gyr (output 1 of 1)
47:     <- Finished tree
28:     -> Evolving tree number 98580 {1}
47:     -> Evolving tree number 98561 {1}
07:         Output tree data at t=13.80 Gyr (output 1 of 1)
07:     <- Finished tree
07:     Progress: 1362 trees processed; elapsed 10.08 h
24:         Output tree data at t=13.80 Gyr (output 1 of 1)
24:     <- Finished tree
07:     -> Evolving tree number 98649 {1}
24:     -> Evolving tree number 98584 {1}
38:         Output tree data at t=13.80 Gyr (output 1 of 1)
38:     <- Finished tree
38:     -> Evolving tree number 98570 {1}
46:         Output tree data at t=13.80 Gyr (output 1 of 1)
46:     <- Finished tree
46:     -> Evolving tree number 98610 {1}
12:         Output tree data at t=13.80 Gyr (output 1 of 1)
12:     <- Finished tree
11:         Output tree data at t=13.80 Gyr (output 1 of 1)
11:     <- Finished tree
12:     -> Evolving tree number 98644 {1}
11:     -> Evolving tree number 98645 {1}
22:         Output tree data at t=13.80 Gyr (output 1 of 1)
22:     <- Finished tree
22:     Progress: 1368 trees processed; elapsed 10.11 h
22:     -> Evolving tree number 98586 {1}
31:         Output tree data at t=13.80 Gyr (output 1 of 1)
31:     <- Finished tree
31:     -> Evolving tree number 98673 {1}
36:         Output tree data at t=13.80 Gyr (output 1 of 1)
36:     <- Finished tree
36:     -> Evolving tree number 98524 {1}
14:         Output tree data at t=13.80 Gyr (output 1 of 1)
14:     <- Finished tree
14:     Progress: 1371 trees processed; elapsed 10.13 h
14:     -> Evolving tree number 98498 {1}
34:         Output tree data at t=13.80 Gyr (output 1 of 1)
34:     <- Finished tree
32:         Output tree data at t=13.80 Gyr (output 1 of 1)
32:     <- Finished tree
34:     -> Evolving tree number 98526 {1}
32:     -> Evolving tree number 98624 {1}
20:         Output tree data at t=13.80 Gyr (output 1 of 1)
20:     <- Finished tree
20:     Progress: 1374 trees processed; elapsed 10.15 h
30:         Output tree data at t=13.80 Gyr (output 1 of 1)
30:     <- Finished tree
20:     -> Evolving tree number 98540 {1}
10:         Output tree data at t=13.80 Gyr (output 1 of 1)
10:     <- Finished tree
37:         Output tree data at t=13.80 Gyr (output 1 of 1)
37:     <- Finished tree
30:     -> Evolving tree number 98530 {1}
10:     -> Evolving tree number 98550 {1}
37:     -> Evolving tree number 98475 {1}
44:         Output tree data at t=13.80 Gyr (output 1 of 1)
44:     <- Finished tree
44:     Progress: 1378 trees processed; elapsed 10.17 h
18:         Output tree data at t=13.80 Gyr (output 1 of 1)
18:     <- Finished tree
44:     -> Evolving tree number 98564 {1}
18:     -> Evolving tree number 98590 {1}
08:         Output tree data at t=13.80 Gyr (output 1 of 1)
08:     <- Finished tree
08:     -> Evolving tree number 98552 {1}
39:         Output tree data at t=13.80 Gyr (output 1 of 1)
39:     <- Finished tree
39:     Progress: 1381 trees processed; elapsed 10.19 h
01:         Output tree data at t=13.80 Gyr (output 1 of 1)
01:     <- Finished tree
39:     -> Evolving tree number 98569 {1}
01:     -> Evolving tree number 98655 {1}
02:         Output tree data at t=13.80 Gyr (output 1 of 1)
02:     <- Finished tree
02:     -> Evolving tree number 98558 {1}
41:         Output tree data at t=13.80 Gyr (output 1 of 1)
41:     <- Finished tree
41:     Progress: 1384 trees processed; elapsed 10.21 h
41:     -> Evolving tree number 98615 {1}
21:         Output tree data at t=13.80 Gyr (output 1 of 1)
21:     <- Finished tree
21:     -> Evolving tree number 98635 {1}
42:         Output tree data at t=13.80 Gyr (output 1 of 1)
42:     <- Finished tree
19:         Output tree data at t=13.80 Gyr (output 1 of 1)
19:     <- Finished tree
19:     -> Evolving tree number 98589 {1}
42:     -> Evolving tree number 98614 {1}
13:         Output tree data at t=13.80 Gyr (output 1 of 1)
13:     <- Finished tree
13:     Progress: 1388 trees processed; elapsed 10.25 h
13:     -> Evolving tree number 98595 {1}
00:         Output tree data at t=13.80 Gyr (output 1 of 1)
00:     <- Finished tree
00:     -> Evolving tree number 98656 {1}
25:         Output tree data at t=13.80 Gyr (output 1 of 1)
25:     <- Finished tree
25:     Progress: 1390 trees processed; elapsed 10.27 h
25:     -> Evolving tree number 98631 {1}
26:         Output tree data at t=13.80 Gyr (output 1 of 1)
26:     <- Finished tree
26:     -> Evolving tree number 98438 {1}
24:         Output tree data at t=13.80 Gyr (output 1 of 1)
24:     <- Finished tree
24:     -> Evolving tree number 98536 {1}
35:         Output tree data at t=13.80 Gyr (output 1 of 1)
35:     <- Finished tree
35:     Progress: 1393 trees processed; elapsed 10.29 h
35:     -> Evolving tree number 98573 {1}
17:         Output tree data at t=13.80 Gyr (output 1 of 1)
17:     <- Finished tree
17:     -> Evolving tree number 98591 {1}
06:         Output tree data at t=13.80 Gyr (output 1 of 1)
06:     <- Finished tree
06:     Progress: 1395 trees processed; elapsed 10.31 h
06:     -> Evolving tree number 98602 {1}
23:         Output tree data at t=13.80 Gyr (output 1 of 1)
23:     <- Finished tree
23:     -> Evolving tree number 98537 {1}
40:         Output tree data at t=13.80 Gyr (output 1 of 1)
40:     <- Finished tree
40:     -> Evolving tree number 98568 {1}
03:         Output tree data at t=13.80 Gyr (output 1 of 1)
03:     <- Finished tree
03:     -> Evolving tree number 98509 {1}
09:         Output tree data at t=13.80 Gyr (output 1 of 1)
09:     <- Finished tree
09:     Progress: 1399 trees processed; elapsed 10.34 h
27:         Output tree data at t=13.80 Gyr (output 1 of 1)
27:     <- Finished tree
09:     -> Evolving tree number 98647 {1}
27:     -> Evolving tree number 98533 {1}
33:         Output tree data at t=13.80 Gyr (output 1 of 1)
33:     <- Finished tree
33:     -> Evolving tree number 98527 {1}
12:         Output tree data at t=13.80 Gyr (output 1 of 1)
12:     <- Finished tree
05:         Output tree data at t=13.80 Gyr (output 1 of 1)
05:     <- Finished tree
12:     -> Evolving tree number 98596 {1}
05:     -> Evolving tree number 98507 {1}
45:         Output tree data at t=13.80 Gyr (output 1 of 1)
45:     <- Finished tree
45:     Progress: 1404 trees processed; elapsed 10.37 h
45:     -> Evolving tree number 98611 {1}
43:         Output tree data at t=13.80 Gyr (output 1 of 1)
43:     <- Finished tree
43:     Progress: 1405 trees processed; elapsed 10.39 h
43:     -> Evolving tree number 98517 {1}
32:         Output tree data at t=13.80 Gyr (output 1 of 1)
32:     <- Finished tree
32:     -> Evolving tree number 98576 {1}
34:         Output tree data at t=13.80 Gyr (output 1 of 1)
34:     <- Finished tree
34:     Progress: 1407 trees processed; elapsed 10.41 h
34:     -> Evolving tree number 98478 {1}
28:         Output tree data at t=13.80 Gyr (output 1 of 1)
28:     <- Finished tree
28:     -> Evolving tree number 98532 {1}
07:         Output tree data at t=13.80 Gyr (output 1 of 1)
07:     <- Finished tree
07:     -> Evolving tree number 98601 {1}
15:         Output tree data at t=13.80 Gyr (output 1 of 1)
15:     <- Finished tree
15:     -> Evolving tree number 98497 {1}
38:         Output tree data at t=13.80 Gyr (output 1 of 1)
38:     <- Finished tree
38:     Progress: 1411 trees processed; elapsed 10.43 h
38:     -> Evolving tree number 98522 {1}
08:         Output tree data at t=13.80 Gyr (output 1 of 1)
08:     <- Finished tree
08:     -> Evolving tree number 98504 {1}
29:         Output tree data at t=13.80 Gyr (output 1 of 1)
29:     <- Finished tree
29:     -> Evolving tree number 98483 {1}
47:         Output tree data at t=13.80 Gyr (output 1 of 1)
47:     <- Finished tree
47:     -> Evolving tree number 98513 {1}
37:         Output tree data at t=13.80 Gyr (output 1 of 1)
37:     <- Finished tree
37:     Progress: 1415 trees processed; elapsed 10.46 h
37:     -> Evolving tree number 98427 {1}
00:         Output tree data at t=13.80 Gyr (output 1 of 1)
00:     <- Finished tree
00:     -> Evolving tree number 98608 {1}
36:         Output tree data at t=13.80 Gyr (output 1 of 1)
36:     <- Finished tree
36:     -> Evolving tree number 98476 {1}
04:         Output tree data at t=13.80 Gyr (output 1 of 1)
04:     <- Finished tree
04:     -> Evolving tree number 98508 {1}
11:         Output tree data at t=13.80 Gyr (output 1 of 1)
11:     <- Finished tree
11:     Progress: 1419 trees processed; elapsed 10.48 h
44:         Output tree data at t=13.80 Gyr (output 1 of 1)
44:     <- Finished tree
41:         Output tree data at t=13.80 Gyr (output 1 of 1)
41:     <- Finished tree
11:     -> Evolving tree number 98597 {1}
44:     -> Evolving tree number 98516 {1}
41:     -> Evolving tree number 98567 {1}
31:         Output tree data at t=13.80 Gyr (output 1 of 1)
31:     <- Finished tree
31:     -> Evolving tree number 98625 {1}
10:         Output tree data at t=13.80 Gyr (output 1 of 1)
10:     <- Finished tree
16:         Output tree data at t=13.80 Gyr (output 1 of 1)
16:     <- Finished tree
10:     -> Evolving tree number 98502 {1}
16:     -> Evolving tree number 98496 {1}
30:         Output tree data at t=13.80 Gyr (output 1 of 1)
30:     <- Finished tree
30:     Progress: 1425 trees processed; elapsed 10.50 h
30:     -> Evolving tree number 98482 {1}
39:         Output tree data at t=13.80 Gyr (output 1 of 1)
39:     <- Finished tree
39:     -> Evolving tree number 98521 {1}
46:         Output tree data at t=13.80 Gyr (output 1 of 1)
46:     <- Finished tree
46:     Progress: 1427 trees processed; elapsed 10.52 h
46:     -> Evolving tree number 98562 {1}
14:         Output tree data at t=13.80 Gyr (output 1 of 1)
14:     <- Finished tree
14:     -> Evolving tree number 98450 {1}
19:         Output tree data at t=13.80 Gyr (output 1 of 1)
19:     <- Finished tree
19:     Progress: 1429 trees processed; elapsed 10.55 h
19:     -> Evolving tree number 98541 {1}
01:         Output tree data at t=13.80 Gyr (output 1 of 1)
01:     <- Finished tree
01:     Progress: 1430 trees processed; elapsed 10.57 h
01:     -> Evolving tree number 98607 {1}
42:         Output tree data at t=13.80 Gyr (output 1 of 1)
42:     <- Finished tree
42:     -> Evolving tree number 98566 {1}
18:         Output tree data at t=13.80 Gyr (output 1 of 1)
18:     <- Finished tree
02:         Output tree data at t=13.80 Gyr (output 1 of 1)
02:     <- Finished tree
18:     -> Evolving tree number 98542 {1}
02:     -> Evolving tree number 98510 {1}
25:         Output tree data at t=13.80 Gyr (output 1 of 1)
25:     <- Finished tree
17:         Output tree data at t=13.80 Gyr (output 1 of 1)
17:     <- Finished tree
25:     -> Evolving tree number 98583 {1}
22:         Output tree data at t=13.80 Gyr (output 1 of 1)
22:     <- Finished tree
22:     Progress: 1436 trees processed; elapsed 10.59 h
17:     -> Evolving tree number 98543 {1}
22:     -> Evolving tree number 98538 {1}
03:         Output tree data at t=13.80 Gyr (output 1 of 1)
03:     <- Finished tree
03:     -> Evolving tree number 98461 {1}
12:         Output tree data at t=13.80 Gyr (output 1 of 1)
12:     <- Finished tree
12:     Progress: 1438 trees processed; elapsed 10.61 h
12:     -> Evolving tree number 98548 {1}
35:         Output tree data at t=13.80 Gyr (output 1 of 1)
35:     <- Finished tree
09:         Output tree data at t=13.80 Gyr (output 1 of 1)
09:     <- Finished tree
35:     -> Evolving tree number 98525 {1}
09:     -> Evolving tree number 98599 {1}
20:         Output tree data at t=13.80 Gyr (output 1 of 1)
20:     <- Finished tree
07:         Output tree data at t=13.80 Gyr (output 1 of 1)
07:     <- Finished tree
07:     Progress: 1442 trees processed; elapsed 10.63 h
21:         Output tree data at t=13.80 Gyr (output 1 of 1)
21:     <- Finished tree
20:     -> Evolving tree number 98492 {1}
07:     -> Evolving tree number 98553 {1}
21:     -> Evolving tree number 98587 {1}
32:         Output tree data at t=13.80 Gyr (output 1 of 1)
32:     <- Finished tree
32:     -> Evolving tree number 98528 {1}
06:         Output tree data at t=13.80 Gyr (output 1 of 1)
06:     <- Finished tree
06:     -> Evolving tree number 98554 {1}
26:         Output tree data at t=13.80 Gyr (output 1 of 1)
26:     <- Finished tree
26:     Progress: 1446 trees processed; elapsed 10.66 h
26:     -> Evolving tree number 98390 {1}
27:         Output tree data at t=13.80 Gyr (output 1 of 1)
27:     <- Finished tree
27:     Progress: 1447 trees processed; elapsed 10.68 h
43:         Output tree data at t=13.80 Gyr (output 1 of 1)
43:     <- Finished tree
27:     -> Evolving tree number 98485 {1}
43:     -> Evolving tree number 98469 {1}
05:         Output tree data at t=13.80 Gyr (output 1 of 1)
05:     <- Finished tree
05:     -> Evolving tree number 98459 {1}
33:         Output tree data at t=13.80 Gyr (output 1 of 1)
33:     <- Finished tree
33:     Progress: 1450 trees processed; elapsed 10.70 h
33:     -> Evolving tree number 98479 {1}
24:         Output tree data at t=13.80 Gyr (output 1 of 1)
24:     <- Finished tree
24:     -> Evolving tree number 98488 {1}
13:         Output tree data at t=13.80 Gyr (output 1 of 1)
13:     <- Finished tree
13:     Progress: 1452 trees processed; elapsed 10.72 h
13:     -> Evolving tree number 98547 {1}
16:         Output tree data at t=13.80 Gyr (output 1 of 1)
16:     <- Finished tree
16:     -> Evolving tree number 98448 {1}
40:         Output tree data at t=13.80 Gyr (output 1 of 1)
40:     <- Finished tree
40:     Progress: 1454 trees processed; elapsed 10.74 h
28:         Output tree data at t=13.80 Gyr (output 1 of 1)
28:     <- Finished tree
40:     -> Evolving tree number 98520 {1}
28:     -> Evolving tree number 98484 {1}
45:         Output tree data at t=13.80 Gyr (output 1 of 1)
45:     <- Finished tree
45:     -> Evolving tree number 98563 {1}
08:         Output tree data at t=13.80 Gyr (output 1 of 1)
08:     <- Finished tree
08:     Progress: 1457 trees processed; elapsed 10.77 h
46:         Output tree data at t=13.80 Gyr (output 1 of 1)
46:     <- Finished tree
08:     -> Evolving tree number 98456 {1}
46:     -> Evolving tree number 98514 {1}
39:         Output tree data at t=13.80 Gyr (output 1 of 1)
39:     <- Finished tree
36:         Output tree data at t=13.80 Gyr (output 1 of 1)
36:     <- Finished tree
39:     -> Evolving tree number 98473 {1}
36:     -> Evolving tree number 98428 {1}
47:         Output tree data at t=13.80 Gyr (output 1 of 1)
47:     <- Finished tree
47:     Progress: 1461 trees processed; elapsed 10.79 h
47:     -> Evolving tree number 98465 {1}
30:         Output tree data at t=13.80 Gyr (output 1 of 1)
30:     <- Finished tree
30:     -> Evolving tree number 98434 {1}
34:         Output tree data at t=13.80 Gyr (output 1 of 1)
34:     <- Finished tree
34:     -> Evolving tree number 98430 {1}
31:         Output tree data at t=13.80 Gyr (output 1 of 1)
31:     <- Finished tree
31:     Progress: 1464 trees processed; elapsed 10.81 h
31:     -> Evolving tree number 98577 {1}
38:         Output tree data at t=13.80 Gyr (output 1 of 1)
38:     <- Finished tree
38:     -> Evolving tree number 98474 {1}
00:         Output tree data at t=13.80 Gyr (output 1 of 1)
00:     <- Finished tree
37:         Output tree data at t=13.80 Gyr (output 1 of 1)
37:     <- Finished tree
00:     -> Evolving tree number 98560 {1}
02:         Output tree data at t=13.80 Gyr (output 1 of 1)
02:     <- Finished tree
37:     -> Evolving tree number 98379 {1}
02:     -> Evolving tree number 98462 {1}
01:         Output tree data at t=13.80 Gyr (output 1 of 1)
01:     <- Finished tree
01:     Progress: 1469 trees processed; elapsed 10.83 h
01:     -> Evolving tree number 98559 {1}
11:         Output tree data at t=13.80 Gyr (output 1 of 1)
11:     <- Finished tree
11:     -> Evolving tree number 98549 {1}
23:         Output tree data at t=13.80 Gyr (output 1 of 1)
23:     <- Finished tree
23:     Progress: 1471 trees processed; elapsed 10.85 h
44:         Output tree data at t=13.80 Gyr (output 1 of 1)
44:     <- Finished tree
18:         Output tree data at t=13.80 Gyr (output 1 of 1)
18:     <- Finished tree
23:     -> Evolving tree number 98489 {1}
44:     -> Evolving tree number 98468 {1}
18:     -> Evolving tree number 98494 {1}
17:         Output tree data at t=13.80 Gyr (output 1 of 1)
17:     <- Finished tree
29:         Output tree data at t=13.80 Gyr (output 1 of 1)
29:     <- Finished tree
17:     -> Evolving tree number 98495 {1}
29:     -> Evolving tree number 98435 {1}
10:         Output tree data at t=13.80 Gyr (output 1 of 1)
10:     <- Finished tree
10:     Progress: 1476 trees processed; elapsed 10.87 h
10:     -> Evolving tree number 98454 {1}
09:         Output tree data at t=13.80 Gyr (output 1 of 1)
09:     <- Finished tree
09:     -> Evolving tree number 98551 {1}
32:         Output tree data at t=13.80 Gyr (output 1 of 1)
32:     <- Finished tree
32:     Progress: 1478 trees processed; elapsed 10.89 h
32:     -> Evolving tree number 98480 {1}
04:         Output tree data at t=13.80 Gyr (output 1 of 1)
04:     <- Finished tree
04:     -> Evolving tree number 98460 {1}
21:         Output tree data at t=13.80 Gyr (output 1 of 1)
21:     <- Finished tree
22:         Output tree data at t=13.80 Gyr (output 1 of 1)
22:     <- Finished tree
21:     -> Evolving tree number 98539 {1}
22:     -> Evolving tree number 98490 {1}
25:         Output tree data at t=13.80 Gyr (output 1 of 1)
25:     <- Finished tree
14:         Output tree data at t=13.80 Gyr (output 1 of 1)
14:     <- Finished tree
20:         Output tree data at t=13.80 Gyr (output 1 of 1)
20:     <- Finished tree
25:     -> Evolving tree number 98535 {1}
14:     -> Evolving tree number 98402 {1}
03:         Output tree data at t=13.80 Gyr (output 1 of 1)
03:     <- Finished tree
20:     -> Evolving tree number 98444 {1}
07:         Output tree data at t=13.80 Gyr (output 1 of 1)
07:     <- Finished tree
07:     Progress: 1486 trees processed; elapsed 10.91 h
03:     -> Evolving tree number 98413 {1}
07:     -> Evolving tree number 98505 {1}
41:         Output tree data at t=13.80 Gyr (output 1 of 1)
41:     <- Finished tree
41:     -> Evolving tree number 98519 {1}
19:         Output tree data at t=13.80 Gyr (output 1 of 1)
19:     <- Finished tree
19:     -> Evolving tree number 98493 {1}
15:         Output tree data at t=13.80 Gyr (output 1 of 1)
15:     <- Finished tree
15:     Progress: 1489 trees processed; elapsed 10.93 h
15:     -> Evolving tree number 98449 {1}
06:         Output tree data at t=13.80 Gyr (output 1 of 1)
06:     <- Finished tree
06:     Progress: 1490 trees processed; elapsed 10.96 h
06:     -> Evolving tree number 98506 {1}
26:         Output tree data at t=13.80 Gyr (output 1 of 1)
26:     <- Finished tree
43:         Output tree data at t=13.80 Gyr (output 1 of 1)
43:     <- Finished tree
05:         Output tree data at t=13.80 Gyr (output 1 of 1)
05:     <- Finished tree
26:     -> Evolving tree number 98342 {1}
43:     -> Evolving tree number 98421 {1}
05:     -> Evolving tree number 98411 {1}
12:         Output tree data at t=13.80 Gyr (output 1 of 1)
12:     <- Finished tree
12:     Progress: 1494 trees processed; elapsed 10.98 h
12:     -> Evolving tree number 98500 {1}
35:         Output tree data at t=13.80 Gyr (output 1 of 1)
35:     <- Finished tree
35:     -> Evolving tree number 98477 {1}
30:         Output tree data at t=13.80 Gyr (output 1 of 1)
30:     <- Finished tree
30:     -> Evolving tree number 98386 {1}
13:         Output tree data at t=13.80 Gyr (output 1 of 1)
13:     <- Finished tree
13:     Progress: 1497 trees processed; elapsed 11.00 h
13:     -> Evolving tree number 98499 {1}
42:         Output tree data at t=13.80 Gyr (output 1 of 1)
42:     <- Finished tree
42:     -> Evolving tree number 98518 {1}
24:         Output tree data at t=13.80 Gyr (output 1 of 1)
24:     <- Finished tree
24:     Progress: 1499 trees processed; elapsed 11.02 h
24:     -> Evolving tree number 98440 {1}
40:         Output tree data at t=13.80 Gyr (output 1 of 1)
40:     <- Finished tree
40:     -> Evolving tree number 98472 {1}
27:         Output tree data at t=13.80 Gyr (output 1 of 1)
27:     <- Finished tree
27:     Progress: 1501 trees processed; elapsed 11.06 h
27:     -> Evolving tree number 98437 {1}
11:         Output tree data at t=13.80 Gyr (output 1 of 1)
11:     <- Finished tree
11:     -> Evolving tree number 98501 {1}
45:         Output tree data at t=13.80 Gyr (output 1 of 1)
45:     <- Finished tree
45:     Progress: 1503 trees processed; elapsed 11.09 h
45:     -> Evolving tree number 98515 {1}
38:         Output tree data at t=13.80 Gyr (output 1 of 1)
38:     <- Finished tree
38:     -> Evolving tree number 98426 {1}
00:         Output tree data at t=13.80 Gyr (output 1 of 1)
00:     <- Finished tree
47:         Output tree data at t=13.80 Gyr (output 1 of 1)
47:     <- Finished tree
00:     -> Evolving tree number 98512 {1}
47:     -> Evolving tree number 98417 {1}
08:         Output tree data at t=13.80 Gyr (output 1 of 1)
08:     <- Finished tree
08:     Progress: 1507 trees processed; elapsed 11.13 h
08:     -> Evolving tree number 98408 {1}
28:         Output tree data at t=13.80 Gyr (output 1 of 1)
28:     <- Finished tree
17:         Output tree data at t=13.80 Gyr (output 1 of 1)
17:     <- Finished tree
28:     -> Evolving tree number 98436 {1}
39:         Output tree data at t=13.80 Gyr (output 1 of 1)
39:     <- Finished tree
17:     -> Evolving tree number 98447 {1}
39:     -> Evolving tree number 98425 {1}
16:         Output tree data at t=13.80 Gyr (output 1 of 1)
16:     <- Finished tree
16:     -> Evolving tree number 98400 {1}
33:         Output tree data at t=13.80 Gyr (output 1 of 1)
33:     <- Finished tree
33:     -> Evolving tree number 98431 {1}
37:         Output tree data at t=13.80 Gyr (output 1 of 1)
37:     <- Finished tree
37:     Progress: 1513 trees processed; elapsed 11.15 h
37:     -> Evolving tree number 98331 {1}
02:         Output tree data at t=13.80 Gyr (output 1 of 1)
02:     <- Finished tree
02:     -> Evolving tree number 98414 {1}
32:         Output tree data at t=13.80 Gyr (output 1 of 1)
32:     <- Finished tree
32:     -> Evolving tree number 98432 {1}
18:         Output tree data at t=13.80 Gyr (output 1 of 1)
18:     <- Finished tree
18:     Progress: 1516 trees processed; elapsed 11.17 h
18:     -> Evolving tree number 98446 {1}
46:         Output tree data at t=13.80 Gyr (output 1 of 1)
46:     <- Finished tree
46:     -> Evolving tree number 98466 {1}
44:         Output tree data at t=13.80 Gyr (output 1 of 1)
44:     <- Finished tree
22:         Output tree data at t=13.80 Gyr (output 1 of 1)
22:     <- Finished tree
44:     -> Evolving tree number 98420 {1}
22:     -> Evolving tree number 98442 {1}
24:         Output tree data at t=13.80 Gyr (output 1 of 1)
24:     <- Finished tree
24:     Progress: 1520 trees processed; elapsed 11.19 h
24:     -> Evolving tree number 98392 {1}
34:         Output tree data at t=13.80 Gyr (output 1 of 1)
34:     <- Finished tree
34:     -> Evolving tree number 98382 {1}
01:         Output tree data at t=13.80 Gyr (output 1 of 1)
01:     <- Finished tree
31:         Output tree data at t=13.80 Gyr (output 1 of 1)
31:     <- Finished tree
01:     -> Evolving tree number 98511 {1}
31:     -> Evolving tree number 98529 {1}
25:         Output tree data at t=13.80 Gyr (output 1 of 1)
25:     <- Finished tree
25:     Progress: 1524 trees processed; elapsed 11.21 h
25:     -> Evolving tree number 98487 {1}
30:         Output tree data at t=13.80 Gyr (output 1 of 1)
30:     <- Finished tree
30:     Progress: 1525 trees processed; elapsed 11.23 h
30:     -> Evolving tree number 98338 {1}
36:         Output tree data at t=13.80 Gyr (output 1 of 1)
36:     <- Finished tree
23:         Output tree data at t=13.80 Gyr (output 1 of 1)
23:     <- Finished tree
36:     -> Evolving tree number 98380 {1}
23:     -> Evolving tree number 98441 {1}
14:         Output tree data at t=13.80 Gyr (output 1 of 1)
14:     <- Finished tree
14:     -> Evolving tree number 98354 {1}
29:         Output tree data at t=13.80 Gyr (output 1 of 1)
29:     <- Finished tree
29:     Progress: 1529 trees processed; elapsed 11.25 h
21:         Output tree data at t=13.80 Gyr (output 1 of 1)
21:     <- Finished tree
29:     -> Evolving tree number 98387 {1}
21:     -> Evolving tree number 98491 {1}
40:         Output tree data at t=13.80 Gyr (output 1 of 1)
40:     <- Finished tree
43:         Output tree data at t=13.80 Gyr (output 1 of 1)
43:     <- Finished tree
40:     -> Evolving tree number 98424 {1}
43:     -> Evolving tree number 98373 {1}
15:         Output tree data at t=13.80 Gyr (output 1 of 1)
15:     <- Finished tree
15:     -> Evolving tree number 98401 {1}
26:         Output tree data at t=13.80 Gyr (output 1 of 1)
26:     <- Finished tree
26:     Progress: 1534 trees processed; elapsed 11.28 h
26:     -> Evolving tree number 98294 {1}
41:         Output tree data at t=13.80 Gyr (output 1 of 1)
41:     <- Finished tree
20:         Output tree data at t=13.80 Gyr (output 1 of 1)
20:     <- Finished tree
04:         Output tree data at t=13.80 Gyr (output 1 of 1)
04:     <- Finished tree
41:     -> Evolving tree number 98471 {1}
20:     -> Evolving tree number 98396 {1}
04:     -> Evolving tree number 98412 {1}
09:         Output tree data at t=13.80 Gyr (output 1 of 1)
09:     <- Finished tree
09:     Progress: 1538 trees processed; elapsed 11.31 h
09:     -> Evolving tree number 98503 {1}
07:         Output tree data at t=13.80 Gyr (output 1 of 1)
07:     <- Finished tree
07:     -> Evolving tree number 98457 {1}
42:         Output tree data at t=13.80 Gyr (output 1 of 1)
42:     <- Finished tree
42:     -> Evolving tree number 98470 {1}
19:         Output tree data at t=13.80 Gyr (output 1 of 1)
19:     <- Finished tree
19:     Progress: 1541 trees processed; elapsed 11.34 h
19:     -> Evolving tree number 98445 {1}
12:         Output tree data at t=13.80 Gyr (output 1 of 1)
12:     <- Finished tree
12:     -> Evolving tree number 98452 {1}
06:         Output tree data at t=13.80 Gyr (output 1 of 1)
06:     <- Finished tree
06:     -> Evolving tree number 98458 {1}
35:         Output tree data at t=13.80 Gyr (output 1 of 1)
35:     <- Finished tree
35:     Progress: 1544 trees processed; elapsed 11.36 h
35:     -> Evolving tree number 98429 {1}
05:         Output tree data at t=13.80 Gyr (output 1 of 1)
05:     <- Finished tree
44:         Output tree data at t=13.80 Gyr (output 1 of 1)
44:     <- Finished tree
05:     -> Evolving tree number 98363 {1}
44:     -> Evolving tree number 98372 {1}
45:         Output tree data at t=13.80 Gyr (output 1 of 1)
45:     <- Finished tree
45:     Progress: 1547 trees processed; elapsed 11.38 h
45:     -> Evolving tree number 98467 {1}
32:         Output tree data at t=13.80 Gyr (output 1 of 1)
32:     <- Finished tree
32:     Progress: 1548 trees processed; elapsed 11.40 h
10:         Output tree data at t=13.80 Gyr (output 1 of 1)
10:     <- Finished tree
32:     -> Evolving tree number 98384 {1}
13:         Output tree data at t=13.80 Gyr (output 1 of 1)
13:     <- Finished tree
10:     -> Evolving tree number 98406 {1}
13:     -> Evolving tree number 98451 {1}
00:         Output tree data at t=13.80 Gyr (output 1 of 1)
00:     <- Finished tree
00:     -> Evolving tree number 98464 {1}
18:         Output tree data at t=13.80 Gyr (output 1 of 1)
18:     <- Finished tree
18:     Progress: 1552 trees processed; elapsed 11.43 h
18:     -> Evolving tree number 98398 {1}
23:         Output tree data at t=13.80 Gyr (output 1 of 1)
23:     <- Finished tree
23:     -> Evolving tree number 98393 {1}
27:         Output tree data at t=13.80 Gyr (output 1 of 1)
27:     <- Finished tree
27:     Progress: 1554 trees processed; elapsed 11.44 h
16:         Output tree data at t=13.80 Gyr (output 1 of 1)
16:     <- Finished tree
27:     -> Evolving tree number 98389 {1}
16:     -> Evolving tree number 98352 {1}
11:         Output tree data at t=13.80 Gyr (output 1 of 1)
11:     <- Finished tree
11:     -> Evolving tree number 98453 {1}
47:         Output tree data at t=13.80 Gyr (output 1 of 1)
47:     <- Finished tree
28:         Output tree data at t=13.80 Gyr (output 1 of 1)
28:     <- Finished tree
47:     -> Evolving tree number 98369 {1}
28:     -> Evolving tree number 98388 {1}
37:         Output tree data at t=13.80 Gyr (output 1 of 1)
37:     <- Finished tree
37:     Progress: 1559 trees processed; elapsed 11.46 h
46:         Output tree data at t=13.80 Gyr (output 1 of 1)
46:     <- Finished tree
37:     -> Evolving tree number 98283 {1}
46:     -> Evolving tree number 98418 {1}
24:         Output tree data at t=13.80 Gyr (output 1 of 1)
24:     <- Finished tree
24:     Progress: 1561 trees processed; elapsed 11.48 h
24:     -> Evolving tree number 98344 {1}
03:         Output tree data at t=13.80 Gyr (output 1 of 1)
03:     <- Finished tree
03:     -> Evolving tree number 98365 {1}
14:         Output tree data at t=13.80 Gyr (output 1 of 1)
14:     <- Finished tree
14:     Progress: 1563 trees processed; elapsed 11.51 h
08:         Output tree data at t=13.80 Gyr (output 1 of 1)
08:     <- Finished tree
14:     -> Evolving tree number 98306 {1}
22:         Output tree data at t=13.80 Gyr (output 1 of 1)
22:     <- Finished tree
08:     -> Evolving tree number 98360 {1}
22:     -> Evolving tree number 98394 {1}
38:         Output tree data at t=13.80 Gyr (output 1 of 1)
38:     <- Finished tree
38:     -> Evolving tree number 98378 {1}
43:         Output tree data at t=13.80 Gyr (output 1 of 1)
43:     <- Finished tree
43:     Progress: 1567 trees processed; elapsed 11.53 h
43:     -> Evolving tree number 98325 {1}
30:         Output tree data at t=13.80 Gyr (output 1 of 1)
30:     <- Finished tree
30:     -> Evolving tree number 98290 {1}
21:         Output tree data at t=13.80 Gyr (output 1 of 1)
21:     <- Finished tree
33:         Output tree data at t=13.80 Gyr (output 1 of 1)
33:     <- Finished tree
01:         Output tree data at t=13.80 Gyr (output 1 of 1)
01:     <- Finished tree
21:     -> Evolving tree number 98443 {1}
33:     -> Evolving tree number 98383 {1}
01:     -> Evolving tree number 98463 {1}
31:         Output tree data at t=13.80 Gyr (output 1 of 1)
31:     <- Finished tree
31:     Progress: 1572 trees processed; elapsed 11.54 h
31:     -> Evolving tree number 98481 {1}
02:         Output tree data at t=13.80 Gyr (output 1 of 1)
02:     <- Finished tree
02:     -> Evolving tree number 98366 {1}
34:         Output tree data at t=13.80 Gyr (output 1 of 1)
34:     <- Finished tree
34:     -> Evolving tree number 98334 {1}
15:         Output tree data at t=13.80 Gyr (output 1 of 1)
15:     <- Finished tree
15:     Progress: 1575 trees processed; elapsed 11.57 h
15:     -> Evolving tree number 98353 {1}
09:         Output tree data at t=13.80 Gyr (output 1 of 1)
09:     <- Finished tree
09:     -> Evolving tree number 98455 {1}
20:         Output tree data at t=13.80 Gyr (output 1 of 1)
20:     <- Finished tree
20:     Progress: 1577 trees processed; elapsed 11.59 h
20:     -> Evolving tree number 98348 {1}
44:         Output tree data at t=13.80 Gyr (output 1 of 1)
44:     <- Finished tree
44:     -> Evolving tree number 98324 {1}
40:         Output tree data at t=13.80 Gyr (output 1 of 1)
40:     <- Finished tree
40:     Progress: 1579 trees processed; elapsed 11.60 h
40:     -> Evolving tree number 98376 {1}
39:         Output tree data at t=13.80 Gyr (output 1 of 1)
39:     <- Finished tree
39:     -> Evolving tree number 98377 {1}
36:         Output tree data at t=13.80 Gyr (output 1 of 1)
36:     <- Finished tree
36:     Progress: 1581 trees processed; elapsed 11.62 h
41:         Output tree data at t=13.80 Gyr (output 1 of 1)
41:     <- Finished tree
26:         Output tree data at t=13.80 Gyr (output 1 of 1)
26:     <- Finished tree
36:     -> Evolving tree number 98332 {1}
41:     -> Evolving tree number 98423 {1}
26:     -> Evolving tree number 98246 {1}
07:         Output tree data at t=13.80 Gyr (output 1 of 1)
07:     <- Finished tree
29:         Output tree data at t=13.80 Gyr (output 1 of 1)
29:     <- Finished tree
07:     -> Evolving tree number 98409 {1}
29:     -> Evolving tree number 98339 {1}
05:         Output tree data at t=13.80 Gyr (output 1 of 1)
05:     <- Finished tree
05:     Progress: 1586 trees processed; elapsed 11.66 h
05:     -> Evolving tree number 98315 {1}
10:         Output tree data at t=13.80 Gyr (output 1 of 1)
10:     <- Finished tree
10:     -> Evolving tree number 98358 {1}
12:         Output tree data at t=13.80 Gyr (output 1 of 1)
12:     <- Finished tree
12:     Progress: 1588 trees processed; elapsed 11.67 h
27:         Output tree data at t=13.80 Gyr (output 1 of 1)
27:     <- Finished tree
12:     -> Evolving tree number 98404 {1}
27:     -> Evolving tree number 98341 {1}
25:         Output tree data at t=13.80 Gyr (output 1 of 1)
25:     <- Finished tree
25:     -> Evolving tree number 98439 {1}
19:         Output tree data at t=13.80 Gyr (output 1 of 1)
19:     <- Finished tree
19:     -> Evolving tree number 98397 {1}
04:         Output tree data at t=13.80 Gyr (output 1 of 1)
04:     <- Finished tree
04:     -> Evolving tree number 98364 {1}
24:         Output tree data at t=13.80 Gyr (output 1 of 1)
24:     <- Finished tree
24:     Progress: 1593 trees processed; elapsed 11.69 h
24:     -> Evolving tree number 98296 {1}
32:         Output tree data at t=13.80 Gyr (output 1 of 1)
32:     <- Finished tree
32:     Progress: 1594 trees processed; elapsed 11.71 h
32:     -> Evolving tree number 98336 {1}
35:         Output tree data at t=13.80 Gyr (output 1 of 1)
35:     <- Finished tree
35:     -> Evolving tree number 98381 {1}
46:         Output tree data at t=13.80 Gyr (output 1 of 1)
46:     <- Finished tree
46:     Progress: 1596 trees processed; elapsed 11.73 h
46:     -> Evolving tree number 98370 {1}
23:         Output tree data at t=13.80 Gyr (output 1 of 1)
23:     <- Finished tree
23:     -> Evolving tree number 98345 {1}
42:         Output tree data at t=13.80 Gyr (output 1 of 1)
42:     <- Finished tree
45:         Output tree data at t=13.80 Gyr (output 1 of 1)
45:     <- Finished tree
45:     Progress: 1599 trees processed; elapsed 11.75 h
42:     -> Evolving tree number 98422 {1}
17:         Output tree data at t=13.80 Gyr (output 1 of 1)
17:     <- Finished tree
45:     -> Evolving tree number 98419 {1}
17:     -> Evolving tree number 98399 {1}
37:         Output tree data at t=13.80 Gyr (output 1 of 1)
37:     <- Finished tree
37:     -> Evolving tree number 98235 {1}
08:         Output tree data at t=13.80 Gyr (output 1 of 1)
08:     <- Finished tree
08:     Progress: 1602 trees processed; elapsed 11.77 h
08:     -> Evolving tree number 98312 {1}
06:         Output tree data at t=13.80 Gyr (output 1 of 1)
06:     <- Finished tree
47:         Output tree data at t=13.80 Gyr (output 1 of 1)
47:     <- Finished tree
06:     -> Evolving tree number 98410 {1}
47:     -> Evolving tree number 98321 {1}
00:         Output tree data at t=13.80 Gyr (output 1 of 1)
00:     <- Finished tree
00:     -> Evolving tree number 98416 {1}
33:         Output tree data at t=13.80 Gyr (output 1 of 1)
33:     <- Finished tree
33:     Progress: 1606 trees processed; elapsed 11.79 h
33:     -> Evolving tree number 98335 {1}
16:         Output tree data at t=13.80 Gyr (output 1 of 1)
16:     <- Finished tree
16:     -> Evolving tree number 98304 {1}
38:         Output tree data at t=13.80 Gyr (output 1 of 1)
38:     <- Finished tree
38:     Progress: 1608 trees processed; elapsed 11.81 h
38:     -> Evolving tree number 98330 {1}
31:         Output tree data at t=13.80 Gyr (output 1 of 1)
31:     <- Finished tree
44:         Output tree data at t=13.80 Gyr (output 1 of 1)
44:     <- Finished tree
31:     -> Evolving tree number 98433 {1}
44:     -> Evolving tree number 98276 {1}
29:         Output tree data at t=13.80 Gyr (output 1 of 1)
29:     <- Finished tree
29:     Progress: 1611 trees processed; elapsed 11.84 h
43:         Output tree data at t=13.80 Gyr (output 1 of 1)
43:     <- Finished tree
29:     -> Evolving tree number 98291 {1}
43:     -> Evolving tree number 98277 {1}
11:         Output tree data at t=13.80 Gyr (output 1 of 1)
11:     <- Finished tree
11:     -> Evolving tree number 98405 {1}
18:         Output tree data at t=13.80 Gyr (output 1 of 1)
18:     <- Finished tree
18:     -> Evolving tree number 98350 {1}
09:         Output tree data at t=13.80 Gyr (output 1 of 1)
09:     <- Finished tree
09:     -> Evolving tree number 98407 {1}
02:         Output tree data at t=13.80 Gyr (output 1 of 1)
02:     <- Finished tree
02:     Progress: 1616 trees processed; elapsed 11.87 h
02:     -> Evolving tree number 98318 {1}
13:         Output tree data at t=13.80 Gyr (output 1 of 1)
13:     <- Finished tree
13:     Progress: 1617 trees processed; elapsed 11.89 h
14:         Output tree data at t=13.80 Gyr (output 1 of 1)
14:     <- Finished tree
40:         Output tree data at t=13.80 Gyr (output 1 of 1)
40:     <- Finished tree
13:     -> Evolving tree number 98403 {1}
14:     -> Evolving tree number 98258 {1}
40:     -> Evolving tree number 98328 {1}
22:         Output tree data at t=13.80 Gyr (output 1 of 1)
22:     <- Finished tree
22:     -> Evolving tree number 98346 {1}
28:         Output tree data at t=13.80 Gyr (output 1 of 1)
28:     <- Finished tree
28:     -> Evolving tree number 98340 {1}
15:         Output tree data at t=13.80 Gyr (output 1 of 1)
15:     <- Finished tree
15:     Progress: 1622 trees processed; elapsed 11.92 h
15:     -> Evolving tree number 98305 {1}
30:         Output tree data at t=13.80 Gyr (output 1 of 1)
30:     <- Finished tree
30:     -> Evolving tree number 98242 {1}
26:         Output tree data at t=13.80 Gyr (output 1 of 1)
26:     <- Finished tree
26:     -> Evolving tree number 98198 {1}
20:         Output tree data at t=13.80 Gyr (output 1 of 1)
20:     <- Finished tree
20:     -> Evolving tree number 98300 {1}
34:         Output tree data at t=13.80 Gyr (output 1 of 1)
34:     <- Finished tree
34:     Progress: 1626 trees processed; elapsed 11.94 h
34:     -> Evolving tree number 98286 {1}
07:         Output tree data at t=13.80 Gyr (output 1 of 1)
07:     <- Finished tree
07:     -> Evolving tree number 98361 {1}
33:         Output tree data at t=13.80 Gyr (output 1 of 1)
33:     <- Finished tree
33:     -> Evolving tree number 98287 {1}
36:         Output tree data at t=13.80 Gyr (output 1 of 1)
36:     <- Finished tree
03:         Output tree data at t=13.80 Gyr (output 1 of 1)
03:     <- Finished tree
36:     -> Evolving tree number 98284 {1}
03:     -> Evolving tree number 98317 {1}
12:         Output tree data at t=13.80 Gyr (output 1 of 1)
12:     <- Finished tree
12:     Progress: 1631 trees processed; elapsed 11.97 h
12:     -> Evolving tree number 98356 {1}
21:         Output tree data at t=13.80 Gyr (output 1 of 1)
21:     <- Finished tree
21:     -> Evolving tree number 98395 {1}
05:         Output tree data at t=13.80 Gyr (output 1 of 1)
05:     <- Finished tree
01:         Output tree data at t=13.80 Gyr (output 1 of 1)
01:     <- Finished tree
05:     -> Evolving tree number 98267 {1}
01:     -> Evolving tree number 98415 {1}
24:         Output tree data at t=13.80 Gyr (output 1 of 1)
24:     <- Finished tree
24:     Progress: 1635 trees processed; elapsed 12.00 h
10:         Output tree data at t=13.80 Gyr (output 1 of 1)
10:     <- Finished tree
24:     -> Evolving tree number 98248 {1}
10:     -> Evolving tree number 98310 {1}
42:         Output tree data at t=13.80 Gyr (output 1 of 1)
42:     <- Finished tree
42:     Progress: 1637 trees processed; elapsed 12.02 h
42:     -> Evolving tree number 98374 {1}
46:         Output tree data at t=13.80 Gyr (output 1 of 1)
46:     <- Finished tree
39:         Output tree data at t=13.80 Gyr (output 1 of 1)
39:     <- Finished tree
46:     -> Evolving tree number 98322 {1}
17:         Output tree data at t=13.80 Gyr (output 1 of 1)
17:     <- Finished tree
39:     -> Evolving tree number 98329 {1}
41:         Output tree data at t=13.80 Gyr (output 1 of 1)
41:     <- Finished tree
17:     -> Evolving tree number 98351 {1}
41:     -> Evolving tree number 98375 {1}
27:         Output tree data at t=13.80 Gyr (output 1 of 1)
27:     <- Finished tree
27:     Progress: 1642 trees processed; elapsed 12.04 h
27:     -> Evolving tree number 98293 {1}
35:         Output tree data at t=13.80 Gyr (output 1 of 1)
35:     <- Finished tree
44:         Output tree data at t=13.80 Gyr (output 1 of 1)
44:     <- Finished tree
47:         Output tree data at t=13.80 Gyr (output 1 of 1)
47:     <- Finished tree
35:     -> Evolving tree number 98333 {1}
44:     -> Evolving tree number 98228 {1}
47:     -> Evolving tree number 98273 {1}
25:         Output tree data at t=13.80 Gyr (output 1 of 1)
25:     <- Finished tree
25:     Progress: 1646 trees processed; elapsed 12.07 h
25:     -> Evolving tree number 98391 {1}
45:         Output tree data at t=13.80 Gyr (output 1 of 1)
45:     <- Finished tree
45:     -> Evolving tree number 98371 {1}
32:         Output tree data at t=13.80 Gyr (output 1 of 1)
32:     <- Finished tree
32:     Progress: 1648 trees processed; elapsed 12.08 h
32:     -> Evolving tree number 98288 {1}
19:         Output tree data at t=13.80 Gyr (output 1 of 1)
19:     <- Finished tree
19:     -> Evolving tree number 98349 {1}
23:         Output tree data at t=13.80 Gyr (output 1 of 1)
23:     <- Finished tree
23:     -> Evolving tree number 98297 {1}
04:         Output tree data at t=13.80 Gyr (output 1 of 1)
04:     <- Finished tree
04:     Progress: 1651 trees processed; elapsed 12.12 h
18:         Output tree data at t=13.80 Gyr (output 1 of 1)
18:     <- Finished tree
04:     -> Evolving tree number 98316 {1}
18:     -> Evolving tree number 98302 {1}
38:         Output tree data at t=13.80 Gyr (output 1 of 1)
38:     <- Finished tree
38:     -> Evolving tree number 98282 {1}
15:         Output tree data at t=13.80 Gyr (output 1 of 1)
15:     <- Finished tree
15:     Progress: 1654 trees processed; elapsed 12.15 h
15:     -> Evolving tree number 98257 {1}
13:         Output tree data at t=13.80 Gyr (output 1 of 1)
13:     <- Finished tree
13:     -> Evolving tree number 98355 {1}
37:         Output tree data at t=13.80 Gyr (output 1 of 1)
37:     <- Finished tree
31:         Output tree data at t=13.80 Gyr (output 1 of 1)
31:     <- Finished tree
37:     -> Evolving tree number 98187 {1}
31:     -> Evolving tree number 98385 {1}
06:         Output tree data at t=13.80 Gyr (output 1 of 1)
06:     <- Finished tree
06:     -> Evolving tree number 98362 {1}
08:         Output tree data at t=13.80 Gyr (output 1 of 1)
08:     <- Finished tree
08:     Progress: 1659 trees processed; elapsed 12.16 h
08:     -> Evolving tree number 98264 {1}
00:         Output tree data at t=13.80 Gyr (output 1 of 1)
00:     <- Finished tree
00:     -> Evolving tree number 98368 {1}
16:         Output tree data at t=13.80 Gyr (output 1 of 1)
16:     <- Finished tree
22:         Output tree data at t=13.80 Gyr (output 1 of 1)
22:     <- Finished tree
16:     -> Evolving tree number 98256 {1}
22:     -> Evolving tree number 98298 {1}
14:         Output tree data at t=13.80 Gyr (output 1 of 1)
14:     <- Finished tree
14:     Progress: 1663 trees processed; elapsed 12.18 h
14:     -> Evolving tree number 98210 {1}
43:         Output tree data at t=13.80 Gyr (output 1 of 1)
43:     <- Finished tree
43:     -> Evolving tree number 98229 {1}
20:         Output tree data at t=13.80 Gyr (output 1 of 1)
20:     <- Finished tree
20:     -> Evolving tree number 98252 {1}
07:         Output tree data at t=13.80 Gyr (output 1 of 1)
07:     <- Finished tree
07:     -> Evolving tree number 98313 {1}
40:         Output tree data at t=13.80 Gyr (output 1 of 1)
40:     <- Finished tree
40:     Progress: 1667 trees processed; elapsed 12.20 h
40:     -> Evolving tree number 98280 {1}
29:         Output tree data at t=13.80 Gyr (output 1 of 1)
29:     <- Finished tree
29:     -> Evolving tree number 98243 {1}
09:         Output tree data at t=13.80 Gyr (output 1 of 1)
09:     <- Finished tree
09:     -> Evolving tree number 98359 {1}
28:         Output tree data at t=13.80 Gyr (output 1 of 1)
28:     <- Finished tree
28:     -> Evolving tree number 98292 {1}
02:         Output tree data at t=13.80 Gyr (output 1 of 1)
02:     <- Finished tree
02:     Progress: 1671 trees processed; elapsed 12.23 h
02:     -> Evolving tree number 98270 {1}
03:         Output tree data at t=13.80 Gyr (output 1 of 1)
03:     <- Finished tree
03:     -> Evolving tree number 98269 {1}
26:         Output tree data at t=13.80 Gyr (output 1 of 1)
26:     <- Finished tree
26:     -> Evolving tree number 98150 {1}
36:         Output tree data at t=13.80 Gyr (output 1 of 1)
36:     <- Finished tree
36:     Progress: 1674 trees processed; elapsed 12.26 h
36:     -> Evolving tree number 98236 {1}
39:         Output tree data at t=13.80 Gyr (output 1 of 1)
39:     <- Finished tree
39:     Progress: 1675 trees processed; elapsed 12.28 h
39:     -> Evolving tree number 98281 {1}
11:         Output tree data at t=13.80 Gyr (output 1 of 1)
11:     <- Finished tree
11:     -> Evolving tree number 98357 {1}
17:         Output tree data at t=13.80 Gyr (output 1 of 1)
17:     <- Finished tree
17:     Progress: 1677 trees processed; elapsed 12.31 h
17:     -> Evolving tree number 98303 {1}
01:         Output tree data at t=13.80 Gyr (output 1 of 1)
01:     <- Finished tree
01:     -> Evolving tree number 98367 {1}
46:         Output tree data at t=13.80 Gyr (output 1 of 1)
46:     <- Finished tree
46:     -> Evolving tree number 98274 {1}
19:         Output tree data at t=13.80 Gyr (output 1 of 1)
19:     <- Finished tree
19:     Progress: 1680 trees processed; elapsed 12.34 h
41:         Output tree data at t=13.80 Gyr (output 1 of 1)
41:     <- Finished tree
19:     -> Evolving tree number 98301 {1}
41:     -> Evolving tree number 98327 {1}
42:         Output tree data at t=13.80 Gyr (output 1 of 1)
42:     <- Finished tree
42:     -> Evolving tree number 98326 {1}
34:         Output tree data at t=13.80 Gyr (output 1 of 1)
34:     <- Finished tree
34:     Progress: 1683 trees processed; elapsed 12.36 h
21:         Output tree data at t=13.80 Gyr (output 1 of 1)
21:     <- Finished tree
10:         Output tree data at t=13.80 Gyr (output 1 of 1)
10:     <- Finished tree
34:     -> Evolving tree number 98238 {1}
21:     -> Evolving tree number 98347 {1}
10:     -> Evolving tree number 98262 {1}
47:         Output tree data at t=13.80 Gyr (output 1 of 1)
47:     <- Finished tree
47:     -> Evolving tree number 98225 {1}
33:         Output tree data at t=13.80 Gyr (output 1 of 1)
33:     <- Finished tree
33:     Progress: 1687 trees processed; elapsed 12.40 h
33:     -> Evolving tree number 98239 {1}
44:         Output tree data at t=13.80 Gyr (output 1 of 1)
44:     <- Finished tree
27:         Output tree data at t=13.80 Gyr (output 1 of 1)
27:     <- Finished tree
44:     -> Evolving tree number 98180 {1}
27:     -> Evolving tree number 98245 {1}
08:         Output tree data at t=13.80 Gyr (output 1 of 1)
08:     <- Finished tree
05:         Output tree data at t=13.80 Gyr (output 1 of 1)
05:     <- Finished tree
08:     -> Evolving tree number 98216 {1}
05:     -> Evolving tree number 98219 {1}
30:         Output tree data at t=13.80 Gyr (output 1 of 1)
30:     <- Finished tree
30:     Progress: 1692 trees processed; elapsed 12.42 h
25:         Output tree data at t=13.80 Gyr (output 1 of 1)
25:     <- Finished tree
30:     -> Evolving tree number 98194 {1}
25:     -> Evolving tree number 98343 {1}
22:         Output tree data at t=13.80 Gyr (output 1 of 1)
22:     <- Finished tree
24:         Output tree data at t=13.80 Gyr (output 1 of 1)
24:     <- Finished tree
22:     -> Evolving tree number 98250 {1}
24:     -> Evolving tree number 98200 {1}
12:         Output tree data at t=13.80 Gyr (output 1 of 1)
12:     <- Finished tree
12:     -> Evolving tree number 98308 {1}
14:         Output tree data at t=13.80 Gyr (output 1 of 1)
14:     <- Finished tree
14:     Progress: 1697 trees processed; elapsed 12.44 h
32:         Output tree data at t=13.80 Gyr (output 1 of 1)
32:     <- Finished tree
14:     -> Evolving tree number 98162 {1}
45:         Output tree data at t=13.80 Gyr (output 1 of 1)
45:     <- Finished tree
13:         Output tree data at t=13.80 Gyr (output 1 of 1)
13:     <- Finished tree
45:     -> Evolving tree number 98323 {1}
32:     -> Evolving tree number 98240 {1}
13:     -> Evolving tree number 98307 {1}
00:         Output tree data at t=13.80 Gyr (output 1 of 1)
00:     <- Finished tree
00:     -> Evolving tree number 98320 {1}
20:         Output tree data at t=13.80 Gyr (output 1 of 1)
20:     <- Finished tree
20:     Progress: 1702 trees processed; elapsed 12.48 h
23:         Output tree data at t=13.80 Gyr (output 1 of 1)
23:     <- Finished tree
20:     -> Evolving tree number 98204 {1}
23:     -> Evolving tree number 98249 {1}
04:         Output tree data at t=13.80 Gyr (output 1 of 1)
04:     <- Finished tree
04:     -> Evolving tree number 98268 {1}
35:         Output tree data at t=13.80 Gyr (output 1 of 1)
35:     <- Finished tree
28:         Output tree data at t=13.80 Gyr (output 1 of 1)
28:     <- Finished tree
35:     -> Evolving tree number 98285 {1}
28:     -> Evolving tree number 98244 {1}
38:         Output tree data at t=13.80 Gyr (output 1 of 1)
38:     <- Finished tree
38:     Progress: 1707 trees processed; elapsed 12.50 h
07:         Output tree data at t=13.80 Gyr (output 1 of 1)
07:     <- Finished tree
38:     -> Evolving tree number 98234 {1}
07:     -> Evolving tree number 98265 {1}
37:         Output tree data at t=13.80 Gyr (output 1 of 1)
37:     <- Finished tree
37:     -> Evolving tree number 98139 {1}
18:         Output tree data at t=13.80 Gyr (output 1 of 1)
18:     <- Finished tree
18:     -> Evolving tree number 98254 {1}
40:         Output tree data at t=13.80 Gyr (output 1 of 1)
40:     <- Finished tree
40:     Progress: 1711 trees processed; elapsed 12.53 h
40:     -> Evolving tree number 98232 {1}
16:         Output tree data at t=13.80 Gyr (output 1 of 1)
16:     <- Finished tree
16:     -> Evolving tree number 98208 {1}
02:         Output tree data at t=13.80 Gyr (output 1 of 1)
02:     <- Finished tree
09:         Output tree data at t=13.80 Gyr (output 1 of 1)
09:     <- Finished tree
15:         Output tree data at t=13.80 Gyr (output 1 of 1)
15:     <- Finished tree
02:     -> Evolving tree number 98222 {1}
09:     -> Evolving tree number 98311 {1}
15:     -> Evolving tree number 98209 {1}
19:         Output tree data at t=13.80 Gyr (output 1 of 1)
19:     <- Finished tree
19:     Progress: 1716 trees processed; elapsed 12.55 h
19:     -> Evolving tree number 98253 {1}
31:         Output tree data at t=13.80 Gyr (output 1 of 1)
31:     <- Finished tree
11:         Output tree data at t=13.80 Gyr (output 1 of 1)
11:     <- Finished tree
31:     -> Evolving tree number 98337 {1}
29:         Output tree data at t=13.80 Gyr (output 1 of 1)
29:     <- Finished tree
11:     -> Evolving tree number 98309 {1}
29:     -> Evolving tree number 98195 {1}
43:         Output tree data at t=13.80 Gyr (output 1 of 1)
43:     <- Finished tree
43:     -> Evolving tree number 98181 {1}
26:         Output tree data at t=13.80 Gyr (output 1 of 1)
26:     <- Finished tree
26:     Progress: 1721 trees processed; elapsed 12.58 h
26:     -> Evolving tree number 98102 {1}
21:         Output tree data at t=13.80 Gyr (output 1 of 1)
21:     <- Finished tree
21:     Progress: 1722 trees processed; elapsed 12.59 h
21:     -> Evolving tree number 98299 {1}
42:         Output tree data at t=13.80 Gyr (output 1 of 1)
42:     <- Finished tree
42:     -> Evolving tree number 98278 {1}
06:         Output tree data at t=13.80 Gyr (output 1 of 1)
06:     <- Finished tree
06:     Progress: 1724 trees processed; elapsed 12.62 h
06:     -> Evolving tree number 98314 {1}
46:         Output tree data at t=13.80 Gyr (output 1 of 1)
46:     <- Finished tree
46:     -> Evolving tree number 98226 {1}
39:         Output tree data at t=13.80 Gyr (output 1 of 1)
39:     <- Finished tree
39:     -> Evolving tree number 98233 {1}
03:         Output tree data at t=13.80 Gyr (output 1 of 1)
03:     <- Finished tree
03:     Progress: 1727 trees processed; elapsed 12.64 h
05:         Output tree data at t=13.80 Gyr (output 1 of 1)
05:     <- Finished tree
03:     -> Evolving tree number 98221 {1}
05:     -> Evolving tree number 98171 {1}
34:         Output tree data at t=13.80 Gyr (output 1 of 1)
34:     <- Finished tree
34:     Progress: 1729 trees processed; elapsed 12.68 h
34:     -> Evolving tree number 98190 {1}
01:         Output tree data at t=13.80 Gyr (output 1 of 1)
01:     <- Finished tree
01:     -> Evolving tree number 98319 {1}
24:         Output tree data at t=13.80 Gyr (output 1 of 1)
24:     <- Finished tree
24:     Progress: 1731 trees processed; elapsed 12.71 h
24:     -> Evolving tree number 98152 {1}
41:         Output tree data at t=13.80 Gyr (output 1 of 1)
41:     <- Finished tree
41:     -> Evolving tree number 98279 {1}
36:         Output tree data at t=13.80 Gyr (output 1 of 1)
36:     <- Finished tree
36:     -> Evolving tree number 98188 {1}
44:         Output tree data at t=13.80 Gyr (output 1 of 1)
44:     <- Finished tree
44:     Progress: 1734 trees processed; elapsed 12.73 h
35:         Output tree data at t=13.80 Gyr (output 1 of 1)
35:     <- Finished tree
44:     -> Evolving tree number 98132 {1}
35:     -> Evolving tree number 98237 {1}
14:         Output tree data at t=13.80 Gyr (output 1 of 1)
14:     <- Finished tree
14:     -> Evolving tree number 98114 {1}
23:         Output tree data at t=13.80 Gyr (output 1 of 1)
23:     <- Finished tree
23:     Progress: 1737 trees processed; elapsed 12.76 h
10:         Output tree data at t=13.80 Gyr (output 1 of 1)
10:     <- Finished tree
47:         Output tree data at t=13.80 Gyr (output 1 of 1)
47:     <- Finished tree
23:     -> Evolving tree number 98201 {1}
10:     -> Evolving tree number 98214 {1}
47:     -> Evolving tree number 98177 {1}
28:         Output tree data at t=13.80 Gyr (output 1 of 1)
28:     <- Finished tree
28:     Progress: 1740 trees processed; elapsed 12.78 h
28:     -> Evolving tree number 98196 {1}
29:         Output tree data at t=13.80 Gyr (output 1 of 1)
29:     <- Finished tree
37:         Output tree data at t=13.80 Gyr (output 1 of 1)
37:     <- Finished tree
29:     -> Evolving tree number 98147 {1}
04:         Output tree data at t=13.80 Gyr (output 1 of 1)
04:     <- Finished tree
37:     -> Evolving tree number 98091 {1}
04:     -> Evolving tree number 98220 {1}
33:         Output tree data at t=13.80 Gyr (output 1 of 1)
33:     <- Finished tree
33:     -> Evolving tree number 98191 {1}
25:         Output tree data at t=13.80 Gyr (output 1 of 1)
25:     <- Finished tree
25:     Progress: 1745 trees processed; elapsed 12.80 h
25:     -> Evolving tree number 98295 {1}
20:         Output tree data at t=13.80 Gyr (output 1 of 1)
20:     <- Finished tree
27:         Output tree data at t=13.80 Gyr (output 1 of 1)
27:     <- Finished tree
20:     -> Evolving tree number 98156 {1}
27:     -> Evolving tree number 98197 {1}
30:         Output tree data at t=13.80 Gyr (output 1 of 1)
30:     <- Finished tree
30:     Progress: 1748 trees processed; elapsed 12.82 h
13:         Output tree data at t=13.80 Gyr (output 1 of 1)
13:     <- Finished tree
30:     -> Evolving tree number 98146 {1}
13:     -> Evolving tree number 98259 {1}
22:         Output tree data at t=13.80 Gyr (output 1 of 1)
22:     <- Finished tree
22:     -> Evolving tree number 98202 {1}
31:         Output tree data at t=13.80 Gyr (output 1 of 1)
31:     <- Finished tree
31:     -> Evolving tree number 98289 {1}
07:         Output tree data at t=13.80 Gyr (output 1 of 1)
07:     <- Finished tree
07:     -> Evolving tree number 98217 {1}
45:         Output tree data at t=13.80 Gyr (output 1 of 1)
45:     <- Finished tree
38:         Output tree data at t=13.80 Gyr (output 1 of 1)
38:     <- Finished tree
38:     -> Evolving tree number 98186 {1}
45:     -> Evolving tree number 98275 {1}
26:         Output tree data at t=13.80 Gyr (output 1 of 1)
26:     <- Finished tree
26:     Progress: 1755 trees processed; elapsed 12.85 h
26:     -> Evolving tree number 98054 {1}
03:         Output tree data at t=13.80 Gyr (output 1 of 1)
03:     <- Finished tree
03:     -> Evolving tree number 98173 {1}
08:         Output tree data at t=13.80 Gyr (output 1 of 1)
08:     <- Finished tree
08:     -> Evolving tree number 98168 {1}
11:         Output tree data at t=13.80 Gyr (output 1 of 1)
11:     <- Finished tree
11:     Progress: 1758 trees processed; elapsed 12.88 h
11:     -> Evolving tree number 98261 {1}
02:         Output tree data at t=13.80 Gyr (output 1 of 1)
02:     <- Finished tree
02:     -> Evolving tree number 98174 {1}
12:         Output tree data at t=13.80 Gyr (output 1 of 1)
12:     <- Finished tree
00:         Output tree data at t=13.80 Gyr (output 1 of 1)
00:     <- Finished tree
12:     -> Evolving tree number 98260 {1}
00:     -> Evolving tree number 98272 {1}
15:         Output tree data at t=13.80 Gyr (output 1 of 1)
15:     <- Finished tree
15:     Progress: 1762 trees processed; elapsed 12.90 h
16:         Output tree data at t=13.80 Gyr (output 1 of 1)
16:     <- Finished tree
15:     -> Evolving tree number 98161 {1}
16:     -> Evolving tree number 98160 {1}
46:         Output tree data at t=13.80 Gyr (output 1 of 1)
46:     <- Finished tree
46:     -> Evolving tree number 98178 {1}
17:         Output tree data at t=13.80 Gyr (output 1 of 1)
17:     <- Finished tree
17:     Progress: 1765 trees processed; elapsed 12.93 h
09:         Output tree data at t=13.80 Gyr (output 1 of 1)
09:     <- Finished tree
19:         Output tree data at t=13.80 Gyr (output 1 of 1)
19:     <- Finished tree
17:     -> Evolving tree number 98255 {1}
09:     -> Evolving tree number 98263 {1}
19:     -> Evolving tree number 98205 {1}
32:         Output tree data at t=13.80 Gyr (output 1 of 1)
32:     <- Finished tree
06:         Output tree data at t=13.80 Gyr (output 1 of 1)
06:     <- Finished tree
32:     -> Evolving tree number 98192 {1}
06:     -> Evolving tree number 98266 {1}
05:         Output tree data at t=13.80 Gyr (output 1 of 1)
05:     <- Finished tree
05:     Progress: 1770 trees processed; elapsed 12.97 h
05:     -> Evolving tree number 98123 {1}
18:         Output tree data at t=13.80 Gyr (output 1 of 1)
18:     <- Finished tree
18:     -> Evolving tree number 98206 {1}
42:         Output tree data at t=13.80 Gyr (output 1 of 1)
42:     <- Finished tree
40:         Output tree data at t=13.80 Gyr (output 1 of 1)
40:     <- Finished tree
43:         Output tree data at t=13.80 Gyr (output 1 of 1)
43:     <- Finished tree
42:     -> Evolving tree number 98230 {1}
40:     -> Evolving tree number 98184 {1}
43:     -> Evolving tree number 98133 {1}
27:         Output tree data at t=13.80 Gyr (output 1 of 1)
27:     <- Finished tree
27:     Progress: 1775 trees processed; elapsed 13.02 h
27:     -> Evolving tree number 98149 {1}
10:         Output tree data at t=13.80 Gyr (output 1 of 1)
10:     <- Finished tree
10:     -> Evolving tree number 98166 {1}
20:         Output tree data at t=13.80 Gyr (output 1 of 1)
20:     <- Finished tree
20:     Progress: 1777 trees processed; elapsed 13.04 h
24:         Output tree data at t=13.80 Gyr (output 1 of 1)
24:     <- Finished tree
20:     -> Evolving tree number 98108 {1}
21:         Output tree data at t=13.80 Gyr (output 1 of 1)
21:     <- Finished tree
13:         Output tree data at t=13.80 Gyr (output 1 of 1)
13:     <- Finished tree
24:     -> Evolving tree number 98104 {1}
21:     -> Evolving tree number 98251 {1}
13:     -> Evolving tree number 98211 {1}
41:         Output tree data at t=13.80 Gyr (output 1 of 1)
41:     <- Finished tree
39:         Output tree data at t=13.80 Gyr (output 1 of 1)
39:     <- Finished tree
41:     -> Evolving tree number 98231 {1}
39:     -> Evolving tree number 98185 {1}
35:         Output tree data at t=13.80 Gyr (output 1 of 1)
35:     <- Finished tree
35:     Progress: 1783 trees processed; elapsed 13.07 h
35:     -> Evolving tree number 98189 {1}
36:         Output tree data at t=13.80 Gyr (output 1 of 1)
36:     <- Finished tree
36:     -> Evolving tree number 98140 {1}
47:         Output tree data at t=13.80 Gyr (output 1 of 1)
47:     <- Finished tree
47:     Progress: 1785 trees processed; elapsed 13.08 h
47:     -> Evolving tree number 98129 {1}
22:         Output tree data at t=13.80 Gyr (output 1 of 1)
22:     <- Finished tree
22:     Progress: 1786 trees processed; elapsed 13.10 h
22:     -> Evolving tree number 98154 {1}
31:         Output tree data at t=13.80 Gyr (output 1 of 1)
31:     <- Finished tree
31:     -> Evolving tree number 98241 {1}
34:         Output tree data at t=13.80 Gyr (output 1 of 1)
34:     <- Finished tree
15:         Output tree data at t=13.80 Gyr (output 1 of 1)
15:     <- Finished tree
34:     -> Evolving tree number 98142 {1}
15:     -> Evolving tree number 98113 {1}
02:         Output tree data at t=13.80 Gyr (output 1 of 1)
02:     <- Finished tree
01:         Output tree data at t=13.80 Gyr (output 1 of 1)
01:     <- Finished tree
01:     Progress: 1791 trees processed; elapsed 13.12 h
02:     -> Evolving tree number 98126 {1}
01:     -> Evolving tree number 98271 {1}
16:         Output tree data at t=13.80 Gyr (output 1 of 1)
16:     <- Finished tree
16:     -> Evolving tree number 98112 {1}
29:         Output tree data at t=13.80 Gyr (output 1 of 1)
29:     <- Finished tree
29:     Progress: 1793 trees processed; elapsed 13.14 h
29:     -> Evolving tree number 98099 {1}
30:         Output tree data at t=13.80 Gyr (output 1 of 1)
30:     <- Finished tree
30:     -> Evolving tree number 98098 {1}
08:         Output tree data at t=13.80 Gyr (output 1 of 1)
08:     <- Finished tree
08:     Progress: 1795 trees processed; elapsed 13.17 h
08:     -> Evolving tree number 98120 {1}
28:         Output tree data at t=13.80 Gyr (output 1 of 1)
28:     <- Finished tree
28:     -> Evolving tree number 98148 {1}
14:         Output tree data at t=13.80 Gyr (output 1 of 1)
14:     <- Finished tree
14:     -> Evolving tree number 98066 {1}
03:         Output tree data at t=13.80 Gyr (output 1 of 1)
03:     <- Finished tree
03:     Progress: 1798 trees processed; elapsed 13.19 h
03:     -> Evolving tree number 98125 {1}
37:         Output tree data at t=13.80 Gyr (output 1 of 1)
37:     <- Finished tree
37:     -> Evolving tree number 98043 {1}
33:         Output tree data at t=13.80 Gyr (output 1 of 1)
33:     <- Finished tree
33:     -> Evolving tree number 98143 {1}
44:         Output tree data at t=13.80 Gyr (output 1 of 1)
44:     <- Finished tree
44:     Progress: 1801 trees processed; elapsed 13.21 h
44:     -> Evolving tree number 98084 {1}
04:         Output tree data at t=13.80 Gyr (output 1 of 1)
04:     <- Finished tree
04:     -> Evolving tree number 98172 {1}
23:         Output tree data at t=13.80 Gyr (output 1 of 1)
23:     <- Finished tree
23:     -> Evolving tree number 98153 {1}
45:         Output tree data at t=13.80 Gyr (output 1 of 1)
45:     <- Finished tree
45:     Progress: 1804 trees processed; elapsed 13.23 h
05:         Output tree data at t=13.80 Gyr (output 1 of 1)
05:     <- Finished tree
05:     -> Evolving tree number 98075 {1}
45:     -> Evolving tree number 98227 {1}
06:         Output tree data at t=13.80 Gyr (output 1 of 1)
06:     <- Finished tree
32:         Output tree data at t=13.80 Gyr (output 1 of 1)
32:     <- Finished tree
06:     -> Evolving tree number 98218 {1}
32:     -> Evolving tree number 98144 {1}
25:         Output tree data at t=13.80 Gyr (output 1 of 1)
25:     <- Finished tree
25:     -> Evolving tree number 98247 {1}
11:         Output tree data at t=13.80 Gyr (output 1 of 1)
11:     <- Finished tree
11:     Progress: 1809 trees processed; elapsed 13.27 h
07:         Output tree data at t=13.80 Gyr (output 1 of 1)
07:     <- Finished tree
11:     -> Evolving tree number 98213 {1}
07:     -> Evolving tree number 98169 {1}
20:         Output tree data at t=13.80 Gyr (output 1 of 1)
20:     <- Finished tree
20:     -> Evolving tree number 98060 {1}
12:         Output tree data at t=13.80 Gyr (output 1 of 1)
12:     <- Finished tree
46:         Output tree data at t=13.80 Gyr (output 1 of 1)
46:     <- Finished tree
12:     -> Evolving tree number 98212 {1}
46:     -> Evolving tree number 98130 {1}
43:         Output tree data at t=13.80 Gyr (output 1 of 1)
43:     <- Finished tree
43:     -> Evolving tree number 98085 {1}
38:         Output tree data at t=13.80 Gyr (output 1 of 1)
38:     <- Finished tree
38:     Progress: 1815 trees processed; elapsed 13.30 h
38:     -> Evolving tree number 98138 {1}
39:         Output tree data at t=13.80 Gyr (output 1 of 1)
39:     <- Finished tree
39:     -> Evolving tree number 98137 {1}
17:         Output tree data at t=13.80 Gyr (output 1 of 1)
17:     <- Finished tree
17:     Progress: 1817 trees processed; elapsed 13.32 h
17:     -> Evolving tree number 98207 {1}
40:         Output tree data at t=13.80 Gyr (output 1 of 1)
40:     <- Finished tree
40:     -> Evolving tree number 98136 {1}
27:         Output tree data at t=13.80 Gyr (output 1 of 1)
27:     <- Finished tree
27:     Progress: 1819 trees processed; elapsed 13.34 h
27:     -> Evolving tree number 98101 {1}
19:         Output tree data at t=13.80 Gyr (output 1 of 1)
19:     <- Finished tree
00:         Output tree data at t=13.80 Gyr (output 1 of 1)
00:     <- Finished tree
19:     -> Evolving tree number 98157 {1}
00:     -> Evolving tree number 98224 {1}
15:         Output tree data at t=13.80 Gyr (output 1 of 1)
15:     <- Finished tree
15:     Progress: 1822 trees processed; elapsed 13.37 h
15:     -> Evolving tree number 98065 {1}
02:         Output tree data at t=13.80 Gyr (output 1 of 1)
02:     <- Finished tree
02:     -> Evolving tree number 98078 {1}
16:         Output tree data at t=13.80 Gyr (output 1 of 1)
16:     <- Finished tree
16:     Progress: 1824 trees processed; elapsed 13.39 h
24:         Output tree data at t=13.80 Gyr (output 1 of 1)
24:     <- Finished tree
16:     -> Evolving tree number 98064 {1}
24:     -> Evolving tree number 98056 {1}
36:         Output tree data at t=13.80 Gyr (output 1 of 1)
36:     <- Finished tree
36:     -> Evolving tree number 98092 {1}
42:         Output tree data at t=13.80 Gyr (output 1 of 1)
42:     <- Finished tree
42:     -> Evolving tree number 98182 {1}
29:         Output tree data at t=13.80 Gyr (output 1 of 1)
29:     <- Finished tree
29:     -> Evolving tree number 98051 {1}
47:         Output tree data at t=13.80 Gyr (output 1 of 1)
47:     <- Finished tree
47:     Progress: 1829 trees processed; elapsed 13.41 h
09:         Output tree data at t=13.80 Gyr (output 1 of 1)
09:     <- Finished tree
47:     -> Evolving tree number 98081 {1}
09:     -> Evolving tree number 98215 {1}
13:         Output tree data at t=13.80 Gyr (output 1 of 1)
13:     <- Finished tree
21:         Output tree data at t=13.80 Gyr (output 1 of 1)
21:     <- Finished tree
13:     -> Evolving tree number 98163 {1}
21:     -> Evolving tree number 98203 {1}
26:         Output tree data at t=13.80 Gyr (output 1 of 1)
26:     <- Finished tree
26:     -> Evolving tree number 98006 {1}
18:         Output tree data at t=13.80 Gyr (output 1 of 1)
18:     <- Finished tree
18:     Progress: 1834 trees processed; elapsed 13.43 h
18:     -> Evolving tree number 98158 {1}
10:         Output tree data at t=13.80 Gyr (output 1 of 1)
10:     <- Finished tree
35:         Output tree data at t=13.80 Gyr (output 1 of 1)
35:     <- Finished tree
41:         Output tree data at t=13.80 Gyr (output 1 of 1)
41:     <- Finished tree
10:     -> Evolving tree number 98118 {1}
35:     -> Evolving tree number 98141 {1}
41:     -> Evolving tree number 98183 {1}
31:         Output tree data at t=13.80 Gyr (output 1 of 1)
31:     <- Finished tree
31:     -> Evolving tree number 98193 {1}
23:         Output tree data at t=13.80 Gyr (output 1 of 1)
23:     <- Finished tree
23:     Progress: 1839 trees processed; elapsed 13.48 h
23:     -> Evolving tree number 98105 {1}
30:         Output tree data at t=13.80 Gyr (output 1 of 1)
30:     <- Finished tree
30:     Progress: 1840 trees processed; elapsed 13.51 h
30:     -> Evolving tree number 98050 {1}
34:         Output tree data at t=13.80 Gyr (output 1 of 1)
34:     <- Finished tree
34:     -> Evolving tree number 98094 {1}
05:         Output tree data at t=13.80 Gyr (output 1 of 1)
05:     <- Finished tree
05:     -> Evolving tree number 98027 {1}
27:         Output tree data at t=13.80 Gyr (output 1 of 1)
27:     <- Finished tree
27:     Progress: 1843 trees processed; elapsed 13.54 h
32:         Output tree data at t=13.80 Gyr (output 1 of 1)
32:     <- Finished tree
27:     -> Evolving tree number 98053 {1}
32:     -> Evolving tree number 98096 {1}
01:         Output tree data at t=13.80 Gyr (output 1 of 1)
01:     <- Finished tree
01:     -> Evolving tree number 98223 {1}
22:         Output tree data at t=13.80 Gyr (output 1 of 1)
22:     <- Finished tree
22:     -> Evolving tree number 98106 {1}
37:         Output tree data at t=13.80 Gyr (output 1 of 1)
37:     <- Finished tree
37:     -> Evolving tree number 97995 {1}
08:         Output tree data at t=13.80 Gyr (output 1 of 1)
08:     <- Finished tree
08:     Progress: 1848 trees processed; elapsed 13.56 h
08:     -> Evolving tree number 98072 {1}
25:         Output tree data at t=13.80 Gyr (output 1 of 1)
25:     <- Finished tree
25:     -> Evolving tree number 98199 {1}
06:         Output tree data at t=13.80 Gyr (output 1 of 1)
06:     <- Finished tree
06:     Progress: 1850 trees processed; elapsed 13.58 h
06:     -> Evolving tree number 98170 {1}
03:         Output tree data at t=13.80 Gyr (output 1 of 1)
03:     <- Finished tree
03:     -> Evolving tree number 98077 {1}
28:         Output tree data at t=13.80 Gyr (output 1 of 1)
28:     <- Finished tree
28:     Progress: 1852 trees processed; elapsed 13.59 h
28:     -> Evolving tree number 98100 {1}
11:         Output tree data at t=13.80 Gyr (output 1 of 1)
11:     <- Finished tree
11:     -> Evolving tree number 98165 {1}
33:         Output tree data at t=13.80 Gyr (output 1 of 1)
33:     <- Finished tree
33:     -> Evolving tree number 98095 {1}
43:         Output tree data at t=13.80 Gyr (output 1 of 1)
43:     <- Finished tree
09:         Output tree data at t=13.80 Gyr (output 1 of 1)
09:     <- Finished tree
43:     -> Evolving tree number 98037 {1}
09:     -> Evolving tree number 98167 {1}
19:         Output tree data at t=13.80 Gyr (output 1 of 1)
19:     <- Finished tree
19:     Progress: 1857 trees processed; elapsed 13.61 h
19:     -> Evolving tree number 98109 {1}
04:         Output tree data at t=13.80 Gyr (output 1 of 1)
04:     <- Finished tree
04:     Progress: 1858 trees processed; elapsed 13.63 h
04:     -> Evolving tree number 98124 {1}
14:         Output tree data at t=13.80 Gyr (output 1 of 1)
14:     <- Finished tree
14:     -> Evolving tree number 98018 {1}
46:         Output tree data at t=13.80 Gyr (output 1 of 1)
46:     <- Finished tree
16:         Output tree data at t=13.80 Gyr (output 1 of 1)
16:     <- Finished tree
46:     -> Evolving tree number 98082 {1}
24:         Output tree data at t=13.80 Gyr (output 1 of 1)
24:     <- Finished tree
24:     Progress: 1862 trees processed; elapsed 13.65 h
16:     -> Evolving tree number 98016 {1}
24:     -> Evolving tree number 98008 {1}
44:         Output tree data at t=13.80 Gyr (output 1 of 1)
44:     <- Finished tree
44:     -> Evolving tree number 98036 {1}
02:         Output tree data at t=13.80 Gyr (output 1 of 1)
02:     <- Finished tree
45:         Output tree data at t=13.80 Gyr (output 1 of 1)
45:     <- Finished tree
02:     -> Evolving tree number 98030 {1}
45:     -> Evolving tree number 98179 {1}
39:         Output tree data at t=13.80 Gyr (output 1 of 1)
39:     <- Finished tree
07:         Output tree data at t=13.80 Gyr (output 1 of 1)
07:     <- Finished tree
39:     -> Evolving tree number 98089 {1}
07:     -> Evolving tree number 98121 {1}
12:         Output tree data at t=13.80 Gyr (output 1 of 1)
12:     <- Finished tree
12:     Progress: 1868 trees processed; elapsed 13.69 h
12:     -> Evolving tree number 98164 {1}
21:         Output tree data at t=13.80 Gyr (output 1 of 1)
21:     <- Finished tree
21:     Progress: 1869 trees processed; elapsed 13.72 h
21:     -> Evolving tree number 98155 {1}
17:         Output tree data at t=13.80 Gyr (output 1 of 1)
17:     <- Finished tree
26:         Output tree data at t=13.80 Gyr (output 1 of 1)
26:     <- Finished tree
17:     -> Evolving tree number 98159 {1}
41:         Output tree data at t=13.80 Gyr (output 1 of 1)
41:     <- Finished tree
26:     -> Evolving tree number 97958 {1}
41:     -> Evolving tree number 98135 {1}
20:         Output tree data at t=13.80 Gyr (output 1 of 1)
20:     <- Finished tree
20:     Progress: 1873 trees processed; elapsed 13.74 h
35:         Output tree data at t=13.80 Gyr (output 1 of 1)
35:     <- Finished tree
20:     -> Evolving tree number 98012 {1}
15:         Output tree data at t=13.80 Gyr (output 1 of 1)
15:     <- Finished tree
35:     -> Evolving tree number 98093 {1}
15:     -> Evolving tree number 98017 {1}
47:         Output tree data at t=13.80 Gyr (output 1 of 1)
47:     <- Finished tree
47:     Progress: 1876 trees processed; elapsed 13.77 h
47:     -> Evolving tree number 98033 {1}
38:         Output tree data at t=13.80 Gyr (output 1 of 1)
38:     <- Finished tree
18:         Output tree data at t=13.80 Gyr (output 1 of 1)
18:     <- Finished tree
38:     -> Evolving tree number 98090 {1}
18:     -> Evolving tree number 98110 {1}
10:         Output tree data at t=13.80 Gyr (output 1 of 1)
10:     <- Finished tree
10:     -> Evolving tree number 98070 {1}
40:         Output tree data at t=13.80 Gyr (output 1 of 1)
40:     <- Finished tree
40:     -> Evolving tree number 98088 {1}
29:         Output tree data at t=13.80 Gyr (output 1 of 1)
29:     <- Finished tree
29:     Progress: 1881 trees processed; elapsed 13.79 h
29:     -> Evolving tree number 98003 {1}
27:         Output tree data at t=13.80 Gyr (output 1 of 1)
27:     <- Finished tree
27:     -> Evolving tree number 98005 {1}
42:         Output tree data at t=13.80 Gyr (output 1 of 1)
42:     <- Finished tree
42:     -> Evolving tree number 98134 {1}
37:         Output tree data at t=13.80 Gyr (output 1 of 1)
37:     <- Finished tree
37:     -> Evolving tree number 97947 {1}
13:         Output tree data at t=13.80 Gyr (output 1 of 1)
13:     <- Finished tree
13:     Progress: 1885 trees processed; elapsed 13.81 h
13:     -> Evolving tree number 98115 {1}
43:         Output tree data at t=13.80 Gyr (output 1 of 1)
43:     <- Finished tree
43:     Progress: 1886 trees processed; elapsed 13.84 h
32:         Output tree data at t=13.80 Gyr (output 1 of 1)
32:     <- Finished tree
43:     -> Evolving tree number 97989 {1}
32:     -> Evolving tree number 98048 {1}
31:         Output tree data at t=13.80 Gyr (output 1 of 1)
31:     <- Finished tree
36:         Output tree data at t=13.80 Gyr (output 1 of 1)
03:         Output tree data at t=13.80 Gyr (output 1 of 1)
36:     <- Finished tree
03:     <- Finished tree
31:     -> Evolving tree number 98145 {1}
03:     -> Evolving tree number 98029 {1}
36:     -> Evolving tree number 98044 {1}
30:         Output tree data at t=13.80 Gyr (output 1 of 1)
30:     <- Finished tree
30:     -> Evolving tree number 98002 {1}
23:         Output tree data at t=13.80 Gyr (output 1 of 1)
23:     <- Finished tree
01:         Output tree data at t=13.80 Gyr (output 1 of 1)
01:     <- Finished tree
23:     -> Evolving tree number 98057 {1}
01:     -> Evolving tree number 98175 {1}
33:         Output tree data at t=13.80 Gyr (output 1 of 1)
33:     <- Finished tree
33:     Progress: 1894 trees processed; elapsed 13.86 h
33:     -> Evolving tree number 98047 {1}
00:         Output tree data at t=13.80 Gyr (output 1 of 1)
00:     <- Finished tree
00:     -> Evolving tree number 98176 {1}
28:         Output tree data at t=13.80 Gyr (output 1 of 1)
28:     <- Finished tree
28:     -> Evolving tree number 98052 {1}
08:         Output tree data at t=13.80 Gyr (output 1 of 1)
08:     <- Finished tree
08:     Progress: 1897 trees processed; elapsed 13.89 h
08:     -> Evolving tree number 98024 {1}
19:         Output tree data at t=13.80 Gyr (output 1 of 1)
19:     <- Finished tree
19:     Progress: 1898 trees processed; elapsed 13.92 h
25:         Output tree data at t=13.80 Gyr (output 1 of 1)
25:     <- Finished tree
19:     -> Evolving tree number 98061 {1}
25:     -> Evolving tree number 98151 {1}
34:         Output tree data at t=13.80 Gyr (output 1 of 1)
34:     <- Finished tree
34:     Progress: 1900 trees processed; elapsed 13.94 h
34:     -> Evolving tree number 98046 {1}
06:         Output tree data at t=13.80 Gyr (output 1 of 1)
06:     <- Finished tree
06:     -> Evolving tree number 98122 {1}
09:         Output tree data at t=13.80 Gyr (output 1 of 1)
09:     <- Finished tree
44:         Output tree data at t=13.80 Gyr (output 1 of 1)
44:     <- Finished tree
44:     Progress: 1903 trees processed; elapsed 13.95 h
09:     -> Evolving tree number 98119 {1}
44:     -> Evolving tree number 97988 {1}
41:         Output tree data at t=13.80 Gyr (output 1 of 1)
41:     <- Finished tree
21:         Output tree data at t=13.80 Gyr (output 1 of 1)
21:     <- Finished tree
41:     -> Evolving tree number 98087 {1}
21:     -> Evolving tree number 98107 {1}
46:         Output tree data at t=13.80 Gyr (output 1 of 1)
46:     <- Finished tree
46:     -> Evolving tree number 98034 {1}
39:         Output tree data at t=13.80 Gyr (output 1 of 1)
39:     <- Finished tree
39:     Progress: 1907 trees processed; elapsed 13.97 h
39:     -> Evolving tree number 98041 {1}
22:         Output tree data at t=13.80 Gyr (output 1 of 1)
22:     <- Finished tree
22:     -> Evolving tree number 98058 {1}
07:         Output tree data at t=13.80 Gyr (output 1 of 1)
07:     <- Finished tree
07:     -> Evolving tree number 98073 {1}
17:         Output tree data at t=13.80 Gyr (output 1 of 1)
17:     <- Finished tree
17:     -> Evolving tree number 98111 {1}
26:         Output tree data at t=13.80 Gyr (output 1 of 1)
26:     <- Finished tree
26:     Progress: 1911 trees processed; elapsed 13.99 h
26:     -> Evolving tree number 97910 {1}
05:         Output tree data at t=13.80 Gyr (output 1 of 1)
05:     <- Finished tree
05:     -> Evolving tree number 97979 {1}
18:         Output tree data at t=13.80 Gyr (output 1 of 1)
18:     <- Finished tree
45:         Output tree data at t=13.80 Gyr (output 1 of 1)
45:     <- Finished tree
18:     -> Evolving tree number 98062 {1}
45:     -> Evolving tree number 98131 {1}
15:         Output tree data at t=13.80 Gyr (output 1 of 1)
15:     <- Finished tree
15:     Progress: 1915 trees processed; elapsed 14.01 h
11:         Output tree data at t=13.80 Gyr (output 1 of 1)
11:     <- Finished tree
15:     -> Evolving tree number 97969 {1}
11:     -> Evolving tree number 98117 {1}
04:         Output tree data at t=13.80 Gyr (output 1 of 1)
04:     <- Finished tree
04:     -> Evolving tree number 98076 {1}
12:         Output tree data at t=13.80 Gyr (output 1 of 1)
12:     <- Finished tree
12:     Progress: 1918 trees processed; elapsed 14.03 h
12:     -> Evolving tree number 98116 {1}
38:         Output tree data at t=13.80 Gyr (output 1 of 1)
38:     <- Finished tree
38:     -> Evolving tree number 98042 {1}
24:         Output tree data at t=13.80 Gyr (output 1 of 1)
24:     <- Finished tree
24:     Progress: 1920 trees processed; elapsed 14.07 h
23:         Output tree data at t=13.80 Gyr (output 1 of 1)
23:     <- Finished tree
24:     -> Evolving tree number 97960 {1}
23:     -> Evolving tree number 98009 {1}
13:         Output tree data at t=13.80 Gyr (output 1 of 1)
13:     <- Finished tree
35:         Output tree data at t=13.80 Gyr (output 1 of 1)
35:     <- Finished tree
35:     -> Evolving tree number 98045 {1}
13:     -> Evolving tree number 98067 {1}
47:         Output tree data at t=13.80 Gyr (output 1 of 1)
47:     <- Finished tree
47:     -> Evolving tree number 97985 {1}
16:         Output tree data at t=13.80 Gyr (output 1 of 1)
16:     <- Finished tree
16:     Progress: 1925 trees processed; elapsed 14.08 h
16:     -> Evolving tree number 97968 {1}
10:         Output tree data at t=13.80 Gyr (output 1 of 1)
10:     <- Finished tree
10:     -> Evolving tree number 98022 {1}
29:         Output tree data at t=13.80 Gyr (output 1 of 1)
29:     <- Finished tree
29:     Progress: 1927 trees processed; elapsed 14.13 h
32:         Output tree data at t=13.80 Gyr (output 1 of 1)
32:     <- Finished tree
29:     -> Evolving tree number 97955 {1}
25:         Output tree data at t=13.80 Gyr (output 1 of 1)
25:     <- Finished tree
30:         Output tree data at t=13.80 Gyr (output 1 of 1)
30:     <- Finished tree
00:         Output tree data at t=13.80 Gyr (output 1 of 1)
00:     <- Finished tree
32:     -> Evolving tree number 98000 {1}
25:     -> Evolving tree number 98103 {1}
30:     -> Evolving tree number 97954 {1}
00:     -> Evolving tree number 98128 {1}
31:         Output tree data at t=13.80 Gyr (output 1 of 1)
31:     <- Finished tree
02:         Output tree data at t=13.80 Gyr (output 1 of 1)
02:     <- Finished tree
31:     -> Evolving tree number 98097 {1}
02:     -> Evolving tree number 97982 {1}
40:         Output tree data at t=13.80 Gyr (output 1 of 1)
40:     <- Finished tree
40:     Progress: 1934 trees processed; elapsed 14.15 h
40:     -> Evolving tree number 98040 {1}
03:         Output tree data at t=13.80 Gyr (output 1 of 1)
03:     <- Finished tree
03:     -> Evolving tree number 97981 {1}
20:         Output tree data at t=13.80 Gyr (output 1 of 1)
20:     <- Finished tree
20:     Progress: 1936 trees processed; elapsed 14.16 h
20:     -> Evolving tree number 97964 {1}
27:         Output tree data at t=13.80 Gyr (output 1 of 1)
27:     <- Finished tree
27:     -> Evolving tree number 97957 {1}
14:         Output tree data at t=13.80 Gyr (output 1 of 1)
14:     <- Finished tree
14:     Progress: 1938 trees processed; elapsed 14.19 h
14:     -> Evolving tree number 97970 {1}
34:         Output tree data at t=13.80 Gyr (output 1 of 1)
34:     <- Finished tree
34:     -> Evolving tree number 97998 {1}
43:         Output tree data at t=13.80 Gyr (output 1 of 1)
43:     <- Finished tree
43:     Progress: 1940 trees processed; elapsed 14.21 h
43:     -> Evolving tree number 97941 {1}
37:         Output tree data at t=13.80 Gyr (output 1 of 1)
37:     <- Finished tree
37:     -> Evolving tree number 97899 {1}
33:         Output tree data at t=13.80 Gyr (output 1 of 1)
33:     <- Finished tree
33:     Progress: 1942 trees processed; elapsed 14.22 h
09:         Output tree data at t=13.80 Gyr (output 1 of 1)
09:     <- Finished tree
33:     -> Evolving tree number 97999 {1}
09:     -> Evolving tree number 98071 {1}
01:         Output tree data at t=13.80 Gyr (output 1 of 1)
01:     <- Finished tree
01:     -> Evolving tree number 98127 {1}
41:         Output tree data at t=13.80 Gyr (output 1 of 1)
41:     <- Finished tree
28:         Output tree data at t=13.80 Gyr (output 1 of 1)
28:     <- Finished tree
28:     -> Evolving tree number 98004 {1}
41:     -> Evolving tree number 98039 {1}
06:         Output tree data at t=13.80 Gyr (output 1 of 1)
06:     <- Finished tree
06:     Progress: 1947 trees processed; elapsed 14.25 h
19:         Output tree data at t=13.80 Gyr (output 1 of 1)
19:     <- Finished tree
15:         Output tree data at t=13.80 Gyr (output 1 of 1)
15:     <- Finished tree
19:     -> Evolving tree number 98013 {1}
06:     -> Evolving tree number 98074 {1}
15:     -> Evolving tree number 97921 {1}
36:         Output tree data at t=13.80 Gyr (output 1 of 1)
36:     <- Finished tree
45:         Output tree data at t=13.80 Gyr (output 1 of 1)
45:     <- Finished tree
42:         Output tree data at t=13.80 Gyr (output 1 of 1)
42:     <- Finished tree
36:     -> Evolving tree number 97996 {1}
22:         Output tree data at t=13.80 Gyr (output 1 of 1)
22:     <- Finished tree
42:     -> Evolving tree number 98086 {1}
45:     -> Evolving tree number 98083 {1}
08:         Output tree data at t=13.80 Gyr (output 1 of 1)
08:     <- Finished tree
22:     -> Evolving tree number 98010 {1}
08:     -> Evolving tree number 97976 {1}
11:         Output tree data at t=13.80 Gyr (output 1 of 1)
11:     <- Finished tree
11:     Progress: 1955 trees processed; elapsed 14.28 h
11:     -> Evolving tree number 98069 {1}
18:         Output tree data at t=13.80 Gyr (output 1 of 1)
18:     <- Finished tree
18:     -> Evolving tree number 98014 {1}
17:         Output tree data at t=13.80 Gyr (output 1 of 1)
17:     <- Finished tree
17:     Progress: 1957 trees processed; elapsed 14.30 h
17:     -> Evolving tree number 98063 {1}
26:         Output tree data at t=13.80 Gyr (output 1 of 1)
26:     <- Finished tree
26:     Progress: 1958 trees processed; elapsed 14.32 h
26:     -> Evolving tree number 97862 {1}
04:         Output tree data at t=13.80 Gyr (output 1 of 1)
04:     <- Finished tree
39:         Output tree data at t=13.80 Gyr (output 1 of 1)
39:     <- Finished tree
04:     -> Evolving tree number 98028 {1}
39:     -> Evolving tree number 97993 {1}
24:         Output tree data at t=13.80 Gyr (output 1 of 1)
24:     <- Finished tree
24:     Progress: 1961 trees processed; elapsed 14.34 h
24:     -> Evolving tree number 97912 {1}
35:         Output tree data at t=13.80 Gyr (output 1 of 1)
35:     <- Finished tree
38:         Output tree data at t=13.80 Gyr (output 1 of 1)
38:     <- Finished tree
35:     -> Evolving tree number 97997 {1}
21:         Output tree data at t=13.80 Gyr (output 1 of 1)
21:     <- Finished tree
38:     -> Evolving tree number 97994 {1}
21:     -> Evolving tree number 98059 {1}
16:         Output tree data at t=13.80 Gyr (output 1 of 1)
16:     <- Finished tree
16:     Progress: 1965 trees processed; elapsed 14.37 h
16:     -> Evolving tree number 97920 {1}
13:         Output tree data at t=13.80 Gyr (output 1 of 1)
13:     <- Finished tree
13:     -> Evolving tree number 98019 {1}
07:         Output tree data at t=13.80 Gyr (output 1 of 1)
07:     <- Finished tree
07:     -> Evolving tree number 98025 {1}
29:         Output tree data at t=13.80 Gyr (output 1 of 1)
29:     <- Finished tree
29:     Progress: 1968 trees processed; elapsed 14.40 h
29:     -> Evolving tree number 97907 {1}
46:         Output tree data at t=13.80 Gyr (output 1 of 1)
46:     <- Finished tree
46:     -> Evolving tree number 97986 {1}
20:         Output tree data at t=13.80 Gyr (output 1 of 1)
20:     <- Finished tree
20:     Progress: 1970 trees processed; elapsed 14.45 h
20:     -> Evolving tree number 97916 {1}
47:         Output tree data at t=13.80 Gyr (output 1 of 1)
47:     <- Finished tree
47:     -> Evolving tree number 97937 {1}
31:         Output tree data at t=13.80 Gyr (output 1 of 1)
31:     <- Finished tree
31:     -> Evolving tree number 98049 {1}
30:         Output tree data at t=13.80 Gyr (output 1 of 1)
30:     <- Finished tree
30:     Progress: 1973 trees processed; elapsed 14.46 h
30:     -> Evolving tree number 97906 {1}
18:         Output tree data at t=13.80 Gyr (output 1 of 1)
18:     <- Finished tree
18:     -> Evolving tree number 97966 {1}
25:         Output tree data at t=13.80 Gyr (output 1 of 1)
25:     <- Finished tree
25:     Progress: 1975 trees processed; elapsed 14.48 h
25:     -> Evolving tree number 98055 {1}
40:         Output tree data at t=13.80 Gyr (output 1 of 1)
40:     <- Finished tree
40:     -> Evolving tree number 97992 {1}
10:         Output tree data at t=13.80 Gyr (output 1 of 1)
10:     <- Finished tree
05:         Output tree data at t=13.80 Gyr (output 1 of 1)
05:     <- Finished tree
10:     -> Evolving tree number 97974 {1}
05:     -> Evolving tree number 97931 {1}
23:         Output tree data at t=13.80 Gyr (output 1 of 1)
23:     <- Finished tree
23:     -> Evolving tree number 97961 {1}
14:         Output tree data at t=13.80 Gyr (output 1 of 1)
14:     <- Finished tree
14:     Progress: 1980 trees processed; elapsed 14.50 h
14:     -> Evolving tree number 97922 {1}
22:         Output tree data at t=13.80 Gyr (output 1 of 1)
22:     <- Finished tree
44:         Output tree data at t=13.80 Gyr (output 1 of 1)
44:     <- Finished tree
22:     -> Evolving tree number 97962 {1}
44:     -> Evolving tree number 97940 {1}
15:         Output tree data at t=13.80 Gyr (output 1 of 1)
15:     <- Finished tree
15:     Progress: 1983 trees processed; elapsed 14.53 h
15:     -> Evolving tree number 97873 {1}
06:         Output tree data at t=13.80 Gyr (output 1 of 1)
06:     <- Finished tree
06:     -> Evolving tree number 98026 {1}
02:         Output tree data at t=13.80 Gyr (output 1 of 1)
02:     <- Finished tree
02:     -> Evolving tree number 97934 {1}
32:         Output tree data at t=13.80 Gyr (output 1 of 1)
32:     <- Finished tree
32:     -> Evolving tree number 97952 {1}
42:         Output tree data at t=13.80 Gyr (output 1 of 1)
42:     <- Finished tree
42:     Progress: 1987 trees processed; elapsed 14.55 h
42:     -> Evolving tree number 98038 {1}
27:         Output tree data at t=13.80 Gyr (output 1 of 1)
27:     <- Finished tree
27:     -> Evolving tree number 97909 {1}
09:         Output tree data at t=13.80 Gyr (output 1 of 1)
09:     <- Finished tree
43:         Output tree data at t=13.80 Gyr (output 1 of 1)
43:     <- Finished tree
41:         Output tree data at t=13.80 Gyr (output 1 of 1)
41:     <- Finished tree
41:     Progress: 1991 trees processed; elapsed 14.57 h
09:     -> Evolving tree number 98023 {1}
43:     -> Evolving tree number 97893 {1}
41:     -> Evolving tree number 97991 {1}
33:         Output tree data at t=13.80 Gyr (output 1 of 1)
33:     <- Finished tree
01:         Output tree data at t=13.80 Gyr (output 1 of 1)
01:     <- Finished tree
33:     -> Evolving tree number 97951 {1}
01:     -> Evolving tree number 98079 {1}
34:         Output tree data at t=13.80 Gyr (output 1 of 1)
34:     <- Finished tree
34:     Progress: 1994 trees processed; elapsed 14.60 h
34:     -> Evolving tree number 97950 {1}
24:         Output tree data at t=13.80 Gyr (output 1 of 1)
24:     <- Finished tree
24:     -> Evolving tree number 97864 {1}
00:         Output tree data at t=13.80 Gyr (output 1 of 1)
00:     <- Finished tree
00:     -> Evolving tree number 98080 {1}
03:         Output tree data at t=13.80 Gyr (output 1 of 1)
03:     <- Finished tree
03:     -> Evolving tree number 97933 {1}
36:         Output tree data at t=13.80 Gyr (output 1 of 1)
36:     <- Finished tree
36:     Progress: 1998 trees processed; elapsed 14.62 h
04:         Output tree data at t=13.80 Gyr (output 1 of 1)
04:     <- Finished tree
36:     -> Evolving tree number 97948 {1}
04:     -> Evolving tree number 97980 {1}
12:         Output tree data at t=13.80 Gyr (output 1 of 1)
12:     <- Finished tree
07:         Output tree data at t=13.80 Gyr (output 1 of 1)
07:     <- Finished tree
12:     -> Evolving tree number 98068 {1}
07:     -> Evolving tree number 97977 {1}
45:         Output tree data at t=13.80 Gyr (output 1 of 1)
45:     <- Finished tree
45:     Progress: 2002 trees processed; elapsed 14.64 h
38:         Output tree data at t=13.80 Gyr (output 1 of 1)
38:     <- Finished tree
45:     -> Evolving tree number 98035 {1}
11:         Output tree data at t=13.80 Gyr (output 1 of 1)
11:     <- Finished tree
38:     -> Evolving tree number 97946 {1}
11:     -> Evolving tree number 98021 {1}
37:         Output tree data at t=13.80 Gyr (output 1 of 1)
37:     <- Finished tree
37:     Progress: 2005 trees processed; elapsed 14.66 h
37:     -> Evolving tree number 97851 {1}
19:         Output tree data at t=13.80 Gyr (output 1 of 1)
19:     <- Finished tree
19:     -> Evolving tree number 97965 {1}
39:         Output tree data at t=13.80 Gyr (output 1 of 1)
39:     <- Finished tree
39:     -> Evolving tree number 97945 {1}
17:         Output tree data at t=13.80 Gyr (output 1 of 1)
17:     <- Finished tree
17:     Progress: 2008 trees processed; elapsed 14.68 h
28:         Output tree data at t=13.80 Gyr (output 1 of 1)
28:     <- Finished tree
17:     -> Evolving tree number 98015 {1}
28:     -> Evolving tree number 97956 {1}
08:         Output tree data at t=13.80 Gyr (output 1 of 1)
08:     <- Finished tree
47:         Output tree data at t=13.80 Gyr (output 1 of 1)
47:     <- Finished tree
08:     -> Evolving tree number 97928 {1}
47:     -> Evolving tree number 97889 {1}
22:         Output tree data at t=13.80 Gyr (output 1 of 1)
22:     <- Finished tree
22:     Progress: 2012 trees processed; elapsed 14.70 h
25:         Output tree data at t=13.80 Gyr (output 1 of 1)
25:     <- Finished tree
25:     -> Evolving tree number 98007 {1}
22:     -> Evolving tree number 97914 {1}
35:         Output tree data at t=13.80 Gyr (output 1 of 1)
35:     <- Finished tree
35:     -> Evolving tree number 97949 {1}
26:         Output tree data at t=13.80 Gyr (output 1 of 1)
26:     <- Finished tree
26:     -> Evolving tree number 97814 {1}
21:         Output tree data at t=13.80 Gyr (output 1 of 1)
21:     <- Finished tree
21:     Progress: 2016 trees processed; elapsed 14.74 h
21:     -> Evolving tree number 98011 {1}
13:         Output tree data at t=13.80 Gyr (output 1 of 1)
13:     <- Finished tree
13:     Progress: 2017 trees processed; elapsed 14.76 h
13:     -> Evolving tree number 97971 {1}
16:         Output tree data at t=13.80 Gyr (output 1 of 1)
16:     <- Finished tree
16:     -> Evolving tree number 97872 {1}
31:         Output tree data at t=13.80 Gyr (output 1 of 1)
31:     <- Finished tree
31:     -> Evolving tree number 98001 {1}
18:         Output tree data at t=13.80 Gyr (output 1 of 1)
18:     <- Finished tree
18:     Progress: 2020 trees processed; elapsed 14.79 h
18:     -> Evolving tree number 97918 {1}
46:         Output tree data at t=13.80 Gyr (output 1 of 1)
46:     <- Finished tree
20:         Output tree data at t=13.80 Gyr (output 1 of 1)
20:     <- Finished tree
46:     -> Evolving tree number 97938 {1}
20:     -> Evolving tree number 97868 {1}
15:         Output tree data at t=13.80 Gyr (output 1 of 1)
15:     <- Finished tree
32:         Output tree data at t=13.80 Gyr (output 1 of 1)
32:     <- Finished tree
32:     Progress: 2024 trees processed; elapsed 14.81 h
15:     -> Evolving tree number 97825 {1}
32:     -> Evolving tree number 97904 {1}
10:         Output tree data at t=13.80 Gyr (output 1 of 1)
10:     <- Finished tree
10:     -> Evolving tree number 97926 {1}
42:         Output tree data at t=13.80 Gyr (output 1 of 1)
42:     <- Finished tree
42:     -> Evolving tree number 97990 {1}
40:         Output tree data at t=13.80 Gyr (output 1 of 1)
40:     <- Finished tree
40:     Progress: 2027 trees processed; elapsed 14.83 h
41:         Output tree data at t=13.80 Gyr (output 1 of 1)
41:     <- Finished tree
40:     -> Evolving tree number 97944 {1}
41:     -> Evolving tree number 97943 {1}
01:         Output tree data at t=13.80 Gyr (output 1 of 1)
01:     <- Finished tree
01:     -> Evolving tree number 98031 {1}
02:         Output tree data at t=13.80 Gyr (output 1 of 1)
02:     <- Finished tree
02:     Progress: 2030 trees processed; elapsed 14.85 h
23:         Output tree data at t=13.80 Gyr (output 1 of 1)
23:     <- Finished tree
02:     -> Evolving tree number 97886 {1}
23:     -> Evolving tree number 97913 {1}
44:         Output tree data at t=13.80 Gyr (output 1 of 1)
44:     <- Finished tree
44:     -> Evolving tree number 97892 {1}
30:         Output tree data at t=13.80 Gyr (output 1 of 1)
30:     <- Finished tree
30:     -> Evolving tree number 97858 {1}
07:         Output tree data at t=13.80 Gyr (output 1 of 1)
07:     <- Finished tree
07:     Progress: 2034 trees processed; elapsed 14.87 h
07:     -> Evolving tree number 97929 {1}
27:         Output tree data at t=13.80 Gyr (output 1 of 1)
27:     <- Finished tree
27:     -> Evolving tree number 97861 {1}
09:         Output tree data at t=13.80 Gyr (output 1 of 1)
09:     <- Finished tree
09:     -> Evolving tree number 97975 {1}
03:         Output tree data at t=13.80 Gyr (output 1 of 1)
03:     <- Finished tree
03:     Progress: 2037 trees processed; elapsed 14.90 h
03:     -> Evolving tree number 97885 {1}
24:         Output tree data at t=13.80 Gyr (output 1 of 1)
24:     <- Finished tree
24:     -> Evolving tree number 97816 {1}
35:         Output tree data at t=13.80 Gyr (output 1 of 1)
35:     <- Finished tree
35:     Progress: 2039 trees processed; elapsed 14.91 h
35:     -> Evolving tree number 97901 {1}
05:         Output tree data at t=13.80 Gyr (output 1 of 1)
05:     <- Finished tree
05:     -> Evolving tree number 97883 {1}
00:         Output tree data at t=13.80 Gyr (output 1 of 1)
00:     <- Finished tree
00:     Progress: 2041 trees processed; elapsed 14.94 h
38:         Output tree data at t=13.80 Gyr (output 1 of 1)
38:     <- Finished tree
47:         Output tree data at t=13.80 Gyr (output 1 of 1)
47:     <- Finished tree
00:     -> Evolving tree number 98032 {1}
38:     -> Evolving tree number 97898 {1}
47:     -> Evolving tree number 97841 {1}
12:         Output tree data at t=13.80 Gyr (output 1 of 1)
12:     <- Finished tree
12:     -> Evolving tree number 98020 {1}
28:         Output tree data at t=13.80 Gyr (output 1 of 1)
28:     <- Finished tree
28:     -> Evolving tree number 97908 {1}
14:         Output tree data at t=13.80 Gyr (output 1 of 1)
14:     <- Finished tree
14:     Progress: 2046 trees processed; elapsed 14.97 h
43:         Output tree data at t=13.80 Gyr (output 1 of 1)
43:     <- Finished tree
14:     -> Evolving tree number 97874 {1}
43:     -> Evolving tree number 97845 {1}
36:         Output tree data at t=13.80 Gyr (output 1 of 1)
36:     <- Finished tree
39:         Output tree data at t=13.80 Gyr (output 1 of 1)
39:     <- Finished tree
36:     -> Evolving tree number 97900 {1}
39:     -> Evolving tree number 97897 {1}
16:         Output tree data at t=13.80 Gyr (output 1 of 1)
16:     <- Finished tree
16:     -> Evolving tree number 97824 {1}
29:         Output tree data at t=13.80 Gyr (output 1 of 1)
29:     <- Finished tree
29:     Progress: 2051 trees processed; elapsed 15.00 h
34:         Output tree data at t=13.80 Gyr (output 1 of 1)
34:     <- Finished tree
34:     -> Evolving tree number 97902 {1}
29:     -> Evolving tree number 97859 {1}
06:         Output tree data at t=13.80 Gyr (output 1 of 1)
06:     <- Finished tree
06:     -> Evolving tree number 97978 {1}
20:         Output tree data at t=13.80 Gyr (output 1 of 1)
20:     <- Finished tree
20:     -> Evolving tree number 97820 {1}
13:         Output tree data at t=13.80 Gyr (output 1 of 1)
13:     <- Finished tree
13:     -> Evolving tree number 97923 {1}
19:         Output tree data at t=13.80 Gyr (output 1 of 1)
19:     <- Finished tree
19:     Progress: 2056 trees processed; elapsed 15.02 h
19:     -> Evolving tree number 97917 {1}
37:         Output tree data at t=13.80 Gyr (output 1 of 1)
37:     <- Finished tree
22:         Output tree data at t=13.80 Gyr (output 1 of 1)
22:     <- Finished tree
33:         Output tree data at t=13.80 Gyr (output 1 of 1)
33:     <- Finished tree
37:     -> Evolving tree number 97803 {1}
22:     -> Evolving tree number 97866 {1}
33:     -> Evolving tree number 97903 {1}
04:         Output tree data at t=13.80 Gyr (output 1 of 1)
04:     <- Finished tree
04:     -> Evolving tree number 97932 {1}
45:         Output tree data at t=13.80 Gyr (output 1 of 1)
45:     <- Finished tree
45:     Progress: 2061 trees processed; elapsed 15.04 h
11:         Output tree data at t=13.80 Gyr (output 1 of 1)
11:     <- Finished tree
45:     -> Evolving tree number 97987 {1}
11:     -> Evolving tree number 97973 {1}
46:         Output tree data at t=13.80 Gyr (output 1 of 1)
46:     <- Finished tree
46:     -> Evolving tree number 97890 {1}
30:         Output tree data at t=13.80 Gyr (output 1 of 1)
30:     <- Finished tree
30:     Progress: 2064 trees processed; elapsed 15.06 h
30:     -> Evolving tree number 97810 {1}
26:         Output tree data at t=13.80 Gyr (output 1 of 1)
26:     <- Finished tree
26:     Progress: 2065 trees processed; elapsed 15.07 h
26:     -> Evolving tree number 97766 {1}
25:         Output tree data at t=13.80 Gyr (output 1 of 1)
25:     <- Finished tree
25:     -> Evolving tree number 97959 {1}
01:         Output tree data at t=13.80 Gyr (output 1 of 1)
01:     <- Finished tree
01:     -> Evolving tree number 97983 {1}
41:         Output tree data at t=13.80 Gyr (output 1 of 1)
41:     <- Finished tree
41:     Progress: 2068 trees processed; elapsed 15.12 h
41:     -> Evolving tree number 97895 {1}
17:         Output tree data at t=13.80 Gyr (output 1 of 1)
17:     <- Finished tree
17:     -> Evolving tree number 97967 {1}
47:         Output tree data at t=13.80 Gyr (output 1 of 1)
47:     <- Finished tree
47:     Progress: 2070 trees processed; elapsed 15.15 h
47:     -> Evolving tree number 97793 {1}
03:         Output tree data at t=13.80 Gyr (output 1 of 1)
03:     <- Finished tree
03:     -> Evolving tree number 97837 {1}
21:         Output tree data at t=13.80 Gyr (output 1 of 1)
21:     <- Finished tree
21:     -> Evolving tree number 97963 {1}
31:         Output tree data at t=13.80 Gyr (output 1 of 1)
31:     <- Finished tree
31:     Progress: 2073 trees processed; elapsed 15.17 h
15:         Output tree data at t=13.80 Gyr (output 1 of 1)
15:     <- Finished tree
31:     -> Evolving tree number 97953 {1}
15:     -> Evolving tree number 97777 {1}
32:         Output tree data at t=13.80 Gyr (output 1 of 1)
32:     <- Finished tree
32:     -> Evolving tree number 97856 {1}
02:         Output tree data at t=13.80 Gyr (output 1 of 1)
02:     <- Finished tree
02:     -> Evolving tree number 97838 {1}
18:         Output tree data at t=13.80 Gyr (output 1 of 1)
18:     <- Finished tree
18:     -> Evolving tree number 97870 {1}
08:         Output tree data at t=13.80 Gyr (output 1 of 1)
08:     <- Finished tree
08:     Progress: 2078 trees processed; elapsed 15.19 h
08:     -> Evolving tree number 97880 {1}
07:         Output tree data at t=13.80 Gyr (output 1 of 1)
07:     <- Finished tree
10:         Output tree data at t=13.80 Gyr (output 1 of 1)
10:     <- Finished tree
07:     -> Evolving tree number 97881 {1}
10:     -> Evolving tree number 97878 {1}
28:         Output tree data at t=13.80 Gyr (output 1 of 1)
28:     <- Finished tree
28:     Progress: 2081 trees processed; elapsed 15.21 h
28:     -> Evolving tree number 97860 {1}
22:         Output tree data at t=13.80 Gyr (output 1 of 1)
22:     <- Finished tree
22:     -> Evolving tree number 97818 {1}
23:         Output tree data at t=13.80 Gyr (output 1 of 1)
23:     <- Finished tree
23:     Progress: 2083 trees processed; elapsed 15.24 h
35:         Output tree data at t=13.80 Gyr (output 1 of 1)
35:     <- Finished tree
23:     -> Evolving tree number 97865 {1}
35:     -> Evolving tree number 97853 {1}
42:         Output tree data at t=13.80 Gyr (output 1 of 1)
42:     <- Finished tree
42:     -> Evolving tree number 97942 {1}
09:         Output tree data at t=13.80 Gyr (output 1 of 1)
09:     <- Finished tree
09:     Progress: 2086 trees processed; elapsed 15.26 h
09:     -> Evolving tree number 97927 {1}
27:         Output tree data at t=13.80 Gyr (output 1 of 1)
27:     <- Finished tree
27:     -> Evolving tree number 97813 {1}
24:         Output tree data at t=13.80 Gyr (output 1 of 1)
24:     <- Finished tree
40:         Output tree data at t=13.80 Gyr (output 1 of 1)
40:     <- Finished tree
24:     -> Evolving tree number 97768 {1}
40:     -> Evolving tree number 97896 {1}
44:         Output tree data at t=13.80 Gyr (output 1 of 1)
44:     <- Finished tree
44:     Progress: 2090 trees processed; elapsed 15.30 h
44:     -> Evolving tree number 97844 {1}
05:         Output tree data at t=13.80 Gyr (output 1 of 1)
05:     <- Finished tree
05:     -> Evolving tree number 97835 {1}
37:         Output tree data at t=13.80 Gyr (output 1 of 1)
37:     <- Finished tree
37:     Progress: 2092 trees processed; elapsed 15.31 h
13:         Output tree data at t=13.80 Gyr (output 1 of 1)
13:     <- Finished tree
12:         Output tree data at t=13.80 Gyr (output 1 of 1)
12:     <- Finished tree
37:     -> Evolving tree number 97755 {1}
13:     -> Evolving tree number 97875 {1}
12:     -> Evolving tree number 97972 {1}
00:         Output tree data at t=13.80 Gyr (output 1 of 1)
00:     <- Finished tree
06:         Output tree data at t=13.80 Gyr (output 1 of 1)
06:     <- Finished tree
00:     -> Evolving tree number 97984 {1}
06:     -> Evolving tree number 97930 {1}
25:         Output tree data at t=13.80 Gyr (output 1 of 1)
25:     <- Finished tree
25:     Progress: 2097 trees processed; elapsed 15.33 h
25:     -> Evolving tree number 97911 {1}
11:         Output tree data at t=13.80 Gyr (output 1 of 1)
11:     <- Finished tree
30:         Output tree data at t=13.80 Gyr (output 1 of 1)
30:     <- Finished tree
11:     -> Evolving tree number 97925 {1}
30:     -> Evolving tree number 97762 {1}
36:         Output tree data at t=13.80 Gyr (output 1 of 1)
36:     <- Finished tree
36:     -> Evolving tree number 97852 {1}
39:         Output tree data at t=13.80 Gyr (output 1 of 1)
39:     <- Finished tree
39:     Progress: 2101 trees processed; elapsed 15.36 h
39:     -> Evolving tree number 97849 {1}
46:         Output tree data at t=13.80 Gyr (output 1 of 1)
46:     <- Finished tree
46:     -> Evolving tree number 97842 {1}
14:         Output tree data at t=13.80 Gyr (output 1 of 1)
14:     <- Finished tree
14:     -> Evolving tree number 97826 {1}
38:         Output tree data at t=13.80 Gyr (output 1 of 1)
38:     <- Finished tree
38:     Progress: 2104 trees processed; elapsed 15.38 h
38:     -> Evolving tree number 97850 {1}
01:         Output tree data at t=13.80 Gyr (output 1 of 1)
01:     <- Finished tree
16:         Output tree data at t=13.80 Gyr (output 1 of 1)
16:     <- Finished tree
01:     -> Evolving tree number 97935 {1}
16:     -> Evolving tree number 97776 {1}
47:         Output tree data at t=13.80 Gyr (output 1 of 1)
47:     <- Finished tree
47:     Progress: 2107 trees processed; elapsed 15.40 h
47:     -> Evolving tree number 97745 {1}
20:         Output tree data at t=13.80 Gyr (output 1 of 1)
20:     <- Finished tree
20:     -> Evolving tree number 97772 {1}
02:         Output tree data at t=13.80 Gyr (output 1 of 1)
02:     <- Finished tree
02:     Progress: 2109 trees processed; elapsed 15.43 h
02:     -> Evolving tree number 97790 {1}
34:         Output tree data at t=13.80 Gyr (output 1 of 1)
34:     <- Finished tree
03:         Output tree data at t=13.80 Gyr (output 1 of 1)
03:     <- Finished tree
34:     -> Evolving tree number 97854 {1}
03:     -> Evolving tree number 97789 {1}
33:         Output tree data at t=13.80 Gyr (output 1 of 1)
33:     <- Finished tree
17:         Output tree data at t=13.80 Gyr (output 1 of 1)
17:     <- Finished tree
33:     -> Evolving tree number 97855 {1}
17:     -> Evolving tree number 97919 {1}
19:         Output tree data at t=13.80 Gyr (output 1 of 1)
19:     <- Finished tree
19:     -> Evolving tree number 97869 {1}
26:         Output tree data at t=13.80 Gyr (output 1 of 1)
26:     <- Finished tree
26:     Progress: 2115 trees processed; elapsed 15.47 h
41:         Output tree data at t=13.80 Gyr (output 1 of 1)
41:     <- Finished tree
26:     -> Evolving tree number 97718 {1}
41:     -> Evolving tree number 97847 {1}
45:         Output tree data at t=13.80 Gyr (output 1 of 1)
45:     <- Finished tree
45:     -> Evolving tree number 97939 {1}
29:         Output tree data at t=13.80 Gyr (output 1 of 1)
29:     <- Finished tree
29:     Progress: 2118 trees processed; elapsed 15.49 h
29:     -> Evolving tree number 97811 {1}
24:         Output tree data at t=13.80 Gyr (output 1 of 1)
24:     <- Finished tree
24:     -> Evolving tree number 97720 {1}
08:         Output tree data at t=13.80 Gyr (output 1 of 1)
08:     <- Finished tree
08:     -> Evolving tree number 97832 {1}
32:         Output tree data at t=13.80 Gyr (output 1 of 1)
32:     <- Finished tree
32:     -> Evolving tree number 97808 {1}
04:         Output tree data at t=13.80 Gyr (output 1 of 1)
04:     <- Finished tree
04:     Progress: 2122 trees processed; elapsed 15.51 h
04:     -> Evolving tree number 97884 {1}
07:         Output tree data at t=13.80 Gyr (output 1 of 1)
07:     <- Finished tree
07:     -> Evolving tree number 97833 {1}
15:         Output tree data at t=13.80 Gyr (output 1 of 1)
15:     <- Finished tree
15:     Progress: 2124 trees processed; elapsed 15.53 h
09:         Output tree data at t=13.80 Gyr (output 1 of 1)
09:     <- Finished tree
15:     -> Evolving tree number 97729 {1}
09:     -> Evolving tree number 97879 {1}
21:         Output tree data at t=13.80 Gyr (output 1 of 1)
21:     <- Finished tree
21:     -> Evolving tree number 97915 {1}
28:         Output tree data at t=13.80 Gyr (output 1 of 1)
28:     <- Finished tree
28:     Progress: 2127 trees processed; elapsed 15.57 h
28:     -> Evolving tree number 97812 {1}
31:         Output tree data at t=13.80 Gyr (output 1 of 1)
31:     <- Finished tree
31:     -> Evolving tree number 97905 {1}
11:         Output tree data at t=13.80 Gyr (output 1 of 1)
11:     <- Finished tree
11:     Progress: 2129 trees processed; elapsed 15.59 h
11:     -> Evolving tree number 97877 {1}
10:         Output tree data at t=13.80 Gyr (output 1 of 1)
10:     <- Finished tree
10:     -> Evolving tree number 97830 {1}
18:         Output tree data at t=13.80 Gyr (output 1 of 1)
18:     <- Finished tree
18:     -> Evolving tree number 97822 {1}
36:         Output tree data at t=13.80 Gyr (output 1 of 1)
36:     <- Finished tree
36:     Progress: 2132 trees processed; elapsed 15.61 h
36:     -> Evolving tree number 97804 {1}
00:         Output tree data at t=13.80 Gyr (output 1 of 1)
00:     <- Finished tree
00:     Progress: 2133 trees processed; elapsed 15.64 h
00:     -> Evolving tree number 97936 {1}
27:         Output tree data at t=13.80 Gyr (output 1 of 1)
27:     <- Finished tree
27:     -> Evolving tree number 97765 {1}
40:         Output tree data at t=13.80 Gyr (output 1 of 1)
40:     <- Finished tree
30:         Output tree data at t=13.80 Gyr (output 1 of 1)
30:     <- Finished tree
40:     -> Evolving tree number 97848 {1}
14:         Output tree data at t=13.80 Gyr (output 1 of 1)
14:     <- Finished tree
30:     -> Evolving tree number 97714 {1}
42:         Output tree data at t=13.80 Gyr (output 1 of 1)
42:     <- Finished tree
14:     -> Evolving tree number 97778 {1}
42:     -> Evolving tree number 97894 {1}
23:         Output tree data at t=13.80 Gyr (output 1 of 1)
23:     <- Finished tree
23:     Progress: 2139 trees processed; elapsed 15.66 h
17:         Output tree data at t=13.80 Gyr (output 1 of 1)
17:     <- Finished tree
23:     -> Evolving tree number 97817 {1}
17:     -> Evolving tree number 97871 {1}
22:         Output tree data at t=13.80 Gyr (output 1 of 1)
22:     <- Finished tree
22:     -> Evolving tree number 97770 {1}
13:         Output tree data at t=13.80 Gyr (output 1 of 1)
13:     <- Finished tree
43:         Output tree data at t=13.80 Gyr (output 1 of 1)
43:     <- Finished tree
13:     -> Evolving tree number 97827 {1}
43:     -> Evolving tree number 97797 {1}
37:         Output tree data at t=13.80 Gyr (output 1 of 1)
37:     <- Finished tree
37:     Progress: 2144 trees processed; elapsed 15.68 h
37:     -> Evolving tree number 97707 {1}
39:         Output tree data at t=13.80 Gyr (output 1 of 1)
39:     <- Finished tree
39:     -> Evolving tree number 97801 {1}
05:         Output tree data at t=13.80 Gyr (output 1 of 1)
05:     <- Finished tree
12:         Output tree data at t=13.80 Gyr (output 1 of 1)
12:     <- Finished tree
05:     -> Evolving tree number 97787 {1}
12:     -> Evolving tree number 97924 {1}
44:         Output tree data at t=13.80 Gyr (output 1 of 1)
44:     <- Finished tree
44:     Progress: 2148 trees processed; elapsed 15.71 h
44:     -> Evolving tree number 97796 {1}
25:         Output tree data at t=13.80 Gyr (output 1 of 1)
25:     <- Finished tree
02:         Output tree data at t=13.80 Gyr (output 1 of 1)
02:     <- Finished tree
25:     -> Evolving tree number 97863 {1}
02:     -> Evolving tree number 97742 {1}
33:         Output tree data at t=13.80 Gyr (output 1 of 1)
33:     <- Finished tree
33:     Progress: 2151 trees processed; elapsed 15.74 h
33:     -> Evolving tree number 97807 {1}
35:         Output tree data at t=13.80 Gyr (output 1 of 1)
35:     <- Finished tree
35:     -> Evolving tree number 97805 {1}
06:         Output tree data at t=13.80 Gyr (output 1 of 1)
06:     <- Finished tree
06:     Progress: 2153 trees processed; elapsed 15.76 h
06:     -> Evolving tree number 97882 {1}
03:         Output tree data at t=13.80 Gyr (output 1 of 1)
03:     <- Finished tree
03:     -> Evolving tree number 97741 {1}
45:         Output tree data at t=13.80 Gyr (output 1 of 1)
45:     <- Finished tree
45:     -> Evolving tree number 97891 {1}
16:         Output tree data at t=13.80 Gyr (output 1 of 1)
16:     <- Finished tree
16:     Progress: 2156 trees processed; elapsed 15.78 h
16:     -> Evolving tree number 97728 {1}
38:         Output tree data at t=13.80 Gyr (output 1 of 1)
38:     <- Finished tree
38:     -> Evolving tree number 97802 {1}
19:         Output tree data at t=13.80 Gyr (output 1 of 1)
19:     <- Finished tree
19:     Progress: 2158 trees processed; elapsed 15.81 h
19:     -> Evolving tree number 97821 {1}
24:         Output tree data at t=13.80 Gyr (output 1 of 1)
24:     <- Finished tree
24:     -> Evolving tree number 97672 {1}
46:         Output tree data at t=13.80 Gyr (output 1 of 1)
46:     <- Finished tree
01:         Output tree data at t=13.80 Gyr (output 1 of 1)
01:     <- Finished tree
46:     -> Evolving tree number 97794 {1}
01:     -> Evolving tree number 97887 {1}
47:         Output tree data at t=13.80 Gyr (output 1 of 1)
47:     <- Finished tree
47:     Progress: 2162 trees processed; elapsed 15.83 h
26:         Output tree data at t=13.80 Gyr (output 1 of 1)
26:     <- Finished tree
47:     -> Evolving tree number 97697 {1}
26:     -> Evolving tree number 97670 {1}
09:         Output tree data at t=13.80 Gyr (output 1 of 1)
09:     <- Finished tree
41:         Output tree data at t=13.80 Gyr (output 1 of 1)
41:     <- Finished tree
09:     -> Evolving tree number 97831 {1}
41:     -> Evolving tree number 97799 {1}
08:         Output tree data at t=13.80 Gyr (output 1 of 1)
08:     <- Finished tree
08:     Progress: 2166 trees processed; elapsed 15.86 h
08:     -> Evolving tree number 97784 {1}
10:         Output tree data at t=13.80 Gyr (output 1 of 1)
10:     <- Finished tree
10:     -> Evolving tree number 97782 {1}
23:         Output tree data at t=13.80 Gyr (output 1 of 1)
23:     <- Finished tree
23:     -> Evolving tree number 97769 {1}
34:         Output tree data at t=13.80 Gyr (output 1 of 1)
34:     <- Finished tree
34:     -> Evolving tree number 97806 {1}
17:         Output tree data at t=13.80 Gyr (output 1 of 1)
17:     <- Finished tree
17:     Progress: 2170 trees processed; elapsed 15.88 h
17:     -> Evolving tree number 97823 {1}
14:         Output tree data at t=13.80 Gyr (output 1 of 1)
14:     <- Finished tree
14:     -> Evolving tree number 97730 {1}
07:         Output tree data at t=13.80 Gyr (output 1 of 1)
07:     <- Finished tree
28:         Output tree data at t=13.80 Gyr (output 1 of 1)
28:     <- Finished tree
07:     -> Evolving tree number 97785 {1}
28:     -> Evolving tree number 97764 {1}
32:         Output tree data at t=13.80 Gyr (output 1 of 1)
32:     <- Finished tree
32:     -> Evolving tree number 97760 {1}
36:         Output tree data at t=13.80 Gyr (output 1 of 1)
36:     <- Finished tree
36:     Progress: 2175 trees processed; elapsed 15.92 h
15:         Output tree data at t=13.80 Gyr (output 1 of 1)
15:     <- Finished tree
36:     -> Evolving tree number 97756 {1}
15:     -> Evolving tree number 97681 {1}
20:         Output tree data at t=13.80 Gyr (output 1 of 1)
20:     <- Finished tree
20:     -> Evolving tree number 97724 {1}
42:         Output tree data at t=13.80 Gyr (output 1 of 1)
42:     <- Finished tree
42:     Progress: 2178 trees processed; elapsed 15.94 h
42:     -> Evolving tree number 97846 {1}
29:         Output tree data at t=13.80 Gyr (output 1 of 1)
29:     <- Finished tree
29:     -> Evolving tree number 97763 {1}
18:         Output tree data at t=13.80 Gyr (output 1 of 1)
18:     <- Finished tree
18:     Progress: 2180 trees processed; elapsed 15.98 h
18:     -> Evolving tree number 97774 {1}
21:         Output tree data at t=13.80 Gyr (output 1 of 1)
21:     <- Finished tree
40:         Output tree data at t=13.80 Gyr (output 1 of 1)
40:     <- Finished tree
21:     -> Evolving tree number 97867 {1}
00:         Output tree data at t=13.80 Gyr (output 1 of 1)
00:     <- Finished tree
40:     -> Evolving tree number 97800 {1}
00:     -> Evolving tree number 97888 {1}
31:         Output tree data at t=13.80 Gyr (output 1 of 1)
31:     <- Finished tree
31:     Progress: 2184 trees processed; elapsed 16.00 h
37:         Output tree data at t=13.80 Gyr (output 1 of 1)
37:     <- Finished tree
31:     -> Evolving tree number 97857 {1}
04:         Output tree data at t=13.80 Gyr (output 1 of 1)
04:     <- Finished tree
37:     -> Evolving tree number 97659 {1}
04:     -> Evolving tree number 97836 {1}
27:         Output tree data at t=13.80 Gyr (output 1 of 1)
27:     <- Finished tree
27:     -> Evolving tree number 97717 {1}
33:         Output tree data at t=13.80 Gyr (output 1 of 1)
33:     <- Finished tree
33:     Progress: 2188 trees processed; elapsed 16.01 h
33:     -> Evolving tree number 97759 {1}
30:         Output tree data at t=13.80 Gyr (output 1 of 1)
30:     <- Finished tree
30:     -> Evolving tree number 97666 {1}
19:         Output tree data at t=13.80 Gyr (output 1 of 1)
19:     <- Finished tree
19:     -> Evolving tree number 97773 {1}
22:         Output tree data at t=13.80 Gyr (output 1 of 1)
22:     <- Finished tree
22:     Progress: 2191 trees processed; elapsed 16.04 h
22:     -> Evolving tree number 97722 {1}
11:         Output tree data at t=13.80 Gyr (output 1 of 1)
11:     <- Finished tree
11:     -> Evolving tree number 97829 {1}
24:         Output tree data at t=13.80 Gyr (output 1 of 1)
24:     <- Finished tree
24:     -> Evolving tree number 97624 {1}
13:         Output tree data at t=13.80 Gyr (output 1 of 1)
13:     <- Finished tree
13:     Progress: 2194 trees processed; elapsed 16.06 h
13:     -> Evolving tree number 97779 {1}
25:         Output tree data at t=13.80 Gyr (output 1 of 1)
25:     <- Finished tree
25:     -> Evolving tree number 97815 {1}
12:         Output tree data at t=13.80 Gyr (output 1 of 1)
12:     <- Finished tree
12:     -> Evolving tree number 97876 {1}
44:         Output tree data at t=13.80 Gyr (output 1 of 1)
44:     <- Finished tree
44:     -> Evolving tree number 97748 {1}
03:         Output tree data at t=13.80 Gyr (output 1 of 1)
03:     <- Finished tree
03:     Progress: 2198 trees processed; elapsed 16.08 h
03:     -> Evolving tree number 97693 {1}
41:         Output tree data at t=13.80 Gyr (output 1 of 1)
41:     <- Finished tree
41:     Progress: 2199 trees processed; elapsed 16.10 h
41:     -> Evolving tree number 97751 {1}
01:         Output tree data at t=13.80 Gyr (output 1 of 1)
01:     <- Finished tree
01:     -> Evolving tree number 97839 {1}
05:         Output tree data at t=13.80 Gyr (output 1 of 1)
05:     <- Finished tree
05:     -> Evolving tree number 97739 {1}
02:         Output tree data at t=13.80 Gyr (output 1 of 1)
02:     <- Finished tree
02:     -> Evolving tree number 97694 {1}
35:         Output tree data at t=13.80 Gyr (output 1 of 1)
35:     <- Finished tree
35:     -> Evolving tree number 97757 {1}
17:         Output tree data at t=13.80 Gyr (output 1 of 1)
17:     <- Finished tree
17:     Progress: 2204 trees processed; elapsed 16.12 h
17:     -> Evolving tree number 97775 {1}
06:         Output tree data at t=13.80 Gyr (output 1 of 1)
06:     <- Finished tree
09:         Output tree data at t=13.80 Gyr (output 1 of 1)
09:     <- Finished tree
09:     Progress: 2206 trees processed; elapsed 16.14 h
06:     -> Evolving tree number 97834 {1}
09:     -> Evolving tree number 97783 {1}
43:         Output tree data at t=13.80 Gyr (output 1 of 1)
43:     <- Finished tree
43:     -> Evolving tree number 97749 {1}
38:         Output tree data at t=13.80 Gyr (output 1 of 1)
38:     <- Finished tree
39:         Output tree data at t=13.80 Gyr (output 1 of 1)
39:     <- Finished tree
38:     -> Evolving tree number 97754 {1}
39:     -> Evolving tree number 97753 {1}
28:         Output tree data at t=13.80 Gyr (output 1 of 1)
28:     <- Finished tree
28:     Progress: 2210 trees processed; elapsed 16.17 h
28:     -> Evolving tree number 97716 {1}
47:         Output tree data at t=13.80 Gyr (output 1 of 1)
47:     <- Finished tree
47:     -> Evolving tree number 97649 {1}
16:         Output tree data at t=13.80 Gyr (output 1 of 1)
16:     <- Finished tree
16:     Progress: 2212 trees processed; elapsed 16.18 h
16:     -> Evolving tree number 97680 {1}
46:         Output tree data at t=13.80 Gyr (output 1 of 1)
46:     <- Finished tree
46:     -> Evolving tree number 97746 {1}
15:         Output tree data at t=13.80 Gyr (output 1 of 1)
15:     <- Finished tree
15:     -> Evolving tree number 97633 {1}
10:         Output tree data at t=13.80 Gyr (output 1 of 1)
10:     <- Finished tree
10:     Progress: 2215 trees processed; elapsed 16.20 h
10:     -> Evolving tree number 97734 {1}
08:         Output tree data at t=13.80 Gyr (output 1 of 1)
08:     <- Finished tree
08:     -> Evolving tree number 97736 {1}
07:         Output tree data at t=13.80 Gyr (output 1 of 1)
07:     <- Finished tree
07:     Progress: 2217 trees processed; elapsed 16.22 h
07:     -> Evolving tree number 97737 {1}
34:         Output tree data at t=13.80 Gyr (output 1 of 1)
34:     <- Finished tree
45:         Output tree data at t=13.80 Gyr (output 1 of 1)
45:     <- Finished tree
34:     -> Evolving tree number 97758 {1}
45:     -> Evolving tree number 97843 {1}
32:         Output tree data at t=13.80 Gyr (output 1 of 1)
32:     <- Finished tree
32:     Progress: 2220 trees processed; elapsed 16.24 h
23:         Output tree data at t=13.80 Gyr (output 1 of 1)
23:     <- Finished tree
32:     -> Evolving tree number 97712 {1}
23:     -> Evolving tree number 97721 {1}
04:         Output tree data at t=13.80 Gyr (output 1 of 1)
04:     <- Finished tree
04:     Progress: 2222 trees processed; elapsed 16.26 h
18:         Output tree data at t=13.80 Gyr (output 1 of 1)
18:     <- Finished tree
04:     -> Evolving tree number 97788 {1}
18:     -> Evolving tree number 97726 {1}
36:         Output tree data at t=13.80 Gyr (output 1 of 1)
36:     <- Finished tree
36:     Progress: 2224 trees processed; elapsed 16.28 h
36:     -> Evolving tree number 97708 {1}
40:         Output tree data at t=13.80 Gyr (output 1 of 1)
40:     <- Finished tree
42:         Output tree data at t=13.80 Gyr (output 1 of 1)
42:     <- Finished tree
40:     -> Evolving tree number 97752 {1}
42:     -> Evolving tree number 97798 {1}
27:         Output tree data at t=13.80 Gyr (output 1 of 1)
27:     <- Finished tree
27:     Progress: 2227 trees processed; elapsed 16.33 h
27:     -> Evolving tree number 97669 {1}
29:         Output tree data at t=13.80 Gyr (output 1 of 1)
29:     <- Finished tree
29:     -> Evolving tree number 97715 {1}
21:         Output tree data at t=13.80 Gyr (output 1 of 1)
21:     <- Finished tree
21:     -> Evolving tree number 97819 {1}
14:         Output tree data at t=13.80 Gyr (output 1 of 1)
14:     <- Finished tree
14:     -> Evolving tree number 97682 {1}
22:         Output tree data at t=13.80 Gyr (output 1 of 1)
22:     <- Finished tree
22:     -> Evolving tree number 97674 {1}
12:         Output tree data at t=13.80 Gyr (output 1 of 1)
12:     <- Finished tree
12:     Progress: 2232 trees processed; elapsed 16.36 h
26:         Output tree data at t=13.80 Gyr (output 1 of 1)
26:     <- Finished tree
12:     -> Evolving tree number 97828 {1}
20:         Output tree data at t=13.80 Gyr (output 1 of 1)
20:     <- Finished tree
26:     -> Evolving tree number 97622 {1}
20:     -> Evolving tree number 97676 {1}
33:         Output tree data at t=13.80 Gyr (output 1 of 1)
33:     <- Finished tree
13:         Output tree data at t=13.80 Gyr (output 1 of 1)
13:     <- Finished tree
33:     -> Evolving tree number 97711 {1}
13:     -> Evolving tree number 97731 {1}
02:         Output tree data at t=13.80 Gyr (output 1 of 1)
02:     <- Finished tree
02:     Progress: 2237 trees processed; elapsed 16.39 h
35:         Output tree data at t=13.80 Gyr (output 1 of 1)
35:     <- Finished tree
02:     -> Evolving tree number 97646 {1}
35:     -> Evolving tree number 97709 {1}
17:         Output tree data at t=13.80 Gyr (output 1 of 1)
17:     <- Finished tree
17:     -> Evolving tree number 97727 {1}
47:         Output tree data at t=13.80 Gyr (output 1 of 1)
47:     <- Finished tree
47:     -> Evolving tree number 97601 {1}
41:         Output tree data at t=13.80 Gyr (output 1 of 1)
41:     <- Finished tree
41:     -> Evolving tree number 97703 {1}
24:         Output tree data at t=13.80 Gyr (output 1 of 1)
24:     <- Finished tree
24:     Progress: 2242 trees processed; elapsed 16.41 h
24:     -> Evolving tree number 97576 {1}
30:         Output tree data at t=13.80 Gyr (output 1 of 1)
30:     <- Finished tree
30:     -> Evolving tree number 97618 {1}
37:         Output tree data at t=13.80 Gyr (output 1 of 1)
37:     <- Finished tree
37:     -> Evolving tree number 97611 {1}
25:         Output tree data at t=13.80 Gyr (output 1 of 1)
25:     <- Finished tree
25:     -> Evolving tree number 97767 {1}
44:         Output tree data at t=13.80 Gyr (output 1 of 1)
44:     <- Finished tree
44:     Progress: 2246 trees processed; elapsed 16.43 h
44:     -> Evolving tree number 97700 {1}
05:         Output tree data at t=13.80 Gyr (output 1 of 1)
05:     <- Finished tree
05:     -> Evolving tree number 97691 {1}
11:         Output tree data at t=13.80 Gyr (output 1 of 1)
11:     <- Finished tree
11:     -> Evolving tree number 97781 {1}
19:         Output tree data at t=13.80 Gyr (output 1 of 1)
19:     <- Finished tree
43:         Output tree data at t=13.80 Gyr (output 1 of 1)
43:     <- Finished tree
19:     -> Evolving tree number 97725 {1}
43:     -> Evolving tree number 97701 {1}
31:         Output tree data at t=13.80 Gyr (output 1 of 1)
31:     <- Finished tree
31:     Progress: 2251 trees processed; elapsed 16.45 h
31:     -> Evolving tree number 97809 {1}
03:         Output tree data at t=13.80 Gyr (output 1 of 1)
03:     <- Finished tree
03:     Progress: 2252 trees processed; elapsed 16.47 h
03:     -> Evolving tree number 97645 {1}
01:         Output tree data at t=13.80 Gyr (output 1 of 1)
01:     <- Finished tree
01:     -> Evolving tree number 97791 {1}
46:         Output tree data at t=13.80 Gyr (output 1 of 1)
46:     <- Finished tree
46:     -> Evolving tree number 97698 {1}
23:         Output tree data at t=13.80 Gyr (output 1 of 1)
23:     <- Finished tree
23:     Progress: 2255 trees processed; elapsed 16.49 h
23:     -> Evolving tree number 97673 {1}
39:         Output tree data at t=13.80 Gyr (output 1 of 1)
39:     <- Finished tree
39:     -> Evolving tree number 97705 {1}
06:         Output tree data at t=13.80 Gyr (output 1 of 1)
06:     <- Finished tree
06:     -> Evolving tree number 97786 {1}
16:         Output tree data at t=13.80 Gyr (output 1 of 1)
16:     <- Finished tree
16:     -> Evolving tree number 97632 {1}
00:         Output tree data at t=13.80 Gyr (output 1 of 1)
00:     <- Finished tree
00:     Progress: 2259 trees processed; elapsed 16.51 h
15:         Output tree data at t=13.80 Gyr (output 1 of 1)
15:     <- Finished tree
00:     -> Evolving tree number 97840 {1}
15:     -> Evolving tree number 97585 {1}
04:         Output tree data at t=13.80 Gyr (output 1 of 1)
04:     <- Finished tree
04:     -> Evolving tree number 97740 {1}
28:         Output tree data at t=13.80 Gyr (output 1 of 1)
28:     <- Finished tree
28:     Progress: 2262 trees processed; elapsed 16.54 h
21:         Output tree data at t=13.80 Gyr (output 1 of 1)
21:     <- Finished tree
28:     -> Evolving tree number 97668 {1}
21:     -> Evolving tree number 97771 {1}
45:         Output tree data at t=13.80 Gyr (output 1 of 1)
45:     <- Finished tree
45:     -> Evolving tree number 97795 {1}
09:         Output tree data at t=13.80 Gyr (output 1 of 1)
09:     <- Finished tree
09:     -> Evolving tree number 97735 {1}
07:         Output tree data at t=13.80 Gyr (output 1 of 1)
07:     <- Finished tree
07:     -> Evolving tree number 97689 {1}
42:         Output tree data at t=13.80 Gyr (output 1 of 1)
42:     <- Finished tree
42:     Progress: 2267 trees processed; elapsed 16.56 h
42:     -> Evolving tree number 97750 {1}
32:         Output tree data at t=13.80 Gyr (output 1 of 1)
32:     <- Finished tree
08:         Output tree data at t=13.80 Gyr (output 1 of 1)
08:     <- Finished tree
10:         Output tree data at t=13.80 Gyr (output 1 of 1)
10:     <- Finished tree
32:     -> Evolving tree number 97664 {1}
10:     -> Evolving tree number 97686 {1}
08:     -> Evolving tree number 97688 {1}
18:         Output tree data at t=13.80 Gyr (output 1 of 1)
18:     <- Finished tree
18:     -> Evolving tree number 97678 {1}
40:         Output tree data at t=13.80 Gyr (output 1 of 1)
40:     <- Finished tree
40:     Progress: 2272 trees processed; elapsed 16.59 h
40:     -> Evolving tree number 97704 {1}
17:         Output tree data at t=13.80 Gyr (output 1 of 1)
17:     <- Finished tree
17:     -> Evolving tree number 97679 {1}
34:         Output tree data at t=13.80 Gyr (output 1 of 1)
34:     <- Finished tree
34:     -> Evolving tree number 97710 {1}
27:         Output tree data at t=13.80 Gyr (output 1 of 1)
27:     <- Finished tree
27:     -> Evolving tree number 97621 {1}
29:         Output tree data at t=13.80 Gyr (output 1 of 1)
29:     <- Finished tree
29:     Progress: 2276 trees processed; elapsed 16.65 h
29:     -> Evolving tree number 97667 {1}
33:         Output tree data at t=13.80 Gyr (output 1 of 1)
33:     <- Finished tree
33:     -> Evolving tree number 97663 {1}
12:         Output tree data at t=13.80 Gyr (output 1 of 1)
12:     <- Finished tree
12:     -> Evolving tree number 97780 {1}
11:         Output tree data at t=13.80 Gyr (output 1 of 1)
11:     <- Finished tree
11:     Progress: 2279 trees processed; elapsed 16.67 h
11:     -> Evolving tree number 97733 {1}
36:         Output tree data at t=13.80 Gyr (output 1 of 1)
36:     <- Finished tree
36:     -> Evolving tree number 97660 {1}
26:         Output tree data at t=13.80 Gyr (output 1 of 1)
26:     <- Finished tree
26:     -> Evolving tree number 97574 {1}
38:         Output tree data at t=13.80 Gyr (output 1 of 1)
38:     <- Finished tree
38:     -> Evolving tree number 97706 {1}
14:         Output tree data at t=13.80 Gyr (output 1 of 1)
14:     <- Finished tree
14:     Progress: 2283 trees processed; elapsed 16.69 h
14:     -> Evolving tree number 97634 {1}
13:         Output tree data at t=13.80 Gyr (output 1 of 1)
13:     <- Finished tree
13:     -> Evolving tree number 97683 {1}
41:         Output tree data at t=13.80 Gyr (output 1 of 1)
41:     <- Finished tree
41:     -> Evolving tree number 97655 {1}
19:         Output tree data at t=13.80 Gyr (output 1 of 1)
19:     <- Finished tree
19:     Progress: 2286 trees processed; elapsed 16.71 h
19:     -> Evolving tree number 97677 {1}
39:         Output tree data at t=13.80 Gyr (output 1 of 1)
39:     <- Finished tree
39:     -> Evolving tree number 97657 {1}
04:         Output tree data at t=13.80 Gyr (output 1 of 1)
04:     <- Finished tree
04:     -> Evolving tree number 97692 {1}
37:         Output tree data at t=13.80 Gyr (output 1 of 1)
37:     <- Finished tree
22:         Output tree data at t=13.80 Gyr (output 1 of 1)
22:     <- Finished tree
37:     -> Evolving tree number 97563 {1}
43:         Output tree data at t=13.80 Gyr (output 1 of 1)
43:     <- Finished tree
22:     -> Evolving tree number 97626 {1}
43:     -> Evolving tree number 97653 {1}
20:         Output tree data at t=13.80 Gyr (output 1 of 1)
20:     <- Finished tree
20:     Progress: 2292 trees processed; elapsed 16.73 h
20:     -> Evolving tree number 97628 {1}
47:         Output tree data at t=13.80 Gyr (output 1 of 1)
47:     <- Finished tree
47:     -> Evolving tree number 97553 {1}
05:         Output tree data at t=13.80 Gyr (output 1 of 1)
05:     <- Finished tree
05:     -> Evolving tree number 97643 {1}
18:         Output tree data at t=13.80 Gyr (output 1 of 1)
18:     <- Finished tree
18:     Progress: 2295 trees processed; elapsed 16.75 h
18:     -> Evolving tree number 97630 {1}
03:         Output tree data at t=13.80 Gyr (output 1 of 1)
03:     <- Finished tree
35:         Output tree data at t=13.80 Gyr (output 1 of 1)
35:     <- Finished tree
03:     -> Evolving tree number 97597 {1}
35:     -> Evolving tree number 97661 {1}
25:         Output tree data at t=13.80 Gyr (output 1 of 1)
25:     <- Finished tree
25:     -> Evolving tree number 97719 {1}
24:         Output tree data at t=13.80 Gyr (output 1 of 1)
24:     <- Finished tree
24:     Progress: 2299 trees processed; elapsed 16.77 h
24:     -> Evolving tree number 97528 {1}
15:         Output tree data at t=13.80 Gyr (output 1 of 1)
15:     <- Finished tree
15:     -> Evolving tree number 97537 {1}
16:         Output tree data at t=13.80 Gyr (output 1 of 1)
16:     <- Finished tree
16:     Progress: 2301 trees processed; elapsed 16.79 h
16:     -> Evolving tree number 97584 {1}
08:         Output tree data at t=13.80 Gyr (output 1 of 1)
08:     <- Finished tree
08:     Progress: 2302 trees processed; elapsed 16.81 h
08:     -> Evolving tree number 97640 {1}
31:         Output tree data at t=13.80 Gyr (output 1 of 1)
31:     <- Finished tree
44:         Output tree data at t=13.80 Gyr (output 1 of 1)
44:     <- Finished tree
31:     -> Evolving tree number 97761 {1}
44:     -> Evolving tree number 97652 {1}
42:         Output tree data at t=13.80 Gyr (output 1 of 1)
42:     <- Finished tree
42:     Progress: 2305 trees processed; elapsed 16.83 h
30:         Output tree data at t=13.80 Gyr (output 1 of 1)
42:     -> Evolving tree number 97702 {1}
30:     <- Finished tree
30:     -> Evolving tree number 97570 {1}
06:         Output tree data at t=13.80 Gyr (output 1 of 1)
06:     <- Finished tree
06:     -> Evolving tree number 97738 {1}
02:         Output tree data at t=13.80 Gyr (output 1 of 1)
02:     <- Finished tree
02:     -> Evolving tree number 97598 {1}
23:         Output tree data at t=13.80 Gyr (output 1 of 1)
23:     <- Finished tree
23:     Progress: 2309 trees processed; elapsed 16.85 h
23:     -> Evolving tree number 97625 {1}
46:         Output tree data at t=13.80 Gyr (output 1 of 1)
46:     <- Finished tree
17:         Output tree data at t=13.80 Gyr (output 1 of 1)
17:     <- Finished tree
46:     -> Evolving tree number 97650 {1}
32:         Output tree data at t=13.80 Gyr (output 1 of 1)
32:     <- Finished tree
17:     -> Evolving tree number 97631 {1}
09:         Output tree data at t=13.80 Gyr (output 1 of 1)
09:     <- Finished tree
32:     -> Evolving tree number 97616 {1}
45:         Output tree data at t=13.80 Gyr (output 1 of 1)
45:     <- Finished tree
09:     -> Evolving tree number 97687 {1}
45:     -> Evolving tree number 97747 {1}
21:         Output tree data at t=13.80 Gyr (output 1 of 1)
21:     <- Finished tree
21:     Progress: 2315 trees processed; elapsed 16.88 h
00:         Output tree data at t=13.80 Gyr (output 1 of 1)
00:     <- Finished tree
21:     -> Evolving tree number 97723 {1}
00:     -> Evolving tree number 97792 {1}
07:         Output tree data at t=13.80 Gyr (output 1 of 1)
07:     <- Finished tree
07:     -> Evolving tree number 97641 {1}
39:         Output tree data at t=13.80 Gyr (output 1 of 1)
39:     <- Finished tree
39:     -> Evolving tree number 97609 {1}
34:         Output tree data at t=13.80 Gyr (output 1 of 1)
34:     <- Finished tree
34:     -> Evolving tree number 97662 {1}
27:         Output tree data at t=13.80 Gyr (output 1 of 1)
27:     <- Finished tree
27:     Progress: 2320 trees processed; elapsed 16.91 h
27:     -> Evolving tree number 97573 {1}
40:         Output tree data at t=13.80 Gyr (output 1 of 1)
40:     <- Finished tree
33:         Output tree data at t=13.80 Gyr (output 1 of 1)
33:     <- Finished tree
40:     -> Evolving tree number 97656 {1}
33:     -> Evolving tree number 97615 {1}
11:         Output tree data at t=13.80 Gyr (output 1 of 1)
11:     <- Finished tree
11:     -> Evolving tree number 97685 {1}
19:         Output tree data at t=13.80 Gyr (output 1 of 1)
19:     <- Finished tree
19:     Progress: 2324 trees processed; elapsed 16.93 h
19:     -> Evolving tree number 97629 {1}
28:         Output tree data at t=13.80 Gyr (output 1 of 1)
28:     <- Finished tree
28:     -> Evolving tree number 97620 {1}
10:         Output tree data at t=13.80 Gyr (output 1 of 1)
10:     <- Finished tree
10:     -> Evolving tree number 97638 {1}
29:         Output tree data at t=13.80 Gyr (output 1 of 1)
29:     <- Finished tree
29:     Progress: 2327 trees processed; elapsed 16.95 h
29:     -> Evolving tree number 97619 {1}
20:         Output tree data at t=13.80 Gyr (output 1 of 1)
20:     <- Finished tree
20:     -> Evolving tree number 97580 {1}
38:         Output tree data at t=13.80 Gyr (output 1 of 1)
38:     <- Finished tree
38:     Progress: 2329 trees processed; elapsed 16.98 h
26:         Output tree data at t=13.80 Gyr (output 1 of 1)
26:     <- Finished tree
38:     -> Evolving tree number 97658 {1}
26:     -> Evolving tree number 97526 {1}
25:         Output tree data at t=13.80 Gyr (output 1 of 1)
25:     <- Finished tree
25:     -> Evolving tree number 97671 {1}
12:         Output tree data at t=13.80 Gyr (output 1 of 1)
12:     <- Finished tree
12:     Progress: 2332 trees processed; elapsed 17.00 h
12:     -> Evolving tree number 97732 {1}
08:         Output tree data at t=13.80 Gyr (output 1 of 1)
08:     <- Finished tree
08:     -> Evolving tree number 97592 {1}
41:         Output tree data at t=13.80 Gyr (output 1 of 1)
41:     <- Finished tree
41:     -> Evolving tree number 97607 {1}
14:         Output tree data at t=13.80 Gyr (output 1 of 1)
14:     <- Finished tree
14:     -> Evolving tree number 97586 {1}
04:         Output tree data at t=13.80 Gyr (output 1 of 1)
04:     <- Finished tree
04:     Progress: 2336 trees processed; elapsed 17.02 h
04:     -> Evolving tree number 97644 {1}
43:         Output tree data at t=13.80 Gyr (output 1 of 1)
43:     <- Finished tree
43:     -> Evolving tree number 97605 {1}
36:         Output tree data at t=13.80 Gyr (output 1 of 1)
36:     <- Finished tree
36:     Progress: 2338 trees processed; elapsed 17.04 h
36:     -> Evolving tree number 97612 {1}
13:         Output tree data at t=13.80 Gyr (output 1 of 1)
13:     <- Finished tree
01:         Output tree data at t=13.80 Gyr (output 1 of 1)
01:     <- Finished tree
13:     -> Evolving tree number 97635 {1}
01:     -> Evolving tree number 97743 {1}
05:         Output tree data at t=13.80 Gyr (output 1 of 1)
05:     <- Finished tree
05:     Progress: 2341 trees processed; elapsed 17.06 h
05:     -> Evolving tree number 97595 {1}
22:         Output tree data at t=13.80 Gyr (output 1 of 1)
22:     <- Finished tree
22:     -> Evolving tree number 97578 {1}
03:         Output tree data at t=13.80 Gyr (output 1 of 1)
03:     <- Finished tree
03:     -> Evolving tree number 97549 {1}
16:         Output tree data at t=13.80 Gyr (output 1 of 1)
16:     <- Finished tree
16:     -> Evolving tree number 97536 {1}
24:         Output tree data at t=13.80 Gyr (output 1 of 1)
24:     <- Finished tree
24:     Progress: 2345 trees processed; elapsed 17.09 h
24:     -> Evolving tree number 97480 {1}
37:         Output tree data at t=13.80 Gyr (output 1 of 1)
37:     <- Finished tree
37:     -> Evolving tree number 97515 {1}
46:         Output tree data at t=13.80 Gyr (output 1 of 1)
46:     <- Finished tree
46:     -> Evolving tree number 97602 {1}
31:         Output tree data at t=13.80 Gyr (output 1 of 1)
31:     <- Finished tree
31:     Progress: 2348 trees processed; elapsed 17.11 h
31:     -> Evolving tree number 97713 {1}
35:         Output tree data at t=13.80 Gyr (output 1 of 1)
35:     <- Finished tree
35:     -> Evolving tree number 97613 {1}
18:         Output tree data at t=13.80 Gyr (output 1 of 1)
18:     <- Finished tree
39:         Output tree data at t=13.80 Gyr (output 1 of 1)
39:     <- Finished tree
18:     -> Evolving tree number 97582 {1}
39:     -> Evolving tree number 97561 {1}
34:         Output tree data at t=13.80 Gyr (output 1 of 1)
34:     <- Finished tree
34:     Progress: 2352 trees processed; elapsed 17.13 h
34:     -> Evolving tree number 97614 {1}
15:         Output tree data at t=13.80 Gyr (output 1 of 1)
15:     <- Finished tree
15:     -> Evolving tree number 97489 {1}
23:         Output tree data at t=13.80 Gyr (output 1 of 1)
23:     <- Finished tree
23:     Progress: 2354 trees processed; elapsed 17.15 h
23:     -> Evolving tree number 97577 {1}
06:         Output tree data at t=13.80 Gyr (output 1 of 1)
06:     <- Finished tree
06:     -> Evolving tree number 97690 {1}
30:         Output tree data at t=13.80 Gyr (output 1 of 1)
30:     <- Finished tree
09:         Output tree data at t=13.80 Gyr (output 1 of 1)
09:     <- Finished tree
30:     -> Evolving tree number 97522 {1}
09:     -> Evolving tree number 97639 {1}
21:         Output tree data at t=13.80 Gyr (output 1 of 1)
21:     <- Finished tree
21:     Progress: 2358 trees processed; elapsed 17.17 h
21:     -> Evolving tree number 97675 {1}
02:         Output tree data at t=13.80 Gyr (output 1 of 1)
02:     <- Finished tree
02:     -> Evolving tree number 97550 {1}
47:         Output tree data at t=13.80 Gyr (output 1 of 1)
47:     <- Finished tree
47:     -> Evolving tree number 97505 {1}
40:         Output tree data at t=13.80 Gyr (output 1 of 1)
40:     <- Finished tree
40:     -> Evolving tree number 97608 {1}
29:         Output tree data at t=13.80 Gyr (output 1 of 1)
29:     <- Finished tree
29:     Progress: 2362 trees processed; elapsed 17.19 h
29:     -> Evolving tree number 97571 {1}
27:         Output tree data at t=13.80 Gyr (output 1 of 1)
27:     <- Finished tree
27:     -> Evolving tree number 97525 {1}
42:         Output tree data at t=13.80 Gyr (output 1 of 1)
42:     <- Finished tree
42:     -> Evolving tree number 97654 {1}
25:         Output tree data at t=13.80 Gyr (output 1 of 1)
25:     <- Finished tree
25:     -> Evolving tree number 97623 {1}
38:         Output tree data at t=13.80 Gyr (output 1 of 1)
38:     <- Finished tree
38:     Progress: 2366 trees processed; elapsed 17.21 h
11:         Output tree data at t=13.80 Gyr (output 1 of 1)
11:     <- Finished tree
38:     -> Evolving tree number 97610 {1}
17:         Output tree data at t=13.80 Gyr (output 1 of 1)
17:     <- Finished tree
11:     -> Evolving tree number 97637 {1}
17:     -> Evolving tree number 97583 {1}
32:         Output tree data at t=13.80 Gyr (output 1 of 1)
32:     <- Finished tree
32:     Progress: 2369 trees processed; elapsed 17.24 h
07:         Output tree data at t=13.80 Gyr (output 1 of 1)
07:     <- Finished tree
45:         Output tree data at t=13.80 Gyr (output 1 of 1)
45:     <- Finished tree
07:     -> Evolving tree number 97593 {1}
32:     -> Evolving tree number 97568 {1}
45:     -> Evolving tree number 97699 {1}
00:         Output tree data at t=13.80 Gyr (output 1 of 1)
00:     <- Finished tree
00:     Progress: 2372 trees processed; elapsed 17.27 h
00:     -> Evolving tree number 97744 {1}
43:         Output tree data at t=13.80 Gyr (output 1 of 1)
43:     <- Finished tree
43:     -> Evolving tree number 97557 {1}
20:         Output tree data at t=13.80 Gyr (output 1 of 1)
20:     <- Finished tree
20:     Progress: 2374 trees processed; elapsed 17.29 h
20:     -> Evolving tree number 97532 {1}
19:         Output tree data at t=13.80 Gyr (output 1 of 1)
19:     <- Finished tree
19:     Progress: 2375 trees processed; elapsed 17.30 h
19:     -> Evolving tree number 97581 {1}
04:         Output tree data at t=13.80 Gyr (output 1 of 1)
04:     <- Finished tree
04:     -> Evolving tree number 97596 {1}
33:         Output tree data at t=13.80 Gyr (output 1 of 1)
33:     <- Finished tree
33:     -> Evolving tree number 97567 {1}
41:         Output tree data at t=13.80 Gyr (output 1 of 1)
41:     <- Finished tree
41:     -> Evolving tree number 97559 {1}
08:         Output tree data at t=13.80 Gyr (output 1 of 1)
08:     <- Finished tree
08:     Progress: 2379 trees processed; elapsed 17.33 h
08:     -> Evolving tree number 97544 {1}
44:         Output tree data at t=13.80 Gyr (output 1 of 1)
44:     <- Finished tree
44:     -> Evolving tree number 97604 {1}
28:         Output tree data at t=13.80 Gyr (output 1 of 1)
28:     <- Finished tree
28:     -> Evolving tree number 97572 {1}
26:         Output tree data at t=13.80 Gyr (output 1 of 1)
26:     <- Finished tree
26:     Progress: 2382 trees processed; elapsed 17.36 h
10:         Output tree data at t=13.80 Gyr (output 1 of 1)
10:     <- Finished tree
26:     -> Evolving tree number 97478 {1}
10:     -> Evolving tree number 97590 {1}
18:         Output tree data at t=13.80 Gyr (output 1 of 1)
18:     <- Finished tree
34:         Output tree data at t=13.80 Gyr (output 1 of 1)
34:     <- Finished tree
18:     -> Evolving tree number 97534 {1}
34:     -> Evolving tree number 97566 {1}
14:         Output tree data at t=13.80 Gyr (output 1 of 1)
14:     <- Finished tree
14:     -> Evolving tree number 97538 {1}
39:         Output tree data at t=13.80 Gyr (output 1 of 1)
39:     <- Finished tree
39:     Progress: 2387 trees processed; elapsed 17.38 h
12:         Output tree data at t=13.80 Gyr (output 1 of 1)
12:     <- Finished tree
39:     -> Evolving tree number 97513 {1}
12:     -> Evolving tree number 97684 {1}
24:         Output tree data at t=13.80 Gyr (output 1 of 1)
24:     <- Finished tree
24:     -> Evolving tree number 97432 {1}
22:         Output tree data at t=13.80 Gyr (output 1 of 1)
22:     <- Finished tree
46:         Output tree data at t=13.80 Gyr (output 1 of 1)
46:     <- Finished tree
22:     -> Evolving tree number 97530 {1}
46:     -> Evolving tree number 97554 {1}
16:         Output tree data at t=13.80 Gyr (output 1 of 1)
16:     <- Finished tree
16:     Progress: 2392 trees processed; elapsed 17.40 h
16:     -> Evolving tree number 97488 {1}
09:         Output tree data at t=13.80 Gyr (output 1 of 1)
09:     <- Finished tree
11:         Output tree data at t=13.80 Gyr (output 1 of 1)
11:     <- Finished tree
09:     -> Evolving tree number 97591 {1}
11:     -> Evolving tree number 97589 {1}
03:         Output tree data at t=13.80 Gyr (output 1 of 1)
03:     <- Finished tree
03:     Progress: 2395 trees processed; elapsed 17.42 h
03:     -> Evolving tree number 97501 {1}
36:         Output tree data at t=13.80 Gyr (output 1 of 1)
36:     <- Finished tree
36:     -> Evolving tree number 97564 {1}
37:         Output tree data at t=13.80 Gyr (output 1 of 1)
37:     <- Finished tree
37:     -> Evolving tree number 97467 {1}
42:         Output tree data at t=13.80 Gyr (output 1 of 1)
42:     <- Finished tree
42:     Progress: 2398 trees processed; elapsed 17.48 h
42:     -> Evolving tree number 97606 {1}
30:         Output tree data at t=13.80 Gyr (output 1 of 1)
30:     <- Finished tree
30:     -> Evolving tree number 97474 {1}
45:         Output tree data at t=13.80 Gyr (output 1 of 1)
45:     <- Finished tree
45:     -> Evolving tree number 97651 {1}
23:         Output tree data at t=13.80 Gyr (output 1 of 1)
23:     <- Finished tree
35:         Output tree data at t=13.80 Gyr (output 1 of 1)
35:     <- Finished tree
23:     -> Evolving tree number 97529 {1}
35:     -> Evolving tree number 97565 {1}
01:         Output tree data at t=13.80 Gyr (output 1 of 1)
01:     <- Finished tree
01:     Progress: 2403 trees processed; elapsed 17.50 h
19:         Output tree data at t=13.80 Gyr (output 1 of 1)
19:     <- Finished tree
31:         Output tree data at t=13.80 Gyr (output 1 of 1)
01:     -> Evolving tree number 97695 {1}
31:     <- Finished tree
19:     -> Evolving tree number 97533 {1}
31:     -> Evolving tree number 97665 {1}
13:         Output tree data at t=13.80 Gyr (output 1 of 1)
13:     <- Finished tree
13:     Progress: 2406 trees processed; elapsed 17.51 h
13:     -> Evolving tree number 97587 {1}
40:         Output tree data at t=13.80 Gyr (output 1 of 1)
40:     <- Finished tree
40:     -> Evolving tree number 97560 {1}
05:         Output tree data at t=13.80 Gyr (output 1 of 1)
05:     <- Finished tree
05:     -> Evolving tree number 97547 {1}
15:         Output tree data at t=13.80 Gyr (output 1 of 1)
15:     <- Finished tree
15:     Progress: 2409 trees processed; elapsed 17.53 h
15:     -> Evolving tree number 97441 {1}
06:         Output tree data at t=13.80 Gyr (output 1 of 1)
06:     <- Finished tree
06:     -> Evolving tree number 97642 {1}
17:         Output tree data at t=13.80 Gyr (output 1 of 1)
17:     <- Finished tree
17:     Progress: 2411 trees processed; elapsed 17.56 h
17:     -> Evolving tree number 97535 {1}
21:         Output tree data at t=13.80 Gyr (output 1 of 1)
21:     <- Finished tree
21:     -> Evolving tree number 97627 {1}
08:         Output tree data at t=13.80 Gyr (output 1 of 1)
08:     <- Finished tree
08:     Progress: 2413 trees processed; elapsed 17.57 h
08:     -> Evolving tree number 97496 {1}
28:         Output tree data at t=13.80 Gyr (output 1 of 1)
28:     <- Finished tree
28:     -> Evolving tree number 97524 {1}
29:         Output tree data at t=13.80 Gyr (output 1 of 1)
29:     <- Finished tree
41:         Output tree data at t=13.80 Gyr (output 1 of 1)
41:     <- Finished tree
29:     -> Evolving tree number 97523 {1}
41:     -> Evolving tree number 97511 {1}
09:         Output tree data at t=13.80 Gyr (output 1 of 1)
09:     <- Finished tree
09:     Progress: 2417 trees processed; elapsed 17.60 h
09:     -> Evolving tree number 97543 {1}
27:         Output tree data at t=13.80 Gyr (output 1 of 1)
27:     <- Finished tree
27:     -> Evolving tree number 97477 {1}
12:         Output tree data at t=13.80 Gyr (output 1 of 1)
12:     <- Finished tree
12:     -> Evolving tree number 97636 {1}
34:         Output tree data at t=13.80 Gyr (output 1 of 1)
34:     <- Finished tree
34:     Progress: 2420 trees processed; elapsed 17.62 h
34:     -> Evolving tree number 97518 {1}
10:         Output tree data at t=13.80 Gyr (output 1 of 1)
10:     <- Finished tree
10:     -> Evolving tree number 97542 {1}
33:         Output tree data at t=13.80 Gyr (output 1 of 1)
33:     <- Finished tree
32:         Output tree data at t=13.80 Gyr (output 1 of 1)
32:     <- Finished tree
33:     -> Evolving tree number 97519 {1}
32:     -> Evolving tree number 97520 {1}
18:         Output tree data at t=13.80 Gyr (output 1 of 1)
18:     <- Finished tree
18:     Progress: 2424 trees processed; elapsed 17.64 h
18:     -> Evolving tree number 97486 {1}
11:         Output tree data at t=13.80 Gyr (output 1 of 1)
11:     <- Finished tree
11:     -> Evolving tree number 97541 {1}
00:         Output tree data at t=13.80 Gyr (output 1 of 1)
00:     <- Finished tree
00:     Progress: 2426 trees processed; elapsed 17.66 h
16:         Output tree data at t=13.80 Gyr (output 1 of 1)
16:     <- Finished tree
00:     -> Evolving tree number 97696 {1}
16:     -> Evolving tree number 97440 {1}
07:         Output tree data at t=13.80 Gyr (output 1 of 1)
07:     <- Finished tree
47:         Output tree data at t=13.80 Gyr (output 1 of 1)
47:     <- Finished tree
07:     -> Evolving tree number 97545 {1}
47:     -> Evolving tree number 97457 {1}
43:         Output tree data at t=13.80 Gyr (output 1 of 1)
43:     <- Finished tree
43:     -> Evolving tree number 97509 {1}
24:         Output tree data at t=13.80 Gyr (output 1 of 1)
24:     <- Finished tree
24:     Progress: 2431 trees processed; elapsed 17.69 h
24:     -> Evolving tree number 97384 {1}
25:         Output tree data at t=13.80 Gyr (output 1 of 1)
25:     <- Finished tree
26:         Output tree data at t=13.80 Gyr (output 1 of 1)
26:     <- Finished tree
25:     -> Evolving tree number 97575 {1}
26:     -> Evolving tree number 97430 {1}
44:         Output tree data at t=13.80 Gyr (output 1 of 1)
44:     <- Finished tree
44:     Progress: 2434 trees processed; elapsed 17.70 h
44:     -> Evolving tree number 97556 {1}
22:         Output tree data at t=13.80 Gyr (output 1 of 1)
22:     <- Finished tree
19:         Output tree data at t=13.80 Gyr (output 1 of 1)
19:     <- Finished tree
22:     -> Evolving tree number 97482 {1}
19:     -> Evolving tree number 97485 {1}
39:         Output tree data at t=13.80 Gyr (output 1 of 1)
39:     <- Finished tree
39:     Progress: 2437 trees processed; elapsed 17.72 h
36:         Output tree data at t=13.80 Gyr (output 1 of 1)
36:     <- Finished tree
39:     -> Evolving tree number 97465 {1}
36:     -> Evolving tree number 97516 {1}
02:         Output tree data at t=13.80 Gyr (output 1 of 1)
02:     <- Finished tree
02:     -> Evolving tree number 97502 {1}
38:         Output tree data at t=13.80 Gyr (output 1 of 1)
38:     <- Finished tree
38:     Progress: 2440 trees processed; elapsed 17.74 h
38:     -> Evolving tree number 97562 {1}
42:         Output tree data at t=13.80 Gyr (output 1 of 1)
42:     <- Finished tree
42:     -> Evolving tree number 97558 {1}
03:         Output tree data at t=13.80 Gyr (output 1 of 1)
03:     <- Finished tree
03:     -> Evolving tree number 97453 {1}
46:         Output tree data at t=13.80 Gyr (output 1 of 1)
46:     <- Finished tree
46:     Progress: 2443 trees processed; elapsed 17.77 h
46:     -> Evolving tree number 97506 {1}
14:         Output tree data at t=13.80 Gyr (output 1 of 1)
14:     <- Finished tree
14:     -> Evolving tree number 97490 {1}
23:         Output tree data at t=13.80 Gyr (output 1 of 1)
23:     <- Finished tree
04:         Output tree data at t=13.80 Gyr (output 1 of 1)
04:     <- Finished tree
04:     -> Evolving tree number 97548 {1}
23:     -> Evolving tree number 97481 {1}
20:         Output tree data at t=13.80 Gyr (output 1 of 1)
20:     <- Finished tree
20:     -> Evolving tree number 97484 {1}
35:         Output tree data at t=13.80 Gyr (output 1 of 1)
35:     <- Finished tree
35:     Progress: 2448 trees processed; elapsed 17.79 h
35:     -> Evolving tree number 97517 {1}
30:         Output tree data at t=13.80 Gyr (output 1 of 1)
30:     <- Finished tree
30:     -> Evolving tree number 97426 {1}
40:         Output tree data at t=13.80 Gyr (output 1 of 1)
40:     <- Finished tree
40:     Progress: 2450 trees processed; elapsed 17.82 h
40:     -> Evolving tree number 97512 {1}
05:         Output tree data at t=13.80 Gyr (output 1 of 1)
05:     <- Finished tree
05:     -> Evolving tree number 97499 {1}
13:         Output tree data at t=13.80 Gyr (output 1 of 1)
13:     <- Finished tree
13:     -> Evolving tree number 97539 {1}
45:         Output tree data at t=13.80 Gyr (output 1 of 1)
45:     <- Finished tree
45:     Progress: 2453 trees processed; elapsed 17.85 h
45:     -> Evolving tree number 97603 {1}
17:         Output tree data at t=13.80 Gyr (output 1 of 1)
17:     <- Finished tree
17:     -> Evolving tree number 97487 {1}
08:         Output tree data at t=13.80 Gyr (output 1 of 1)
08:     <- Finished tree
08:     Progress: 2455 trees processed; elapsed 17.87 h
08:     -> Evolving tree number 97448 {1}
06:         Output tree data at t=13.80 Gyr (output 1 of 1)
06:     <- Finished tree
06:     -> Evolving tree number 97594 {1}
37:         Output tree data at t=13.80 Gyr (output 1 of 1)
37:     <- Finished tree
37:     -> Evolving tree number 97419 {1}
28:         Output tree data at t=13.80 Gyr (output 1 of 1)
28:     <- Finished tree
28:     Progress: 2458 trees processed; elapsed 17.89 h
32:         Output tree data at t=13.80 Gyr (output 1 of 1)
32:     <- Finished tree
28:     -> Evolving tree number 97476 {1}
32:     -> Evolving tree number 97472 {1}
41:         Output tree data at t=13.80 Gyr (output 1 of 1)
41:     <- Finished tree
41:     -> Evolving tree number 97463 {1}
01:         Output tree data at t=13.80 Gyr (output 1 of 1)
01:     <- Finished tree
01:     Progress: 2461 trees processed; elapsed 17.92 h
01:     -> Evolving tree number 97647 {1}
12:         Output tree data at t=13.80 Gyr (output 1 of 1)
12:     <- Finished tree
12:     -> Evolving tree number 97588 {1}
31:         Output tree data at t=13.80 Gyr (output 1 of 1)
31:     <- Finished tree
31:     Progress: 2463 trees processed; elapsed 17.94 h
21:         Output tree data at t=13.80 Gyr (output 1 of 1)
21:     <- Finished tree
31:     -> Evolving tree number 97617 {1}
21:     -> Evolving tree number 97579 {1}
47:         Output tree data at t=13.80 Gyr (output 1 of 1)
47:     <- Finished tree
47:     -> Evolving tree number 97409 {1}
09:         Output tree data at t=13.80 Gyr (output 1 of 1)
09:     <- Finished tree
29:         Output tree data at t=13.80 Gyr (output 1 of 1)
29:     <- Finished tree
29:     Progress: 2467 trees processed; elapsed 17.96 h
09:     -> Evolving tree number 97495 {1}
29:     -> Evolving tree number 97475 {1}
16:         Output tree data at t=13.80 Gyr (output 1 of 1)
16:     <- Finished tree
16:     -> Evolving tree number 97392 {1}
15:         Output tree data at t=13.80 Gyr (output 1 of 1)
15:     <- Finished tree
15:     Progress: 2469 trees processed; elapsed 17.98 h
15:     -> Evolving tree number 97393 {1}
19:         Output tree data at t=13.80 Gyr (output 1 of 1)
19:     <- Finished tree
38:         Output tree data at t=13.80 Gyr (output 1 of 1)
38:     <- Finished tree
19:     -> Evolving tree number 97437 {1}
38:     -> Evolving tree number 97514 {1}
18:         Output tree data at t=13.80 Gyr (output 1 of 1)
18:     <- Finished tree
18:     -> Evolving tree number 97438 {1}
04:         Output tree data at t=13.80 Gyr (output 1 of 1)
04:     <- Finished tree
04:     Progress: 2473 trees processed; elapsed 18.00 h
26:         Output tree data at t=13.80 Gyr (output 1 of 1)
26:     <- Finished tree
04:     -> Evolving tree number 97500 {1}
42:         Output tree data at t=13.80 Gyr (output 1 of 1)
42:     <- Finished tree
26:     -> Evolving tree number 97382 {1}
42:     -> Evolving tree number 97510 {1}
11:         Output tree data at t=13.80 Gyr (output 1 of 1)
11:     <- Finished tree
22:         Output tree data at t=13.80 Gyr (output 1 of 1)
22:     <- Finished tree
11:     -> Evolving tree number 97493 {1}
27:         Output tree data at t=13.80 Gyr (output 1 of 1)
27:     <- Finished tree
22:     -> Evolving tree number 97434 {1}
27:     -> Evolving tree number 97429 {1}
36:         Output tree data at t=13.80 Gyr (output 1 of 1)
36:     <- Finished tree
36:     Progress: 2479 trees processed; elapsed 18.02 h
33:         Output tree data at t=13.80 Gyr (output 1 of 1)
33:     <- Finished tree
36:     -> Evolving tree number 97468 {1}
02:         Output tree data at t=13.80 Gyr (output 1 of 1)
02:     <- Finished tree
33:     -> Evolving tree number 97471 {1}
02:     -> Evolving tree number 97454 {1}
07:         Output tree data at t=13.80 Gyr (output 1 of 1)
07:     <- Finished tree
07:     Progress: 2482 trees processed; elapsed 18.05 h
10:         Output tree data at t=13.80 Gyr (output 1 of 1)
10:     <- Finished tree
07:     -> Evolving tree number 97497 {1}
10:     -> Evolving tree number 97494 {1}
14:         Output tree data at t=13.80 Gyr (output 1 of 1)
14:     <- Finished tree
43:         Output tree data at t=13.80 Gyr (output 1 of 1)
43:     <- Finished tree
43:     Progress: 2485 trees processed; elapsed 18.06 h
14:     -> Evolving tree number 97442 {1}
43:     -> Evolving tree number 97461 {1}
44:         Output tree data at t=13.80 Gyr (output 1 of 1)
44:     <- Finished tree
44:     -> Evolving tree number 97508 {1}
34:         Output tree data at t=13.80 Gyr (output 1 of 1)
34:     <- Finished tree
34:     Progress: 2487 trees processed; elapsed 18.09 h
34:     -> Evolving tree number 97470 {1}
37:         Output tree data at t=13.80 Gyr (output 1 of 1)
37:     <- Finished tree
37:     -> Evolving tree number 97371 {1}
00:         Output tree data at t=13.80 Gyr (output 1 of 1)
00:     <- Finished tree
00:     Progress: 2489 trees processed; elapsed 18.11 h
00:     -> Evolving tree number 97648 {1}
13:         Output tree data at t=13.80 Gyr (output 1 of 1)
13:     <- Finished tree
13:     -> Evolving tree number 97491 {1}
30:         Output tree data at t=13.80 Gyr (output 1 of 1)
30:     <- Finished tree
30:     -> Evolving tree number 97378 {1}
24:         Output tree data at t=13.80 Gyr (output 1 of 1)
24:     <- Finished tree
24:     Progress: 2492 trees processed; elapsed 18.14 h
24:     -> Evolving tree number 97336 {1}
32:         Output tree data at t=13.80 Gyr (output 1 of 1)
32:     <- Finished tree
32:     -> Evolving tree number 97424 {1}
05:         Output tree data at t=13.80 Gyr (output 1 of 1)
05:     <- Finished tree
05:     Progress: 2494 trees processed; elapsed 18.17 h
05:     -> Evolving tree number 97451 {1}
03:         Output tree data at t=13.80 Gyr (output 1 of 1)
03:     <- Finished tree
03:     -> Evolving tree number 97405 {1}
23:         Output tree data at t=13.80 Gyr (output 1 of 1)
23:     <- Finished tree
23:     -> Evolving tree number 97433 {1}
25:         Output tree data at t=13.80 Gyr (output 1 of 1)
25:     <- Finished tree
25:     Progress: 2497 trees processed; elapsed 18.18 h
39:         Output tree data at t=13.80 Gyr (output 1 of 1)
39:     <- Finished tree
46:         Output tree data at t=13.80 Gyr (output 1 of 1)
46:     <- Finished tree
25:     -> Evolving tree number 97527 {1}
39:     -> Evolving tree number 97417 {1}
46:     -> Evolving tree number 97458 {1}
28:         Output tree data at t=13.80 Gyr (output 1 of 1)
28:     <- Finished tree
28:     -> Evolving tree number 97428 {1}
40:         Output tree data at t=13.80 Gyr (output 1 of 1)
40:     <- Finished tree
40:     -> Evolving tree number 97464 {1}
20:         Output tree data at t=13.80 Gyr (output 1 of 1)
20:     <- Finished tree
20:     -> Evolving tree number 97436 {1}
06:         Output tree data at t=13.80 Gyr (output 1 of 1)
06:     <- Finished tree
06:     Progress: 2503 trees processed; elapsed 18.20 h
06:     -> Evolving tree number 97546 {1}
31:         Output tree data at t=13.80 Gyr (output 1 of 1)
31:     <- Finished tree
31:     -> Evolving tree number 97569 {1}
45:         Output tree data at t=13.80 Gyr (output 1 of 1)
45:     <- Finished tree
08:         Output tree data at t=13.80 Gyr (output 1 of 1)
08:     <- Finished tree
08:     Progress: 2506 trees processed; elapsed 18.22 h
45:     -> Evolving tree number 97555 {1}
08:     -> Evolving tree number 97400 {1}
19:         Output tree data at t=13.80 Gyr (output 1 of 1)
19:     <- Finished tree
17:         Output tree data at t=13.80 Gyr (output 1 of 1)
17:     <- Finished tree
17:     Progress: 2508 trees processed; elapsed 18.24 h
19:     -> Evolving tree number 97389 {1}
17:     -> Evolving tree number 97439 {1}
42:         Output tree data at t=13.80 Gyr (output 1 of 1)
42:     <- Finished tree
42:     -> Evolving tree number 97462 {1}
16:         Output tree data at t=13.80 Gyr (output 1 of 1)
16:     <- Finished tree
16:     Progress: 2510 trees processed; elapsed 18.28 h
16:     -> Evolving tree number 97344 {1}
47:         Output tree data at t=13.80 Gyr (output 1 of 1)
47:     <- Finished tree
47:     -> Evolving tree number 97361 {1}
29:         Output tree data at t=13.80 Gyr (output 1 of 1)
29:     <- Finished tree
29:     -> Evolving tree number 97427 {1}
38:         Output tree data at t=13.80 Gyr (output 1 of 1)
38:     <- Finished tree
38:     Progress: 2513 trees processed; elapsed 18.31 h
38:     -> Evolving tree number 97466 {1}
04:         Output tree data at t=13.80 Gyr (output 1 of 1)
04:     <- Finished tree
04:     -> Evolving tree number 97452 {1}
09:         Output tree data at t=13.80 Gyr (output 1 of 1)
09:     <- Finished tree
09:     Progress: 2515 trees processed; elapsed 18.33 h
09:     -> Evolving tree number 97447 {1}
18:         Output tree data at t=13.80 Gyr (output 1 of 1)
18:     <- Finished tree
41:         Output tree data at t=13.80 Gyr (output 1 of 1)
41:     <- Finished tree
18:     -> Evolving tree number 97390 {1}
41:     -> Evolving tree number 97415 {1}
00:         Output tree data at t=13.80 Gyr (output 1 of 1)
00:     <- Finished tree
00:     -> Evolving tree number 97600 {1}
33:         Output tree data at t=13.80 Gyr (output 1 of 1)
33:     <- Finished tree
33:     Progress: 2519 trees processed; elapsed 18.35 h
33:     -> Evolving tree number 97423 {1}
26:         Output tree data at t=13.80 Gyr (output 1 of 1)
26:     <- Finished tree
35:         Output tree data at t=13.80 Gyr (output 1 of 1)
35:     <- Finished tree
26:     -> Evolving tree number 97334 {1}
35:     -> Evolving tree number 97469 {1}
37:         Output tree data at t=13.80 Gyr (output 1 of 1)
37:     <- Finished tree
37:     -> Evolving tree number 97323 {1}
44:         Output tree data at t=13.80 Gyr (output 1 of 1)
44:     <- Finished tree
44:     Progress: 2523 trees processed; elapsed 18.36 h
21:         Output tree data at t=13.80 Gyr (output 1 of 1)
21:     <- Finished tree
44:     -> Evolving tree number 97460 {1}
21:     -> Evolving tree number 97531 {1}
39:         Output tree data at t=13.80 Gyr (output 1 of 1)
39:     <- Finished tree
39:     Progress: 2525 trees processed; elapsed 18.38 h
15:         Output tree data at t=13.80 Gyr (output 1 of 1)
15:     <- Finished tree
39:     -> Evolving tree number 97369 {1}
15:     -> Evolving tree number 97345 {1}
05:         Output tree data at t=13.80 Gyr (output 1 of 1)
05:     <- Finished tree
13:         Output tree data at t=13.80 Gyr (output 1 of 1)
13:     <- Finished tree
13:     Progress: 2528 trees processed; elapsed 18.40 h
05:     -> Evolving tree number 97403 {1}
13:     -> Evolving tree number 97443 {1}
01:         Output tree data at t=13.80 Gyr (output 1 of 1)
01:     <- Finished tree
14:         Output tree data at t=13.80 Gyr (output 1 of 1)
14:     <- Finished tree
01:     -> Evolving tree number 97599 {1}
36:         Output tree data at t=13.80 Gyr (output 1 of 1)
36:     <- Finished tree
14:     -> Evolving tree number 97394 {1}
12:         Output tree data at t=13.80 Gyr (output 1 of 1)
12:     <- Finished tree
12:     Progress: 2532 trees processed; elapsed 18.42 h
36:     -> Evolving tree number 97420 {1}
12:     -> Evolving tree number 97540 {1}
16:         Output tree data at t=13.80 Gyr (output 1 of 1)
16:     <- Finished tree
16:     Progress: 2533 trees processed; elapsed 18.44 h
16:     -> Evolving tree number 97296 {1}
46:         Output tree data at t=13.80 Gyr (output 1 of 1)
46:     <- Finished tree
46:     -> Evolving tree number 97410 {1}
23:         Output tree data at t=13.80 Gyr (output 1 of 1)
23:     <- Finished tree
27:         Output tree data at t=13.80 Gyr (output 1 of 1)
27:     <- Finished tree
27:     Progress: 2536 trees processed; elapsed 18.45 h
23:     -> Evolving tree number 97385 {1}
34:         Output tree data at t=13.80 Gyr (output 1 of 1)
34:     <- Finished tree
27:     -> Evolving tree number 97381 {1}
34:     -> Evolving tree number 97422 {1}
22:         Output tree data at t=13.80 Gyr (output 1 of 1)
22:     <- Finished tree
22:     Progress: 2538 trees processed; elapsed 18.48 h
22:     -> Evolving tree number 97386 {1}
02:         Output tree data at t=13.80 Gyr (output 1 of 1)
02:     <- Finished tree
25:         Output tree data at t=13.80 Gyr (output 1 of 1)
25:     <- Finished tree
25:     Progress: 2540 trees processed; elapsed 18.50 h
06:         Output tree data at t=13.80 Gyr (output 1 of 1)
06:     <- Finished tree
02:     -> Evolving tree number 97406 {1}
25:     -> Evolving tree number 97479 {1}
06:     -> Evolving tree number 97498 {1}
11:         Output tree data at t=13.80 Gyr (output 1 of 1)
11:     <- Finished tree
40:         Output tree data at t=13.80 Gyr (output 1 of 1)
40:     <- Finished tree
11:     -> Evolving tree number 97445 {1}
40:     -> Evolving tree number 97416 {1}
08:         Output tree data at t=13.80 Gyr (output 1 of 1)
08:     <- Finished tree
08:     Progress: 2544 trees processed; elapsed 18.53 h
08:     -> Evolving tree number 97352 {1}
28:         Output tree data at t=13.80 Gyr (output 1 of 1)
28:     <- Finished tree
28:     -> Evolving tree number 97380 {1}
07:         Output tree data at t=13.80 Gyr (output 1 of 1)
07:     <- Finished tree
07:     -> Evolving tree number 97449 {1}
03:         Output tree data at t=13.80 Gyr (output 1 of 1)
03:     <- Finished tree
43:         Output tree data at t=13.80 Gyr (output 1 of 1)
43:     <- Finished tree
03:     -> Evolving tree number 97357 {1}
43:     -> Evolving tree number 97413 {1}
19:         Output tree data at t=13.80 Gyr (output 1 of 1)
19:     <- Finished tree
19:     Progress: 2549 trees processed; elapsed 18.54 h
19:     -> Evolving tree number 97341 {1}
24:         Output tree data at t=13.80 Gyr (output 1 of 1)
24:     <- Finished tree
24:     -> Evolving tree number 97288 {1}
10:         Output tree data at t=13.80 Gyr (output 1 of 1)
10:     <- Finished tree
10:     Progress: 2551 trees processed; elapsed 18.57 h
10:     -> Evolving tree number 97446 {1}
29:         Output tree data at t=13.80 Gyr (output 1 of 1)
29:     <- Finished tree
29:     -> Evolving tree number 97379 {1}
42:         Output tree data at t=13.80 Gyr (output 1 of 1)
42:     <- Finished tree
42:     -> Evolving tree number 97414 {1}
14:         Output tree data at t=13.80 Gyr (output 1 of 1)
14:     <- Finished tree
14:     Progress: 2554 trees processed; elapsed 18.59 h
32:         Output tree data at t=13.80 Gyr (output 1 of 1)
32:     <- Finished tree
14:     -> Evolving tree number 97346 {1}
32:     -> Evolving tree number 97376 {1}
47:         Output tree data at t=13.80 Gyr (output 1 of 1)
47:     <- Finished tree
47:     Progress: 2556 trees processed; elapsed 18.61 h
47:     -> Evolving tree number 97313 {1}
20:         Output tree data at t=13.80 Gyr (output 1 of 1)
20:     <- Finished tree
20:     -> Evolving tree number 97388 {1}
31:         Output tree data at t=13.80 Gyr (output 1 of 1)
31:     <- Finished tree
31:     -> Evolving tree number 97521 {1}
41:         Output tree data at t=13.80 Gyr (output 1 of 1)
41:     <- Finished tree
41:     -> Evolving tree number 97367 {1}
00:         Output tree data at t=13.80 Gyr (output 1 of 1)
00:     <- Finished tree
00:     Progress: 2560 trees processed; elapsed 18.63 h
00:     -> Evolving tree number 97552 {1}
33:         Output tree data at t=13.80 Gyr (output 1 of 1)
33:     <- Finished tree
33:     -> Evolving tree number 97375 {1}
13:         Output tree data at t=13.80 Gyr (output 1 of 1)
13:     <- Finished tree
13:     -> Evolving tree number 97395 {1}
30:         Output tree data at t=13.80 Gyr (output 1 of 1)
30:     <- Finished tree
30:     Progress: 2563 trees processed; elapsed 18.66 h
30:     -> Evolving tree number 97330 {1}
15:         Output tree data at t=13.80 Gyr (output 1 of 1)
15:     <- Finished tree
15:     -> Evolving tree number 97297 {1}
09:         Output tree data at t=13.80 Gyr (output 1 of 1)
09:     <- Finished tree
38:         Output tree data at t=13.80 Gyr (output 1 of 1)
38:     <- Finished tree
09:     -> Evolving tree number 97399 {1}
38:     -> Evolving tree number 97418 {1}
45:         Output tree data at t=13.80 Gyr (output 1 of 1)
45:     <- Finished tree
45:     Progress: 2567 trees processed; elapsed 18.68 h
45:     -> Evolving tree number 97507 {1}
18:         Output tree data at t=13.80 Gyr (output 1 of 1)
18:     <- Finished tree
18:     -> Evolving tree number 97342 {1}
17:         Output tree data at t=13.80 Gyr (output 1 of 1)
17:     <- Finished tree
17:     Progress: 2569 trees processed; elapsed 18.69 h
26:         Output tree data at t=13.80 Gyr (output 1 of 1)
26:     <- Finished tree
17:     -> Evolving tree number 97391 {1}
26:     -> Evolving tree number 97286 {1}
39:         Output tree data at t=13.80 Gyr (output 1 of 1)
39:     <- Finished tree
39:     Progress: 2571 trees processed; elapsed 18.71 h
39:     -> Evolving tree number 97321 {1}
04:         Output tree data at t=13.80 Gyr (output 1 of 1)
04:     <- Finished tree
04:     -> Evolving tree number 97404 {1}
35:         Output tree data at t=13.80 Gyr (output 1 of 1)
35:     <- Finished tree
35:     -> Evolving tree number 97421 {1}
37:         Output tree data at t=13.80 Gyr (output 1 of 1)
37:     <- Finished tree
37:     -> Evolving tree number 97275 {1}
05:         Output tree data at t=13.80 Gyr (output 1 of 1)
05:     <- Finished tree
05:     Progress: 2575 trees processed; elapsed 18.74 h
05:     -> Evolving tree number 97355 {1}
01:         Output tree data at t=13.80 Gyr (output 1 of 1)
01:     <- Finished tree
01:     -> Evolving tree number 97551 {1}
12:         Output tree data at t=13.80 Gyr (output 1 of 1)
12:     <- Finished tree
12:     -> Evolving tree number 97492 {1}
25:         Output tree data at t=13.80 Gyr (output 1 of 1)
25:     <- Finished tree
25:     Progress: 2578 trees processed; elapsed 18.76 h
25:     -> Evolving tree number 97431 {1}
22:         Output tree data at t=13.80 Gyr (output 1 of 1)
22:     <- Finished tree
22:     -> Evolving tree number 97338 {1}
16:         Output tree data at t=13.80 Gyr (output 1 of 1)
16:     <- Finished tree
16:     -> Evolving tree number 97248 {1}
34:         Output tree data at t=13.80 Gyr (output 1 of 1)
34:     <- Finished tree
34:     Progress: 2581 trees processed; elapsed 18.78 h
34:     -> Evolving tree number 97374 {1}
23:         Output tree data at t=13.80 Gyr (output 1 of 1)
23:     <- Finished tree
23:     -> Evolving tree number 97337 {1}
36:         Output tree data at t=13.80 Gyr (output 1 of 1)
36:     <- Finished tree
36:     Progress: 2583 trees processed; elapsed 18.80 h
27:         Output tree data at t=13.80 Gyr (output 1 of 1)
27:     <- Finished tree
36:     -> Evolving tree number 97372 {1}
27:     -> Evolving tree number 97333 {1}
02:         Output tree data at t=13.80 Gyr (output 1 of 1)
02:     <- Finished tree
02:     -> Evolving tree number 97358 {1}
21:         Output tree data at t=13.80 Gyr (output 1 of 1)
21:     <- Finished tree
21:     Progress: 2586 trees processed; elapsed 18.82 h
21:     -> Evolving tree number 97483 {1}
44:         Output tree data at t=13.80 Gyr (output 1 of 1)
44:     <- Finished tree
44:     -> Evolving tree number 97412 {1}
46:         Output tree data at t=13.80 Gyr (output 1 of 1)
46:     <- Finished tree
46:     -> Evolving tree number 97362 {1}
40:         Output tree data at t=13.80 Gyr (output 1 of 1)
40:     <- Finished tree
40:     Progress: 2589 trees processed; elapsed 18.85 h
03:         Output tree data at t=13.80 Gyr (output 1 of 1)
03:     <- Finished tree
40:     -> Evolving tree number 97368 {1}
11:         Output tree data at t=13.80 Gyr (output 1 of 1)
11:     <- Finished tree
03:     -> Evolving tree number 97309 {1}
11:     -> Evolving tree number 97397 {1}
08:         Output tree data at t=13.80 Gyr (output 1 of 1)
08:     <- Finished tree
08:     -> Evolving tree number 97304 {1}
07:         Output tree data at t=13.80 Gyr (output 1 of 1)
07:     <- Finished tree
07:     Progress: 2593 trees processed; elapsed 18.88 h
07:     -> Evolving tree number 97401 {1}
06:         Output tree data at t=13.80 Gyr (output 1 of 1)
06:     <- Finished tree
06:     -> Evolving tree number 97450 {1}
43:         Output tree data at t=13.80 Gyr (output 1 of 1)
43:     <- Finished tree
43:     Progress: 2595 trees processed; elapsed 18.91 h
43:     -> Evolving tree number 97365 {1}
32:         Output tree data at t=13.80 Gyr (output 1 of 1)
32:     <- Finished tree
32:     Progress: 2596 trees processed; elapsed 18.95 h
32:     -> Evolving tree number 97328 {1}
28:         Output tree data at t=13.80 Gyr (output 1 of 1)
28:     <- Finished tree
28:     -> Evolving tree number 97332 {1}
18:         Output tree data at t=13.80 Gyr (output 1 of 1)
18:     <- Finished tree
10:         Output tree data at t=13.80 Gyr (output 1 of 1)
10:     <- Finished tree
18:     -> Evolving tree number 97294 {1}
10:     -> Evolving tree number 97398 {1}
42:         Output tree data at t=13.80 Gyr (output 1 of 1)
42:     <- Finished tree
42:     -> Evolving tree number 97366 {1}
19:         Output tree data at t=13.80 Gyr (output 1 of 1)
19:     <- Finished tree
19:     Progress: 2601 trees processed; elapsed 18.97 h
19:     -> Evolving tree number 97293 {1}
29:         Output tree data at t=13.80 Gyr (output 1 of 1)
29:     <- Finished tree
29:     Progress: 2602 trees processed; elapsed 18.99 h
04:         Output tree data at t=13.80 Gyr (output 1 of 1)
04:     <- Finished tree
29:     -> Evolving tree number 97331 {1}
04:     -> Evolving tree number 97356 {1}
20:         Output tree data at t=13.80 Gyr (output 1 of 1)
20:     <- Finished tree
31:         Output tree data at t=13.80 Gyr (output 1 of 1)
31:     <- Finished tree
47:         Output tree data at t=13.80 Gyr (output 1 of 1)
47:     <- Finished tree
34:         Output tree data at t=13.80 Gyr (output 1 of 1)
34:     <- Finished tree
20:     -> Evolving tree number 97340 {1}
47:     -> Evolving tree number 97265 {1}
31:     -> Evolving tree number 97473 {1}
34:     -> Evolving tree number 97326 {1}
24:         Output tree data at t=13.80 Gyr (output 1 of 1)
24:     <- Finished tree
24:     -> Evolving tree number 97240 {1}
30:         Output tree data at t=13.80 Gyr (output 1 of 1)
30:     <- Finished tree
30:     Progress: 2609 trees processed; elapsed 19.03 h
17:         Output tree data at t=13.80 Gyr (output 1 of 1)
17:     <- Finished tree
30:     -> Evolving tree number 97282 {1}
13:         Output tree data at t=13.80 Gyr (output 1 of 1)
13:     <- Finished tree
17:     -> Evolving tree number 97343 {1}
26:         Output tree data at t=13.80 Gyr (output 1 of 1)
26:     <- Finished tree
15:         Output tree data at t=13.80 Gyr (output 1 of 1)
15:     <- Finished tree
13:     -> Evolving tree number 97347 {1}
26:     -> Evolving tree number 97238 {1}
15:     -> Evolving tree number 97249 {1}
44:         Output tree data at t=13.80 Gyr (output 1 of 1)
44:     <- Finished tree
33:         Output tree data at t=13.80 Gyr (output 1 of 1)
33:     <- Finished tree
44:     -> Evolving tree number 97364 {1}
33:     -> Evolving tree number 97327 {1}
16:         Output tree data at t=13.80 Gyr (output 1 of 1)
16:     <- Finished tree
16:     Progress: 2616 trees processed; elapsed 19.06 h
16:     -> Evolving tree number 97200 {1}
46:         Output tree data at t=13.80 Gyr (output 1 of 1)
46:     <- Finished tree
46:     -> Evolving tree number 97314 {1}
09:         Output tree data at t=13.80 Gyr (output 1 of 1)
09:     <- Finished tree
09:     -> Evolving tree number 97351 {1}
00:         Output tree data at t=13.80 Gyr (output 1 of 1)
00:     <- Finished tree
00:     Progress: 2619 trees processed; elapsed 19.08 h
00:     -> Evolving tree number 97504 {1}
23:         Output tree data at t=13.80 Gyr (output 1 of 1)
23:     <- Finished tree
23:     -> Evolving tree number 97289 {1}
14:         Output tree data at t=13.80 Gyr (output 1 of 1)
14:     <- Finished tree
39:         Output tree data at t=13.80 Gyr (output 1 of 1)
39:     <- Finished tree
14:     -> Evolving tree number 97298 {1}
39:     -> Evolving tree number 97273 {1}
22:         Output tree data at t=13.80 Gyr (output 1 of 1)
22:     <- Finished tree
22:     -> Evolving tree number 97290 {1}
12:         Output tree data at t=13.80 Gyr (output 1 of 1)
12:     <- Finished tree
12:     Progress: 2624 trees processed; elapsed 19.11 h
12:     -> Evolving tree number 97444 {1}
38:         Output tree data at t=13.80 Gyr (output 1 of 1)
38:     <- Finished tree
35:         Output tree data at t=13.80 Gyr (output 1 of 1)
35:     <- Finished tree
38:     -> Evolving tree number 97370 {1}
35:     -> Evolving tree number 97373 {1}
45:         Output tree data at t=13.80 Gyr (output 1 of 1)
45:     <- Finished tree
45:     Progress: 2627 trees processed; elapsed 19.13 h
45:     -> Evolving tree number 97459 {1}
25:         Output tree data at t=13.80 Gyr (output 1 of 1)
25:     <- Finished tree
25:     Progress: 2628 trees processed; elapsed 19.15 h
37:         Output tree data at t=13.80 Gyr (output 1 of 1)
37:     <- Finished tree
25:     -> Evolving tree number 97383 {1}
37:     -> Evolving tree number 97227 {1}
11:         Output tree data at t=13.80 Gyr (output 1 of 1)
11:     <- Finished tree
11:     -> Evolving tree number 97349 {1}
07:         Output tree data at t=13.80 Gyr (output 1 of 1)
07:     <- Finished tree
07:     Progress: 2631 trees processed; elapsed 19.17 h
01:         Output tree data at t=13.80 Gyr (output 1 of 1)
01:     <- Finished tree
07:     -> Evolving tree number 97353 {1}
01:     -> Evolving tree number 97503 {1}
40:         Output tree data at t=13.80 Gyr (output 1 of 1)
40:     <- Finished tree
40:     -> Evolving tree number 97320 {1}
18:         Output tree data at t=13.80 Gyr (output 1 of 1)
18:     <- Finished tree
18:     Progress: 2634 trees processed; elapsed 19.19 h
21:         Output tree data at t=13.80 Gyr (output 1 of 1)
21:     <- Finished tree
18:     -> Evolving tree number 97246 {1}
36:         Output tree data at t=13.80 Gyr (output 1 of 1)
36:     <- Finished tree
21:     -> Evolving tree number 97435 {1}
36:     -> Evolving tree number 97324 {1}
47:         Output tree data at t=13.80 Gyr (output 1 of 1)
47:     <- Finished tree
47:     Progress: 2637 trees processed; elapsed 19.21 h
47:     -> Evolving tree number 97217 {1}
41:         Output tree data at t=13.80 Gyr (output 1 of 1)
41:     <- Finished tree
03:         Output tree data at t=13.80 Gyr (output 1 of 1)
03:     <- Finished tree
41:     -> Evolving tree number 97319 {1}
03:     -> Evolving tree number 97261 {1}
27:         Output tree data at t=13.80 Gyr (output 1 of 1)
27:     <- Finished tree
27:     Progress: 2640 trees processed; elapsed 19.23 h
27:     -> Evolving tree number 97285 {1}
08:         Output tree data at t=13.80 Gyr (output 1 of 1)
08:     <- Finished tree
08:     -> Evolving tree number 97256 {1}
05:         Output tree data at t=13.80 Gyr (output 1 of 1)
05:     <- Finished tree
05:     Progress: 2642 trees processed; elapsed 19.25 h
05:     -> Evolving tree number 97307 {1}
46:         Output tree data at t=13.80 Gyr (output 1 of 1)
46:     <- Finished tree
04:         Output tree data at t=13.80 Gyr (output 1 of 1)
04:     <- Finished tree
46:     -> Evolving tree number 97266 {1}
42:         Output tree data at t=13.80 Gyr (output 1 of 1)
42:     <- Finished tree
04:     -> Evolving tree number 97308 {1}
42:     -> Evolving tree number 97318 {1}
43:         Output tree data at t=13.80 Gyr (output 1 of 1)
43:     <- Finished tree
19:         Output tree data at t=13.80 Gyr (output 1 of 1)
19:     <- Finished tree
43:     -> Evolving tree number 97317 {1}
19:     -> Evolving tree number 97245 {1}
29:         Output tree data at t=13.80 Gyr (output 1 of 1)
29:     <- Finished tree
28:         Output tree data at t=13.80 Gyr (output 1 of 1)
28:     <- Finished tree
29:     -> Evolving tree number 97283 {1}
28:     -> Evolving tree number 97284 {1}
02:         Output tree data at t=13.80 Gyr (output 1 of 1)
02:     <- Finished tree
02:     Progress: 2650 trees processed; elapsed 19.27 h
02:     -> Evolving tree number 97310 {1}
32:         Output tree data at t=13.80 Gyr (output 1 of 1)
32:     <- Finished tree
32:     Progress: 2651 trees processed; elapsed 19.30 h
32:     -> Evolving tree number 97280 {1}
10:         Output tree data at t=13.80 Gyr (output 1 of 1)
10:     <- Finished tree
10:     Progress: 2652 trees processed; elapsed 19.32 h
10:     -> Evolving tree number 97350 {1}
16:         Output tree data at t=13.80 Gyr (output 1 of 1)
16:     <- Finished tree
16:     -> Evolving tree number 97152 {1}
44:         Output tree data at t=13.80 Gyr (output 1 of 1)
44:     <- Finished tree
44:     -> Evolving tree number 97316 {1}
15:         Output tree data at t=13.80 Gyr (output 1 of 1)
15:     <- Finished tree
15:     Progress: 2655 trees processed; elapsed 19.35 h
15:     -> Evolving tree number 97201 {1}
06:         Output tree data at t=13.80 Gyr (output 1 of 1)
06:     <- Finished tree
09:         Output tree data at t=13.80 Gyr (output 1 of 1)
09:     <- Finished tree
06:     -> Evolving tree number 97402 {1}
09:     -> Evolving tree number 97303 {1}
00:         Output tree data at t=13.80 Gyr (output 1 of 1)
00:     <- Finished tree
00:     -> Evolving tree number 97456 {1}
23:         Output tree data at t=13.80 Gyr (output 1 of 1)
23:     <- Finished tree
23:     Progress: 2659 trees processed; elapsed 19.37 h
23:     -> Evolving tree number 97241 {1}
34:         Output tree data at t=13.80 Gyr (output 1 of 1)
34:     <- Finished tree
24:         Output tree data at t=13.80 Gyr (output 1 of 1)
24:     <- Finished tree
25:         Output tree data at t=13.80 Gyr (output 1 of 1)
25:     <- Finished tree
34:     -> Evolving tree number 97278 {1}
24:     -> Evolving tree number 97192 {1}
25:     -> Evolving tree number 97335 {1}
14:         Output tree data at t=13.80 Gyr (output 1 of 1)
14:     <- Finished tree
14:     Progress: 2663 trees processed; elapsed 19.39 h
14:     -> Evolving tree number 97250 {1}
38:         Output tree data at t=13.80 Gyr (output 1 of 1)
38:     <- Finished tree
38:     -> Evolving tree number 97322 {1}
13:         Output tree data at t=13.80 Gyr (output 1 of 1)
13:     <- Finished tree
13:     -> Evolving tree number 97299 {1}
20:         Output tree data at t=13.80 Gyr (output 1 of 1)
20:     <- Finished tree
20:     Progress: 2666 trees processed; elapsed 19.42 h
20:     -> Evolving tree number 97292 {1}
30:         Output tree data at t=13.80 Gyr (output 1 of 1)
30:     <- Finished tree
30:     -> Evolving tree number 97234 {1}
35:         Output tree data at t=13.80 Gyr (output 1 of 1)
35:     <- Finished tree
35:     Progress: 2668 trees processed; elapsed 19.44 h
01:         Output tree data at t=13.80 Gyr (output 1 of 1)
01:     <- Finished tree
35:     -> Evolving tree number 97325 {1}
01:     -> Evolving tree number 97455 {1}
11:         Output tree data at t=13.80 Gyr (output 1 of 1)
11:     <- Finished tree
11:     Progress: 2670 trees processed; elapsed 19.47 h
41:         Output tree data at t=13.80 Gyr (output 1 of 1)
41:     <- Finished tree
11:     -> Evolving tree number 97301 {1}
31:         Output tree data at t=13.80 Gyr (output 1 of 1)
31:     <- Finished tree
41:     -> Evolving tree number 97271 {1}
31:     -> Evolving tree number 97425 {1}
26:         Output tree data at t=13.80 Gyr (output 1 of 1)
26:     <- Finished tree
37:         Output tree data at t=13.80 Gyr (output 1 of 1)
37:     <- Finished tree
26:     -> Evolving tree number 97190 {1}
37:     -> Evolving tree number 97179 {1}
05:         Output tree data at t=13.80 Gyr (output 1 of 1)
05:     <- Finished tree
05:     -> Evolving tree number 97259 {1}
39:         Output tree data at t=13.80 Gyr (output 1 of 1)
39:     <- Finished tree
39:     Progress: 2676 trees processed; elapsed 19.48 h
39:     -> Evolving tree number 97225 {1}
21:         Output tree data at t=13.80 Gyr (output 1 of 1)
21:     <- Finished tree
21:     -> Evolving tree number 97387 {1}
42:         Output tree data at t=13.80 Gyr (output 1 of 1)
42:     <- Finished tree
42:     Progress: 2678 trees processed; elapsed 19.50 h
42:     -> Evolving tree number 97270 {1}
43:         Output tree data at t=13.80 Gyr (output 1 of 1)
43:     <- Finished tree
43:     Progress: 2679 trees processed; elapsed 19.52 h
43:     -> Evolving tree number 97269 {1}
33:         Output tree data at t=13.80 Gyr (output 1 of 1)
33:     <- Finished tree
33:     -> Evolving tree number 97279 {1}
07:         Output tree data at t=13.80 Gyr (output 1 of 1)
07:     <- Finished tree
47:         Output tree data at t=13.80 Gyr (output 1 of 1)
47:     <- Finished tree
07:     -> Evolving tree number 97305 {1}
47:     -> Evolving tree number 97169 {1}
18:         Output tree data at t=13.80 Gyr (output 1 of 1)
18:     <- Finished tree
18:     -> Evolving tree number 97198 {1}
17:         Output tree data at t=13.80 Gyr (output 1 of 1)
17:     <- Finished tree
17:     Progress: 2684 trees processed; elapsed 19.56 h
17:     -> Evolving tree number 97295 {1}
29:         Output tree data at t=13.80 Gyr (output 1 of 1)
29:     <- Finished tree
29:     -> Evolving tree number 97235 {1}
22:         Output tree data at t=13.80 Gyr (output 1 of 1)
22:     <- Finished tree
22:     -> Evolving tree number 97242 {1}
04:         Output tree data at t=13.80 Gyr (output 1 of 1)
04:     <- Finished tree
04:     Progress: 2687 trees processed; elapsed 19.58 h
04:     -> Evolving tree number 97260 {1}
12:         Output tree data at t=13.80 Gyr (output 1 of 1)
12:     <- Finished tree
12:     -> Evolving tree number 97396 {1}
32:         Output tree data at t=13.80 Gyr (output 1 of 1)
32:     <- Finished tree
32:     -> Evolving tree number 97232 {1}
24:         Output tree data at t=13.80 Gyr (output 1 of 1)
24:     <- Finished tree
24:     -> Evolving tree number 97144 {1}
06:         Output tree data at t=13.80 Gyr (output 1 of 1)
06:     <- Finished tree
06:     Progress: 2691 trees processed; elapsed 19.60 h
06:     -> Evolving tree number 97354 {1}
40:         Output tree data at t=13.80 Gyr (output 1 of 1)
40:     <- Finished tree
40:     -> Evolving tree number 97272 {1}
00:         Output tree data at t=13.80 Gyr (output 1 of 1)
00:     <- Finished tree
00:     -> Evolving tree number 97408 {1}
19:         Output tree data at t=13.80 Gyr (output 1 of 1)
19:     <- Finished tree
19:     -> Evolving tree number 97197 {1}
45:         Output tree data at t=13.80 Gyr (output 1 of 1)
45:     <- Finished tree
45:     Progress: 2695 trees processed; elapsed 19.62 h
45:     -> Evolving tree number 97411 {1}
46:         Output tree data at t=13.80 Gyr (output 1 of 1)
46:     <- Finished tree
26:         Output tree data at t=13.80 Gyr (output 1 of 1)
26:     <- Finished tree
46:     -> Evolving tree number 97218 {1}
26:     -> Evolving tree number 97142 {1}
44:         Output tree data at t=13.80 Gyr (output 1 of 1)
44:     <- Finished tree
44:     -> Evolving tree number 97268 {1}
27:         Output tree data at t=13.80 Gyr (output 1 of 1)
27:     <- Finished tree
27:     Progress: 2699 trees processed; elapsed 19.64 h
27:     -> Evolving tree number 97237 {1}
08:         Output tree data at t=13.80 Gyr (output 1 of 1)
08:     <- Finished tree
02:         Output tree data at t=13.80 Gyr (output 1 of 1)
02:     <- Finished tree
03:         Output tree data at t=13.80 Gyr (output 1 of 1)
03:     <- Finished tree
08:     -> Evolving tree number 97208 {1}
02:     -> Evolving tree number 97262 {1}
03:     -> Evolving tree number 97213 {1}
11:         Output tree data at t=13.80 Gyr (output 1 of 1)
11:     <- Finished tree
15:         Output tree data at t=13.80 Gyr (output 1 of 1)
15:     <- Finished tree
11:     -> Evolving tree number 97253 {1}
15:     -> Evolving tree number 97153 {1}
36:         Output tree data at t=13.80 Gyr (output 1 of 1)
36:     <- Finished tree
36:     Progress: 2705 trees processed; elapsed 19.67 h
36:     -> Evolving tree number 97276 {1}
13:         Output tree data at t=13.80 Gyr (output 1 of 1)
13:     <- Finished tree
13:     -> Evolving tree number 97251 {1}
14:         Output tree data at t=13.80 Gyr (output 1 of 1)
14:     <- Finished tree
14:     Progress: 2707 trees processed; elapsed 19.69 h
14:     -> Evolving tree number 97202 {1}
16:         Output tree data at t=13.80 Gyr (output 1 of 1)
16:     <- Finished tree
16:     Progress: 2708 trees processed; elapsed 19.72 h
23:         Output tree data at t=13.80 Gyr (output 1 of 1)
23:     <- Finished tree
35:         Output tree data at t=13.80 Gyr (output 1 of 1)
35:     <- Finished tree
16:     -> Evolving tree number 97104 {1}
23:     -> Evolving tree number 97193 {1}
35:     -> Evolving tree number 97277 {1}
25:         Output tree data at t=13.80 Gyr (output 1 of 1)
25:     <- Finished tree
25:     -> Evolving tree number 97287 {1}
20:         Output tree data at t=13.80 Gyr (output 1 of 1)
20:     <- Finished tree
20:     Progress: 2712 trees processed; elapsed 19.75 h
38:         Output tree data at t=13.80 Gyr (output 1 of 1)
38:     <- Finished tree
20:     -> Evolving tree number 97244 {1}
38:     -> Evolving tree number 97274 {1}
09:         Output tree data at t=13.80 Gyr (output 1 of 1)
09:     <- Finished tree
31:         Output tree data at t=13.80 Gyr (output 1 of 1)
31:     <- Finished tree
09:     -> Evolving tree number 97255 {1}
31:     -> Evolving tree number 97377 {1}
05:         Output tree data at t=13.80 Gyr (output 1 of 1)
05:     <- Finished tree
05:     Progress: 2716 trees processed; elapsed 19.77 h
05:     -> Evolving tree number 97211 {1}
43:         Output tree data at t=13.80 Gyr (output 1 of 1)
43:     <- Finished tree
43:     Progress: 2717 trees processed; elapsed 19.79 h
43:     -> Evolving tree number 97221 {1}
28:         Output tree data at t=13.80 Gyr (output 1 of 1)
28:     <- Finished tree
28:     -> Evolving tree number 97236 {1}
34:         Output tree data at t=13.80 Gyr (output 1 of 1)
34:     <- Finished tree
34:     Progress: 2719 trees processed; elapsed 19.81 h
39:         Output tree data at t=13.80 Gyr (output 1 of 1)
39:     <- Finished tree
34:     -> Evolving tree number 97230 {1}
39:     -> Evolving tree number 97177 {1}
30:         Output tree data at t=13.80 Gyr (output 1 of 1)
30:     <- Finished tree
33:         Output tree data at t=13.80 Gyr (output 1 of 1)
33:     <- Finished tree
30:     -> Evolving tree number 97186 {1}
33:     -> Evolving tree number 97231 {1}
07:         Output tree data at t=13.80 Gyr (output 1 of 1)
07:     <- Finished tree
07:     Progress: 2723 trees processed; elapsed 19.84 h
07:     -> Evolving tree number 97257 {1}
47:         Output tree data at t=13.80 Gyr (output 1 of 1)
47:     <- Finished tree
47:     -> Evolving tree number 97121 {1}
42:         Output tree data at t=13.80 Gyr (output 1 of 1)
42:     <- Finished tree
42:     -> Evolving tree number 97222 {1}
06:         Output tree data at t=13.80 Gyr (output 1 of 1)
06:     <- Finished tree
06:     Progress: 2726 trees processed; elapsed 19.87 h
06:     -> Evolving tree number 97306 {1}
01:         Output tree data at t=13.80 Gyr (output 1 of 1)
01:     <- Finished tree
17:         Output tree data at t=13.80 Gyr (output 1 of 1)
17:     <- Finished tree
01:     -> Evolving tree number 97407 {1}
17:     -> Evolving tree number 97247 {1}
32:         Output tree data at t=13.80 Gyr (output 1 of 1)
32:     <- Finished tree
32:     -> Evolving tree number 97184 {1}
18:         Output tree data at t=13.80 Gyr (output 1 of 1)
18:     <- Finished tree
18:     -> Evolving tree number 97150 {1}
04:         Output tree data at t=13.80 Gyr (output 1 of 1)
04:     <- Finished tree
04:     Progress: 2731 trees processed; elapsed 19.89 h
24:         Output tree data at t=13.80 Gyr (output 1 of 1)
24:     <- Finished tree
04:     -> Evolving tree number 97212 {1}
24:     -> Evolving tree number 97096 {1}
22:         Output tree data at t=13.80 Gyr (output 1 of 1)
22:     <- Finished tree
21:         Output tree data at t=13.80 Gyr (output 1 of 1)
21:     <- Finished tree
22:     -> Evolving tree number 97194 {1}
21:     -> Evolving tree number 97339 {1}
45:         Output tree data at t=13.80 Gyr (output 1 of 1)
45:     <- Finished tree
45:     Progress: 2735 trees processed; elapsed 19.91 h
12:         Output tree data at t=13.80 Gyr (output 1 of 1)
12:     <- Finished tree
02:         Output tree data at t=13.80 Gyr (output 1 of 1)
02:     <- Finished tree
45:     -> Evolving tree number 97363 {1}
12:     -> Evolving tree number 97348 {1}
02:     -> Evolving tree number 97214 {1}
25:         Output tree data at t=13.80 Gyr (output 1 of 1)
25:     <- Finished tree
03:         Output tree data at t=13.80 Gyr (output 1 of 1)
03:     <- Finished tree
25:     -> Evolving tree number 97239 {1}
27:         Output tree data at t=13.80 Gyr (output 1 of 1)
27:     <- Finished tree
03:     -> Evolving tree number 97165 {1}
27:     -> Evolving tree number 97189 {1}
29:         Output tree data at t=13.80 Gyr (output 1 of 1)
29:     <- Finished tree
29:     Progress: 2741 trees processed; elapsed 19.94 h
29:     -> Evolving tree number 97187 {1}
10:         Output tree data at t=13.80 Gyr (output 1 of 1)
10:     <- Finished tree
10:     -> Evolving tree number 97302 {1}
00:         Output tree data at t=13.80 Gyr (output 1 of 1)
00:     <- Finished tree
36:         Output tree data at t=13.80 Gyr (output 1 of 1)
36:     <- Finished tree
00:     -> Evolving tree number 97360 {1}
36:     -> Evolving tree number 97228 {1}
46:         Output tree data at t=13.80 Gyr (output 1 of 1)
46:     <- Finished tree
46:     Progress: 2745 trees processed; elapsed 19.96 h
46:     -> Evolving tree number 97170 {1}
40:         Output tree data at t=13.80 Gyr (output 1 of 1)
40:     <- Finished tree
26:         Output tree data at t=13.80 Gyr (output 1 of 1)
26:     <- Finished tree
40:     -> Evolving tree number 97224 {1}
15:         Output tree data at t=13.80 Gyr (output 1 of 1)
15:     <- Finished tree
26:     -> Evolving tree number 97094 {1}
15:     -> Evolving tree number 97105 {1}
38:         Output tree data at t=13.80 Gyr (output 1 of 1)
38:     <- Finished tree
38:     -> Evolving tree number 97226 {1}
37:         Output tree data at t=13.80 Gyr (output 1 of 1)
37:     <- Finished tree
37:     Progress: 2750 trees processed; elapsed 19.99 h
37:     -> Evolving tree number 97131 {1}
08:         Output tree data at t=13.80 Gyr (output 1 of 1)
08:     <- Finished tree
19:         Output tree data at t=13.80 Gyr (output 1 of 1)
19:     <- Finished tree
41:         Output tree data at t=13.80 Gyr (output 1 of 1)
41:     <- Finished tree
08:     -> Evolving tree number 97160 {1}
41:     -> Evolving tree number 97223 {1}
19:     -> Evolving tree number 97149 {1}
16:         Output tree data at t=13.80 Gyr (output 1 of 1)
16:     <- Finished tree
16:     Progress: 2754 trees processed; elapsed 20.02 h
16:     -> Evolving tree number 97056 {1}
34:         Output tree data at t=13.80 Gyr (output 1 of 1)
34:     <- Finished tree
34:     -> Evolving tree number 97182 {1}
11:         Output tree data at t=13.80 Gyr (output 1 of 1)
11:     <- Finished tree
11:     -> Evolving tree number 97205 {1}
35:         Output tree data at t=13.80 Gyr (output 1 of 1)
35:     <- Finished tree
35:     Progress: 2757 trees processed; elapsed 20.05 h
35:     -> Evolving tree number 97229 {1}
23:         Output tree data at t=13.80 Gyr (output 1 of 1)
23:     <- Finished tree
23:     Progress: 2758 trees processed; elapsed 20.07 h
23:     -> Evolving tree number 97145 {1}
14:         Output tree data at t=13.80 Gyr (output 1 of 1)
14:     <- Finished tree
14:     -> Evolving tree number 97154 {1}
31:         Output tree data at t=13.80 Gyr (output 1 of 1)
31:     <- Finished tree
31:     -> Evolving tree number 97329 {1}
44:         Output tree data at t=13.80 Gyr (output 1 of 1)
44:     <- Finished tree
44:     Progress: 2761 trees processed; elapsed 20.09 h
44:     -> Evolving tree number 97220 {1}
13:         Output tree data at t=13.80 Gyr (output 1 of 1)
13:     <- Finished tree
13:     -> Evolving tree number 97203 {1}
09:         Output tree data at t=13.80 Gyr (output 1 of 1)
09:     <- Finished tree
09:     Progress: 2763 trees processed; elapsed 20.12 h
09:     -> Evolving tree number 97207 {1}
21:         Output tree data at t=13.80 Gyr (output 1 of 1)
21:     <- Finished tree
21:     -> Evolving tree number 97291 {1}
20:         Output tree data at t=13.80 Gyr (output 1 of 1)
20:     <- Finished tree
20:     -> Evolving tree number 97196 {1}
06:         Output tree data at t=13.80 Gyr (output 1 of 1)
06:     <- Finished tree
06:     Progress: 2766 trees processed; elapsed 20.14 h
06:     -> Evolving tree number 97258 {1}
24:         Output tree data at t=13.80 Gyr (output 1 of 1)
24:     <- Finished tree
24:     -> Evolving tree number 97048 {1}
07:         Output tree data at t=13.80 Gyr (output 1 of 1)
07:     <- Finished tree
07:     -> Evolving tree number 97209 {1}
05:         Output tree data at t=13.80 Gyr (output 1 of 1)
05:     <- Finished tree
05:     Progress: 2769 trees processed; elapsed 20.16 h
05:     -> Evolving tree number 97163 {1}
43:         Output tree data at t=13.80 Gyr (output 1 of 1)
43:     <- Finished tree
25:         Output tree data at t=13.80 Gyr (output 1 of 1)
25:     <- Finished tree
43:     -> Evolving tree number 97173 {1}
25:     -> Evolving tree number 97191 {1}
15:         Output tree data at t=13.80 Gyr (output 1 of 1)
15:     <- Finished tree
15:     Progress: 2772 trees processed; elapsed 20.18 h
15:     -> Evolving tree number 97057 {1}
33:         Output tree data at t=13.80 Gyr (output 1 of 1)
33:     <- Finished tree
33:     -> Evolving tree number 97183 {1}
01:         Output tree data at t=13.80 Gyr (output 1 of 1)
01:     <- Finished tree
01:     -> Evolving tree number 97359 {1}
47:         Output tree data at t=13.80 Gyr (output 1 of 1)
47:     <- Finished tree
47:     -> Evolving tree number 97073 {1}
28:         Output tree data at t=13.80 Gyr (output 1 of 1)
28:     <- Finished tree
28:     Progress: 2776 trees processed; elapsed 20.20 h
28:     -> Evolving tree number 97188 {1}
39:         Output tree data at t=13.80 Gyr (output 1 of 1)
39:     <- Finished tree
39:     Progress: 2777 trees processed; elapsed 20.24 h
39:     -> Evolving tree number 97129 {1}
38:         Output tree data at t=13.80 Gyr (output 1 of 1)
38:     <- Finished tree
38:     -> Evolving tree number 97178 {1}
18:         Output tree data at t=13.80 Gyr (output 1 of 1)
18:     <- Finished tree
18:     Progress: 2779 trees processed; elapsed 20.26 h
40:         Output tree data at t=13.80 Gyr (output 1 of 1)
40:     <- Finished tree
18:     -> Evolving tree number 97102 {1}
40:     -> Evolving tree number 97176 {1}
32:         Output tree data at t=13.80 Gyr (output 1 of 1)
32:     <- Finished tree
12:         Output tree data at t=13.80 Gyr (output 1 of 1)
12:     <- Finished tree
32:     -> Evolving tree number 97136 {1}
12:     -> Evolving tree number 97300 {1}
03:         Output tree data at t=13.80 Gyr (output 1 of 1)
03:     <- Finished tree
03:     -> Evolving tree number 97117 {1}
16:         Output tree data at t=13.80 Gyr (output 1 of 1)
16:     <- Finished tree
16:     Progress: 2784 trees processed; elapsed 20.30 h
04:         Output tree data at t=13.80 Gyr (output 1 of 1)
04:     <- Finished tree
16:     -> Evolving tree number 97008 {1}
00:         Output tree data at t=13.80 Gyr (output 1 of 1)
00:     <- Finished tree
04:     -> Evolving tree number 97164 {1}
00:     -> Evolving tree number 97312 {1}
02:         Output tree data at t=13.80 Gyr (output 1 of 1)
02:     <- Finished tree
26:         Output tree data at t=13.80 Gyr (output 1 of 1)
26:     <- Finished tree
02:     -> Evolving tree number 97166 {1}
26:     -> Evolving tree number 97046 {1}
10:         Output tree data at t=13.80 Gyr (output 1 of 1)
10:     <- Finished tree
10:     -> Evolving tree number 97254 {1}
42:         Output tree data at t=13.80 Gyr (output 1 of 1)
42:     <- Finished tree
42:     Progress: 2790 trees processed; elapsed 20.32 h
46:         Output tree data at t=13.80 Gyr (output 1 of 1)
46:     <- Finished tree
42:     -> Evolving tree number 97174 {1}
46:     -> Evolving tree number 97122 {1}
29:         Output tree data at t=13.80 Gyr (output 1 of 1)
29:     <- Finished tree
22:         Output tree data at t=13.80 Gyr (output 1 of 1)
22:     <- Finished tree
29:     -> Evolving tree number 97139 {1}
22:     -> Evolving tree number 97146 {1}
36:         Output tree data at t=13.80 Gyr (output 1 of 1)
36:     <- Finished tree
36:     -> Evolving tree number 97180 {1}
17:         Output tree data at t=13.80 Gyr (output 1 of 1)
17:     <- Finished tree
17:     -> Evolving tree number 97199 {1}
27:         Output tree data at t=13.80 Gyr (output 1 of 1)
27:     <- Finished tree
27:     Progress: 2796 trees processed; elapsed 20.34 h
27:     -> Evolving tree number 97141 {1}
34:         Output tree data at t=13.80 Gyr (output 1 of 1)
34:     <- Finished tree
34:     -> Evolving tree number 97134 {1}
35:         Output tree data at t=13.80 Gyr (output 1 of 1)
35:     <- Finished tree
35:     Progress: 2798 trees processed; elapsed 20.36 h
35:     -> Evolving tree number 97181 {1}
08:         Output tree data at t=13.80 Gyr (output 1 of 1)
08:     <- Finished tree
37:         Output tree data at t=13.80 Gyr (output 1 of 1)
37:     <- Finished tree
08:     -> Evolving tree number 97112 {1}
37:     -> Evolving tree number 97083 {1}
45:         Output tree data at t=13.80 Gyr (output 1 of 1)
45:     <- Finished tree
45:     Progress: 2801 trees processed; elapsed 20.38 h
44:         Output tree data at t=13.80 Gyr (output 1 of 1)
44:     <- Finished tree
45:     -> Evolving tree number 97315 {1}
44:     -> Evolving tree number 97172 {1}
07:         Output tree data at t=13.80 Gyr (output 1 of 1)
07:     <- Finished tree
07:     Progress: 2803 trees processed; elapsed 20.40 h
07:     -> Evolving tree number 97161 {1}
11:         Output tree data at t=13.80 Gyr (output 1 of 1)
11:     <- Finished tree
11:     -> Evolving tree number 97157 {1}
23:         Output tree data at t=13.80 Gyr (output 1 of 1)
23:     <- Finished tree
23:     Progress: 2805 trees processed; elapsed 20.42 h
23:     -> Evolving tree number 97097 {1}
41:         Output tree data at t=13.80 Gyr (output 1 of 1)
41:     <- Finished tree
41:     -> Evolving tree number 97175 {1}
14:         Output tree data at t=13.80 Gyr (output 1 of 1)
14:     <- Finished tree
14:     Progress: 2807 trees processed; elapsed 20.44 h
25:         Output tree data at t=13.80 Gyr (output 1 of 1)
25:     <- Finished tree
14:     -> Evolving tree number 97106 {1}
25:     -> Evolving tree number 97143 {1}
31:         Output tree data at t=13.80 Gyr (output 1 of 1)
31:     <- Finished tree
31:     -> Evolving tree number 97281 {1}
19:         Output tree data at t=13.80 Gyr (output 1 of 1)
19:     <- Finished tree
19:     Progress: 2810 trees processed; elapsed 20.46 h
43:         Output tree data at t=13.80 Gyr (output 1 of 1)
43:     <- Finished tree
19:     -> Evolving tree number 97101 {1}
43:     -> Evolving tree number 97125 {1}
15:         Output tree data at t=13.80 Gyr (output 1 of 1)
15:     <- Finished tree
01:         Output tree data at t=13.80 Gyr (output 1 of 1)
01:     <- Finished tree
15:     -> Evolving tree number 97009 {1}
01:     -> Evolving tree number 97311 {1}
33:         Output tree data at t=13.80 Gyr (output 1 of 1)
33:     <- Finished tree
33:     Progress: 2814 trees processed; elapsed 20.50 h
33:     -> Evolving tree number 97135 {1}
39:         Output tree data at t=13.80 Gyr (output 1 of 1)
39:     <- Finished tree
13:         Output tree data at t=13.80 Gyr (output 1 of 1)
13:     <- Finished tree
13:     Progress: 2816 trees processed; elapsed 20.52 h
39:     -> Evolving tree number 97081 {1}
09:         Output tree data at t=13.80 Gyr (output 1 of 1)
09:     <- Finished tree
13:     -> Evolving tree number 97155 {1}
09:     -> Evolving tree number 97159 {1}
20:         Output tree data at t=13.80 Gyr (output 1 of 1)
20:     <- Finished tree
20:     -> Evolving tree number 97148 {1}
06:         Output tree data at t=13.80 Gyr (output 1 of 1)
06:     <- Finished tree
06:     Progress: 2819 trees processed; elapsed 20.54 h
06:     -> Evolving tree number 97210 {1}
47:         Output tree data at t=13.80 Gyr (output 1 of 1)
47:     <- Finished tree
47:     -> Evolving tree number 97025 {1}
32:         Output tree data at t=13.80 Gyr (output 1 of 1)
32:     <- Finished tree
32:     -> Evolving tree number 97088 {1}
05:         Output tree data at t=13.80 Gyr (output 1 of 1)
05:     <- Finished tree
05:     Progress: 2822 trees processed; elapsed 20.56 h
05:     -> Evolving tree number 97115 {1}
38:         Output tree data at t=13.80 Gyr (output 1 of 1)
38:     <- Finished tree
30:         Output tree data at t=13.80 Gyr (output 1 of 1)
30:     <- Finished tree
38:     -> Evolving tree number 97130 {1}
30:     -> Evolving tree number 97138 {1}
21:         Output tree data at t=13.80 Gyr (output 1 of 1)
21:     <- Finished tree
21:     -> Evolving tree number 97243 {1}
12:         Output tree data at t=13.80 Gyr (output 1 of 1)
12:     <- Finished tree
12:     Progress: 2826 trees processed; elapsed 20.58 h
12:     -> Evolving tree number 97252 {1}
24:         Output tree data at t=13.80 Gyr (output 1 of 1)
24:     <- Finished tree
24:     -> Evolving tree number 97000 {1}
02:         Output tree data at t=13.80 Gyr (output 1 of 1)
02:     <- Finished tree
02:     -> Evolving tree number 97118 {1}
42:         Output tree data at t=13.80 Gyr (output 1 of 1)
42:     <- Finished tree
42:     Progress: 2829 trees processed; elapsed 20.60 h
03:         Output tree data at t=13.80 Gyr (output 1 of 1)
03:     <- Finished tree
42:     -> Evolving tree number 97126 {1}
03:     -> Evolving tree number 97069 {1}
40:         Output tree data at t=13.80 Gyr (output 1 of 1)
40:     <- Finished tree
40:     -> Evolving tree number 97128 {1}
36:         Output tree data at t=13.80 Gyr (output 1 of 1)
36:     <- Finished tree
36:     Progress: 2832 trees processed; elapsed 20.62 h
36:     -> Evolving tree number 97132 {1}
27:         Output tree data at t=13.80 Gyr (output 1 of 1)
27:     <- Finished tree
27:     -> Evolving tree number 97093 {1}
34:         Output tree data at t=13.80 Gyr (output 1 of 1)
34:     <- Finished tree
34:     Progress: 2834 trees processed; elapsed 20.65 h
34:     -> Evolving tree number 97086 {1}
11:         Output tree data at t=13.80 Gyr (output 1 of 1)
11:     <- Finished tree
00:         Output tree data at t=13.80 Gyr (output 1 of 1)
00:     <- Finished tree
11:     -> Evolving tree number 97109 {1}
00:     -> Evolving tree number 97264 {1}
04:         Output tree data at t=13.80 Gyr (output 1 of 1)
04:     <- Finished tree
04:     Progress: 2837 trees processed; elapsed 20.67 h
04:     -> Evolving tree number 97116 {1}
35:         Output tree data at t=13.80 Gyr (output 1 of 1)
35:     <- Finished tree
35:     -> Evolving tree number 97133 {1}
22:         Output tree data at t=13.80 Gyr (output 1 of 1)
22:     <- Finished tree
22:     -> Evolving tree number 97098 {1}
41:         Output tree data at t=13.80 Gyr (output 1 of 1)
41:     <- Finished tree
41:     -> Evolving tree number 97127 {1}
16:         Output tree data at t=13.80 Gyr (output 1 of 1)
16:     <- Finished tree
16:     Progress: 2841 trees processed; elapsed 20.69 h
16:     -> Evolving tree number 96960 {1}
19:         Output tree data at t=13.80 Gyr (output 1 of 1)
19:     <- Finished tree
19:     Progress: 2842 trees processed; elapsed 20.71 h
37:         Output tree data at t=13.80 Gyr (output 1 of 1)
37:     <- Finished tree
19:     -> Evolving tree number 97053 {1}
37:     -> Evolving tree number 97035 {1}
17:         Output tree data at t=13.80 Gyr (output 1 of 1)
17:     <- Finished tree
10:         Output tree data at t=13.80 Gyr (output 1 of 1)
10:     <- Finished tree
17:     -> Evolving tree number 97151 {1}
10:     -> Evolving tree number 97206 {1}
46:         Output tree data at t=13.80 Gyr (output 1 of 1)
46:     <- Finished tree
46:     -> Evolving tree number 97074 {1}
07:         Output tree data at t=13.80 Gyr (output 1 of 1)
07:     <- Finished tree
07:     -> Evolving tree number 97113 {1}
25:         Output tree data at t=13.80 Gyr (output 1 of 1)
25:     <- Finished tree
25:     Progress: 2848 trees processed; elapsed 20.73 h
25:     -> Evolving tree number 97095 {1}
18:         Output tree data at t=13.80 Gyr (output 1 of 1)
18:     <- Finished tree
18:     -> Evolving tree number 97054 {1}
26:         Output tree data at t=13.80 Gyr (output 1 of 1)
26:     <- Finished tree
26:     -> Evolving tree number 96998 {1}
44:         Output tree data at t=13.80 Gyr (output 1 of 1)
44:     <- Finished tree
28:         Output tree data at t=13.80 Gyr (output 1 of 1)
28:     <- Finished tree
44:     -> Evolving tree number 97124 {1}
28:     -> Evolving tree number 97140 {1}
43:         Output tree data at t=13.80 Gyr (output 1 of 1)
43:     <- Finished tree
43:     Progress: 2853 trees processed; elapsed 20.76 h
01:         Output tree data at t=13.80 Gyr (output 1 of 1)
01:     <- Finished tree
01:     -> Evolving tree number 97263 {1}
43:     -> Evolving tree number 97077 {1}
45:         Output tree data at t=13.80 Gyr (output 1 of 1)
45:     <- Finished tree
45:     Progress: 2855 trees processed; elapsed 20.78 h
08:         Output tree data at t=13.80 Gyr (output 1 of 1)
08:     <- Finished tree
45:     -> Evolving tree number 97267 {1}
08:     -> Evolving tree number 97064 {1}
29:         Output tree data at t=13.80 Gyr (output 1 of 1)
29:     <- Finished tree
29:     -> Evolving tree number 97091 {1}
15:         Output tree data at t=13.80 Gyr (output 1 of 1)
15:     <- Finished tree
15:     Progress: 2858 trees processed; elapsed 20.80 h
15:     -> Evolving tree number 96961 {1}
20:         Output tree data at t=13.80 Gyr (output 1 of 1)
20:     <- Finished tree
20:     -> Evolving tree number 97100 {1}
09:         Output tree data at t=13.80 Gyr (output 1 of 1)
09:     <- Finished tree
09:     -> Evolving tree number 97111 {1}
23:         Output tree data at t=13.80 Gyr (output 1 of 1)
23:     <- Finished tree
23:     Progress: 2861 trees processed; elapsed 20.84 h
23:     -> Evolving tree number 97049 {1}
12:         Output tree data at t=13.80 Gyr (output 1 of 1)
12:     <- Finished tree
12:     -> Evolving tree number 97204 {1}
02:         Output tree data at t=13.80 Gyr (output 1 of 1)
02:     <- Finished tree
02:     Progress: 2863 trees processed; elapsed 20.86 h
02:     -> Evolving tree number 97070 {1}
39:         Output tree data at t=13.80 Gyr (output 1 of 1)
39:     <- Finished tree
39:     -> Evolving tree number 97033 {1}
05:         Output tree data at t=13.80 Gyr (output 1 of 1)
05:     <- Finished tree
05:     -> Evolving tree number 97067 {1}
47:         Output tree data at t=13.80 Gyr (output 1 of 1)
47:     <- Finished tree
47:     Progress: 2866 trees processed; elapsed 20.88 h
47:     -> Evolving tree number 96977 {1}
03:         Output tree data at t=13.80 Gyr (output 1 of 1)
03:     <- Finished tree
03:     -> Evolving tree number 97021 {1}
32:         Output tree data at t=13.80 Gyr (output 1 of 1)
32:     <- Finished tree
32:     Progress: 2868 trees processed; elapsed 20.89 h
06:         Output tree data at t=13.80 Gyr (output 1 of 1)
06:     <- Finished tree
32:     -> Evolving tree number 97040 {1}
06:     -> Evolving tree number 97162 {1}
30:         Output tree data at t=13.80 Gyr (output 1 of 1)
30:     <- Finished tree
30:     Progress: 2870 trees processed; elapsed 20.91 h
30:     -> Evolving tree number 97090 {1}
38:         Output tree data at t=13.80 Gyr (output 1 of 1)
38:     <- Finished tree
07:         Output tree data at t=13.80 Gyr (output 1 of 1)
07:     <- Finished tree
38:     -> Evolving tree number 97082 {1}
07:     -> Evolving tree number 97065 {1}
33:         Output tree data at t=13.80 Gyr (output 1 of 1)
33:     <- Finished tree
33:     -> Evolving tree number 97087 {1}
36:         Output tree data at t=13.80 Gyr (output 1 of 1)
36:     <- Finished tree
36:     -> Evolving tree number 97084 {1}
00:         Output tree data at t=13.80 Gyr (output 1 of 1)
00:     <- Finished tree
00:     Progress: 2875 trees processed; elapsed 20.93 h
00:     -> Evolving tree number 97216 {1}
42:         Output tree data at t=13.80 Gyr (output 1 of 1)
42:     <- Finished tree
42:     -> Evolving tree number 97078 {1}
40:         Output tree data at t=13.80 Gyr (output 1 of 1)
40:     <- Finished tree
40:     -> Evolving tree number 97080 {1}
24:         Output tree data at t=13.80 Gyr (output 1 of 1)
24:     <- Finished tree
24:     Progress: 2878 trees processed; elapsed 20.97 h
24:     -> Evolving tree number 96952 {1}
22:         Output tree data at t=13.80 Gyr (output 1 of 1)
22:     <- Finished tree
22:     -> Evolving tree number 97050 {1}
14:         Output tree data at t=13.80 Gyr (output 1 of 1)
14:     <- Finished tree
14:     -> Evolving tree number 97058 {1}
21:         Output tree data at t=13.80 Gyr (output 1 of 1)
21:     <- Finished tree
21:     Progress: 2881 trees processed; elapsed 20.99 h
21:     -> Evolving tree number 97195 {1}
01:         Output tree data at t=13.80 Gyr (output 1 of 1)
01:     <- Finished tree
13:         Output tree data at t=13.80 Gyr (output 1 of 1)
13:     <- Finished tree
01:     -> Evolving tree number 97215 {1}
13:     -> Evolving tree number 97107 {1}
04:         Output tree data at t=13.80 Gyr (output 1 of 1)
04:     <- Finished tree
04:     Progress: 2884 trees processed; elapsed 21.01 h
04:     -> Evolving tree number 97068 {1}
31:         Output tree data at t=13.80 Gyr (output 1 of 1)
31:     <- Finished tree
31:     -> Evolving tree number 97233 {1}
34:         Output tree data at t=13.80 Gyr (output 1 of 1)
34:     <- Finished tree
34:     -> Evolving tree number 97038 {1}
35:         Output tree data at t=13.80 Gyr (output 1 of 1)
35:     <- Finished tree
35:     Progress: 2887 trees processed; elapsed 21.03 h
35:     -> Evolving tree number 97085 {1}
18:         Output tree data at t=13.80 Gyr (output 1 of 1)
18:     <- Finished tree
18:     Progress: 2888 trees processed; elapsed 21.06 h
18:     -> Evolving tree number 97006 {1}
46:         Output tree data at t=13.80 Gyr (output 1 of 1)
46:     <- Finished tree
46:     -> Evolving tree number 97026 {1}
15:         Output tree data at t=13.80 Gyr (output 1 of 1)
15:     <- Finished tree
15:     Progress: 2890 trees processed; elapsed 21.08 h
15:     -> Evolving tree number 96913 {1}
19:         Output tree data at t=13.80 Gyr (output 1 of 1)
19:     <- Finished tree
17:         Output tree data at t=13.80 Gyr (output 1 of 1)
17:     <- Finished tree
19:     -> Evolving tree number 97005 {1}
03:         Output tree data at t=13.80 Gyr (output 1 of 1)
03:     <- Finished tree
17:     -> Evolving tree number 97103 {1}
11:         Output tree data at t=13.80 Gyr (output 1 of 1)
11:     <- Finished tree
03:     -> Evolving tree number 96973 {1}
11:     -> Evolving tree number 97061 {1}
45:         Output tree data at t=13.80 Gyr (output 1 of 1)
45:     <- Finished tree
45:     -> Evolving tree number 97219 {1}
25:         Output tree data at t=13.80 Gyr (output 1 of 1)
25:     <- Finished tree
25:     Progress: 2896 trees processed; elapsed 21.11 h
25:     -> Evolving tree number 97047 {1}
37:         Output tree data at t=13.80 Gyr (output 1 of 1)
37:     <- Finished tree
37:     -> Evolving tree number 96987 {1}
47:         Output tree data at t=13.80 Gyr (output 1 of 1)
47:     <- Finished tree
47:     -> Evolving tree number 96929 {1}
41:         Output tree data at t=13.80 Gyr (output 1 of 1)
41:     <- Finished tree
41:     Progress: 2899 trees processed; elapsed 21.13 h
41:     -> Evolving tree number 97079 {1}
10:         Output tree data at t=13.80 Gyr (output 1 of 1)
10:     <- Finished tree
10:     -> Evolving tree number 97158 {1}
08:         Output tree data at t=13.80 Gyr (output 1 of 1)
08:     <- Finished tree
08:     -> Evolving tree number 97016 {1}
20:         Output tree data at t=13.80 Gyr (output 1 of 1)
20:     <- Finished tree
20:     -> Evolving tree number 97052 {1}
43:         Output tree data at t=13.80 Gyr (output 1 of 1)
43:     <- Finished tree
43:     Progress: 2903 trees processed; elapsed 21.15 h
43:     -> Evolving tree number 97029 {1}
29:         Output tree data at t=13.80 Gyr (output 1 of 1)
29:     <- Finished tree
29:     -> Evolving tree number 97043 {1}
44:         Output tree data at t=13.80 Gyr (output 1 of 1)
44:     <- Finished tree
02:         Output tree data at t=13.80 Gyr (output 1 of 1)
02:     <- Finished tree
44:     -> Evolving tree number 97076 {1}
02:     -> Evolving tree number 97022 {1}
23:         Output tree data at t=13.80 Gyr (output 1 of 1)
23:     <- Finished tree
05:         Output tree data at t=13.80 Gyr (output 1 of 1)
05:     <- Finished tree
23:     -> Evolving tree number 97001 {1}
42:         Output tree data at t=13.80 Gyr (output 1 of 1)
42:     <- Finished tree
05:     -> Evolving tree number 97019 {1}
42:     -> Evolving tree number 97030 {1}
28:         Output tree data at t=13.80 Gyr (output 1 of 1)
28:     <- Finished tree
28:     Progress: 2910 trees processed; elapsed 21.17 h
28:     -> Evolving tree number 97092 {1}
09:         Output tree data at t=13.80 Gyr (output 1 of 1)
09:     <- Finished tree
09:     Progress: 2911 trees processed; elapsed 21.21 h
16:         Output tree data at t=13.80 Gyr (output 1 of 1)
16:     <- Finished tree
09:     -> Evolving tree number 97063 {1}
16:     -> Evolving tree number 96912 {1}
27:         Output tree data at t=13.80 Gyr (output 1 of 1)
27:     <- Finished tree
27:     -> Evolving tree number 97045 {1}
12:         Output tree data at t=13.80 Gyr (output 1 of 1)
12:     <- Finished tree
12:     -> Evolving tree number 97156 {1}
38:         Output tree data at t=13.80 Gyr (output 1 of 1)
38:     <- Finished tree
38:     Progress: 2915 trees processed; elapsed 21.24 h
38:     -> Evolving tree number 97034 {1}
32:         Output tree data at t=13.80 Gyr (output 1 of 1)
32:     <- Finished tree
22:         Output tree data at t=13.80 Gyr (output 1 of 1)
22:     <- Finished tree
22:     -> Evolving tree number 97002 {1}
32:     -> Evolving tree number 96992 {1}
30:         Output tree data at t=13.80 Gyr (output 1 of 1)
30:     <- Finished tree
30:     -> Evolving tree number 97042 {1}
31:         Output tree data at t=13.80 Gyr (output 1 of 1)
31:     <- Finished tree
31:     Progress: 2919 trees processed; elapsed 21.27 h
31:     -> Evolving tree number 97185 {1}
19:         Output tree data at t=13.80 Gyr (output 1 of 1)
19:     <- Finished tree
19:     -> Evolving tree number 96957 {1}
13:         Output tree data at t=13.80 Gyr (output 1 of 1)
13:     <- Finished tree
13:     -> Evolving tree number 97059 {1}
07:         Output tree data at t=13.80 Gyr (output 1 of 1)
07:     <- Finished tree
07:     Progress: 2922 trees processed; elapsed 21.29 h
06:         Output tree data at t=13.80 Gyr (output 1 of 1)
06:     <- Finished tree
07:     -> Evolving tree number 97017 {1}
06:     -> Evolving tree number 97114 {1}
40:         Output tree data at t=13.80 Gyr (output 1 of 1)
40:     <- Finished tree
40:     -> Evolving tree number 97032 {1}
26:         Output tree data at t=13.80 Gyr (output 1 of 1)
26:     <- Finished tree
00:         Output tree data at t=13.80 Gyr (output 1 of 1)
00:     <- Finished tree
26:     -> Evolving tree number 96950 {1}
00:     -> Evolving tree number 97168 {1}
33:         Output tree data at t=13.80 Gyr (output 1 of 1)
33:     <- Finished tree
33:     -> Evolving tree number 97039 {1}
35:         Output tree data at t=13.80 Gyr (output 1 of 1)
35:     <- Finished tree
35:     Progress: 2928 trees processed; elapsed 21.31 h
35:     -> Evolving tree number 97037 {1}
39:         Output tree data at t=13.80 Gyr (output 1 of 1)
39:     <- Finished tree
04:         Output tree data at t=13.80 Gyr (output 1 of 1)
04:     <- Finished tree
39:     -> Evolving tree number 96985 {1}
17:         Output tree data at t=13.80 Gyr (output 1 of 1)
17:     <- Finished tree
04:     -> Evolving tree number 97020 {1}
36:         Output tree data at t=13.80 Gyr (output 1 of 1)
36:     <- Finished tree
36:     Progress: 2932 trees processed; elapsed 21.33 h
17:     -> Evolving tree number 97055 {1}
36:     -> Evolving tree number 97036 {1}
21:         Output tree data at t=13.80 Gyr (output 1 of 1)
21:     <- Finished tree
21:     -> Evolving tree number 97147 {1}
01:         Output tree data at t=13.80 Gyr (output 1 of 1)
01:     <- Finished tree
01:     Progress: 2934 trees processed; elapsed 21.35 h
01:     -> Evolving tree number 97167 {1}
11:         Output tree data at t=13.80 Gyr (output 1 of 1)
11:     <- Finished tree
11:     -> Evolving tree number 97013 {1}
14:         Output tree data at t=13.80 Gyr (output 1 of 1)
14:     <- Finished tree
14:     Progress: 2936 trees processed; elapsed 21.38 h
10:         Output tree data at t=13.80 Gyr (output 1 of 1)
10:     <- Finished tree
14:     -> Evolving tree number 97010 {1}
10:     -> Evolving tree number 97110 {1}
25:         Output tree data at t=13.80 Gyr (output 1 of 1)
25:     <- Finished tree
25:     -> Evolving tree number 96999 {1}
46:         Output tree data at t=13.80 Gyr (output 1 of 1)
46:     <- Finished tree
46:     Progress: 2939 trees processed; elapsed 21.40 h
18:         Output tree data at t=13.80 Gyr (output 1 of 1)
18:     <- Finished tree
46:     -> Evolving tree number 96978 {1}
18:     -> Evolving tree number 96958 {1}
24:         Output tree data at t=13.80 Gyr (output 1 of 1)
24:     <- Finished tree
24:     -> Evolving tree number 96904 {1}
32:         Output tree data at t=13.80 Gyr (output 1 of 1)
32:     <- Finished tree
32:     -> Evolving tree number 96944 {1}
44:         Output tree data at t=13.80 Gyr (output 1 of 1)
44:     <- Finished tree
44:     Progress: 2943 trees processed; elapsed 21.43 h
44:     -> Evolving tree number 97028 {1}
34:         Output tree data at t=13.80 Gyr (output 1 of 1)
34:     <- Finished tree
34:     -> Evolving tree number 96990 {1}
08:         Output tree data at t=13.80 Gyr (output 1 of 1)
08:     <- Finished tree
08:     Progress: 2945 trees processed; elapsed 21.47 h
08:     -> Evolving tree number 96968 {1}
47:         Output tree data at t=13.80 Gyr (output 1 of 1)
47:     <- Finished tree
47:     -> Evolving tree number 96881 {1}
05:         Output tree data at t=13.80 Gyr (output 1 of 1)
05:     <- Finished tree
05:     Progress: 2947 trees processed; elapsed 21.49 h
15:         Output tree data at t=13.80 Gyr (output 1 of 1)
15:     <- Finished tree
05:     -> Evolving tree number 96971 {1}
37:         Output tree data at t=13.80 Gyr (output 1 of 1)
37:     <- Finished tree
15:     -> Evolving tree number 96865 {1}
37:     -> Evolving tree number 96939 {1}
43:         Output tree data at t=13.80 Gyr (output 1 of 1)
43:     <- Finished tree
43:     -> Evolving tree number 96981 {1}
28:         Output tree data at t=13.80 Gyr (output 1 of 1)
28:     <- Finished tree
28:     -> Evolving tree number 97044 {1}
02:         Output tree data at t=13.80 Gyr (output 1 of 1)
02:     <- Finished tree
29:         Output tree data at t=13.80 Gyr (output 1 of 1)
29:     <- Finished tree
02:     -> Evolving tree number 96974 {1}
29:     -> Evolving tree number 96995 {1}
41:         Output tree data at t=13.80 Gyr (output 1 of 1)
41:     <- Finished tree
09:         Output tree data at t=13.80 Gyr (output 1 of 1)
09:     <- Finished tree
09:     Progress: 2955 trees processed; elapsed 21.50 h
41:     -> Evolving tree number 97031 {1}
09:     -> Evolving tree number 97015 {1}
31:         Output tree data at t=13.80 Gyr (output 1 of 1)
31:     <- Finished tree
31:     -> Evolving tree number 97137 {1}
40:         Output tree data at t=13.80 Gyr (output 1 of 1)
40:     <- Finished tree
40:     -> Evolving tree number 96984 {1}
20:         Output tree data at t=13.80 Gyr (output 1 of 1)
20:     <- Finished tree
20:     Progress: 2958 trees processed; elapsed 21.55 h
20:     -> Evolving tree number 97004 {1}
23:         Output tree data at t=13.80 Gyr (output 1 of 1)
23:     <- Finished tree
23:     -> Evolving tree number 96953 {1}
27:         Output tree data at t=13.80 Gyr (output 1 of 1)
27:     <- Finished tree
45:         Output tree data at t=13.80 Gyr (output 1 of 1)
45:     <- Finished tree
27:     -> Evolving tree number 96997 {1}
04:         Output tree data at t=13.80 Gyr (output 1 of 1)
04:     <- Finished tree
45:     -> Evolving tree number 97171 {1}
04:     -> Evolving tree number 96972 {1}
06:         Output tree data at t=13.80 Gyr (output 1 of 1)
06:     <- Finished tree
03:         Output tree data at t=13.80 Gyr (output 1 of 1)
03:     <- Finished tree
03:     Progress: 2964 trees processed; elapsed 21.57 h
06:     -> Evolving tree number 97066 {1}
03:     -> Evolving tree number 96925 {1}
12:         Output tree data at t=13.80 Gyr (output 1 of 1)
12:     <- Finished tree
12:     -> Evolving tree number 97108 {1}
00:         Output tree data at t=13.80 Gyr (output 1 of 1)
00:     <- Finished tree
00:     Progress: 2966 trees processed; elapsed 21.59 h
00:     -> Evolving tree number 97120 {1}
30:         Output tree data at t=13.80 Gyr (output 1 of 1)
30:     <- Finished tree
30:     -> Evolving tree number 96994 {1}
36:         Output tree data at t=13.80 Gyr (output 1 of 1)
36:     <- Finished tree
36:     Progress: 2968 trees processed; elapsed 21.61 h
36:     -> Evolving tree number 96988 {1}
22:         Output tree data at t=13.80 Gyr (output 1 of 1)
22:     <- Finished tree
22:     -> Evolving tree number 96954 {1}
38:         Output tree data at t=13.80 Gyr (output 1 of 1)
38:     <- Finished tree
11:         Output tree data at t=13.80 Gyr (output 1 of 1)
11:     <- Finished tree
38:     -> Evolving tree number 96986 {1}
33:         Output tree data at t=13.80 Gyr (output 1 of 1)
33:     <- Finished tree
11:     -> Evolving tree number 96965 {1}
33:     -> Evolving tree number 96991 {1}
10:         Output tree data at t=13.80 Gyr (output 1 of 1)
10:     <- Finished tree
10:     Progress: 2973 trees processed; elapsed 21.64 h
10:     -> Evolving tree number 97062 {1}
44:         Output tree data at t=13.80 Gyr (output 1 of 1)
44:     <- Finished tree
44:     -> Evolving tree number 96980 {1}
35:         Output tree data at t=13.80 Gyr (output 1 of 1)
35:     <- Finished tree
35:     -> Evolving tree number 96989 {1}
07:         Output tree data at t=13.80 Gyr (output 1 of 1)
07:     <- Finished tree
17:         Output tree data at t=13.80 Gyr (output 1 of 1)
17:     <- Finished tree
07:     -> Evolving tree number 96969 {1}
13:         Output tree data at t=13.80 Gyr (output 1 of 1)
13:     <- Finished tree
17:     -> Evolving tree number 97007 {1}
01:         Output tree data at t=13.80 Gyr (output 1 of 1)
01:     <- Finished tree
13:     -> Evolving tree number 97011 {1}
01:     -> Evolving tree number 97119 {1}
19:         Output tree data at t=13.80 Gyr (output 1 of 1)
19:     <- Finished tree
19:     Progress: 2980 trees processed; elapsed 21.67 h
19:     -> Evolving tree number 96909 {1}
34:         Output tree data at t=13.80 Gyr (output 1 of 1)
34:     <- Finished tree
34:     -> Evolving tree number 96942 {1}
16:         Output tree data at t=13.80 Gyr (output 1 of 1)
16:     <- Finished tree
16:     Progress: 2982 trees processed; elapsed 21.70 h
16:     -> Evolving tree number 96864 {1}
14:         Output tree data at t=13.80 Gyr (output 1 of 1)
14:     <- Finished tree
14:     Progress: 2983 trees processed; elapsed 21.73 h
25:         Output tree data at t=13.80 Gyr (output 1 of 1)
25:     <- Finished tree
14:     -> Evolving tree number 96962 {1}
25:     -> Evolving tree number 96951 {1}
05:         Output tree data at t=13.80 Gyr (output 1 of 1)
05:     <- Finished tree
05:     -> Evolving tree number 96923 {1}
32:         Output tree data at t=13.80 Gyr (output 1 of 1)
32:     <- Finished tree
32:     Progress: 2986 trees processed; elapsed 21.75 h
32:     -> Evolving tree number 96896 {1}
42:         Output tree data at t=13.80 Gyr (output 1 of 1)
42:     <- Finished tree
47:         Output tree data at t=13.80 Gyr (output 1 of 1)
47:     <- Finished tree
42:     -> Evolving tree number 96982 {1}
47:     -> Evolving tree number 96833 {1}
21:         Output tree data at t=13.80 Gyr (output 1 of 1)
21:     <- Finished tree
21:     Progress: 2989 trees processed; elapsed 21.77 h
21:     -> Evolving tree number 97099 {1}
46:         Output tree data at t=13.80 Gyr (output 1 of 1)
46:     <- Finished tree
24:         Output tree data at t=13.80 Gyr (output 1 of 1)
24:     <- Finished tree
46:     -> Evolving tree number 96930 {1}
24:     -> Evolving tree number 96856 {1}
23:         Output tree data at t=13.80 Gyr (output 1 of 1)
23:     <- Finished tree
23:     -> Evolving tree number 96905 {1}
28:         Output tree data at t=13.80 Gyr (output 1 of 1)
28:     <- Finished tree
28:     Progress: 2993 trees processed; elapsed 21.79 h
28:     -> Evolving tree number 96996 {1}
29:         Output tree data at t=13.80 Gyr (output 1 of 1)
29:     <- Finished tree
29:     -> Evolving tree number 96947 {1}
15:         Output tree data at t=13.80 Gyr (output 1 of 1)
15:     <- Finished tree
15:     -> Evolving tree number 96817 {1}
18:         Output tree data at t=13.80 Gyr (output 1 of 1)
18:     <- Finished tree
18:     Progress: 2996 trees processed; elapsed 21.81 h
18:     -> Evolving tree number 96910 {1}
43:         Output tree data at t=13.80 Gyr (output 1 of 1)
43:     <- Finished tree
09:         Output tree data at t=13.80 Gyr (output 1 of 1)
09:     <- Finished tree
43:     -> Evolving tree number 96933 {1}
09:     -> Evolving tree number 96967 {1}
27:         Output tree data at t=13.80 Gyr (output 1 of 1)
27:     <- Finished tree
40:         Output tree data at t=13.80 Gyr (output 1 of 1)
40:     <- Finished tree
27:     -> Evolving tree number 96949 {1}
40:     -> Evolving tree number 96936 {1}
26:         Output tree data at t=13.80 Gyr (output 1 of 1)
26:     <- Finished tree
26:     Progress: 3001 trees processed; elapsed 21.83 h
26:     -> Evolving tree number 96902 {1}
08:         Output tree data at t=13.80 Gyr (output 1 of 1)
08:     <- Finished tree
08:     -> Evolving tree number 96920 {1}
39:         Output tree data at t=13.80 Gyr (output 1 of 1)
39:     <- Finished tree
39:     -> Evolving tree number 96937 {1}
12:         Output tree data at t=13.80 Gyr (output 1 of 1)
12:     <- Finished tree
12:     Progress: 3004 trees processed; elapsed 21.86 h
12:     -> Evolving tree number 97060 {1}
22:         Output tree data at t=13.80 Gyr (output 1 of 1)
22:     <- Finished tree
22:     -> Evolving tree number 96906 {1}
41:         Output tree data at t=13.80 Gyr (output 1 of 1)
41:     <- Finished tree
41:     Progress: 3006 trees processed; elapsed 21.88 h
41:     -> Evolving tree number 96983 {1}
35:         Output tree data at t=13.80 Gyr (output 1 of 1)
35:     <- Finished tree
35:     -> Evolving tree number 96941 {1}
02:         Output tree data at t=13.80 Gyr (output 1 of 1)
02:     <- Finished tree
02:     Progress: 3008 trees processed; elapsed 21.90 h
02:     -> Evolving tree number 96926 {1}
31:         Output tree data at t=13.80 Gyr (output 1 of 1)
31:     <- Finished tree
20:         Output tree data at t=13.80 Gyr (output 1 of 1)
20:     <- Finished tree
31:     -> Evolving tree number 97089 {1}
20:     -> Evolving tree number 96956 {1}
30:         Output tree data at t=13.80 Gyr (output 1 of 1)
30:     <- Finished tree
30:     -> Evolving tree number 96946 {1}
19:         Output tree data at t=13.80 Gyr (output 1 of 1)
19:     <- Finished tree
19:     Progress: 3012 trees processed; elapsed 21.92 h
19:     -> Evolving tree number 96861 {1}
00:         Output tree data at t=13.80 Gyr (output 1 of 1)
00:     <- Finished tree
00:     -> Evolving tree number 97072 {1}
14:         Output tree data at t=13.80 Gyr (output 1 of 1)
14:     <- Finished tree
14:     -> Evolving tree number 96914 {1}
37:         Output tree data at t=13.80 Gyr (output 1 of 1)
37:     <- Finished tree
37:     -> Evolving tree number 96891 {1}
06:         Output tree data at t=13.80 Gyr (output 1 of 1)
06:     <- Finished tree
06:     Progress: 3016 trees processed; elapsed 21.94 h
06:     -> Evolving tree number 97018 {1}
45:         Output tree data at t=13.80 Gyr (output 1 of 1)
45:     <- Finished tree
45:     -> Evolving tree number 97123 {1}
04:         Output tree data at t=13.80 Gyr (output 1 of 1)
04:     <- Finished tree
04:     -> Evolving tree number 96924 {1}
36:         Output tree data at t=13.80 Gyr (output 1 of 1)
36:     <- Finished tree
36:     Progress: 3019 trees processed; elapsed 21.96 h
36:     -> Evolving tree number 96940 {1}
13:         Output tree data at t=13.80 Gyr (output 1 of 1)
13:     <- Finished tree
13:     -> Evolving tree number 96963 {1}
44:         Output tree data at t=13.80 Gyr (output 1 of 1)
44:     <- Finished tree
44:     -> Evolving tree number 96932 {1}
34:         Output tree data at t=13.80 Gyr (output 1 of 1)
34:     <- Finished tree
34:     Progress: 3022 trees processed; elapsed 21.98 h
34:     -> Evolving tree number 96894 {1}
01:         Output tree data at t=13.80 Gyr (output 1 of 1)
01:     <- Finished tree
33:         Output tree data at t=13.80 Gyr (output 1 of 1)
33:     <- Finished tree
01:     -> Evolving tree number 97071 {1}
33:     -> Evolving tree number 96943 {1}
38:         Output tree data at t=13.80 Gyr (output 1 of 1)
38:     <- Finished tree
38:     Progress: 3025 trees processed; elapsed 22.00 h
38:     -> Evolving tree number 96938 {1}
10:         Output tree data at t=13.80 Gyr (output 1 of 1)
10:     <- Finished tree
10:     -> Evolving tree number 97014 {1}
03:         Output tree data at t=13.80 Gyr (output 1 of 1)
03:     <- Finished tree
03:     -> Evolving tree number 96877 {1}
11:         Output tree data at t=13.80 Gyr (output 1 of 1)
11:     <- Finished tree
11:     Progress: 3028 trees processed; elapsed 22.03 h
29:         Output tree data at t=13.80 Gyr (output 1 of 1)
29:     <- Finished tree
11:     -> Evolving tree number 96917 {1}
29:     -> Evolving tree number 96899 {1}
07:         Output tree data at t=13.80 Gyr (output 1 of 1)
07:     <- Finished tree
07:     -> Evolving tree number 96921 {1}
17:         Output tree data at t=13.80 Gyr (output 1 of 1)
17:     <- Finished tree
17:     -> Evolving tree number 96959 {1}
25:         Output tree data at t=13.80 Gyr (output 1 of 1)
25:     <- Finished tree
25:     Progress: 3032 trees processed; elapsed 22.05 h
21:         Output tree data at t=13.80 Gyr (output 1 of 1)
21:     <- Finished tree
25:     -> Evolving tree number 96903 {1}
05:         Output tree data at t=13.80 Gyr (output 1 of 1)
05:     <- Finished tree
21:     -> Evolving tree number 97051 {1}
05:     -> Evolving tree number 96875 {1}
16:         Output tree data at t=13.80 Gyr (output 1 of 1)
16:     <- Finished tree
16:     Progress: 3035 trees processed; elapsed 22.07 h
16:     -> Evolving tree number 96816 {1}
46:         Output tree data at t=13.80 Gyr (output 1 of 1)
46:     <- Finished tree
15:         Output tree data at t=13.80 Gyr (output 1 of 1)
15:     <- Finished tree
26:         Output tree data at t=13.80 Gyr (output 1 of 1)
26:     <- Finished tree
46:     -> Evolving tree number 96882 {1}
15:     -> Evolving tree number 96769 {1}
26:     -> Evolving tree number 96854 {1}
42:         Output tree data at t=13.80 Gyr (output 1 of 1)
42:     <- Finished tree
42:     Progress: 3039 trees processed; elapsed 22.08 h
42:     -> Evolving tree number 96934 {1}
47:         Output tree data at t=13.80 Gyr (output 1 of 1)
47:     <- Finished tree
35:         Output tree data at t=13.80 Gyr (output 1 of 1)
35:     <- Finished tree
08:         Output tree data at t=13.80 Gyr (output 1 of 1)
08:     <- Finished tree
35:     -> Evolving tree number 96893 {1}
47:     -> Evolving tree number 96785 {1}
08:     -> Evolving tree number 96872 {1}
39:         Output tree data at t=13.80 Gyr (output 1 of 1)
39:     <- Finished tree
39:     Progress: 3043 trees processed; elapsed 22.10 h
39:     -> Evolving tree number 96889 {1}
19:         Output tree data at t=13.80 Gyr (output 1 of 1)
19:     <- Finished tree
19:     Progress: 3044 trees processed; elapsed 22.12 h
27:         Output tree data at t=13.80 Gyr (output 1 of 1)
27:     <- Finished tree
19:     -> Evolving tree number 96813 {1}
27:     -> Evolving tree number 96901 {1}
02:         Output tree data at t=13.80 Gyr (output 1 of 1)
02:     <- Finished tree
02:     -> Evolving tree number 96878 {1}
24:         Output tree data at t=13.80 Gyr (output 1 of 1)
24:     <- Finished tree
24:     Progress: 3047 trees processed; elapsed 22.14 h
23:         Output tree data at t=13.80 Gyr (output 1 of 1)
23:     <- Finished tree
24:     -> Evolving tree number 96808 {1}
23:     -> Evolving tree number 96857 {1}
30:         Output tree data at t=13.80 Gyr (output 1 of 1)
30:     <- Finished tree
30:     Progress: 3049 trees processed; elapsed 22.16 h
04:         Output tree data at t=13.80 Gyr (output 1 of 1)
04:     <- Finished tree
30:     -> Evolving tree number 96898 {1}
04:     -> Evolving tree number 96876 {1}
40:         Output tree data at t=13.80 Gyr (output 1 of 1)
40:     <- Finished tree
40:     -> Evolving tree number 96888 {1}
18:         Output tree data at t=13.80 Gyr (output 1 of 1)
18:     <- Finished tree
18:     -> Evolving tree number 96862 {1}
22:         Output tree data at t=13.80 Gyr (output 1 of 1)
22:     <- Finished tree
22:     Progress: 3053 trees processed; elapsed 22.18 h
22:     -> Evolving tree number 96858 {1}
28:         Output tree data at t=13.80 Gyr (output 1 of 1)
28:     <- Finished tree
28:     -> Evolving tree number 96948 {1}
31:         Output tree data at t=13.80 Gyr (output 1 of 1)
31:     <- Finished tree
31:     Progress: 3055 trees processed; elapsed 22.21 h
31:     -> Evolving tree number 97041 {1}
06:         Output tree data at t=13.80 Gyr (output 1 of 1)
06:     <- Finished tree
06:     -> Evolving tree number 96970 {1}
13:         Output tree data at t=13.80 Gyr (output 1 of 1)
13:     <- Finished tree
13:     Progress: 3057 trees processed; elapsed 22.23 h
44:         Output tree data at t=13.80 Gyr (output 1 of 1)
44:     <- Finished tree
13:     -> Evolving tree number 96915 {1}
44:     -> Evolving tree number 96884 {1}
34:         Output tree data at t=13.80 Gyr (output 1 of 1)
34:     <- Finished tree
34:     -> Evolving tree number 96846 {1}
00:         Output tree data at t=13.80 Gyr (output 1 of 1)
00:     <- Finished tree
00:     -> Evolving tree number 97024 {1}
12:         Output tree data at t=13.80 Gyr (output 1 of 1)
12:     <- Finished tree
12:     Progress: 3061 trees processed; elapsed 22.25 h
12:     -> Evolving tree number 97012 {1}
26:         Output tree data at t=13.80 Gyr (output 1 of 1)
26:     <- Finished tree
26:     -> Evolving tree number 96806 {1}
45:         Output tree data at t=13.80 Gyr (output 1 of 1)
45:     <- Finished tree
45:     Progress: 3063 trees processed; elapsed 22.28 h
45:     -> Evolving tree number 97075 {1}
37:         Output tree data at t=13.80 Gyr (output 1 of 1)
37:     <- Finished tree
37:     -> Evolving tree number 96843 {1}
17:         Output tree data at t=13.80 Gyr (output 1 of 1)
17:     <- Finished tree
17:     -> Evolving tree number 96911 {1}
43:         Output tree data at t=13.80 Gyr (output 1 of 1)
43:     <- Finished tree
43:     Progress: 3066 trees processed; elapsed 22.30 h
43:     -> Evolving tree number 96885 {1}
36:         Output tree data at t=13.80 Gyr (output 1 of 1)
36:     <- Finished tree
36:     -> Evolving tree number 96892 {1}
20:         Output tree data at t=13.80 Gyr (output 1 of 1)
20:     <- Finished tree
20:     -> Evolving tree number 96908 {1}
41:         Output tree data at t=13.80 Gyr (output 1 of 1)
41:     <- Finished tree
41:     Progress: 3069 trees processed; elapsed 22.32 h
41:     -> Evolving tree number 96935 {1}
09:         Output tree data at t=13.80 Gyr (output 1 of 1)
09:     <- Finished tree
14:         Output tree data at t=13.80 Gyr (output 1 of 1)
14:     <- Finished tree
09:     -> Evolving tree number 96919 {1}
03:         Output tree data at t=13.80 Gyr (output 1 of 1)
03:     <- Finished tree
14:     -> Evolving tree number 96866 {1}
03:     -> Evolving tree number 96829 {1}
11:         Output tree data at t=13.80 Gyr (output 1 of 1)
11:     <- Finished tree
11:     -> Evolving tree number 96869 {1}
33:         Output tree data at t=13.80 Gyr (output 1 of 1)
33:     <- Finished tree
33:     Progress: 3074 trees processed; elapsed 22.34 h
25:         Output tree data at t=13.80 Gyr (output 1 of 1)
25:     <- Finished tree
32:         Output tree data at t=13.80 Gyr (output 1 of 1)
32:     <- Finished tree
33:     -> Evolving tree number 96895 {1}
32:     -> Evolving tree number 96848 {1}
25:     -> Evolving tree number 96855 {1}
10:         Output tree data at t=13.80 Gyr (output 1 of 1)
10:     <- Finished tree
10:     -> Evolving tree number 96966 {1}
35:         Output tree data at t=13.80 Gyr (output 1 of 1)
35:     <- Finished tree
35:     Progress: 3078 trees processed; elapsed 22.36 h
35:     -> Evolving tree number 96845 {1}
21:         Output tree data at t=13.80 Gyr (output 1 of 1)
21:     <- Finished tree
16:         Output tree data at t=13.80 Gyr (output 1 of 1)
16:     <- Finished tree
21:     -> Evolving tree number 97003 {1}
16:     -> Evolving tree number 96768 {1}
38:         Output tree data at t=13.80 Gyr (output 1 of 1)
38:     <- Finished tree
38:     -> Evolving tree number 96890 {1}
01:         Output tree data at t=13.80 Gyr (output 1 of 1)
01:     <- Finished tree
01:     -> Evolving tree number 97023 {1}
04:         Output tree data at t=13.80 Gyr (output 1 of 1)
04:     <- Finished tree
04:     Progress: 3083 trees processed; elapsed 22.38 h
04:     -> Evolving tree number 96828 {1}
27:         Output tree data at t=13.80 Gyr (output 1 of 1)
27:     <- Finished tree
27:     Progress: 3084 trees processed; elapsed 22.40 h
27:     -> Evolving tree number 96853 {1}
18:         Output tree data at t=13.80 Gyr (output 1 of 1)
18:     <- Finished tree
18:     -> Evolving tree number 96814 {1}
29:         Output tree data at t=13.80 Gyr (output 1 of 1)
29:     <- Finished tree
47:         Output tree data at t=13.80 Gyr (output 1 of 1)
47:     <- Finished tree
47:     Progress: 3087 trees processed; elapsed 22.42 h
07:         Output tree data at t=13.80 Gyr (output 1 of 1)
07:     <- Finished tree
29:     -> Evolving tree number 96851 {1}
47:     -> Evolving tree number 96737 {1}
07:     -> Evolving tree number 96873 {1}
08:         Output tree data at t=13.80 Gyr (output 1 of 1)
08:     <- Finished tree
08:     Progress: 3089 trees processed; elapsed 22.44 h
08:     -> Evolving tree number 96824 {1}
05:         Output tree data at t=13.80 Gyr (output 1 of 1)
05:     <- Finished tree
42:         Output tree data at t=13.80 Gyr (output 1 of 1)
42:     <- Finished tree
05:     -> Evolving tree number 96827 {1}
42:     -> Evolving tree number 96886 {1}
39:         Output tree data at t=13.80 Gyr (output 1 of 1)
39:     <- Finished tree
39:     Progress: 3092 trees processed; elapsed 22.47 h
39:     -> Evolving tree number 96841 {1}
23:         Output tree data at t=13.80 Gyr (output 1 of 1)
23:     <- Finished tree
23:     -> Evolving tree number 96809 {1}
46:         Output tree data at t=13.80 Gyr (output 1 of 1)
46:     <- Finished tree
46:     -> Evolving tree number 96834 {1}
22:         Output tree data at t=13.80 Gyr (output 1 of 1)
22:     <- Finished tree
22:     Progress: 3095 trees processed; elapsed 22.49 h
22:     -> Evolving tree number 96810 {1}
02:         Output tree data at t=13.80 Gyr (output 1 of 1)
02:     <- Finished tree
02:     -> Evolving tree number 96830 {1}
31:         Output tree data at t=13.80 Gyr (output 1 of 1)
31:     <- Finished tree
31:     -> Evolving tree number 96993 {1}
24:         Output tree data at t=13.80 Gyr (output 1 of 1)
24:     <- Finished tree
24:     Progress: 3098 trees processed; elapsed 22.52 h
24:     -> Evolving tree number 96760 {1}
19:         Output tree data at t=13.80 Gyr (output 1 of 1)
19:     <- Finished tree
19:     -> Evolving tree number 96765 {1}
36:         Output tree data at t=13.80 Gyr (output 1 of 1)
36:     <- Finished tree
15:         Output tree data at t=13.80 Gyr (output 1 of 1)
15:     <- Finished tree
36:     -> Evolving tree number 96844 {1}
15:     -> Evolving tree number 96721 {1}
13:         Output tree data at t=13.80 Gyr (output 1 of 1)
13:     <- Finished tree
13:     -> Evolving tree number 96867 {1}
34:         Output tree data at t=13.80 Gyr (output 1 of 1)
34:     <- Finished tree
34:     Progress: 3103 trees processed; elapsed 22.54 h
34:     -> Evolving tree number 96798 {1}
11:         Output tree data at t=13.80 Gyr (output 1 of 1)
11:     <- Finished tree
28:         Output tree data at t=13.80 Gyr (output 1 of 1)
28:     <- Finished tree
11:     -> Evolving tree number 96821 {1}
28:     -> Evolving tree number 96900 {1}
40:         Output tree data at t=13.80 Gyr (output 1 of 1)
40:     <- Finished tree
40:     Progress: 3106 trees processed; elapsed 22.59 h
40:     -> Evolving tree number 96840 {1}
44:         Output tree data at t=13.80 Gyr (output 1 of 1)
44:     <- Finished tree
44:     -> Evolving tree number 96836 {1}
14:         Output tree data at t=13.80 Gyr (output 1 of 1)
14:     <- Finished tree
14:     -> Evolving tree number 96818 {1}
12:         Output tree data at t=13.80 Gyr (output 1 of 1)
12:     <- Finished tree
12:     -> Evolving tree number 96964 {1}
06:         Output tree data at t=13.80 Gyr (output 1 of 1)
06:     <- Finished tree
06:     Progress: 3110 trees processed; elapsed 22.61 h
06:     -> Evolving tree number 96922 {1}
16:         Output tree data at t=13.80 Gyr (output 1 of 1)
16:     <- Finished tree
16:     -> Evolving tree number 96720 {1}
30:         Output tree data at t=13.80 Gyr (output 1 of 1)
30:     <- Finished tree
17:         Output tree data at t=13.80 Gyr (output 1 of 1)
17:     <- Finished tree
30:     -> Evolving tree number 96850 {1}
17:     -> Evolving tree number 96863 {1}
45:         Output tree data at t=13.80 Gyr (output 1 of 1)
45:     <- Finished tree
45:     Progress: 3114 trees processed; elapsed 22.63 h
45:     -> Evolving tree number 97027 {1}
00:         Output tree data at t=13.80 Gyr (output 1 of 1)
00:     <- Finished tree
00:     -> Evolving tree number 96976 {1}
38:         Output tree data at t=13.80 Gyr (output 1 of 1)
38:     <- Finished tree
38:     -> Evolving tree number 96842 {1}
10:         Output tree data at t=13.80 Gyr (output 1 of 1)
10:     <- Finished tree
10:     Progress: 3117 trees processed; elapsed 22.66 h
10:     -> Evolving tree number 96918 {1}
35:         Output tree data at t=13.80 Gyr (output 1 of 1)
35:     <- Finished tree
41:         Output tree data at t=13.80 Gyr (output 1 of 1)
41:     <- Finished tree
35:     -> Evolving tree number 96797 {1}
41:     -> Evolving tree number 96887 {1}
37:         Output tree data at t=13.80 Gyr (output 1 of 1)
37:     <- Finished tree
37:     -> Evolving tree number 96795 {1}
33:         Output tree data at t=13.80 Gyr (output 1 of 1)
33:     <- Finished tree
33:     Progress: 3121 trees processed; elapsed 22.69 h
26:         Output tree data at t=13.80 Gyr (output 1 of 1)
26:     <- Finished tree
33:     -> Evolving tree number 96847 {1}
26:     -> Evolving tree number 96758 {1}
03:         Output tree data at t=13.80 Gyr (output 1 of 1)
03:     <- Finished tree
03:     Progress: 3123 trees processed; elapsed 22.72 h
03:     -> Evolving tree number 96781 {1}
21:         Output tree data at t=13.80 Gyr (output 1 of 1)
21:     <- Finished tree
21:     -> Evolving tree number 96955 {1}
25:         Output tree data at t=13.80 Gyr (output 1 of 1)
25:     <- Finished tree
25:     Progress: 3125 trees processed; elapsed 22.74 h
25:     -> Evolving tree number 96807 {1}
22:         Output tree data at t=13.80 Gyr (output 1 of 1)
22:     <- Finished tree
22:     -> Evolving tree number 96762 {1}
32:         Output tree data at t=13.80 Gyr (output 1 of 1)
32:     <- Finished tree
32:     -> Evolving tree number 96800 {1}
07:         Output tree data at t=13.80 Gyr (output 1 of 1)
07:     <- Finished tree
07:     Progress: 3128 trees processed; elapsed 22.75 h
07:     -> Evolving tree number 96825 {1}
09:         Output tree data at t=13.80 Gyr (output 1 of 1)
09:     <- Finished tree
43:         Output tree data at t=13.80 Gyr (output 1 of 1)
43:     <- Finished tree
18:         Output tree data at t=13.80 Gyr (output 1 of 1)
18:     <- Finished tree
09:     -> Evolving tree number 96871 {1}
43:     -> Evolving tree number 96837 {1}
18:     -> Evolving tree number 96766 {1}
42:         Output tree data at t=13.80 Gyr (output 1 of 1)
42:     <- Finished tree
42:     Progress: 3132 trees processed; elapsed 22.77 h
42:     -> Evolving tree number 96838 {1}
01:         Output tree data at t=13.80 Gyr (output 1 of 1)
01:     <- Finished tree
20:         Output tree data at t=13.80 Gyr (output 1 of 1)
20:     <- Finished tree
01:     -> Evolving tree number 96975 {1}
46:         Output tree data at t=13.80 Gyr (output 1 of 1)
46:     <- Finished tree
20:     -> Evolving tree number 96860 {1}
46:     -> Evolving tree number 96786 {1}
15:         Output tree data at t=13.80 Gyr (output 1 of 1)
15:     <- Finished tree
15:     -> Evolving tree number 96673 {1}
47:         Output tree data at t=13.80 Gyr (output 1 of 1)
47:     <- Finished tree
47:     Progress: 3137 trees processed; elapsed 22.80 h
04:         Output tree data at t=13.80 Gyr (output 1 of 1)
04:     <- Finished tree
47:     -> Evolving tree number 96689 {1}
04:     -> Evolving tree number 96780 {1}
08:         Output tree data at t=13.80 Gyr (output 1 of 1)
08:     <- Finished tree
08:     -> Evolving tree number 96776 {1}
31:         Output tree data at t=13.80 Gyr (output 1 of 1)
31:     <- Finished tree
31:     Progress: 3140 trees processed; elapsed 22.83 h
39:         Output tree data at t=13.80 Gyr (output 1 of 1)
39:     <- Finished tree
31:     -> Evolving tree number 96945 {1}
39:     -> Evolving tree number 96793 {1}
29:         Output tree data at t=13.80 Gyr (output 1 of 1)
29:     <- Finished tree
02:         Output tree data at t=13.80 Gyr (output 1 of 1)
02:     <- Finished tree
27:         Output tree data at t=13.80 Gyr (output 1 of 1)
27:     <- Finished tree
29:     -> Evolving tree number 96803 {1}
02:     -> Evolving tree number 96782 {1}
27:     -> Evolving tree number 96805 {1}
12:         Output tree data at t=13.80 Gyr (output 1 of 1)
12:     <- Finished tree
12:     Progress: 3145 trees processed; elapsed 22.85 h
36:         Output tree data at t=13.80 Gyr (output 1 of 1)
36:     <- Finished tree
14:         Output tree data at t=13.80 Gyr (output 1 of 1)
14:     <- Finished tree
12:     -> Evolving tree number 96916 {1}
36:     -> Evolving tree number 96796 {1}
14:     -> Evolving tree number 96770 {1}
23:         Output tree data at t=13.80 Gyr (output 1 of 1)
23:     <- Finished tree
23:     -> Evolving tree number 96761 {1}
19:         Output tree data at t=13.80 Gyr (output 1 of 1)
19:     <- Finished tree
19:     -> Evolving tree number 96717 {1}
28:         Output tree data at t=13.80 Gyr (output 1 of 1)
28:     <- Finished tree
28:     Progress: 3150 trees processed; elapsed 22.87 h
28:     -> Evolving tree number 96852 {1}
44:         Output tree data at t=13.80 Gyr (output 1 of 1)
44:     <- Finished tree
44:     -> Evolving tree number 96788 {1}
05:         Output tree data at t=13.80 Gyr (output 1 of 1)
05:     <- Finished tree
05:     -> Evolving tree number 96779 {1}
24:         Output tree data at t=13.80 Gyr (output 1 of 1)
24:     <- Finished tree
34:         Output tree data at t=13.80 Gyr (output 1 of 1)
34:     <- Finished tree
24:     -> Evolving tree number 96712 {1}
34:     -> Evolving tree number 96750 {1}
11:         Output tree data at t=13.80 Gyr (output 1 of 1)
11:     <- Finished tree
11:     Progress: 3155 trees processed; elapsed 22.90 h
11:     -> Evolving tree number 96773 {1}
13:         Output tree data at t=13.80 Gyr (output 1 of 1)
13:     <- Finished tree
13:     -> Evolving tree number 96819 {1}
06:         Output tree data at t=13.80 Gyr (output 1 of 1)
06:     <- Finished tree
06:     Progress: 3157 trees processed; elapsed 22.97 h
06:     -> Evolving tree number 96874 {1}
10:         Output tree data at t=13.80 Gyr (output 1 of 1)
10:     <- Finished tree
04:         Output tree data at t=13.80 Gyr (output 1 of 1)
04:     <- Finished tree
10:     -> Evolving tree number 96870 {1}
30:         Output tree data at t=13.80 Gyr (output 1 of 1)
30:     <- Finished tree
04:     -> Evolving tree number 96732 {1}
00:         Output tree data at t=13.80 Gyr (output 1 of 1)
00:     <- Finished tree
30:     -> Evolving tree number 96802 {1}
00:     -> Evolving tree number 96928 {1}
35:         Output tree data at t=13.80 Gyr (output 1 of 1)
35:     <- Finished tree
35:     Progress: 3162 trees processed; elapsed 22.99 h
40:         Output tree data at t=13.80 Gyr (output 1 of 1)
40:     <- Finished tree
35:     -> Evolving tree number 96749 {1}
40:     -> Evolving tree number 96792 {1}
16:         Output tree data at t=13.80 Gyr (output 1 of 1)
16:     <- Finished tree
16:     -> Evolving tree number 96672 {1}
18:         Output tree data at t=13.80 Gyr (output 1 of 1)
18:     <- Finished tree
46:         Output tree data at t=13.80 Gyr (output 1 of 1)
46:     <- Finished tree
18:     -> Evolving tree number 96718 {1}
46:     -> Evolving tree number 96738 {1}
37:         Output tree data at t=13.80 Gyr (output 1 of 1)
37:     <- Finished tree
37:     Progress: 3167 trees processed; elapsed 23.01 h
38:         Output tree data at t=13.80 Gyr (output 1 of 1)
38:     <- Finished tree
37:     -> Evolving tree number 96747 {1}
38:     -> Evolving tree number 96794 {1}
45:         Output tree data at t=13.80 Gyr (output 1 of 1)
45:     <- Finished tree
45:     -> Evolving tree number 96979 {1}
15:         Output tree data at t=13.80 Gyr (output 1 of 1)
15:     <- Finished tree
15:     -> Evolving tree number 96625 {1}
32:         Output tree data at t=13.80 Gyr (output 1 of 1)
32:     <- Finished tree
32:     Progress: 3171 trees processed; elapsed 23.03 h
32:     -> Evolving tree number 96752 {1}
09:         Output tree data at t=13.80 Gyr (output 1 of 1)
09:     <- Finished tree
09:     -> Evolving tree number 96823 {1}
07:         Output tree data at t=13.80 Gyr (output 1 of 1)
07:     <- Finished tree
07:     Progress: 3173 trees processed; elapsed 23.05 h
07:     -> Evolving tree number 96777 {1}
26:         Output tree data at t=13.80 Gyr (output 1 of 1)
26:     <- Finished tree
17:         Output tree data at t=13.80 Gyr (output 1 of 1)
17:     <- Finished tree
26:     -> Evolving tree number 96710 {1}
25:         Output tree data at t=13.80 Gyr (output 1 of 1)
25:     <- Finished tree
17:     -> Evolving tree number 96815 {1}
42:         Output tree data at t=13.80 Gyr (output 1 of 1)
42:     <- Finished tree
42:     Progress: 3177 trees processed; elapsed 23.06 h
25:     -> Evolving tree number 96759 {1}
42:     -> Evolving tree number 96790 {1}
20:         Output tree data at t=13.80 Gyr (output 1 of 1)
20:     <- Finished tree
20:     -> Evolving tree number 96812 {1}
33:         Output tree data at t=13.80 Gyr (output 1 of 1)
33:     <- Finished tree
33:     -> Evolving tree number 96799 {1}
14:         Output tree data at t=13.80 Gyr (output 1 of 1)
14:     <- Finished tree
14:     Progress: 3180 trees processed; elapsed 23.08 h
22:         Output tree data at t=13.80 Gyr (output 1 of 1)
22:     <- Finished tree
14:     -> Evolving tree number 96722 {1}
22:     -> Evolving tree number 96714 {1}
43:         Output tree data at t=13.80 Gyr (output 1 of 1)
43:     <- Finished tree
43:     -> Evolving tree number 96789 {1}
21:         Output tree data at t=13.80 Gyr (output 1 of 1)
21:     <- Finished tree
21:     Progress: 3183 trees processed; elapsed 23.11 h
21:     -> Evolving tree number 96907 {1}
31:         Output tree data at t=13.80 Gyr (output 1 of 1)
31:     <- Finished tree
44:         Output tree data at t=13.80 Gyr (output 1 of 1)
44:     <- Finished tree
31:     -> Evolving tree number 96897 {1}
44:     -> Evolving tree number 96740 {1}
12:         Output tree data at t=13.80 Gyr (output 1 of 1)
12:     <- Finished tree
12:     -> Evolving tree number 96868 {1}
36:         Output tree data at t=13.80 Gyr (output 1 of 1)
36:     <- Finished tree
36:     Progress: 3187 trees processed; elapsed 23.13 h
36:     -> Evolving tree number 96748 {1}
24:         Output tree data at t=13.80 Gyr (output 1 of 1)
24:     <- Finished tree
24:     -> Evolving tree number 96664 {1}
01:         Output tree data at t=13.80 Gyr (output 1 of 1)
01:     <- Finished tree
01:     -> Evolving tree number 96927 {1}
19:         Output tree data at t=13.80 Gyr (output 1 of 1)
19:     <- Finished tree
19:     Progress: 3190 trees processed; elapsed 23.15 h
19:     -> Evolving tree number 96669 {1}
05:         Output tree data at t=13.80 Gyr (output 1 of 1)
05:     <- Finished tree
05:     -> Evolving tree number 96731 {1}
41:         Output tree data at t=13.80 Gyr (output 1 of 1)
41:     <- Finished tree
41:     Progress: 3192 trees processed; elapsed 23.17 h
41:     -> Evolving tree number 96839 {1}
27:         Output tree data at t=13.80 Gyr (output 1 of 1)
27:     <- Finished tree
27:     -> Evolving tree number 96757 {1}
02:         Output tree data at t=13.80 Gyr (output 1 of 1)
02:     <- Finished tree
02:     Progress: 3194 trees processed; elapsed 23.19 h
02:     -> Evolving tree number 96734 {1}
03:         Output tree data at t=13.80 Gyr (output 1 of 1)
03:     <- Finished tree
03:     -> Evolving tree number 96733 {1}
08:         Output tree data at t=13.80 Gyr (output 1 of 1)
08:     <- Finished tree
08:     Progress: 3196 trees processed; elapsed 23.21 h
08:     -> Evolving tree number 96728 {1}
39:         Output tree data at t=13.80 Gyr (output 1 of 1)
39:     <- Finished tree
39:     -> Evolving tree number 96745 {1}
47:         Output tree data at t=13.80 Gyr (output 1 of 1)
47:     <- Finished tree
28:         Output tree data at t=13.80 Gyr (output 1 of 1)
28:     <- Finished tree
47:     -> Evolving tree number 96641 {1}
28:     -> Evolving tree number 96804 {1}
23:         Output tree data at t=13.80 Gyr (output 1 of 1)
23:     <- Finished tree
23:     Progress: 3200 trees processed; elapsed 23.23 h
23:     -> Evolving tree number 96713 {1}
34:         Output tree data at t=13.80 Gyr (output 1 of 1)
34:     <- Finished tree
34:     -> Evolving tree number 96702 {1}
37:         Output tree data at t=13.80 Gyr (output 1 of 1)
37:     <- Finished tree
37:     Progress: 3202 trees processed; elapsed 23.25 h
35:         Output tree data at t=13.80 Gyr (output 1 of 1)
35:     <- Finished tree
37:     -> Evolving tree number 96699 {1}
35:     -> Evolving tree number 96701 {1}
32:         Output tree data at t=13.80 Gyr (output 1 of 1)
32:     <- Finished tree
29:         Output tree data at t=13.80 Gyr (output 1 of 1)
29:     <- Finished tree
32:     -> Evolving tree number 96704 {1}
10:         Output tree data at t=13.80 Gyr (output 1 of 1)
10:     <- Finished tree
10:     Progress: 3206 trees processed; elapsed 23.27 h
29:     -> Evolving tree number 96755 {1}
45:         Output tree data at t=13.80 Gyr (output 1 of 1)
45:     <- Finished tree
10:     -> Evolving tree number 96822 {1}
45:     -> Evolving tree number 96931 {1}
16:         Output tree data at t=13.80 Gyr (output 1 of 1)
16:     <- Finished tree
16:     Progress: 3208 trees processed; elapsed 23.29 h
04:         Output tree data at t=13.80 Gyr (output 1 of 1)
04:     <- Finished tree
16:     -> Evolving tree number 96624 {1}
11:         Output tree data at t=13.80 Gyr (output 1 of 1)
11:     <- Finished tree
04:     -> Evolving tree number 96684 {1}
18:         Output tree data at t=13.80 Gyr (output 1 of 1)
18:     <- Finished tree
00:         Output tree data at t=13.80 Gyr (output 1 of 1)
00:     <- Finished tree
11:     -> Evolving tree number 96725 {1}
18:     -> Evolving tree number 96670 {1}
14:         Output tree data at t=13.80 Gyr (output 1 of 1)
14:     <- Finished tree
00:     -> Evolving tree number 96880 {1}
14:     -> Evolving tree number 96674 {1}
22:         Output tree data at t=13.80 Gyr (output 1 of 1)
22:     <- Finished tree
22:     Progress: 3214 trees processed; elapsed 23.31 h
22:     -> Evolving tree number 96666 {1}
13:         Output tree data at t=13.80 Gyr (output 1 of 1)
13:     <- Finished tree
13:     -> Evolving tree number 96771 {1}
06:         Output tree data at t=13.80 Gyr (output 1 of 1)
06:     <- Finished tree
06:     -> Evolving tree number 96826 {1}
40:         Output tree data at t=13.80 Gyr (output 1 of 1)
40:     <- Finished tree
40:     Progress: 3217 trees processed; elapsed 23.33 h
40:     -> Evolving tree number 96744 {1}
31:         Output tree data at t=13.80 Gyr (output 1 of 1)
31:     <- Finished tree
20:         Output tree data at t=13.80 Gyr (output 1 of 1)
20:     <- Finished tree
31:     -> Evolving tree number 96849 {1}
20:     -> Evolving tree number 96764 {1}
15:         Output tree data at t=13.80 Gyr (output 1 of 1)
15:     <- Finished tree
15:     Progress: 3220 trees processed; elapsed 23.36 h
15:     -> Evolving tree number 96577 {1}
12:         Output tree data at t=13.80 Gyr (output 1 of 1)
12:     <- Finished tree
12:     Progress: 3221 trees processed; elapsed 23.38 h
38:         Output tree data at t=13.80 Gyr (output 1 of 1)
38:     <- Finished tree
12:     -> Evolving tree number 96820 {1}
38:     -> Evolving tree number 96746 {1}
30:         Output tree data at t=13.80 Gyr (output 1 of 1)
30:     <- Finished tree
30:     -> Evolving tree number 96754 {1}
09:         Output tree data at t=13.80 Gyr (output 1 of 1)
09:     <- Finished tree
09:     -> Evolving tree number 96775 {1}
25:         Output tree data at t=13.80 Gyr (output 1 of 1)
25:     <- Finished tree
25:     Progress: 3225 trees processed; elapsed 23.40 h
25:     -> Evolving tree number 96711 {1}
21:         Output tree data at t=13.80 Gyr (output 1 of 1)
21:     <- Finished tree
21:     -> Evolving tree number 96859 {1}
33:         Output tree data at t=13.80 Gyr (output 1 of 1)
33:     <- Finished tree
33:     Progress: 3227 trees processed; elapsed 23.42 h
33:     -> Evolving tree number 96751 {1}
42:         Output tree data at t=13.80 Gyr (output 1 of 1)
42:     <- Finished tree
42:     -> Evolving tree number 96742 {1}
07:         Output tree data at t=13.80 Gyr (output 1 of 1)
07:     <- Finished tree
07:     -> Evolving tree number 96729 {1}
05:         Output tree data at t=13.80 Gyr (output 1 of 1)
05:     <- Finished tree
05:     -> Evolving tree number 96683 {1}
01:         Output tree data at t=13.80 Gyr (output 1 of 1)
01:     <- Finished tree
01:     Progress: 3231 trees processed; elapsed 23.45 h
01:     -> Evolving tree number 96879 {1}
45:         Output tree data at t=13.80 Gyr (output 1 of 1)
45:     <- Finished tree
45:     -> Evolving tree number 96883 {1}
46:         Output tree data at t=13.80 Gyr (output 1 of 1)
46:     <- Finished tree
17:         Output tree data at t=13.80 Gyr (output 1 of 1)
17:     <- Finished tree
17:     Progress: 3234 trees processed; elapsed 23.46 h
46:     -> Evolving tree number 96690 {1}
19:         Output tree data at t=13.80 Gyr (output 1 of 1)
19:     <- Finished tree
17:     -> Evolving tree number 96767 {1}
08:         Output tree data at t=13.80 Gyr (output 1 of 1)
08:     <- Finished tree
19:     -> Evolving tree number 96621 {1}
08:     -> Evolving tree number 96680 {1}
26:         Output tree data at t=13.80 Gyr (output 1 of 1)
26:     <- Finished tree
26:     -> Evolving tree number 96662 {1}
27:         Output tree data at t=13.80 Gyr (output 1 of 1)
27:     <- Finished tree
27:     -> Evolving tree number 96709 {1}
36:         Output tree data at t=13.80 Gyr (output 1 of 1)
36:     <- Finished tree
36:     Progress: 3239 trees processed; elapsed 23.49 h
36:     -> Evolving tree number 96700 {1}
41:         Output tree data at t=13.80 Gyr (output 1 of 1)
41:     <- Finished tree
41:     Progress: 3240 trees processed; elapsed 23.51 h
41:     -> Evolving tree number 96791 {1}
44:         Output tree data at t=13.80 Gyr (output 1 of 1)
44:     <- Finished tree
44:     Progress: 3241 trees processed; elapsed 23.53 h
44:     -> Evolving tree number 96692 {1}
39:         Output tree data at t=13.80 Gyr (output 1 of 1)
39:     <- Finished tree
39:     -> Evolving tree number 96697 {1}
43:         Output tree data at t=13.80 Gyr (output 1 of 1)
43:     <- Finished tree
43:     -> Evolving tree number 96741 {1}
02:         Output tree data at t=13.80 Gyr (output 1 of 1)
02:     <- Finished tree
02:     Progress: 3244 trees processed; elapsed 23.56 h
02:     -> Evolving tree number 96686 {1}
24:         Output tree data at t=13.80 Gyr (output 1 of 1)
24:     <- Finished tree
24:     -> Evolving tree number 96616 {1}
37:         Output tree data at t=13.80 Gyr (output 1 of 1)
37:     <- Finished tree
37:     Progress: 3246 trees processed; elapsed 23.58 h
11:         Output tree data at t=13.80 Gyr (output 1 of 1)
11:     <- Finished tree
37:     -> Evolving tree number 96651 {1}
35:         Output tree data at t=13.80 Gyr (output 1 of 1)
35:     <- Finished tree
11:     -> Evolving tree number 96677 {1}
35:     -> Evolving tree number 96653 {1}
14:         Output tree data at t=13.80 Gyr (output 1 of 1)
14:     <- Finished tree
13:         Output tree data at t=13.80 Gyr (output 1 of 1)
13:     <- Finished tree
14:     -> Evolving tree number 96626 {1}
23:         Output tree data at t=13.80 Gyr (output 1 of 1)
23:     <- Finished tree
13:     -> Evolving tree number 96723 {1}
23:     -> Evolving tree number 96665 {1}
03:         Output tree data at t=13.80 Gyr (output 1 of 1)
03:     <- Finished tree
03:     Progress: 3252 trees processed; elapsed 23.61 h
03:     -> Evolving tree number 96685 {1}
47:         Output tree data at t=13.80 Gyr (output 1 of 1)
47:     <- Finished tree
47:     -> Evolving tree number 96593 {1}
34:         Output tree data at t=13.80 Gyr (output 1 of 1)
34:     <- Finished tree
34:     -> Evolving tree number 96654 {1}
04:         Output tree data at t=13.80 Gyr (output 1 of 1)
04:     <- Finished tree
04:     -> Evolving tree number 96636 {1}
28:         Output tree data at t=13.80 Gyr (output 1 of 1)
28:     <- Finished tree
28:     Progress: 3256 trees processed; elapsed 23.63 h
28:     -> Evolving tree number 96756 {1}
09:         Output tree data at t=13.80 Gyr (output 1 of 1)
09:     <- Finished tree
09:     -> Evolving tree number 96727 {1}
10:         Output tree data at t=13.80 Gyr (output 1 of 1)
10:     <- Finished tree
10:     Progress: 3258 trees processed; elapsed 23.65 h
29:         Output tree data at t=13.80 Gyr (output 1 of 1)
29:     <- Finished tree
10:     -> Evolving tree number 96774 {1}
29:     -> Evolving tree number 96707 {1}
20:         Output tree data at t=13.80 Gyr (output 1 of 1)
20:     <- Finished tree
20:     -> Evolving tree number 96716 {1}
40:         Output tree data at t=13.80 Gyr (output 1 of 1)
40:     <- Finished tree
40:     -> Evolving tree number 96696 {1}
00:         Output tree data at t=13.80 Gyr (output 1 of 1)
00:     <- Finished tree
00:     Progress: 3262 trees processed; elapsed 23.68 h
16:         Output tree data at t=13.80 Gyr (output 1 of 1)
16:     <- Finished tree
00:     -> Evolving tree number 96832 {1}
16:     -> Evolving tree number 96576 {1}
31:         Output tree data at t=13.80 Gyr (output 1 of 1)
31:     <- Finished tree
31:     Progress: 3264 trees processed; elapsed 23.71 h
25:         Output tree data at t=13.80 Gyr (output 1 of 1)
25:     <- Finished tree
31:     -> Evolving tree number 96801 {1}
25:     -> Evolving tree number 96663 {1}
22:         Output tree data at t=13.80 Gyr (output 1 of 1)
22:     <- Finished tree
06:         Output tree data at t=13.80 Gyr (output 1 of 1)
06:     <- Finished tree
22:     -> Evolving tree number 96618 {1}
06:     -> Evolving tree number 96778 {1}
45:         Output tree data at t=13.80 Gyr (output 1 of 1)
45:     <- Finished tree
45:     Progress: 3268 trees processed; elapsed 23.73 h
45:     -> Evolving tree number 96835 {1}
15:         Output tree data at t=13.80 Gyr (output 1 of 1)
15:     <- Finished tree
15:     -> Evolving tree number 96529 {1}
46:         Output tree data at t=13.80 Gyr (output 1 of 1)
46:     <- Finished tree
43:         Output tree data at t=13.80 Gyr (output 1 of 1)
43:     <- Finished tree
46:     -> Evolving tree number 96642 {1}
43:     -> Evolving tree number 96693 {1}
36:         Output tree data at t=13.80 Gyr (output 1 of 1)
36:     <- Finished tree
36:     Progress: 3272 trees processed; elapsed 23.75 h
36:     -> Evolving tree number 96652 {1}
32:         Output tree data at t=13.80 Gyr (output 1 of 1)
32:     <- Finished tree
18:         Output tree data at t=13.80 Gyr (output 1 of 1)
18:     <- Finished tree
32:     -> Evolving tree number 96656 {1}
38:         Output tree data at t=13.80 Gyr (output 1 of 1)
38:     <- Finished tree
18:     -> Evolving tree number 96622 {1}
38:     -> Evolving tree number 96698 {1}
17:         Output tree data at t=13.80 Gyr (output 1 of 1)
17:     <- Finished tree
17:     Progress: 3276 trees processed; elapsed 23.79 h
19:         Output tree data at t=13.80 Gyr (output 1 of 1)
19:     <- Finished tree
17:     -> Evolving tree number 96719 {1}
19:     -> Evolving tree number 96573 {1}
07:         Output tree data at t=13.80 Gyr (output 1 of 1)
07:     <- Finished tree
07:     -> Evolving tree number 96681 {1}
02:         Output tree data at t=13.80 Gyr (output 1 of 1)
02:     <- Finished tree
08:         Output tree data at t=13.80 Gyr (output 1 of 1)
08:     <- Finished tree
02:     -> Evolving tree number 96638 {1}
08:     -> Evolving tree number 96632 {1}
14:         Output tree data at t=13.80 Gyr (output 1 of 1)
14:     <- Finished tree
14:     Progress: 3281 trees processed; elapsed 23.82 h
14:     -> Evolving tree number 96578 {1}
42:         Output tree data at t=13.80 Gyr (output 1 of 1)
42:     <- Finished tree
42:     -> Evolving tree number 96694 {1}
13:         Output tree data at t=13.80 Gyr (output 1 of 1)
13:     <- Finished tree
13:     Progress: 3283 trees processed; elapsed 23.84 h
30:         Output tree data at t=13.80 Gyr (output 1 of 1)
30:     <- Finished tree
13:     -> Evolving tree number 96675 {1}
30:     -> Evolving tree number 96706 {1}
12:         Output tree data at t=13.80 Gyr (output 1 of 1)
12:     <- Finished tree
26:         Output tree data at t=13.80 Gyr (output 1 of 1)
26:     <- Finished tree
12:     -> Evolving tree number 96772 {1}
21:         Output tree data at t=13.80 Gyr (output 1 of 1)
21:     <- Finished tree
26:     -> Evolving tree number 96614 {1}
21:     -> Evolving tree number 96811 {1}
44:         Output tree data at t=13.80 Gyr (output 1 of 1)
44:     <- Finished tree
34:         Output tree data at t=13.80 Gyr (output 1 of 1)
34:     <- Finished tree
34:     Progress: 3289 trees processed; elapsed 23.86 h
44:     -> Evolving tree number 96644 {1}
05:         Output tree data at t=13.80 Gyr (output 1 of 1)
05:     <- Finished tree
34:     -> Evolving tree number 96606 {1}
41:         Output tree data at t=13.80 Gyr (output 1 of 1)
41:     <- Finished tree
05:     -> Evolving tree number 96635 {1}
41:     -> Evolving tree number 96743 {1}
33:         Output tree data at t=13.80 Gyr (output 1 of 1)
33:     <- Finished tree
33:     -> Evolving tree number 96703 {1}
39:         Output tree data at t=13.80 Gyr (output 1 of 1)
39:     <- Finished tree
39:     Progress: 3293 trees processed; elapsed 23.90 h
39:     -> Evolving tree number 96649 {1}
09:         Output tree data at t=13.80 Gyr (output 1 of 1)
09:     <- Finished tree
09:     -> Evolving tree number 96679 {1}
01:         Output tree data at t=13.80 Gyr (output 1 of 1)
01:     <- Finished tree
01:     -> Evolving tree number 96831 {1}
27:         Output tree data at t=13.80 Gyr (output 1 of 1)
27:     <- Finished tree
27:     Progress: 3296 trees processed; elapsed 23.92 h
27:     -> Evolving tree number 96661 {1}
11:         Output tree data at t=13.80 Gyr (output 1 of 1)
11:     <- Finished tree
11:     -> Evolving tree number 96629 {1}
35:         Output tree data at t=13.80 Gyr (output 1 of 1)
35:     <- Finished tree
35:     -> Evolving tree number 96605 {1}
24:         Output tree data at t=13.80 Gyr (output 1 of 1)
24:     <- Finished tree
24:     -> Evolving tree number 96568 {1}
06:         Output tree data at t=13.80 Gyr (output 1 of 1)
06:     <- Finished tree
06:     Progress: 3300 trees processed; elapsed 23.94 h
06:     -> Evolving tree number 96730 {1}
40:         Output tree data at t=13.80 Gyr (output 1 of 1)
40:     <- Finished tree
40:     -> Evolving tree number 96648 {1}
25:         Output tree data at t=13.80 Gyr (output 1 of 1)
25:     <- Finished tree
23:         Output tree data at t=13.80 Gyr (output 1 of 1)
23:     <- Finished tree
25:     -> Evolving tree number 96615 {1}
23:     -> Evolving tree number 96617 {1}
10:         Output tree data at t=13.80 Gyr (output 1 of 1)
10:     <- Finished tree
10:     Progress: 3304 trees processed; elapsed 23.96 h
10:     -> Evolving tree number 96726 {1}
37:         Output tree data at t=13.80 Gyr (output 1 of 1)
37:     <- Finished tree
37:     -> Evolving tree number 96603 {1}
03:         Output tree data at t=13.80 Gyr (output 1 of 1)
03:     <- Finished tree
03:     -> Evolving tree number 96637 {1}
28:         Output tree data at t=13.80 Gyr (output 1 of 1)
28:     <- Finished tree
28:     -> Evolving tree number 96708 {1}
47:         Output tree data at t=13.80 Gyr (output 1 of 1)
47:     <- Finished tree
47:     Progress: 3308 trees processed; elapsed 23.99 h
47:     -> Evolving tree number 96545 {1}
22:         Output tree data at t=13.80 Gyr (output 1 of 1)
22:     <- Finished tree
22:     -> Evolving tree number 96570 {1}
18:         Output tree data at t=13.80 Gyr (output 1 of 1)
18:     <- Finished tree
18:     Progress: 3310 trees processed; elapsed 1.00 d
18:     -> Evolving tree number 96574 {1}
00:         Output tree data at t=13.80 Gyr (output 1 of 1)
00:     <- Finished tree
00:     -> Evolving tree number 96784 {1}
36:         Output tree data at t=13.80 Gyr (output 1 of 1)
36:     <- Finished tree
36:     Progress: 3312 trees processed; elapsed 1.00 d
42:         Output tree data at t=13.80 Gyr (output 1 of 1)
42:     <- Finished tree
36:     -> Evolving tree number 96604 {1}
42:     -> Evolving tree number 96646 {1}
20:         Output tree data at t=13.80 Gyr (output 1 of 1)
20:     <- Finished tree
20:     -> Evolving tree number 96668 {1}
29:         Output tree data at t=13.80 Gyr (output 1 of 1)
29:     <- Finished tree
29:     -> Evolving tree number 96659 {1}
16:         Output tree data at t=13.80 Gyr (output 1 of 1)
16:     <- Finished tree
16:     Progress: 3316 trees processed; elapsed 1.00 d
46:         Output tree data at t=13.80 Gyr (output 1 of 1)
46:     <- Finished tree
16:     -> Evolving tree number 96528 {1}
46:     -> Evolving tree number 96594 {1}
04:         Output tree data at t=13.80 Gyr (output 1 of 1)
04:     <- Finished tree
04:     -> Evolving tree number 96588 {1}
02:         Output tree data at t=13.80 Gyr (output 1 of 1)
02:     <- Finished tree
02:     Progress: 3319 trees processed; elapsed 1.00 d
02:     -> Evolving tree number 96590 {1}
41:         Output tree data at t=13.80 Gyr (output 1 of 1)
41:     <- Finished tree
41:     -> Evolving tree number 96695 {1}
17:         Output tree data at t=13.80 Gyr (output 1 of 1)
17:     <- Finished tree
17:     Progress: 3321 trees processed; elapsed 1.00 d
31:         Output tree data at t=13.80 Gyr (output 1 of 1)
31:     <- Finished tree
17:     -> Evolving tree number 96671 {1}
31:     -> Evolving tree number 96753 {1}
19:         Output tree data at t=13.80 Gyr (output 1 of 1)
19:     <- Finished tree
19:     -> Evolving tree number 96525 {1}
14:         Output tree data at t=13.80 Gyr (output 1 of 1)
14:     <- Finished tree
14:     -> Evolving tree number 96530 {1}
35:         Output tree data at t=13.80 Gyr (output 1 of 1)
35:     <- Finished tree
35:     Progress: 3325 trees processed; elapsed 1.00 d
35:     -> Evolving tree number 96557 {1}
15:         Output tree data at t=13.80 Gyr (output 1 of 1)
15:     <- Finished tree
34:         Output tree data at t=13.80 Gyr (output 1 of 1)
34:     <- Finished tree
30:         Output tree data at t=13.80 Gyr (output 1 of 1)
30:     <- Finished tree
15:     -> Evolving tree number 96481 {1}
34:     -> Evolving tree number 96558 {1}
30:     -> Evolving tree number 96658 {1}
32:         Output tree data at t=13.80 Gyr (output 1 of 1)
32:     <- Finished tree
32:     -> Evolving tree number 96608 {1}
45:         Output tree data at t=13.80 Gyr (output 1 of 1)
45:     <- Finished tree
45:     Progress: 3330 trees processed; elapsed 1.01 d
44:         Output tree data at t=13.80 Gyr (output 1 of 1)
44:     <- Finished tree
45:     -> Evolving tree number 96787 {1}
44:     -> Evolving tree number 96596 {1}
12:         Output tree data at t=13.80 Gyr (output 1 of 1)
12:     <- Finished tree
12:     -> Evolving tree number 96724 {1}
06:         Output tree data at t=13.80 Gyr (output 1 of 1)
06:     <- Finished tree
06:     -> Evolving tree number 96682 {1}
24:         Output tree data at t=13.80 Gyr (output 1 of 1)
24:     <- Finished tree
24:     Progress: 3334 trees processed; elapsed 1.01 d
24:     -> Evolving tree number 96520 {1}
43:         Output tree data at t=13.80 Gyr (output 1 of 1)
43:     <- Finished tree
43:     -> Evolving tree number 96645 {1}
38:         Output tree data at t=13.80 Gyr (output 1 of 1)
38:     <- Finished tree
38:     Progress: 3336 trees processed; elapsed 1.01 d
38:     -> Evolving tree number 96650 {1}
26:         Output tree data at t=13.80 Gyr (output 1 of 1)
26:     <- Finished tree
26:     -> Evolving tree number 96566 {1}
13:         Output tree data at t=13.80 Gyr (output 1 of 1)
13:     <- Finished tree
13:     -> Evolving tree number 96627 {1}
10:         Output tree data at t=13.80 Gyr (output 1 of 1)
10:     <- Finished tree
10:     Progress: 3339 trees processed; elapsed 1.01 d
09:         Output tree data at t=13.80 Gyr (output 1 of 1)
09:     <- Finished tree
10:     -> Evolving tree number 96678 {1}
09:     -> Evolving tree number 96631 {1}
08:         Output tree data at t=13.80 Gyr (output 1 of 1)
08:     <- Finished tree
08:     -> Evolving tree number 96584 {1}
33:         Output tree data at t=13.80 Gyr (output 1 of 1)
33:     <- Finished tree
33:     -> Evolving tree number 96655 {1}
05:         Output tree data at t=13.80 Gyr (output 1 of 1)
05:     <- Finished tree
05:     -> Evolving tree number 96587 {1}
07:         Output tree data at t=13.80 Gyr (output 1 of 1)
07:     <- Finished tree
07:     Progress: 3344 trees processed; elapsed 1.01 d
27:         Output tree data at t=13.80 Gyr (output 1 of 1)
27:     <- Finished tree
07:     -> Evolving tree number 96633 {1}
27:     -> Evolving tree number 96613 {1}
01:         Output tree data at t=13.80 Gyr (output 1 of 1)
01:     <- Finished tree
01:     -> Evolving tree number 96783 {1}
22:         Output tree data at t=13.80 Gyr (output 1 of 1)
22:     <- Finished tree
22:     Progress: 3347 trees processed; elapsed 1.01 d
22:     -> Evolving tree number 96522 {1}
21:         Output tree data at t=13.80 Gyr (output 1 of 1)
21:     <- Finished tree
21:     -> Evolving tree number 96763 {1}
20:         Output tree data at t=13.80 Gyr (output 1 of 1)
20:     <- Finished tree
20:     Progress: 3349 trees processed; elapsed 1.01 d
40:         Output tree data at t=13.80 Gyr (output 1 of 1)
40:     <- Finished tree
20:     -> Evolving tree number 96620 {1}
40:     -> Evolving tree number 96600 {1}
31:         Output tree data at t=13.80 Gyr (output 1 of 1)
31:     <- Finished tree
31:     Progress: 3351 trees processed; elapsed 1.01 d
31:     -> Evolving tree number 96705 {1}
39:         Output tree data at t=13.80 Gyr (output 1 of 1)
39:     <- Finished tree
18:         Output tree data at t=13.80 Gyr (output 1 of 1)
18:     <- Finished tree
39:     -> Evolving tree number 96601 {1}
23:         Output tree data at t=13.80 Gyr (output 1 of 1)
23:     <- Finished tree
11:         Output tree data at t=13.80 Gyr (output 1 of 1)
11:     <- Finished tree
18:     -> Evolving tree number 96526 {1}
23:     -> Evolving tree number 96569 {1}
11:     -> Evolving tree number 96581 {1}
47:         Output tree data at t=13.80 Gyr (output 1 of 1)
47:     <- Finished tree
47:     -> Evolving tree number 96497 {1}
17:         Output tree data at t=13.80 Gyr (output 1 of 1)
17:     <- Finished tree
17:     Progress: 3357 trees processed; elapsed 1.01 d
17:     -> Evolving tree number 96623 {1}
29:         Output tree data at t=13.80 Gyr (output 1 of 1)
29:     <- Finished tree
29:     -> Evolving tree number 96611 {1}
03:         Output tree data at t=13.80 Gyr (output 1 of 1)
03:     <- Finished tree
03:     -> Evolving tree number 96589 {1}
32:         Output tree data at t=13.80 Gyr (output 1 of 1)
32:     <- Finished tree
32:     -> Evolving tree number 96560 {1}
46:         Output tree data at t=13.80 Gyr (output 1 of 1)
46:     <- Finished tree
46:     Progress: 3361 trees processed; elapsed 1.02 d
28:         Output tree data at t=13.80 Gyr (output 1 of 1)
28:     <- Finished tree
00:         Output tree data at t=13.80 Gyr (output 1 of 1)
00:     <- Finished tree
46:     -> Evolving tree number 96546 {1}
28:     -> Evolving tree number 96660 {1}
00:     -> Evolving tree number 96736 {1}
36:         Output tree data at t=13.80 Gyr (output 1 of 1)
36:     <- Finished tree
36:     -> Evolving tree number 96556 {1}
19:         Output tree data at t=13.80 Gyr (output 1 of 1)
19:     <- Finished tree
19:     -> Evolving tree number 96477 {1}
34:         Output tree data at t=13.80 Gyr (output 1 of 1)
34:     <- Finished tree
34:     Progress: 3366 trees processed; elapsed 1.02 d
34:     -> Evolving tree number 96510 {1}
25:         Output tree data at t=13.80 Gyr (output 1 of 1)
25:     <- Finished tree
25:     -> Evolving tree number 96567 {1}
45:         Output tree data at t=13.80 Gyr (output 1 of 1)
45:     <- Finished tree
41:         Output tree data at t=13.80 Gyr (output 1 of 1)
41:     <- Finished tree
45:     -> Evolving tree number 96739 {1}
06:         Output tree data at t=13.80 Gyr (output 1 of 1)
06:     <- Finished tree
41:     -> Evolving tree number 96647 {1}
06:     -> Evolving tree number 96634 {1}
04:         Output tree data at t=13.80 Gyr (output 1 of 1)
04:     <- Finished tree
04:     Progress: 3371 trees processed; elapsed 1.02 d
04:     -> Evolving tree number 96540 {1}
30:         Output tree data at t=13.80 Gyr (output 1 of 1)
30:     <- Finished tree
02:         Output tree data at t=13.80 Gyr (output 1 of 1)
02:     <- Finished tree
30:     -> Evolving tree number 96610 {1}
02:     -> Evolving tree number 96542 {1}
12:         Output tree data at t=13.80 Gyr (output 1 of 1)
12:     <- Finished tree
12:     -> Evolving tree number 96676 {1}
14:         Output tree data at t=13.80 Gyr (output 1 of 1)
14:     <- Finished tree
14:     Progress: 3375 trees processed; elapsed 1.02 d
14:     -> Evolving tree number 96482 {1}
35:         Output tree data at t=13.80 Gyr (output 1 of 1)
35:     <- Finished tree
35:     -> Evolving tree number 96509 {1}
37:         Output tree data at t=13.80 Gyr (output 1 of 1)
37:     <- Finished tree
37:     -> Evolving tree number 96555 {1}
38:         Output tree data at t=13.80 Gyr (output 1 of 1)
38:     <- Finished tree
38:     Progress: 3378 trees processed; elapsed 1.02 d
38:     -> Evolving tree number 96602 {1}
43:         Output tree data at t=13.80 Gyr (output 1 of 1)
43:     <- Finished tree
43:     -> Evolving tree number 96597 {1}
24:         Output tree data at t=13.80 Gyr (output 1 of 1)
24:     <- Finished tree
24:     -> Evolving tree number 96472 {1}
42:         Output tree data at t=13.80 Gyr (output 1 of 1)
42:     <- Finished tree
42:     -> Evolving tree number 96598 {1}
26:         Output tree data at t=13.80 Gyr (output 1 of 1)
26:     <- Finished tree
26:     Progress: 3382 trees processed; elapsed 1.02 d
26:     -> Evolving tree number 96518 {1}
15:         Output tree data at t=13.80 Gyr (output 1 of 1)
15:     <- Finished tree
15:     Progress: 3383 trees processed; elapsed 1.02 d
08:         Output tree data at t=13.80 Gyr (output 1 of 1)
08:     <- Finished tree
08:     -> Evolving tree number 96536 {1}
15:     -> Evolving tree number 96433 {1}
16:         Output tree data at t=13.80 Gyr (output 1 of 1)
16:     <- Finished tree
16:     -> Evolving tree number 96480 {1}
23:         Output tree data at t=13.80 Gyr (output 1 of 1)
23:     <- Finished tree
23:     -> Evolving tree number 96521 {1}
13:         Output tree data at t=13.80 Gyr (output 1 of 1)
13:     <- Finished tree
13:     Progress: 3387 trees processed; elapsed 1.02 d
13:     -> Evolving tree number 96579 {1}
10:         Output tree data at t=13.80 Gyr (output 1 of 1)
10:     <- Finished tree
10:     Progress: 3388 trees processed; elapsed 1.02 d
10:     -> Evolving tree number 96630 {1}
33:         Output tree data at t=13.80 Gyr (output 1 of 1)
33:     <- Finished tree
33:     -> Evolving tree number 96607 {1}
05:         Output tree data at t=13.80 Gyr (output 1 of 1)
05:     <- Finished tree
05:     Progress: 3390 trees processed; elapsed 1.02 d
05:     -> Evolving tree number 96539 {1}
01:         Output tree data at t=13.80 Gyr (output 1 of 1)
01:     <- Finished tree
01:     -> Evolving tree number 96735 {1}
27:         Output tree data at t=13.80 Gyr (output 1 of 1)
27:     <- Finished tree
44:         Output tree data at t=13.80 Gyr (output 1 of 1)
44:     <- Finished tree
27:     -> Evolving tree number 96565 {1}
44:     -> Evolving tree number 96548 {1}
29:         Output tree data at t=13.80 Gyr (output 1 of 1)
29:     <- Finished tree
29:     Progress: 3394 trees processed; elapsed 1.03 d
29:     -> Evolving tree number 96563 {1}
07:         Output tree data at t=13.80 Gyr (output 1 of 1)
07:     <- Finished tree
07:     -> Evolving tree number 96585 {1}
22:         Output tree data at t=13.80 Gyr (output 1 of 1)
22:     <- Finished tree
22:     Progress: 3396 trees processed; elapsed 1.03 d
22:     -> Evolving tree number 96474 {1}
03:         Output tree data at t=13.80 Gyr (output 1 of 1)
03:     <- Finished tree
03:     -> Evolving tree number 96541 {1}
34:         Output tree data at t=13.80 Gyr (output 1 of 1)
34:     <- Finished tree
34:     Progress: 3398 trees processed; elapsed 1.03 d
34:     -> Evolving tree number 96462 {1}
18:         Output tree data at t=13.80 Gyr (output 1 of 1)
18:     <- Finished tree
18:     -> Evolving tree number 96478 {1}
45:         Output tree data at t=13.80 Gyr (output 1 of 1)
45:     <- Finished tree
45:     -> Evolving tree number 96691 {1}
21:         Output tree data at t=13.80 Gyr (output 1 of 1)
21:     <- Finished tree
21:     Progress: 3401 trees processed; elapsed 1.03 d
21:     -> Evolving tree number 96715 {1}
09:         Output tree data at t=13.80 Gyr (output 1 of 1)
09:     <- Finished tree
09:     -> Evolving tree number 96583 {1}
40:         Output tree data at t=13.80 Gyr (output 1 of 1)
40:     <- Finished tree
40:     -> Evolving tree number 96552 {1}
20:         Output tree data at t=13.80 Gyr (output 1 of 1)
20:     <- Finished tree
20:     -> Evolving tree number 96572 {1}
32:         Output tree data at t=13.80 Gyr (output 1 of 1)
32:     <- Finished tree
32:     Progress: 3405 trees processed; elapsed 1.03 d
41:         Output tree data at t=13.80 Gyr (output 1 of 1)
41:     <- Finished tree
32:     -> Evolving tree number 96512 {1}
41:     -> Evolving tree number 96599 {1}
46:         Output tree data at t=13.80 Gyr (output 1 of 1)
46:     <- Finished tree
46:     -> Evolving tree number 96498 {1}
17:         Output tree data at t=13.80 Gyr (output 1 of 1)
17:     <- Finished tree
17:     -> Evolving tree number 96575 {1}
39:         Output tree data at t=13.80 Gyr (output 1 of 1)
39:     <- Finished tree
39:     Progress: 3409 trees processed; elapsed 1.03 d
19:         Output tree data at t=13.80 Gyr (output 1 of 1)
19:     <- Finished tree
39:     -> Evolving tree number 96553 {1}
19:     -> Evolving tree number 96429 {1}
11:         Output tree data at t=13.80 Gyr (output 1 of 1)
11:     <- Finished tree
11:     -> Evolving tree number 96533 {1}
30:         Output tree data at t=13.80 Gyr (output 1 of 1)
30:     <- Finished tree
30:     Progress: 3412 trees processed; elapsed 1.03 d
28:         Output tree data at t=13.80 Gyr (output 1 of 1)
28:     <- Finished tree
30:     -> Evolving tree number 96562 {1}
25:         Output tree data at t=13.80 Gyr (output 1 of 1)
25:     <- Finished tree
28:     -> Evolving tree number 96612 {1}
25:     -> Evolving tree number 96519 {1}
23:         Output tree data at t=13.80 Gyr (output 1 of 1)
23:     <- Finished tree
23:     Progress: 3415 trees processed; elapsed 1.03 d
23:     -> Evolving tree number 96473 {1}
00:         Output tree data at t=13.80 Gyr (output 1 of 1)
00:     <- Finished tree
00:     -> Evolving tree number 96688 {1}
47:         Output tree data at t=13.80 Gyr (output 1 of 1)
47:     <- Finished tree
47:     Progress: 3417 trees processed; elapsed 1.03 d
06:         Output tree data at t=13.80 Gyr (output 1 of 1)
06:     <- Finished tree
47:     -> Evolving tree number 96449 {1}
06:     -> Evolving tree number 96586 {1}
43:         Output tree data at t=13.80 Gyr (output 1 of 1)
43:     <- Finished tree
37:         Output tree data at t=13.80 Gyr (output 1 of 1)
37:     <- Finished tree
43:     -> Evolving tree number 96549 {1}
37:     -> Evolving tree number 96507 {1}
38:         Output tree data at t=13.80 Gyr (output 1 of 1)
38:     <- Finished tree
38:     Progress: 3421 trees processed; elapsed 1.04 d
38:     -> Evolving tree number 96554 {1}
14:         Output tree data at t=13.80 Gyr (output 1 of 1)
14:     <- Finished tree
24:         Output tree data at t=13.80 Gyr (output 1 of 1)
24:     <- Finished tree
14:     -> Evolving tree number 96434 {1}
24:     -> Evolving tree number 96424 {1}
01:         Output tree data at t=13.80 Gyr (output 1 of 1)
01:     <- Finished tree
01:     -> Evolving tree number 96687 {1}
02:         Output tree data at t=13.80 Gyr (output 1 of 1)
02:     <- Finished tree
02:     Progress: 3425 trees processed; elapsed 1.04 d
04:         Output tree data at t=13.80 Gyr (output 1 of 1)
04:     <- Finished tree
02:     -> Evolving tree number 96494 {1}
04:     -> Evolving tree number 96492 {1}
35:         Output tree data at t=13.80 Gyr (output 1 of 1)
35:     <- Finished tree
35:     -> Evolving tree number 96461 {1}
16:         Output tree data at t=13.80 Gyr (output 1 of 1)
16:     <- Finished tree
16:     -> Evolving tree number 96432 {1}
13:         Output tree data at t=13.80 Gyr (output 1 of 1)
13:     <- Finished tree
36:         Output tree data at t=13.80 Gyr (output 1 of 1)
36:     <- Finished tree
36:     Progress: 3430 trees processed; elapsed 1.04 d
13:     -> Evolving tree number 96531 {1}
36:     -> Evolving tree number 96508 {1}
15:         Output tree data at t=13.80 Gyr (output 1 of 1)
15:     <- Finished tree
15:     Progress: 3431 trees processed; elapsed 1.04 d
15:     -> Evolving tree number 96385 {1}
44:         Output tree data at t=13.80 Gyr (output 1 of 1)
44:     <- Finished tree
44:     -> Evolving tree number 96500 {1}
08:         Output tree data at t=13.80 Gyr (output 1 of 1)
08:     <- Finished tree
08:     Progress: 3433 trees processed; elapsed 1.04 d
08:     -> Evolving tree number 96488 {1}
42:         Output tree data at t=13.80 Gyr (output 1 of 1)
42:     <- Finished tree
42:     -> Evolving tree number 96550 {1}
31:         Output tree data at t=13.80 Gyr (output 1 of 1)
31:     <- Finished tree
31:     Progress: 3435 trees processed; elapsed 1.04 d
31:     -> Evolving tree number 96657 {1}
26:         Output tree data at t=13.80 Gyr (output 1 of 1)
26:     <- Finished tree
26:     -> Evolving tree number 96470 {1}
22:         Output tree data at t=13.80 Gyr (output 1 of 1)
22:     <- Finished tree
22:     -> Evolving tree number 96426 {1}
10:         Output tree data at t=13.80 Gyr (output 1 of 1)
10:     <- Finished tree
10:     Progress: 3438 trees processed; elapsed 1.04 d
10:     -> Evolving tree number 96582 {1}
18:         Output tree data at t=13.80 Gyr (output 1 of 1)
18:     <- Finished tree
18:     -> Evolving tree number 96430 {1}
34:         Output tree data at t=13.80 Gyr (output 1 of 1)
34:     <- Finished tree
34:     Progress: 3440 trees processed; elapsed 1.04 d
34:     -> Evolving tree number 96414 {1}
20:         Output tree data at t=13.80 Gyr (output 1 of 1)
20:     <- Finished tree
20:     -> Evolving tree number 96524 {1}
40:         Output tree data at t=13.80 Gyr (output 1 of 1)
40:     <- Finished tree
29:         Output tree data at t=13.80 Gyr (output 1 of 1)
29:     <- Finished tree
40:     -> Evolving tree number 96504 {1}
29:     -> Evolving tree number 96515 {1}
12:         Output tree data at t=13.80 Gyr (output 1 of 1)
12:     <- Finished tree
12:     Progress: 3444 trees processed; elapsed 1.04 d
09:         Output tree data at t=13.80 Gyr (output 1 of 1)
09:     <- Finished tree
12:     -> Evolving tree number 96628 {1}
09:     -> Evolving tree number 96535 {1}
07:         Output tree data at t=13.80 Gyr (output 1 of 1)
07:     <- Finished tree
03:         Output tree data at t=13.80 Gyr (output 1 of 1)
03:     <- Finished tree
07:     -> Evolving tree number 96537 {1}
03:     -> Evolving tree number 96493 {1}
21:         Output tree data at t=13.80 Gyr (output 1 of 1)
21:     <- Finished tree
05:         Output tree data at t=13.80 Gyr (output 1 of 1)
05:     <- Finished tree
21:     -> Evolving tree number 96667 {1}
05:     -> Evolving tree number 96491 {1}
28:         Output tree data at t=13.80 Gyr (output 1 of 1)
28:     <- Finished tree
28:     Progress: 3450 trees processed; elapsed 1.05 d
00:         Output tree data at t=13.80 Gyr (output 1 of 1)
00:     <- Finished tree
28:     -> Evolving tree number 96564 {1}
00:     -> Evolving tree number 96640 {1}
33:         Output tree data at t=13.80 Gyr (output 1 of 1)
33:     <- Finished tree
33:     -> Evolving tree number 96559 {1}
17:         Output tree data at t=13.80 Gyr (output 1 of 1)
17:     <- Finished tree
17:     -> Evolving tree number 96527 {1}
27:         Output tree data at t=13.80 Gyr (output 1 of 1)
27:     <- Finished tree
27:     Progress: 3454 trees processed; elapsed 1.05 d
23:         Output tree data at t=13.80 Gyr (output 1 of 1)
23:     <- Finished tree
45:         Output tree data at t=13.80 Gyr (output 1 of 1)
45:     <- Finished tree
27:     -> Evolving tree number 96517 {1}
45:     -> Evolving tree number 96643 {1}
23:     -> Evolving tree number 96425 {1}
41:         Output tree data at t=13.80 Gyr (output 1 of 1)
41:     <- Finished tree
41:     -> Evolving tree number 96551 {1}
19:         Output tree data at t=13.80 Gyr (output 1 of 1)
19:     <- Finished tree
19:     Progress: 3458 trees processed; elapsed 1.05 d
19:     -> Evolving tree number 96381 {1}
30:         Output tree data at t=13.80 Gyr (output 1 of 1)
30:     <- Finished tree
30:     Progress: 3459 trees processed; elapsed 1.05 d
30:     -> Evolving tree number 96514 {1}
39:         Output tree data at t=13.80 Gyr (output 1 of 1)
39:     <- Finished tree
39:     Progress: 3460 trees processed; elapsed 1.05 d
39:     -> Evolving tree number 96505 {1}
32:         Output tree data at t=13.80 Gyr (output 1 of 1)
32:     <- Finished tree
32:     -> Evolving tree number 96464 {1}
46:         Output tree data at t=13.80 Gyr (output 1 of 1)
46:     <- Finished tree
46:     -> Evolving tree number 96450 {1}
06:         Output tree data at t=13.80 Gyr (output 1 of 1)
06:     <- Finished tree
06:     Progress: 3463 trees processed; elapsed 1.05 d
47:         Output tree data at t=13.80 Gyr (output 1 of 1)
47:     <- Finished tree
06:     -> Evolving tree number 96538 {1}
47:     -> Evolving tree number 96401 {1}
13:         Output tree data at t=13.80 Gyr (output 1 of 1)
13:     <- Finished tree
13:     -> Evolving tree number 96483 {1}
22:         Output tree data at t=13.80 Gyr (output 1 of 1)
22:     <- Finished tree
22:     -> Evolving tree number 96378 {1}
11:         Output tree data at t=13.80 Gyr (output 1 of 1)
11:     <- Finished tree
11:     Progress: 3467 trees processed; elapsed 1.05 d
11:     -> Evolving tree number 96485 {1}
31:         Output tree data at t=13.80 Gyr (output 1 of 1)
31:     <- Finished tree
16:         Output tree data at t=13.80 Gyr (output 1 of 1)
16:     <- Finished tree
31:     -> Evolving tree number 96609 {1}
16:     -> Evolving tree number 96384 {1}
01:         Output tree data at t=13.80 Gyr (output 1 of 1)
01:     <- Finished tree
01:     -> Evolving tree number 96639 {1}
37:         Output tree data at t=13.80 Gyr (output 1 of 1)
37:     <- Finished tree
37:     Progress: 3471 trees processed; elapsed 1.05 d
37:     -> Evolving tree number 96459 {1}
25:         Output tree data at t=13.80 Gyr (output 1 of 1)
25:     <- Finished tree
25:     -> Evolving tree number 96471 {1}
14:         Output tree data at t=13.80 Gyr (output 1 of 1)
14:     <- Finished tree
14:     -> Evolving tree number 96386 {1}
08:         Output tree data at t=13.80 Gyr (output 1 of 1)
08:     <- Finished tree
08:     Progress: 3474 trees processed; elapsed 1.05 d
08:     -> Evolving tree number 96440 {1}
44:         Output tree data at t=13.80 Gyr (output 1 of 1)
44:     <- Finished tree
44:     -> Evolving tree number 96452 {1}
24:         Output tree data at t=13.80 Gyr (output 1 of 1)
24:     <- Finished tree
24:     Progress: 3476 trees processed; elapsed 1.06 d
24:     -> Evolving tree number 96376 {1}
36:         Output tree data at t=13.80 Gyr (output 1 of 1)
36:     <- Finished tree
36:     -> Evolving tree number 96460 {1}
20:         Output tree data at t=13.80 Gyr (output 1 of 1)
20:     <- Finished tree
20:     -> Evolving tree number 96476 {1}
04:         Output tree data at t=13.80 Gyr (output 1 of 1)
04:     <- Finished tree
04:     Progress: 3479 trees processed; elapsed 1.06 d
38:         Output tree data at t=13.80 Gyr (output 1 of 1)
38:     <- Finished tree
34:         Output tree data at t=13.80 Gyr (output 1 of 1)
34:     <- Finished tree
18:         Output tree data at t=13.80 Gyr (output 1 of 1)
18:     <- Finished tree
04:     -> Evolving tree number 96444 {1}
38:     -> Evolving tree number 96506 {1}
34:     -> Evolving tree number 96366 {1}
18:     -> Evolving tree number 96382 {1}
43:         Output tree data at t=13.80 Gyr (output 1 of 1)
43:     <- Finished tree
43:     Progress: 3483 trees processed; elapsed 1.06 d
43:     -> Evolving tree number 96501 {1}
40:         Output tree data at t=13.80 Gyr (output 1 of 1)
40:     <- Finished tree
40:     -> Evolving tree number 96456 {1}
15:         Output tree data at t=13.80 Gyr (output 1 of 1)
15:     <- Finished tree
45:         Output tree data at t=13.80 Gyr (output 1 of 1)
45:     <- Finished tree
15:     -> Evolving tree number 96337 {1}
02:         Output tree data at t=13.80 Gyr (output 1 of 1)
02:     <- Finished tree
45:     -> Evolving tree number 96595 {1}
10:         Output tree data at t=13.80 Gyr (output 1 of 1)
10:     <- Finished tree
02:     -> Evolving tree number 96446 {1}
10:     -> Evolving tree number 96534 {1}
42:         Output tree data at t=13.80 Gyr (output 1 of 1)
42:     <- Finished tree
42:     -> Evolving tree number 96502 {1}
29:         Output tree data at t=13.80 Gyr (output 1 of 1)
29:     <- Finished tree
29:     Progress: 3490 trees processed; elapsed 1.06 d
29:     -> Evolving tree number 96467 {1}
28:         Output tree data at t=13.80 Gyr (output 1 of 1)
28:     <- Finished tree
26:         Output tree data at t=13.80 Gyr (output 1 of 1)
26:     <- Finished tree
28:     -> Evolving tree number 96516 {1}
26:     -> Evolving tree number 96422 {1}
05:         Output tree data at t=13.80 Gyr (output 1 of 1)
05:     <- Finished tree
05:     Progress: 3493 trees processed; elapsed 1.06 d
05:     -> Evolving tree number 96443 {1}
35:         Output tree data at t=13.80 Gyr (output 1 of 1)
35:     <- Finished tree
35:     -> Evolving tree number 96413 {1}
12:         Output tree data at t=13.80 Gyr (output 1 of 1)
12:     <- Finished tree
00:         Output tree data at t=13.80 Gyr (output 1 of 1)
00:     <- Finished tree
00:     Progress: 3496 trees processed; elapsed 1.06 d
12:     -> Evolving tree number 96580 {1}
00:     -> Evolving tree number 96592 {1}
09:         Output tree data at t=13.80 Gyr (output 1 of 1)
09:     <- Finished tree
09:     -> Evolving tree number 96487 {1}
33:         Output tree data at t=13.80 Gyr (output 1 of 1)
33:     <- Finished tree
33:     Progress: 3498 trees processed; elapsed 1.06 d
33:     -> Evolving tree number 96511 {1}
41:         Output tree data at t=13.80 Gyr (output 1 of 1)
41:     <- Finished tree
41:     -> Evolving tree number 96503 {1}
07:         Output tree data at t=13.80 Gyr (output 1 of 1)
07:     <- Finished tree
07:     Progress: 3500 trees processed; elapsed 1.06 d
19:         Output tree data at t=13.80 Gyr (output 1 of 1)
19:     <- Finished tree
07:     -> Evolving tree number 96489 {1}
19:     -> Evolving tree number 96333 {1}
23:         Output tree data at t=13.80 Gyr (output 1 of 1)
23:     <- Finished tree
23:     -> Evolving tree number 96377 {1}
03:         Output tree data at t=13.80 Gyr (output 1 of 1)
03:     <- Finished tree
03:     -> Evolving tree number 96445 {1}
27:         Output tree data at t=13.80 Gyr (output 1 of 1)
27:     <- Finished tree
27:     Progress: 3504 trees processed; elapsed 1.06 d
06:         Output tree data at t=13.80 Gyr (output 1 of 1)
06:     <- Finished tree
21:         Output tree data at t=13.80 Gyr (output 1 of 1)
30:         Output tree data at t=13.80 Gyr (output 1 of 1)
08:         Output tree data at t=13.80 Gyr (output 1 of 1)
14:         Output tree data at t=13.80 Gyr (output 1 of 1)
06:     Progress: 3505 trees processed; elapsed 1.06 d
21:     <- Finished tree
14:     <- Finished tree
30:     <- Finished tree
08:     <- Finished tree
14:     -> Evolving tree number 96338 {1}
30:     -> Evolving tree number 96466 {1}
27:     -> Evolving tree number 96469 {1}
21:     -> Evolving tree number 96619 {1}
06:     -> Evolving tree number 96490 {1}
08:     -> Evolving tree number 96392 {1}
17:         Output tree data at t=13.80 Gyr (output 1 of 1)
17:     <- Finished tree
17:     -> Evolving tree number 96479 {1}
32:         Output tree data at t=13.80 Gyr (output 1 of 1)
32:     <- Finished tree
32:     Progress: 3511 trees processed; elapsed 1.07 d
32:     -> Evolving tree number 96416 {1}
01:         Output tree data at t=13.80 Gyr (output 1 of 1)
01:     <- Finished tree
01:     -> Evolving tree number 96591 {1}
36:         Output tree data at t=13.80 Gyr (output 1 of 1)
36:     <- Finished tree
36:     Progress: 3513 trees processed; elapsed 1.07 d
36:     -> Evolving tree number 96412 {1}
25:         Output tree data at t=13.80 Gyr (output 1 of 1)
25:     <- Finished tree
25:     -> Evolving tree number 96423 {1}
13:         Output tree data at t=13.80 Gyr (output 1 of 1)
13:     <- Finished tree
13:     Progress: 3515 trees processed; elapsed 1.07 d
13:     -> Evolving tree number 96435 {1}
11:         Output tree data at t=13.80 Gyr (output 1 of 1)
11:     <- Finished tree
11:     -> Evolving tree number 96437 {1}
45:         Output tree data at t=13.80 Gyr (output 1 of 1)
45:     <- Finished tree
45:     Progress: 3517 trees processed; elapsed 1.07 d
45:     -> Evolving tree number 96547 {1}
20:         Output tree data at t=13.80 Gyr (output 1 of 1)
20:     <- Finished tree
20:     -> Evolving tree number 96428 {1}
24:         Output tree data at t=13.80 Gyr (output 1 of 1)
24:     <- Finished tree
24:     -> Evolving tree number 96328 {1}
22:         Output tree data at t=13.80 Gyr (output 1 of 1)
22:     <- Finished tree
22:     -> Evolving tree number 96330 {1}
18:         Output tree data at t=13.80 Gyr (output 1 of 1)
18:     <- Finished tree
18:     Progress: 3521 trees processed; elapsed 1.07 d
18:     -> Evolving tree number 96334 {1}
16:         Output tree data at t=13.80 Gyr (output 1 of 1)
16:     <- Finished tree
16:     -> Evolving tree number 96336 {1}
39:         Output tree data at t=13.80 Gyr (output 1 of 1)
39:     <- Finished tree
47:         Output tree data at t=13.80 Gyr (output 1 of 1)
47:     <- Finished tree
39:     -> Evolving tree number 96457 {1}
47:     -> Evolving tree number 96353 {1}
46:         Output tree data at t=13.80 Gyr (output 1 of 1)
46:     <- Finished tree
46:     Progress: 3525 trees processed; elapsed 1.07 d
46:     -> Evolving tree number 96402 {1}
44:         Output tree data at t=13.80 Gyr (output 1 of 1)
44:     <- Finished tree
44:     -> Evolving tree number 96404 {1}
31:         Output tree data at t=13.80 Gyr (output 1 of 1)
31:     <- Finished tree
31:     Progress: 3527 trees processed; elapsed 1.07 d
29:         Output tree data at t=13.80 Gyr (output 1 of 1)
29:     <- Finished tree
31:     -> Evolving tree number 96561 {1}
04:         Output tree data at t=13.80 Gyr (output 1 of 1)
04:     <- Finished tree
29:     -> Evolving tree number 96419 {1}
04:     -> Evolving tree number 96396 {1}
38:         Output tree data at t=13.80 Gyr (output 1 of 1)
38:     <- Finished tree
38:     -> Evolving tree number 96458 {1}
40:         Output tree data at t=13.80 Gyr (output 1 of 1)
40:     <- Finished tree
40:     Progress: 3531 trees processed; elapsed 1.07 d
40:     -> Evolving tree number 96408 {1}
33:         Output tree data at t=13.80 Gyr (output 1 of 1)
33:     <- Finished tree
33:     -> Evolving tree number 96463 {1}
37:         Output tree data at t=13.80 Gyr (output 1 of 1)
37:     <- Finished tree
37:     -> Evolving tree number 96411 {1}
41:         Output tree data at t=13.80 Gyr (output 1 of 1)
41:     <- Finished tree
41:     -> Evolving tree number 96455 {1}
34:         Output tree data at t=13.80 Gyr (output 1 of 1)
34:     <- Finished tree
34:     Progress: 3535 trees processed; elapsed 1.07 d
34:     -> Evolving tree number 96318 {1}
42:         Output tree data at t=13.80 Gyr (output 1 of 1)
42:     <- Finished tree
42:     Progress: 3536 trees processed; elapsed 1.07 d
26:         Output tree data at t=13.80 Gyr (output 1 of 1)
26:     <- Finished tree
42:     -> Evolving tree number 96454 {1}
26:     -> Evolving tree number 96374 {1}
28:         Output tree data at t=13.80 Gyr (output 1 of 1)
28:     <- Finished tree
28:     -> Evolving tree number 96468 {1}
19:         Output tree data at t=13.80 Gyr (output 1 of 1)
19:     <- Finished tree
10:         Output tree data at t=13.80 Gyr (output 1 of 1)
10:     <- Finished tree
19:     -> Evolving tree number 96285 {1}
10:     -> Evolving tree number 96486 {1}
09:         Output tree data at t=13.80 Gyr (output 1 of 1)
09:     <- Finished tree
09:     Progress: 3541 trees processed; elapsed 1.08 d
09:     -> Evolving tree number 96439 {1}
15:         Output tree data at t=13.80 Gyr (output 1 of 1)
15:     <- Finished tree
15:     -> Evolving tree number 96289 {1}
12:         Output tree data at t=13.80 Gyr (output 1 of 1)
12:     <- Finished tree
12:     -> Evolving tree number 96532 {1}
02:         Output tree data at t=13.80 Gyr (output 1 of 1)
02:     <- Finished tree
02:     Progress: 3544 trees processed; elapsed 1.08 d
02:     -> Evolving tree number 96398 {1}
05:         Output tree data at t=13.80 Gyr (output 1 of 1)
05:     <- Finished tree
08:         Output tree data at t=13.80 Gyr (output 1 of 1)
08:     <- Finished tree
21:         Output tree data at t=13.80 Gyr (output 1 of 1)
21:     <- Finished tree
05:     -> Evolving tree number 96395 {1}
08:     -> Evolving tree number 96344 {1}
21:     -> Evolving tree number 96571 {1}
27:         Output tree data at t=13.80 Gyr (output 1 of 1)
27:     <- Finished tree
27:     -> Evolving tree number 96421 {1}
43:         Output tree data at t=13.80 Gyr (output 1 of 1)
43:     <- Finished tree
43:     -> Evolving tree number 96453 {1}
11:         Output tree data at t=13.80 Gyr (output 1 of 1)
11:     <- Finished tree
11:     Progress: 3550 trees processed; elapsed 1.08 d
11:     -> Evolving tree number 96389 {1}
01:         Output tree data at t=13.80 Gyr (output 1 of 1)
01:     <- Finished tree
01:     -> Evolving tree number 96543 {1}
23:         Output tree data at t=13.80 Gyr (output 1 of 1)
23:     <- Finished tree
07:         Output tree data at t=13.80 Gyr (output 1 of 1)
07:     <- Finished tree
23:     -> Evolving tree number 96329 {1}
07:     -> Evolving tree number 96441 {1}
00:         Output tree data at t=13.80 Gyr (output 1 of 1)
00:     <- Finished tree
00:     Progress: 3554 trees processed; elapsed 1.08 d
00:     -> Evolving tree number 96544 {1}
06:         Output tree data at t=13.80 Gyr (output 1 of 1)
06:     <- Finished tree
06:     -> Evolving tree number 96442 {1}
03:         Output tree data at t=13.80 Gyr (output 1 of 1)
03:     <- Finished tree
03:     Progress: 3556 trees processed; elapsed 1.08 d
03:     -> Evolving tree number 96397 {1}
30:         Output tree data at t=13.80 Gyr (output 1 of 1)
30:     <- Finished tree
30:     -> Evolving tree number 96418 {1}
17:         Output tree data at t=13.80 Gyr (output 1 of 1)
17:     <- Finished tree
17:     -> Evolving tree number 96431 {1}
47:         Output tree data at t=13.80 Gyr (output 1 of 1)
47:     <- Finished tree
47:     -> Evolving tree number 96305 {1}
13:         Output tree data at t=13.80 Gyr (output 1 of 1)
13:     <- Finished tree
13:     Progress: 3560 trees processed; elapsed 1.08 d
25:         Output tree data at t=13.80 Gyr (output 1 of 1)
25:     <- Finished tree
13:     -> Evolving tree number 96387 {1}
25:     -> Evolving tree number 96375 {1}
35:         Output tree data at t=13.80 Gyr (output 1 of 1)
35:     <- Finished tree
35:     -> Evolving tree number 96365 {1}
18:         Output tree data at t=13.80 Gyr (output 1 of 1)
18:     <- Finished tree
18:     -> Evolving tree number 96286 {1}
39:         Output tree data at t=13.80 Gyr (output 1 of 1)
39:     <- Finished tree
39:     Progress: 3564 trees processed; elapsed 1.08 d
32:         Output tree data at t=13.80 Gyr (output 1 of 1)
32:     <- Finished tree
39:     -> Evolving tree number 96409 {1}
32:     -> Evolving tree number 96368 {1}
24:         Output tree data at t=13.80 Gyr (output 1 of 1)
24:     <- Finished tree
36:         Output tree data at t=13.80 Gyr (output 1 of 1)
36:     <- Finished tree
36:     Progress: 3567 trees processed; elapsed 1.08 d
24:     -> Evolving tree number 96280 {1}
14:         Output tree data at t=13.80 Gyr (output 1 of 1)
14:     <- Finished tree
36:     -> Evolving tree number 96364 {1}
14:     -> Evolving tree number 96290 {1}
29:         Output tree data at t=13.80 Gyr (output 1 of 1)
29:     <- Finished tree
31:         Output tree data at t=13.80 Gyr (output 1 of 1)
31:     <- Finished tree
31:     -> Evolving tree number 96513 {1}
29:     -> Evolving tree number 96371 {1}
16:         Output tree data at t=13.80 Gyr (output 1 of 1)
16:     <- Finished tree
16:     Progress: 3571 trees processed; elapsed 1.09 d
16:     -> Evolving tree number 96288 {1}
44:         Output tree data at t=13.80 Gyr (output 1 of 1)
44:     <- Finished tree
44:     -> Evolving tree number 96356 {1}
08:         Output tree data at t=13.80 Gyr (output 1 of 1)
08:     <- Finished tree
08:     -> Evolving tree number 96296 {1}
04:         Output tree data at t=13.80 Gyr (output 1 of 1)
04:     <- Finished tree
04:     Progress: 3574 trees processed; elapsed 1.09 d
04:     -> Evolving tree number 96348 {1}
37:         Output tree data at t=13.80 Gyr (output 1 of 1)
37:     <- Finished tree
37:     Progress: 3575 trees processed; elapsed 1.09 d
37:     -> Evolving tree number 96363 {1}
23:         Output tree data at t=13.80 Gyr (output 1 of 1)
23:     <- Finished tree
12:         Output tree data at t=13.80 Gyr (output 1 of 1)
12:     <- Finished tree
12:     -> Evolving tree number 96484 {1}
23:     -> Evolving tree number 96281 {1}
33:         Output tree data at t=13.80 Gyr (output 1 of 1)
33:     <- Finished tree
33:     Progress: 3578 trees processed; elapsed 1.09 d
02:         Output tree data at t=13.80 Gyr (output 1 of 1)
02:     <- Finished tree
33:     -> Evolving tree number 96415 {1}
22:         Output tree data at t=13.80 Gyr (output 1 of 1)
22:     <- Finished tree
02:     -> Evolving tree number 96350 {1}
22:     -> Evolving tree number 96282 {1}
41:         Output tree data at t=13.80 Gyr (output 1 of 1)
41:     <- Finished tree
41:     -> Evolving tree number 96407 {1}
45:         Output tree data at t=13.80 Gyr (output 1 of 1)
45:     <- Finished tree
40:         Output tree data at t=13.80 Gyr (output 1 of 1)
40:     <- Finished tree
07:         Output tree data at t=13.80 Gyr (output 1 of 1)
07:     <- Finished tree
45:     -> Evolving tree number 96499 {1}
40:     -> Evolving tree number 96360 {1}
07:     -> Evolving tree number 96393 {1}
46:         Output tree data at t=13.80 Gyr (output 1 of 1)
46:     <- Finished tree
46:     Progress: 3585 trees processed; elapsed 1.09 d
46:     -> Evolving tree number 96354 {1}
20:         Output tree data at t=13.80 Gyr (output 1 of 1)
20:     <- Finished tree
20:     -> Evolving tree number 96380 {1}
10:         Output tree data at t=13.80 Gyr (output 1 of 1)
10:     <- Finished tree
10:     -> Evolving tree number 96438 {1}
05:         Output tree data at t=13.80 Gyr (output 1 of 1)
05:     <- Finished tree
05:     Progress: 3588 trees processed; elapsed 1.09 d
05:     -> Evolving tree number 96347 {1}
43:         Output tree data at t=13.80 Gyr (output 1 of 1)
43:     <- Finished tree
43:     -> Evolving tree number 96405 {1}
19:         Output tree data at t=13.80 Gyr (output 1 of 1)
19:     <- Finished tree
19:     -> Evolving tree number 96237 {1}
21:         Output tree data at t=13.80 Gyr (output 1 of 1)
21:     <- Finished tree
21:     Progress: 3591 trees processed; elapsed 1.09 d
21:     -> Evolving tree number 96523 {1}
01:         Output tree data at t=13.80 Gyr (output 1 of 1)
01:     <- Finished tree
01:     -> Evolving tree number 96495 {1}
38:         Output tree data at t=13.80 Gyr (output 1 of 1)
38:     <- Finished tree
38:     -> Evolving tree number 96410 {1}
34:         Output tree data at t=13.80 Gyr (output 1 of 1)
34:     <- Finished tree
34:     Progress: 3594 trees processed; elapsed 1.09 d
34:     -> Evolving tree number 96270 {1}
28:         Output tree data at t=13.80 Gyr (output 1 of 1)
28:     <- Finished tree
28:     Progress: 3595 trees processed; elapsed 1.09 d
28:     -> Evolving tree number 96420 {1}
11:         Output tree data at t=13.80 Gyr (output 1 of 1)
11:     <- Finished tree
13:         Output tree data at t=13.80 Gyr (output 1 of 1)
13:     <- Finished tree
11:     -> Evolving tree number 96341 {1}
13:     -> Evolving tree number 96339 {1}
26:         Output tree data at t=13.80 Gyr (output 1 of 1)
26:     <- Finished tree
26:     -> Evolving tree number 96326 {1}
15:         Output tree data at t=13.80 Gyr (output 1 of 1)
15:     <- Finished tree
15:     Progress: 3599 trees processed; elapsed 1.09 d
09:         Output tree data at t=13.80 Gyr (output 1 of 1)
09:     <- Finished tree
15:     -> Evolving tree number 96241 {1}
09:     -> Evolving tree number 96391 {1}
32:         Output tree data at t=13.80 Gyr (output 1 of 1)
32:     <- Finished tree
32:     -> Evolving tree number 96320 {1}
47:         Output tree data at t=13.80 Gyr (output 1 of 1)
47:     <- Finished tree
47:     -> Evolving tree number 96257 {1}
30:         Output tree data at t=13.80 Gyr (output 1 of 1)
30:     <- Finished tree
30:     Progress: 3603 trees processed; elapsed 1.09 d
30:     -> Evolving tree number 96370 {1}
42:         Output tree data at t=13.80 Gyr (output 1 of 1)
42:     <- Finished tree
42:     -> Evolving tree number 96406 {1}
25:         Output tree data at t=13.80 Gyr (output 1 of 1)
25:     <- Finished tree
25:     -> Evolving tree number 96327 {1}
16:         Output tree data at t=13.80 Gyr (output 1 of 1)
16:     <- Finished tree
16:     Progress: 3606 trees processed; elapsed 1.10 d
16:     -> Evolving tree number 96240 {1}
27:         Output tree data at t=13.80 Gyr (output 1 of 1)
27:     <- Finished tree
27:     Progress: 3607 trees processed; elapsed 1.10 d
27:     -> Evolving tree number 96373 {1}
39:         Output tree data at t=13.80 Gyr (output 1 of 1)
39:     <- Finished tree
39:     -> Evolving tree number 96361 {1}
00:         Output tree data at t=13.80 Gyr (output 1 of 1)
00:     <- Finished tree
44:         Output tree data at t=13.80 Gyr (output 1 of 1)
44:     <- Finished tree
44:     -> Evolving tree number 96308 {1}
00:     -> Evolving tree number 96496 {1}
24:         Output tree data at t=13.80 Gyr (output 1 of 1)
24:     <- Finished tree
24:     Progress: 3611 trees processed; elapsed 1.10 d
24:     -> Evolving tree number 96232 {1}
29:         Output tree data at t=13.80 Gyr (output 1 of 1)
29:     <- Finished tree
29:     -> Evolving tree number 96323 {1}
17:         Output tree data at t=13.80 Gyr (output 1 of 1)
17:     <- Finished tree
17:     Progress: 3613 trees processed; elapsed 1.10 d
17:     -> Evolving tree number 96383 {1}
12:         Output tree data at t=13.80 Gyr (output 1 of 1)
12:     <- Finished tree
12:     -> Evolving tree number 96436 {1}
37:         Output tree data at t=13.80 Gyr (output 1 of 1)
37:     <- Finished tree
37:     -> Evolving tree number 96315 {1}
31:         Output tree data at t=13.80 Gyr (output 1 of 1)
31:     <- Finished tree
31:     Progress: 3616 trees processed; elapsed 1.10 d
35:         Output tree data at t=13.80 Gyr (output 1 of 1)
35:     <- Finished tree
23:         Output tree data at t=13.80 Gyr (output 1 of 1)
23:     <- Finished tree
45:         Output tree data at t=13.80 Gyr (output 1 of 1)
45:     <- Finished tree
31:     -> Evolving tree number 96465 {1}
35:     -> Evolving tree number 96317 {1}
23:     -> Evolving tree number 96233 {1}
45:     -> Evolving tree number 96451 {1}
33:         Output tree data at t=13.80 Gyr (output 1 of 1)
33:     <- Finished tree
33:     Progress: 3620 trees processed; elapsed 1.10 d
14:         Output tree data at t=13.80 Gyr (output 1 of 1)
14:     <- Finished tree
33:     -> Evolving tree number 96367 {1}
14:     -> Evolving tree number 96242 {1}
08:         Output tree data at t=13.80 Gyr (output 1 of 1)
08:     <- Finished tree
08:     Progress: 3622 trees processed; elapsed 1.10 d
08:     -> Evolving tree number 96248 {1}
18:         Output tree data at t=13.80 Gyr (output 1 of 1)
18:     <- Finished tree
18:     -> Evolving tree number 96238 {1}
05:         Output tree data at t=13.80 Gyr (output 1 of 1)
05:     <- Finished tree
05:     -> Evolving tree number 96299 {1}
06:         Output tree data at t=13.80 Gyr (output 1 of 1)
06:     <- Finished tree
06:     Progress: 3625 trees processed; elapsed 1.10 d
06:     -> Evolving tree number 96394 {1}
40:         Output tree data at t=13.80 Gyr (output 1 of 1)
40:     <- Finished tree
40:     -> Evolving tree number 96312 {1}
07:         Output tree data at t=13.80 Gyr (output 1 of 1)
07:     <- Finished tree
07:     -> Evolving tree number 96345 {1}
22:         Output tree data at t=13.80 Gyr (output 1 of 1)
22:     <- Finished tree
22:     Progress: 3628 trees processed; elapsed 1.10 d
03:         Output tree data at t=13.80 Gyr (output 1 of 1)
03:     <- Finished tree
22:     -> Evolving tree number 96234 {1}
03:     -> Evolving tree number 96349 {1}
04:         Output tree data at t=13.80 Gyr (output 1 of 1)
04:     <- Finished tree
04:     -> Evolving tree number 96300 {1}
26:         Output tree data at t=13.80 Gyr (output 1 of 1)
26:     <- Finished tree
26:     Progress: 3631 trees processed; elapsed 1.10 d
46:         Output tree data at t=13.80 Gyr (output 1 of 1)
46:     <- Finished tree
26:     -> Evolving tree number 96278 {1}
46:     -> Evolving tree number 96306 {1}
01:         Output tree data at t=13.80 Gyr (output 1 of 1)
01:     <- Finished tree
28:         Output tree data at t=13.80 Gyr (output 1 of 1)
28:     <- Finished tree
01:     -> Evolving tree number 96447 {1}
28:     -> Evolving tree number 96372 {1}
41:         Output tree data at t=13.80 Gyr (output 1 of 1)
41:     <- Finished tree
41:     -> Evolving tree number 96359 {1}
02:         Output tree data at t=13.80 Gyr (output 1 of 1)
02:     <- Finished tree
02:     Progress: 3636 trees processed; elapsed 1.11 d
02:     -> Evolving tree number 96302 {1}
36:         Output tree data at t=13.80 Gyr (output 1 of 1)
36:     <- Finished tree
36:     -> Evolving tree number 96316 {1}
25:         Output tree data at t=13.80 Gyr (output 1 of 1)
25:     <- Finished tree
25:     Progress: 3638 trees processed; elapsed 1.11 d
25:     -> Evolving tree number 96279 {1}
20:         Output tree data at t=13.80 Gyr (output 1 of 1)
20:     <- Finished tree
20:     -> Evolving tree number 96332 {1}
15:         Output tree data at t=13.80 Gyr (output 1 of 1)
15:     <- Finished tree
15:     -> Evolving tree number 96193 {1}
43:         Output tree data at t=13.80 Gyr (output 1 of 1)
43:     <- Finished tree
43:     -> Evolving tree number 96357 {1}
09:         Output tree data at t=13.80 Gyr (output 1 of 1)
09:     <- Finished tree
09:     Progress: 3642 trees processed; elapsed 1.11 d
09:     -> Evolving tree number 96343 {1}
10:         Output tree data at t=13.80 Gyr (output 1 of 1)
10:     <- Finished tree
11:         Output tree data at t=13.80 Gyr (output 1 of 1)
11:     <- Finished tree
10:     -> Evolving tree number 96390 {1}
11:     -> Evolving tree number 96293 {1}
31:         Output tree data at t=13.80 Gyr (output 1 of 1)
31:     <- Finished tree
31:     Progress: 3645 trees processed; elapsed 1.11 d
32:         Output tree data at t=13.80 Gyr (output 1 of 1)
32:     <- Finished tree
31:     -> Evolving tree number 96417 {1}
32:     -> Evolving tree number 96272 {1}
33:         Output tree data at t=13.80 Gyr (output 1 of 1)
33:     <- Finished tree
33:     Progress: 3647 trees processed; elapsed 1.11 d
33:     -> Evolving tree number 96319 {1}
21:         Output tree data at t=13.80 Gyr (output 1 of 1)
21:     <- Finished tree
30:         Output tree data at t=13.80 Gyr (output 1 of 1)
30:     <- Finished tree
21:     -> Evolving tree number 96475 {1}
30:     -> Evolving tree number 96322 {1}
42:         Output tree data at t=13.80 Gyr (output 1 of 1)
42:     <- Finished tree
42:     Progress: 3650 trees processed; elapsed 1.11 d
42:     -> Evolving tree number 96358 {1}
13:         Output tree data at t=13.80 Gyr (output 1 of 1)
13:     <- Finished tree
13:     -> Evolving tree number 96291 {1}
38:         Output tree data at t=13.80 Gyr (output 1 of 1)
38:     <- Finished tree
38:     -> Evolving tree number 96362 {1}
19:         Output tree data at t=13.80 Gyr (output 1 of 1)
19:     <- Finished tree
19:     -> Evolving tree number 96189 {1}
47:         Output tree data at t=13.80 Gyr (output 1 of 1)
47:     <- Finished tree
47:     Progress: 3654 trees processed; elapsed 1.11 d
47:     -> Evolving tree number 96209 {1}
17:         Output tree data at t=13.80 Gyr (output 1 of 1)
17:     <- Finished tree
17:     -> Evolving tree number 96335 {1}
14:         Output tree data at t=13.80 Gyr (output 1 of 1)
14:     <- Finished tree
14:     -> Evolving tree number 96194 {1}
29:         Output tree data at t=13.80 Gyr (output 1 of 1)
29:     <- Finished tree
29:     -> Evolving tree number 96275 {1}
34:         Output tree data at t=13.80 Gyr (output 1 of 1)
34:     <- Finished tree
34:     Progress: 3658 trees processed; elapsed 1.11 d
34:     -> Evolving tree number 96222 {1}
24:         Output tree data at t=13.80 Gyr (output 1 of 1)
24:     <- Finished tree
44:         Output tree data at t=13.80 Gyr (output 1 of 1)
44:     <- Finished tree
24:     -> Evolving tree number 96184 {1}
44:     -> Evolving tree number 96260 {1}
22:         Output tree data at t=13.80 Gyr (output 1 of 1)
22:     <- Finished tree
22:     Progress: 3661 trees processed; elapsed 1.11 d
22:     -> Evolving tree number 96186 {1}
37:         Output tree data at t=13.80 Gyr (output 1 of 1)
37:     <- Finished tree
37:     Progress: 3662 trees processed; elapsed 1.11 d
37:     -> Evolving tree number 96267 {1}
00:         Output tree data at t=13.80 Gyr (output 1 of 1)
00:     <- Finished tree
18:         Output tree data at t=13.80 Gyr (output 1 of 1)
18:     <- Finished tree
00:     -> Evolving tree number 96448 {1}
18:     -> Evolving tree number 96190 {1}
08:         Output tree data at t=13.80 Gyr (output 1 of 1)
08:     <- Finished tree
08:     -> Evolving tree number 96200 {1}
07:         Output tree data at t=13.80 Gyr (output 1 of 1)
07:     <- Finished tree
07:     -> Evolving tree number 96297 {1}
05:         Output tree data at t=13.80 Gyr (output 1 of 1)
05:     <- Finished tree
05:     Progress: 3667 trees processed; elapsed 1.11 d
12:         Output tree data at t=13.80 Gyr (output 1 of 1)
12:     <- Finished tree
05:     -> Evolving tree number 96251 {1}
12:     -> Evolving tree number 96388 {1}
27:         Output tree data at t=13.80 Gyr (output 1 of 1)
27:     <- Finished tree
27:     -> Evolving tree number 96325 {1}
39:         Output tree data at t=13.80 Gyr (output 1 of 1)
39:     <- Finished tree
39:     -> Evolving tree number 96313 {1}
16:         Output tree data at t=13.80 Gyr (output 1 of 1)
16:     <- Finished tree
16:     -> Evolving tree number 96192 {1}
40:         Output tree data at t=13.80 Gyr (output 1 of 1)
40:     <- Finished tree
40:     Progress: 3672 trees processed; elapsed 1.12 d
40:     -> Evolving tree number 96264 {1}
46:         Output tree data at t=13.80 Gyr (output 1 of 1)
46:     <- Finished tree
46:     Progress: 3673 trees processed; elapsed 1.12 d
46:     -> Evolving tree number 96258 {1}
35:         Output tree data at t=13.80 Gyr (output 1 of 1)
35:     <- Finished tree
45:         Output tree data at t=13.80 Gyr (output 1 of 1)
45:     <- Finished tree
35:     -> Evolving tree number 96269 {1}
45:     -> Evolving tree number 96403 {1}
26:         Output tree data at t=13.80 Gyr (output 1 of 1)
26:     <- Finished tree
26:     -> Evolving tree number 96230 {1}
02:         Output tree data at t=13.80 Gyr (output 1 of 1)
02:     <- Finished tree
02:     Progress: 3677 trees processed; elapsed 1.12 d
02:     -> Evolving tree number 96254 {1}
23:         Output tree data at t=13.80 Gyr (output 1 of 1)
23:     <- Finished tree
23:     -> Evolving tree number 96185 {1}
36:         Output tree data at t=13.80 Gyr (output 1 of 1)
36:     <- Finished tree
36:     -> Evolving tree number 96268 {1}
41:         Output tree data at t=13.80 Gyr (output 1 of 1)
41:     <- Finished tree
41:     Progress: 3680 trees processed; elapsed 1.12 d
41:     -> Evolving tree number 96311 {1}
06:         Output tree data at t=13.80 Gyr (output 1 of 1)
06:     <- Finished tree
06:     Progress: 3681 trees processed; elapsed 1.12 d
06:     -> Evolving tree number 96346 {1}
21:         Output tree data at t=13.80 Gyr (output 1 of 1)
21:     <- Finished tree
21:     -> Evolving tree number 96427 {1}
11:         Output tree data at t=13.80 Gyr (output 1 of 1)
11:     <- Finished tree
11:     -> Evolving tree number 96245 {1}
28:         Output tree data at t=13.80 Gyr (output 1 of 1)
28:     <- Finished tree
28:     Progress: 3684 trees processed; elapsed 1.12 d
28:     -> Evolving tree number 96324 {1}
25:         Output tree data at t=13.80 Gyr (output 1 of 1)
25:     <- Finished tree
20:         Output tree data at t=13.80 Gyr (output 1 of 1)
20:     <- Finished tree
25:     -> Evolving tree number 96231 {1}
20:     -> Evolving tree number 96284 {1}
19:         Output tree data at t=13.80 Gyr (output 1 of 1)
19:     <- Finished tree
19:     -> Evolving tree number 96141 {1}
10:         Output tree data at t=13.80 Gyr (output 1 of 1)
10:     <- Finished tree
10:     Progress: 3688 trees processed; elapsed 1.12 d
10:     -> Evolving tree number 96342 {1}
32:         Output tree data at t=13.80 Gyr (output 1 of 1)
32:     <- Finished tree
32:     -> Evolving tree number 96224 {1}
04:         Output tree data at t=13.80 Gyr (output 1 of 1)
04:     <- Finished tree
04:     -> Evolving tree number 96252 {1}
03:         Output tree data at t=13.80 Gyr (output 1 of 1)
03:     <- Finished tree
03:     Progress: 3691 trees processed; elapsed 1.12 d
03:     -> Evolving tree number 96301 {1}
09:         Output tree data at t=13.80 Gyr (output 1 of 1)
09:     <- Finished tree
09:     -> Evolving tree number 96295 {1}
43:         Output tree data at t=13.80 Gyr (output 1 of 1)
43:     <- Finished tree
43:     -> Evolving tree number 96309 {1}
30:         Output tree data at t=13.80 Gyr (output 1 of 1)
30:     <- Finished tree
30:     Progress: 3694 trees processed; elapsed 1.12 d
30:     -> Evolving tree number 96274 {1}
31:         Output tree data at t=13.80 Gyr (output 1 of 1)
31:     <- Finished tree
31:     -> Evolving tree number 96369 {1}
15:         Output tree data at t=13.80 Gyr (output 1 of 1)
15:     <- Finished tree
15:     Progress: 3696 trees processed; elapsed 1.12 d
15:     -> Evolving tree number 96145 {1}
18:         Output tree data at t=13.80 Gyr (output 1 of 1)
18:     <- Finished tree
14:         Output tree data at t=13.80 Gyr (output 1 of 1)
14:     <- Finished tree
18:     -> Evolving tree number 96142 {1}
14:     -> Evolving tree number 96146 {1}
38:         Output tree data at t=13.80 Gyr (output 1 of 1)
38:     <- Finished tree
01:         Output tree data at t=13.80 Gyr (output 1 of 1)
01:     <- Finished tree
38:     -> Evolving tree number 96314 {1}
01:     -> Evolving tree number 96399 {1}
27:         Output tree data at t=13.80 Gyr (output 1 of 1)
27:     <- Finished tree
27:     Progress: 3701 trees processed; elapsed 1.13 d
27:     -> Evolving tree number 96277 {1}
08:         Output tree data at t=13.80 Gyr (output 1 of 1)
08:     <- Finished tree
08:     -> Evolving tree number 96152 {1}
34:         Output tree data at t=13.80 Gyr (output 1 of 1)
34:     <- Finished tree
34:     Progress: 3703 trees processed; elapsed 1.13 d
13:         Output tree data at t=13.80 Gyr (output 1 of 1)
13:     <- Finished tree
34:     -> Evolving tree number 96174 {1}
13:     -> Evolving tree number 96243 {1}
00:         Output tree data at t=13.80 Gyr (output 1 of 1)
00:     <- Finished tree
00:     -> Evolving tree number 96400 {1}
29:         Output tree data at t=13.80 Gyr (output 1 of 1)
29:     <- Finished tree
29:     Progress: 3706 trees processed; elapsed 1.13 d
29:     -> Evolving tree number 96227 {1}
44:         Output tree data at t=13.80 Gyr (output 1 of 1)
44:     <- Finished tree
22:         Output tree data at t=13.80 Gyr (output 1 of 1)
22:     <- Finished tree
44:     -> Evolving tree number 96212 {1}
42:         Output tree data at t=13.80 Gyr (output 1 of 1)
42:     <- Finished tree
22:     -> Evolving tree number 96138 {1}
42:     -> Evolving tree number 96310 {1}
07:         Output tree data at t=13.80 Gyr (output 1 of 1)
07:     <- Finished tree
07:     Progress: 3710 trees processed; elapsed 1.13 d
02:         Output tree data at t=13.80 Gyr (output 1 of 1)
02:     <- Finished tree
35:         Output tree data at t=13.80 Gyr (output 1 of 1)
35:     <- Finished tree
07:     -> Evolving tree number 96249 {1}
02:     -> Evolving tree number 96206 {1}
17:         Output tree data at t=13.80 Gyr (output 1 of 1)
17:     <- Finished tree
35:     -> Evolving tree number 96221 {1}
17:     -> Evolving tree number 96287 {1}
16:         Output tree data at t=13.80 Gyr (output 1 of 1)
16:     <- Finished tree
46:         Output tree data at t=13.80 Gyr (output 1 of 1)
46:     <- Finished tree
16:     -> Evolving tree number 96144 {1}
46:     -> Evolving tree number 96210 {1}
39:         Output tree data at t=13.80 Gyr (output 1 of 1)
39:     <- Finished tree
39:     -> Evolving tree number 96265 {1}
05:         Output tree data at t=13.80 Gyr (output 1 of 1)
05:     <- Finished tree
05:     Progress: 3717 trees processed; elapsed 1.13 d
05:     -> Evolving tree number 96203 {1}
47:         Output tree data at t=13.80 Gyr (output 1 of 1)
47:     <- Finished tree
47:     -> Evolving tree number 96161 {1}
24:         Output tree data at t=13.80 Gyr (output 1 of 1)
24:     <- Finished tree
24:     -> Evolving tree number 96136 {1}
40:         Output tree data at t=13.80 Gyr (output 1 of 1)
40:     <- Finished tree
40:     Progress: 3720 trees processed; elapsed 1.13 d
32:         Output tree data at t=13.80 Gyr (output 1 of 1)
32:     <- Finished tree
40:     -> Evolving tree number 96216 {1}
32:     -> Evolving tree number 96176 {1}
45:         Output tree data at t=13.80 Gyr (output 1 of 1)
45:     <- Finished tree
45:     Progress: 3722 trees processed; elapsed 1.13 d
45:     -> Evolving tree number 96355 {1}
33:         Output tree data at t=13.80 Gyr (output 1 of 1)
33:     <- Finished tree
33:     -> Evolving tree number 96271 {1}
19:         Output tree data at t=13.80 Gyr (output 1 of 1)
19:     <- Finished tree
19:     -> Evolving tree number 96093 {1}
12:         Output tree data at t=13.80 Gyr (output 1 of 1)
12:     <- Finished tree
12:     Progress: 3725 trees processed; elapsed 1.13 d
12:     -> Evolving tree number 96340 {1}
37:         Output tree data at t=13.80 Gyr (output 1 of 1)
37:     <- Finished tree
37:     -> Evolving tree number 96219 {1}
20:         Output tree data at t=13.80 Gyr (output 1 of 1)
20:     <- Finished tree
20:     -> Evolving tree number 96236 {1}
23:         Output tree data at t=13.80 Gyr (output 1 of 1)
23:     <- Finished tree
10:         Output tree data at t=13.80 Gyr (output 1 of 1)
10:     <- Finished tree
23:     -> Evolving tree number 96137 {1}
10:     -> Evolving tree number 96294 {1}
28:         Output tree data at t=13.80 Gyr (output 1 of 1)
28:     <- Finished tree
28:     Progress: 3730 trees processed; elapsed 1.13 d
28:     -> Evolving tree number 96276 {1}
26:         Output tree data at t=13.80 Gyr (output 1 of 1)
26:     <- Finished tree
26:     -> Evolving tree number 96182 {1}
06:         Output tree data at t=13.80 Gyr (output 1 of 1)
06:     <- Finished tree
06:     -> Evolving tree number 96298 {1}
25:         Output tree data at t=13.80 Gyr (output 1 of 1)
25:     <- Finished tree
25:     Progress: 3733 trees processed; elapsed 1.14 d
25:     -> Evolving tree number 96183 {1}
15:         Output tree data at t=13.80 Gyr (output 1 of 1)
15:     <- Finished tree
15:     -> Evolving tree number 96097 {1}
41:         Output tree data at t=13.80 Gyr (output 1 of 1)
41:     <- Finished tree
41:     Progress: 3735 trees processed; elapsed 1.14 d
41:     -> Evolving tree number 96263 {1}
36:         Output tree data at t=13.80 Gyr (output 1 of 1)
36:     <- Finished tree
36:     Progress: 3736 trees processed; elapsed 1.14 d
36:     -> Evolving tree number 96220 {1}
09:         Output tree data at t=13.80 Gyr (output 1 of 1)
09:     <- Finished tree
13:         Output tree data at t=13.80 Gyr (output 1 of 1)
13:     <- Finished tree
30:         Output tree data at t=13.80 Gyr (output 1 of 1)
30:     <- Finished tree
09:     -> Evolving tree number 96247 {1}
13:     -> Evolving tree number 96195 {1}
30:     -> Evolving tree number 96226 {1}
43:         Output tree data at t=13.80 Gyr (output 1 of 1)
43:     <- Finished tree
43:     Progress: 3740 trees processed; elapsed 1.14 d
43:     -> Evolving tree number 96261 {1}
04:         Output tree data at t=13.80 Gyr (output 1 of 1)
04:     <- Finished tree
04:     -> Evolving tree number 96204 {1}
03:         Output tree data at t=13.80 Gyr (output 1 of 1)
03:     <- Finished tree
03:     Progress: 3742 trees processed; elapsed 1.14 d
03:     -> Evolving tree number 96253 {1}
18:         Output tree data at t=13.80 Gyr (output 1 of 1)
18:     <- Finished tree
18:     Progress: 3743 trees processed; elapsed 1.14 d
01:         Output tree data at t=13.80 Gyr (output 1 of 1)
01:     <- Finished tree
18:     -> Evolving tree number 96094 {1}
01:     -> Evolving tree number 96351 {1}
11:         Output tree data at t=13.80 Gyr (output 1 of 1)
11:     <- Finished tree
11:     -> Evolving tree number 96197 {1}
31:         Output tree data at t=13.80 Gyr (output 1 of 1)
31:     <- Finished tree
31:     Progress: 3746 trees processed; elapsed 1.14 d
31:     -> Evolving tree number 96321 {1}
47:         Output tree data at t=13.80 Gyr (output 1 of 1)
47:     <- Finished tree
47:     -> Evolving tree number 96113 {1}
08:         Output tree data at t=13.80 Gyr (output 1 of 1)
08:     <- Finished tree
08:     -> Evolving tree number 96104 {1}
34:         Output tree data at t=13.80 Gyr (output 1 of 1)
34:     <- Finished tree
34:     Progress: 3749 trees processed; elapsed 1.14 d
14:         Output tree data at t=13.80 Gyr (output 1 of 1)
14:     <- Finished tree
34:     -> Evolving tree number 96126 {1}
14:     -> Evolving tree number 96098 {1}
29:         Output tree data at t=13.80 Gyr (output 1 of 1)
29:     <- Finished tree
38:         Output tree data at t=13.80 Gyr (output 1 of 1)
38:     <- Finished tree
29:     -> Evolving tree number 96179 {1}
38:     -> Evolving tree number 96266 {1}
26:         Output tree data at t=13.80 Gyr (output 1 of 1)
26:     <- Finished tree
26:     -> Evolving tree number 96134 {1}
05:         Output tree data at t=13.80 Gyr (output 1 of 1)
05:     <- Finished tree
05:     Progress: 3754 trees processed; elapsed 1.14 d
05:     -> Evolving tree number 96155 {1}
44:         Output tree data at t=13.80 Gyr (output 1 of 1)
44:     <- Finished tree
44:     -> Evolving tree number 96164 {1}
21:         Output tree data at t=13.80 Gyr (output 1 of 1)
21:     <- Finished tree
21:     Progress: 3756 trees processed; elapsed 1.14 d
27:         Output tree data at t=13.80 Gyr (output 1 of 1)
27:     <- Finished tree
21:     -> Evolving tree number 96379 {1}
27:     -> Evolving tree number 96229 {1}
28:         Output tree data at t=13.80 Gyr (output 1 of 1)
28:     <- Finished tree
28:     Progress: 3758 trees processed; elapsed 1.14 d
28:     -> Evolving tree number 96228 {1}
41:         Output tree data at t=13.80 Gyr (output 1 of 1)
41:     <- Finished tree
41:     -> Evolving tree number 96215 {1}
40:         Output tree data at t=13.80 Gyr (output 1 of 1)
40:     <- Finished tree
32:         Output tree data at t=13.80 Gyr (output 1 of 1)
32:     <- Finished tree
40:     -> Evolving tree number 96168 {1}
32:     -> Evolving tree number 96128 {1}
42:         Output tree data at t=13.80 Gyr (output 1 of 1)
42:     <- Finished tree
42:     Progress: 3762 trees processed; elapsed 1.15 d
42:     -> Evolving tree number 96262 {1}
45:         Output tree data at t=13.80 Gyr (output 1 of 1)
45:     <- Finished tree
12:         Output tree data at t=13.80 Gyr (output 1 of 1)
12:     <- Finished tree
45:     -> Evolving tree number 96307 {1}
12:     -> Evolving tree number 96292 {1}
07:         Output tree data at t=13.80 Gyr (output 1 of 1)
07:     <- Finished tree
07:     -> Evolving tree number 96201 {1}
17:         Output tree data at t=13.80 Gyr (output 1 of 1)
17:     <- Finished tree
17:     Progress: 3766 trees processed; elapsed 1.15 d
17:     -> Evolving tree number 96239 {1}
24:         Output tree data at t=13.80 Gyr (output 1 of 1)
24:     <- Finished tree
24:     -> Evolving tree number 96088 {1}
00:         Output tree data at t=13.80 Gyr (output 1 of 1)
00:     <- Finished tree
00:     -> Evolving tree number 96352 {1}
02:         Output tree data at t=13.80 Gyr (output 1 of 1)
02:     <- Finished tree
02:     Progress: 3769 trees processed; elapsed 1.15 d
02:     -> Evolving tree number 96158 {1}
39:         Output tree data at t=13.80 Gyr (output 1 of 1)
39:     <- Finished tree
37:         Output tree data at t=13.80 Gyr (output 1 of 1)
37:     <- Finished tree
39:     -> Evolving tree number 96217 {1}
37:     -> Evolving tree number 96171 {1}
09:         Output tree data at t=13.80 Gyr (output 1 of 1)
09:     <- Finished tree
09:     Progress: 3772 trees processed; elapsed 1.15 d
25:         Output tree data at t=13.80 Gyr (output 1 of 1)
25:     <- Finished tree
09:     -> Evolving tree number 96199 {1}
25:     -> Evolving tree number 96135 {1}
22:         Output tree data at t=13.80 Gyr (output 1 of 1)
22:     <- Finished tree
22:     -> Evolving tree number 96090 {1}
36:         Output tree data at t=13.80 Gyr (output 1 of 1)
36:     <- Finished tree
36:     -> Evolving tree number 96172 {1}
15:         Output tree data at t=13.80 Gyr (output 1 of 1)
15:     <- Finished tree
15:     -> Evolving tree number 96049 {1}
10:         Output tree data at t=13.80 Gyr (output 1 of 1)
10:     <- Finished tree
10:     Progress: 3777 trees processed; elapsed 1.15 d
10:     -> Evolving tree number 96246 {1}
06:         Output tree data at t=13.80 Gyr (output 1 of 1)
06:     <- Finished tree
06:     -> Evolving tree number 96250 {1}
16:         Output tree data at t=13.80 Gyr (output 1 of 1)
16:     <- Finished tree
16:     Progress: 3779 trees processed; elapsed 1.15 d
16:     -> Evolving tree number 96096 {1}
35:         Output tree data at t=13.80 Gyr (output 1 of 1)
35:     <- Finished tree
47:         Output tree data at t=13.80 Gyr (output 1 of 1)
47:     <- Finished tree
35:     -> Evolving tree number 96173 {1}
47:     -> Evolving tree number 96065 {1}
20:         Output tree data at t=13.80 Gyr (output 1 of 1)
20:     <- Finished tree
01:         Output tree data at t=13.80 Gyr (output 1 of 1)
01:     <- Finished tree
46:         Output tree data at t=13.80 Gyr (output 1 of 1)
46:     <- Finished tree
46:     Progress: 3784 trees processed; elapsed 1.15 d
20:     -> Evolving tree number 96188 {1}
01:     -> Evolving tree number 96303 {1}
46:     -> Evolving tree number 96162 {1}
33:         Output tree data at t=13.80 Gyr (output 1 of 1)
33:     <- Finished tree
33:     -> Evolving tree number 96223 {1}
04:         Output tree data at t=13.80 Gyr (output 1 of 1)
04:     <- Finished tree
04:     Progress: 3786 trees processed; elapsed 1.15 d
08:         Output tree data at t=13.80 Gyr (output 1 of 1)
08:     <- Finished tree
04:     -> Evolving tree number 96156 {1}
08:     -> Evolving tree number 96056 {1}
05:         Output tree data at t=13.80 Gyr (output 1 of 1)
05:     <- Finished tree
05:     -> Evolving tree number 96107 {1}
30:         Output tree data at t=13.80 Gyr (output 1 of 1)
30:     <- Finished tree
30:     Progress: 3789 trees processed; elapsed 1.15 d
30:     -> Evolving tree number 96178 {1}
19:         Output tree data at t=13.80 Gyr (output 1 of 1)
19:     <- Finished tree
19:     -> Evolving tree number 96045 {1}
23:         Output tree data at t=13.80 Gyr (output 1 of 1)
23:     <- Finished tree
23:     Progress: 3791 trees processed; elapsed 1.15 d
23:     -> Evolving tree number 96089 {1}
34:         Output tree data at t=13.80 Gyr (output 1 of 1)
34:     <- Finished tree
34:     -> Evolving tree number 96078 {1}
26:         Output tree data at t=13.80 Gyr (output 1 of 1)
26:     <- Finished tree
26:     -> Evolving tree number 96086 {1}
21:         Output tree data at t=13.80 Gyr (output 1 of 1)
21:     <- Finished tree
21:     Progress: 3794 trees processed; elapsed 1.16 d
21:     -> Evolving tree number 96331 {1}
28:         Output tree data at t=13.80 Gyr (output 1 of 1)
28:     <- Finished tree
28:     Progress: 3795 trees processed; elapsed 1.16 d
13:         Output tree data at t=13.80 Gyr (output 1 of 1)
13:     <- Finished tree
28:     -> Evolving tree number 96180 {1}
18:         Output tree data at t=13.80 Gyr (output 1 of 1)
18:     <- Finished tree
13:     -> Evolving tree number 96147 {1}
18:     -> Evolving tree number 96046 {1}
38:         Output tree data at t=13.80 Gyr (output 1 of 1)
38:     <- Finished tree
38:     Progress: 3798 trees processed; elapsed 1.16 d
31:         Output tree data at t=13.80 Gyr (output 1 of 1)
31:     <- Finished tree
38:     -> Evolving tree number 96218 {1}
31:     -> Evolving tree number 96273 {1}
29:         Output tree data at t=13.80 Gyr (output 1 of 1)
29:     <- Finished tree
29:     -> Evolving tree number 96131 {1}
14:         Output tree data at t=13.80 Gyr (output 1 of 1)
14:     <- Finished tree
14:     -> Evolving tree number 96050 {1}
43:         Output tree data at t=13.80 Gyr (output 1 of 1)
43:     <- Finished tree
03:         Output tree data at t=13.80 Gyr (output 1 of 1)
03:     <- Finished tree
43:     -> Evolving tree number 96213 {1}
03:     -> Evolving tree number 96205 {1}
27:         Output tree data at t=13.80 Gyr (output 1 of 1)
27:     <- Finished tree
27:     Progress: 3804 trees processed; elapsed 1.16 d
27:     -> Evolving tree number 96181 {1}
04:         Output tree data at t=13.80 Gyr (output 1 of 1)
04:     <- Finished tree
04:     -> Evolving tree number 96108 {1}
09:         Output tree data at t=13.80 Gyr (output 1 of 1)
09:     <- Finished tree
09:     Progress: 3806 trees processed; elapsed 1.16 d
09:     -> Evolving tree number 96151 {1}
22:         Output tree data at t=13.80 Gyr (output 1 of 1)
22:     <- Finished tree
17:         Output tree data at t=13.80 Gyr (output 1 of 1)
17:     <- Finished tree
22:     -> Evolving tree number 96042 {1}
24:         Output tree data at t=13.80 Gyr (output 1 of 1)
24:     <- Finished tree
00:         Output tree data at t=13.80 Gyr (output 1 of 1)
00:     <- Finished tree
17:     -> Evolving tree number 96191 {1}
24:     -> Evolving tree number 96040 {1}
00:     -> Evolving tree number 96304 {1}
02:         Output tree data at t=13.80 Gyr (output 1 of 1)
02:     <- Finished tree
02:     Progress: 3811 trees processed; elapsed 1.16 d
02:     -> Evolving tree number 96110 {1}
45:         Output tree data at t=13.80 Gyr (output 1 of 1)
45:     <- Finished tree
11:         Output tree data at t=13.80 Gyr (output 1 of 1)
11:     <- Finished tree
45:     -> Evolving tree number 96259 {1}
11:     -> Evolving tree number 96149 {1}
10:         Output tree data at t=13.80 Gyr (output 1 of 1)
10:     <- Finished tree
10:     Progress: 3814 trees processed; elapsed 1.16 d
40:         Output tree data at t=13.80 Gyr (output 1 of 1)
40:     <- Finished tree
10:     -> Evolving tree number 96198 {1}
40:     -> Evolving tree number 96120 {1}
44:         Output tree data at t=13.80 Gyr (output 1 of 1)
44:     <- Finished tree
25:         Output tree data at t=13.80 Gyr (output 1 of 1)
25:     <- Finished tree
01:         Output tree data at t=13.80 Gyr (output 1 of 1)
01:     <- Finished tree
44:     -> Evolving tree number 96116 {1}
25:     -> Evolving tree number 96087 {1}
01:     -> Evolving tree number 96255 {1}
32:         Output tree data at t=13.80 Gyr (output 1 of 1)
32:     <- Finished tree
32:     -> Evolving tree number 96080 {1}
41:         Output tree data at t=13.80 Gyr (output 1 of 1)
41:     <- Finished tree
41:     Progress: 3820 trees processed; elapsed 1.16 d
41:     -> Evolving tree number 96167 {1}
06:         Output tree data at t=13.80 Gyr (output 1 of 1)
06:     <- Finished tree
06:     -> Evolving tree number 96202 {1}
07:         Output tree data at t=13.80 Gyr (output 1 of 1)
07:     <- Finished tree
07:     -> Evolving tree number 96153 {1}
42:         Output tree data at t=13.80 Gyr (output 1 of 1)
42:     <- Finished tree
37:         Output tree data at t=13.80 Gyr (output 1 of 1)
37:     <- Finished tree
42:     -> Evolving tree number 96214 {1}
37:     -> Evolving tree number 96123 {1}
47:         Output tree data at t=13.80 Gyr (output 1 of 1)
47:     <- Finished tree
47:     Progress: 3825 trees processed; elapsed 1.16 d
47:     -> Evolving tree number 96017 {1}
35:         Output tree data at t=13.80 Gyr (output 1 of 1)
35:     <- Finished tree
36:         Output tree data at t=13.80 Gyr (output 1 of 1)
36:     <- Finished tree
35:     -> Evolving tree number 96125 {1}
36:     -> Evolving tree number 96124 {1}
15:         Output tree data at t=13.80 Gyr (output 1 of 1)
15:     <- Finished tree
15:     Progress: 3828 trees processed; elapsed 1.16 d
15:     -> Evolving tree number 96001 {1}
20:         Output tree data at t=13.80 Gyr (output 1 of 1)
20:     <- Finished tree
20:     -> Evolving tree number 96140 {1}
12:         Output tree data at t=13.80 Gyr (output 1 of 1)
12:     <- Finished tree
12:     -> Evolving tree number 96244 {1}
34:         Output tree data at t=13.80 Gyr (output 1 of 1)
34:     <- Finished tree
34:     Progress: 3831 trees processed; elapsed 1.17 d
34:     -> Evolving tree number 96030 {1}
16:         Output tree data at t=13.80 Gyr (output 1 of 1)
16:     <- Finished tree
05:         Output tree data at t=13.80 Gyr (output 1 of 1)
05:     <- Finished tree
16:     -> Evolving tree number 96048 {1}
05:     -> Evolving tree number 96059 {1}
46:         Output tree data at t=13.80 Gyr (output 1 of 1)
46:     <- Finished tree
46:     Progress: 3834 trees processed; elapsed 1.17 d
46:     -> Evolving tree number 96114 {1}
39:         Output tree data at t=13.80 Gyr (output 1 of 1)
39:     <- Finished tree
21:         Output tree data at t=13.80 Gyr (output 1 of 1)
21:     <- Finished tree
39:     -> Evolving tree number 96169 {1}
21:     -> Evolving tree number 96283 {1}
03:         Output tree data at t=13.80 Gyr (output 1 of 1)
03:     <- Finished tree
03:     Progress: 3837 trees processed; elapsed 1.17 d
03:     -> Evolving tree number 96157 {1}
04:         Output tree data at t=13.80 Gyr (output 1 of 1)
04:     <- Finished tree
04:     -> Evolving tree number 96060 {1}
33:         Output tree data at t=13.80 Gyr (output 1 of 1)
33:     <- Finished tree
33:     -> Evolving tree number 96175 {1}
19:         Output tree data at t=13.80 Gyr (output 1 of 1)
19:     <- Finished tree
19:     Progress: 3840 trees processed; elapsed 1.17 d
19:     -> Evolving tree number 95997 {1}
08:         Output tree data at t=13.80 Gyr (output 1 of 1)
08:     <- Finished tree
08:     -> Evolving tree number 96008 {1}
30:         Output tree data at t=13.80 Gyr (output 1 of 1)
30:     <- Finished tree
30:     Progress: 3842 trees processed; elapsed 1.17 d
30:     -> Evolving tree number 96130 {1}
31:         Output tree data at t=13.80 Gyr (output 1 of 1)
31:     <- Finished tree
28:         Output tree data at t=13.80 Gyr (output 1 of 1)
28:     <- Finished tree
02:         Output tree data at t=13.80 Gyr (output 1 of 1)
02:     <- Finished tree
31:     -> Evolving tree number 96225 {1}
22:         Output tree data at t=13.80 Gyr (output 1 of 1)
22:     <- Finished tree
28:     -> Evolving tree number 96132 {1}
02:     -> Evolving tree number 96062 {1}
22:     -> Evolving tree number 95994 {1}
14:         Output tree data at t=13.80 Gyr (output 1 of 1)
14:     <- Finished tree
18:         Output tree data at t=13.80 Gyr (output 1 of 1)
18:     <- Finished tree
14:     -> Evolving tree number 96002 {1}
18:     -> Evolving tree number 95998 {1}
09:         Output tree data at t=13.80 Gyr (output 1 of 1)
09:     <- Finished tree
09:     Progress: 3849 trees processed; elapsed 1.17 d
43:         Output tree data at t=13.80 Gyr (output 1 of 1)
43:     <- Finished tree
09:     -> Evolving tree number 96103 {1}
43:     -> Evolving tree number 96165 {1}
42:         Output tree data at t=13.80 Gyr (output 1 of 1)
42:     <- Finished tree
42:     Progress: 3851 trees processed; elapsed 1.17 d
10:         Output tree data at t=13.80 Gyr (output 1 of 1)
10:     <- Finished tree
42:     -> Evolving tree number 96166 {1}
10:     -> Evolving tree number 96150 {1}
29:         Output tree data at t=13.80 Gyr (output 1 of 1)
29:     <- Finished tree
26:         Output tree data at t=13.80 Gyr (output 1 of 1)
26:     <- Finished tree
26:     Progress: 3854 trees processed; elapsed 1.17 d
29:     -> Evolving tree number 96083 {1}
26:     -> Evolving tree number 96038 {1}
36:         Output tree data at t=13.80 Gyr (output 1 of 1)
36:     <- Finished tree
36:     -> Evolving tree number 96076 {1}
40:         Output tree data at t=13.80 Gyr (output 1 of 1)
40:     <- Finished tree
40:     Progress: 3856 trees processed; elapsed 1.17 d
40:     -> Evolving tree number 96072 {1}
11:         Output tree data at t=13.80 Gyr (output 1 of 1)
11:     <- Finished tree
11:     -> Evolving tree number 96101 {1}
38:         Output tree data at t=13.80 Gyr (output 1 of 1)
38:     <- Finished tree
37:         Output tree data at t=13.80 Gyr (output 1 of 1)
37:     <- Finished tree
38:     -> Evolving tree number 96170 {1}
37:     -> Evolving tree number 96075 {1}
25:         Output tree data at t=13.80 Gyr (output 1 of 1)
25:     <- Finished tree
25:     Progress: 3860 trees processed; elapsed 1.17 d
25:     -> Evolving tree number 96039 {1}
23:         Output tree data at t=13.80 Gyr (output 1 of 1)
23:     <- Finished tree
23:     -> Evolving tree number 96041 {1}
41:         Output tree data at t=13.80 Gyr (output 1 of 1)
41:     <- Finished tree
27:         Output tree data at t=13.80 Gyr (output 1 of 1)
27:     <- Finished tree
41:     -> Evolving tree number 96119 {1}
27:     -> Evolving tree number 96133 {1}
32:         Output tree data at t=13.80 Gyr (output 1 of 1)
32:     <- Finished tree
32:     Progress: 3864 trees processed; elapsed 1.18 d
00:         Output tree data at t=13.80 Gyr (output 1 of 1)
00:     <- Finished tree
32:     -> Evolving tree number 96032 {1}
00:     -> Evolving tree number 96256 {1}
20:         Output tree data at t=13.80 Gyr (output 1 of 1)
20:     <- Finished tree
13:         Output tree data at t=13.80 Gyr (output 1 of 1)
13:     <- Finished tree
20:     -> Evolving tree number 96092 {1}
13:     -> Evolving tree number 96099 {1}
07:         Output tree data at t=13.80 Gyr (output 1 of 1)
07:     <- Finished tree
07:     Progress: 3868 trees processed; elapsed 1.18 d
45:         Output tree data at t=13.80 Gyr (output 1 of 1)
45:     <- Finished tree
07:     -> Evolving tree number 96105 {1}
12:         Output tree data at t=13.80 Gyr (output 1 of 1)
12:     <- Finished tree
45:     -> Evolving tree number 96211 {1}
12:     -> Evolving tree number 96196 {1}
24:         Output tree data at t=13.80 Gyr (output 1 of 1)
24:     <- Finished tree
17:         Output tree data at t=13.80 Gyr (output 1 of 1)
17:     <- Finished tree
24:     -> Evolving tree number 95992 {1}
44:         Output tree data at t=13.80 Gyr (output 1 of 1)
44:     <- Finished tree
17:     -> Evolving tree number 96143 {1}
01:         Output tree data at t=13.80 Gyr (output 1 of 1)
01:     <- Finished tree
01:     Progress: 3874 trees processed; elapsed 1.18 d
44:     -> Evolving tree number 96068 {1}
01:     -> Evolving tree number 96207 {1}
39:         Output tree data at t=13.80 Gyr (output 1 of 1)
39:     <- Finished tree
15:         Output tree data at t=13.80 Gyr (output 1 of 1)
15:     <- Finished tree
39:     -> Evolving tree number 96121 {1}
35:         Output tree data at t=13.80 Gyr (output 1 of 1)
35:     <- Finished tree
15:     -> Evolving tree number 95953 {1}
35:     -> Evolving tree number 96077 {1}
47:         Output tree data at t=13.80 Gyr (output 1 of 1)
47:     <- Finished tree
47:     Progress: 3878 trees processed; elapsed 1.18 d
47:     -> Evolving tree number 95969 {1}
33:         Output tree data at t=13.80 Gyr (output 1 of 1)
33:     <- Finished tree
16:         Output tree data at t=13.80 Gyr (output 1 of 1)
16:     <- Finished tree
33:     -> Evolving tree number 96127 {1}
16:     -> Evolving tree number 96000 {1}
21:         Output tree data at t=13.80 Gyr (output 1 of 1)
21:     <- Finished tree
21:     Progress: 3881 trees processed; elapsed 1.18 d
21:     -> Evolving tree number 96235 {1}
02:         Output tree data at t=13.80 Gyr (output 1 of 1)
02:     <- Finished tree
02:     -> Evolving tree number 96014 {1}
04:         Output tree data at t=13.80 Gyr (output 1 of 1)
04:     <- Finished tree
04:     Progress: 3883 trees processed; elapsed 1.18 d
04:     -> Evolving tree number 96012 {1}
14:         Output tree data at t=13.80 Gyr (output 1 of 1)
14:     <- Finished tree
14:     -> Evolving tree number 95954 {1}
18:         Output tree data at t=13.80 Gyr (output 1 of 1)
18:     <- Finished tree
18:     Progress: 3885 trees processed; elapsed 1.18 d
09:         Output tree data at t=13.80 Gyr (output 1 of 1)
09:     <- Finished tree
18:     -> Evolving tree number 95950 {1}
09:     -> Evolving tree number 96055 {1}
03:         Output tree data at t=13.80 Gyr (output 1 of 1)
03:     <- Finished tree
03:     Progress: 3887 trees processed; elapsed 1.18 d
03:     -> Evolving tree number 96109 {1}
30:         Output tree data at t=13.80 Gyr (output 1 of 1)
30:     <- Finished tree
30:     -> Evolving tree number 96082 {1}
46:         Output tree data at t=13.80 Gyr (output 1 of 1)
46:     <- Finished tree
34:         Output tree data at t=13.80 Gyr (output 1 of 1)
34:     <- Finished tree
46:     -> Evolving tree number 96066 {1}
06:         Output tree data at t=13.80 Gyr (output 1 of 1)
06:     <- Finished tree
06:     Progress: 3891 trees processed; elapsed 1.18 d
34:     -> Evolving tree number 95982 {1}
06:     -> Evolving tree number 96154 {1}
28:         Output tree data at t=13.80 Gyr (output 1 of 1)
28:     <- Finished tree
28:     -> Evolving tree number 96084 {1}
05:         Output tree data at t=13.80 Gyr (output 1 of 1)
05:     <- Finished tree
05:     -> Evolving tree number 96011 {1}
22:         Output tree data at t=13.80 Gyr (output 1 of 1)
22:     <- Finished tree
22:     Progress: 3894 trees processed; elapsed 1.18 d
43:         Output tree data at t=13.80 Gyr (output 1 of 1)
43:     <- Finished tree
22:     -> Evolving tree number 95946 {1}
43:     -> Evolving tree number 96117 {1}
24:         Output tree data at t=13.80 Gyr (output 1 of 1)
24:     <- Finished tree
24:     Progress: 3896 trees processed; elapsed 1.19 d
24:     -> Evolving tree number 95944 {1}
31:         Output tree data at t=13.80 Gyr (output 1 of 1)
31:     <- Finished tree
31:     -> Evolving tree number 96177 {1}
39:         Output tree data at t=13.80 Gyr (output 1 of 1)
39:     <- Finished tree
39:     -> Evolving tree number 96073 {1}
19:         Output tree data at t=13.80 Gyr (output 1 of 1)
19:     <- Finished tree
19:     Progress: 3899 trees processed; elapsed 1.19 d
19:     -> Evolving tree number 95949 {1}
29:         Output tree data at t=13.80 Gyr (output 1 of 1)
29:     <- Finished tree
29:     -> Evolving tree number 96035 {1}
36:         Output tree data at t=13.80 Gyr (output 1 of 1)
36:     <- Finished tree
36:     Progress: 3901 trees processed; elapsed 1.19 d
42:         Output tree data at t=13.80 Gyr (output 1 of 1)
42:     <- Finished tree
36:     -> Evolving tree number 96028 {1}
42:     -> Evolving tree number 96118 {1}
11:         Output tree data at t=13.80 Gyr (output 1 of 1)
11:     <- Finished tree
23:         Output tree data at t=13.80 Gyr (output 1 of 1)
23:     <- Finished tree
11:     -> Evolving tree number 96053 {1}
23:     -> Evolving tree number 95993 {1}
41:         Output tree data at t=13.80 Gyr (output 1 of 1)
41:     <- Finished tree
08:         Output tree data at t=13.80 Gyr (output 1 of 1)
08:     <- Finished tree
07:         Output tree data at t=13.80 Gyr (output 1 of 1)
07:     <- Finished tree
41:     -> Evolving tree number 96071 {1}
15:         Output tree data at t=13.80 Gyr (output 1 of 1)
15:     <- Finished tree
08:     -> Evolving tree number 95960 {1}
07:     -> Evolving tree number 96057 {1}
15:     -> Evolving tree number 95905 {1}
12:         Output tree data at t=13.80 Gyr (output 1 of 1)
12:     <- Finished tree
12:     Progress: 3909 trees processed; elapsed 1.19 d
12:     -> Evolving tree number 96148 {1}
45:         Output tree data at t=13.80 Gyr (output 1 of 1)
45:     <- Finished tree
45:     -> Evolving tree number 96163 {1}
40:         Output tree data at t=13.80 Gyr (output 1 of 1)
40:     <- Finished tree
40:     Progress: 3911 trees processed; elapsed 1.19 d
40:     -> Evolving tree number 96024 {1}
27:         Output tree data at t=13.80 Gyr (output 1 of 1)
27:     <- Finished tree
27:     -> Evolving tree number 96085 {1}
25:         Output tree data at t=13.80 Gyr (output 1 of 1)
25:     <- Finished tree
01:         Output tree data at t=13.80 Gyr (output 1 of 1)
01:     <- Finished tree
25:     -> Evolving tree number 95991 {1}
01:     -> Evolving tree number 96159 {1}
33:         Output tree data at t=13.80 Gyr (output 1 of 1)
33:     <- Finished tree
33:     Progress: 3915 trees processed; elapsed 1.19 d
33:     -> Evolving tree number 96079 {1}
10:         Output tree data at t=13.80 Gyr (output 1 of 1)
10:     <- Finished tree
10:     -> Evolving tree number 96102 {1}
17:         Output tree data at t=13.80 Gyr (output 1 of 1)
17:     <- Finished tree
17:     Progress: 3917 trees processed; elapsed 1.19 d
20:         Output tree data at t=13.80 Gyr (output 1 of 1)
20:     <- Finished tree
20:     -> Evolving tree number 96044 {1}
17:     -> Evolving tree number 96095 {1}
26:         Output tree data at t=13.80 Gyr (output 1 of 1)
26:     <- Finished tree
26:     -> Evolving tree number 95990 {1}
32:         Output tree data at t=13.80 Gyr (output 1 of 1)
32:     <- Finished tree
32:     Progress: 3920 trees processed; elapsed 1.19 d
32:     -> Evolving tree number 95984 {1}
37:         Output tree data at t=13.80 Gyr (output 1 of 1)
37:     <- Finished tree
37:     -> Evolving tree number 96027 {1}
02:         Output tree data at t=13.80 Gyr (output 1 of 1)
02:     <- Finished tree
02:     Progress: 3922 trees processed; elapsed 1.19 d
02:     -> Evolving tree number 95966 {1}
21:         Output tree data at t=13.80 Gyr (output 1 of 1)
21:     <- Finished tree
21:     -> Evolving tree number 96187 {1}
35:         Output tree data at t=13.80 Gyr (output 1 of 1)
35:     <- Finished tree
35:     -> Evolving tree number 96029 {1}
00:         Output tree data at t=13.80 Gyr (output 1 of 1)
00:     <- Finished tree
00:     Progress: 3925 trees processed; elapsed 1.19 d
00:     -> Evolving tree number 96208 {1}
13:         Output tree data at t=13.80 Gyr (output 1 of 1)
13:     <- Finished tree
13:     -> Evolving tree number 96051 {1}
16:         Output tree data at t=13.80 Gyr (output 1 of 1)
16:     <- Finished tree
18:         Output tree data at t=13.80 Gyr (output 1 of 1)
18:     <- Finished tree
18:     Progress: 3928 trees processed; elapsed 1.20 d
16:     -> Evolving tree number 95952 {1}
18:     -> Evolving tree number 95902 {1}
34:         Output tree data at t=13.80 Gyr (output 1 of 1)
34:     <- Finished tree
34:     -> Evolving tree number 95934 {1}
44:         Output tree data at t=13.80 Gyr (output 1 of 1)
44:     <- Finished tree
44:     -> Evolving tree number 96020 {1}
47:         Output tree data at t=13.80 Gyr (output 1 of 1)
47:     <- Finished tree
47:     Progress: 3931 trees processed; elapsed 1.20 d
47:     -> Evolving tree number 95921 {1}
06:         Output tree data at t=13.80 Gyr (output 1 of 1)
06:     <- Finished tree
06:     -> Evolving tree number 96106 {1}
09:         Output tree data at t=13.80 Gyr (output 1 of 1)
09:     <- Finished tree
09:     Progress: 3933 trees processed; elapsed 1.20 d
09:     -> Evolving tree number 96007 {1}
28:         Output tree data at t=13.80 Gyr (output 1 of 1)
28:     <- Finished tree
22:         Output tree data at t=13.80 Gyr (output 1 of 1)
22:     <- Finished tree
28:     -> Evolving tree number 96036 {1}
22:     -> Evolving tree number 95898 {1}
05:         Output tree data at t=13.80 Gyr (output 1 of 1)
05:     <- Finished tree
05:     -> Evolving tree number 95963 {1}
14:         Output tree data at t=13.80 Gyr (output 1 of 1)
14:     <- Finished tree
14:     -> Evolving tree number 95906 {1}
38:         Output tree data at t=13.80 Gyr (output 1 of 1)
38:     <- Finished tree
38:     Progress: 3938 trees processed; elapsed 1.20 d
38:     -> Evolving tree number 96122 {1}
11:         Output tree data at t=13.80 Gyr (output 1 of 1)
11:     <- Finished tree
11:     -> Evolving tree number 96005 {1}
23:         Output tree data at t=13.80 Gyr (output 1 of 1)
23:     <- Finished tree
23:     -> Evolving tree number 95945 {1}
36:         Output tree data at t=13.80 Gyr (output 1 of 1)
36:     <- Finished tree
36:     -> Evolving tree number 95980 {1}
19:         Output tree data at t=13.80 Gyr (output 1 of 1)
19:     <- Finished tree
19:     Progress: 3942 trees processed; elapsed 1.20 d
42:         Output tree data at t=13.80 Gyr (output 1 of 1)
42:     <- Finished tree
19:     -> Evolving tree number 95901 {1}
42:     -> Evolving tree number 96070 {1}
45:         Output tree data at t=13.80 Gyr (output 1 of 1)
45:     <- Finished tree
24:         Output tree data at t=13.80 Gyr (output 1 of 1)
24:     <- Finished tree
45:     -> Evolving tree number 96115 {1}
24:     -> Evolving tree number 95896 {1}
30:         Output tree data at t=13.80 Gyr (output 1 of 1)
30:     <- Finished tree
30:     Progress: 3946 trees processed; elapsed 1.20 d
30:     -> Evolving tree number 96034 {1}
31:         Output tree data at t=13.80 Gyr (output 1 of 1)
31:     <- Finished tree
31:     -> Evolving tree number 96129 {1}
25:         Output tree data at t=13.80 Gyr (output 1 of 1)
25:     <- Finished tree
25:     Progress: 3948 trees processed; elapsed 1.20 d
43:         Output tree data at t=13.80 Gyr (output 1 of 1)
43:     <- Finished tree
25:     -> Evolving tree number 95943 {1}
43:     -> Evolving tree number 96069 {1}
40:         Output tree data at t=13.80 Gyr (output 1 of 1)
40:     <- Finished tree
40:     -> Evolving tree number 95976 {1}
39:         Output tree data at t=13.80 Gyr (output 1 of 1)
39:     <- Finished tree
39:     -> Evolving tree number 96025 {1}
33:         Output tree data at t=13.80 Gyr (output 1 of 1)
33:     <- Finished tree
33:     Progress: 3952 trees processed; elapsed 1.20 d
03:         Output tree data at t=13.80 Gyr (output 1 of 1)
03:     <- Finished tree
33:     -> Evolving tree number 96031 {1}
46:         Output tree data at t=13.80 Gyr (output 1 of 1)
46:     <- Finished tree
03:     -> Evolving tree number 96061 {1}
46:     -> Evolving tree number 96018 {1}
04:         Output tree data at t=13.80 Gyr (output 1 of 1)
04:     <- Finished tree
04:     Progress: 3955 trees processed; elapsed 1.20 d
12:         Output tree data at t=13.80 Gyr (output 1 of 1)
12:     <- Finished tree
04:     -> Evolving tree number 95964 {1}
12:     -> Evolving tree number 96100 {1}
08:         Output tree data at t=13.80 Gyr (output 1 of 1)
08:     <- Finished tree
15:         Output tree data at t=13.80 Gyr (output 1 of 1)
15:     <- Finished tree
08:     -> Evolving tree number 95912 {1}
07:         Output tree data at t=13.80 Gyr (output 1 of 1)
07:     <- Finished tree
15:     -> Evolving tree number 95857 {1}
07:     -> Evolving tree number 96009 {1}
35:         Output tree data at t=13.80 Gyr (output 1 of 1)
35:     <- Finished tree
35:     Progress: 3960 trees processed; elapsed 1.21 d
35:     -> Evolving tree number 95981 {1}
10:         Output tree data at t=13.80 Gyr (output 1 of 1)
10:     <- Finished tree
32:         Output tree data at t=13.80 Gyr (output 1 of 1)
32:     <- Finished tree
10:     -> Evolving tree number 96054 {1}
32:     -> Evolving tree number 95936 {1}
44:         Output tree data at t=13.80 Gyr (output 1 of 1)
44:     <- Finished tree
44:     -> Evolving tree number 95972 {1}
01:         Output tree data at t=13.80 Gyr (output 1 of 1)
01:     <- Finished tree
27:         Output tree data at t=13.80 Gyr (output 1 of 1)
27:     <- Finished tree
01:     -> Evolving tree number 96111 {1}
41:         Output tree data at t=13.80 Gyr (output 1 of 1)
41:     <- Finished tree
41:     Progress: 3966 trees processed; elapsed 1.21 d
27:     -> Evolving tree number 96037 {1}
20:         Output tree data at t=13.80 Gyr (output 1 of 1)
20:     <- Finished tree
41:     -> Evolving tree number 96023 {1}
20:     -> Evolving tree number 95996 {1}
02:         Output tree data at t=13.80 Gyr (output 1 of 1)
02:     <- Finished tree
02:     Progress: 3968 trees processed; elapsed 1.21 d
02:     -> Evolving tree number 95918 {1}
17:         Output tree data at t=13.80 Gyr (output 1 of 1)
17:     <- Finished tree
13:         Output tree data at t=13.80 Gyr (output 1 of 1)
13:     <- Finished tree
29:         Output tree data at t=13.80 Gyr (output 1 of 1)
29:     <- Finished tree
17:     -> Evolving tree number 96047 {1}
13:     -> Evolving tree number 96003 {1}
29:     -> Evolving tree number 95987 {1}
26:         Output tree data at t=13.80 Gyr (output 1 of 1)
26:     <- Finished tree
26:     Progress: 3972 trees processed; elapsed 1.21 d
26:     -> Evolving tree number 95942 {1}
00:         Output tree data at t=13.80 Gyr (output 1 of 1)
00:     <- Finished tree
00:     -> Evolving tree number 96160 {1}
06:         Output tree data at t=13.80 Gyr (output 1 of 1)
06:     <- Finished tree
06:     -> Evolving tree number 96058 {1}
37:         Output tree data at t=13.80 Gyr (output 1 of 1)
37:     <- Finished tree
37:     -> Evolving tree number 95979 {1}
25:         Output tree data at t=13.80 Gyr (output 1 of 1)
25:     <- Finished tree
25:     Progress: 3976 trees processed; elapsed 1.21 d
25:     -> Evolving tree number 95895 {1}
16:         Output tree data at t=13.80 Gyr (output 1 of 1)
16:     <- Finished tree
16:     -> Evolving tree number 95904 {1}
34:         Output tree data at t=13.80 Gyr (output 1 of 1)
34:     <- Finished tree
38:         Output tree data at t=13.80 Gyr (output 1 of 1)
38:     <- Finished tree
34:     -> Evolving tree number 95886 {1}
38:     -> Evolving tree number 96074 {1}
47:         Output tree data at t=13.80 Gyr (output 1 of 1)
47:     <- Finished tree
47:     Progress: 3980 trees processed; elapsed 1.21 d
47:     -> Evolving tree number 95873 {1}
09:         Output tree data at t=13.80 Gyr (output 1 of 1)
09:     <- Finished tree
31:         Output tree data at t=13.80 Gyr (output 1 of 1)
31:     <- Finished tree
09:     -> Evolving tree number 95959 {1}
31:     -> Evolving tree number 96081 {1}
24:         Output tree data at t=13.80 Gyr (output 1 of 1)
24:     <- Finished tree
24:     Progress: 3983 trees processed; elapsed 1.21 d
24:     -> Evolving tree number 95848 {1}
12:         Output tree data at t=13.80 Gyr (output 1 of 1)
12:     <- Finished tree
12:     -> Evolving tree number 96052 {1}
18:         Output tree data at t=13.80 Gyr (output 1 of 1)
18:     <- Finished tree
18:     Progress: 3985 trees processed; elapsed 1.21 d
18:     -> Evolving tree number 95854 {1}
46:         Output tree data at t=13.80 Gyr (output 1 of 1)
46:     <- Finished tree
46:     -> Evolving tree number 95970 {1}
30:         Output tree data at t=13.80 Gyr (output 1 of 1)
30:     <- Finished tree
30:     Progress: 3987 trees processed; elapsed 1.22 d
30:     -> Evolving tree number 95986 {1}
35:         Output tree data at t=13.80 Gyr (output 1 of 1)
35:     <- Finished tree
35:     -> Evolving tree number 95933 {1}
36:         Output tree data at t=13.80 Gyr (output 1 of 1)
36:     <- Finished tree
21:         Output tree data at t=13.80 Gyr (output 1 of 1)
21:     <- Finished tree
36:     -> Evolving tree number 95932 {1}
21:     -> Evolving tree number 96139 {1}
20:         Output tree data at t=13.80 Gyr (output 1 of 1)
20:     <- Finished tree
20:     Progress: 3991 trees processed; elapsed 1.22 d
11:         Output tree data at t=13.80 Gyr (output 1 of 1)
11:     <- Finished tree
20:     -> Evolving tree number 95948 {1}
11:     -> Evolving tree number 95957 {1}
14:         Output tree data at t=13.80 Gyr (output 1 of 1)
14:     <- Finished tree
14:     Progress: 3993 trees processed; elapsed 1.22 d
14:     -> Evolving tree number 95858 {1}
42:         Output tree data at t=13.80 Gyr (output 1 of 1)
42:     <- Finished tree
42:     -> Evolving tree number 96022 {1}
05:         Output tree data at t=13.80 Gyr (output 1 of 1)
05:     <- Finished tree
05:     -> Evolving tree number 95915 {1}
40:         Output tree data at t=13.80 Gyr (output 1 of 1)
40:     <- Finished tree
40:     Progress: 3996 trees processed; elapsed 1.22 d
45:         Output tree data at t=13.80 Gyr (output 1 of 1)
45:     <- Finished tree
40:     -> Evolving tree number 95928 {1}
45:     -> Evolving tree number 96067 {1}
39:         Output tree data at t=13.80 Gyr (output 1 of 1)
39:     <- Finished tree
43:         Output tree data at t=13.80 Gyr (output 1 of 1)
43:     <- Finished tree
39:     -> Evolving tree number 95977 {1}
43:     -> Evolving tree number 96021 {1}
19:         Output tree data at t=13.80 Gyr (output 1 of 1)
19:     <- Finished tree
28:         Output tree data at t=13.80 Gyr (output 1 of 1)
28:     <- Finished tree
19:     -> Evolving tree number 95853 {1}
10:         Output tree data at t=13.80 Gyr (output 1 of 1)
10:     <- Finished tree
10:     Progress: 4002 trees processed; elapsed 1.22 d
28:     -> Evolving tree number 95988 {1}
10:     -> Evolving tree number 96006 {1}
32:         Output tree data at t=13.80 Gyr (output 1 of 1)
32:     <- Finished tree
32:     Progress: 4003 trees processed; elapsed 1.22 d
32:     -> Evolving tree number 95888 {1}
08:         Output tree data at t=13.80 Gyr (output 1 of 1)
08:     <- Finished tree
08:     -> Evolving tree number 95864 {1}
23:         Output tree data at t=13.80 Gyr (output 1 of 1)
23:     <- Finished tree
23:     -> Evolving tree number 95897 {1}
04:         Output tree data at t=13.80 Gyr (output 1 of 1)
04:     <- Finished tree
04:     Progress: 4006 trees processed; elapsed 1.22 d
04:     -> Evolving tree number 95916 {1}
41:         Output tree data at t=13.80 Gyr (output 1 of 1)
41:     <- Finished tree
41:     -> Evolving tree number 95975 {1}
44:         Output tree data at t=13.80 Gyr (output 1 of 1)
44:     <- Finished tree
44:     -> Evolving tree number 95924 {1}
03:         Output tree data at t=13.80 Gyr (output 1 of 1)
03:     <- Finished tree
03:     Progress: 4009 trees processed; elapsed 1.22 d
27:         Output tree data at t=13.80 Gyr (output 1 of 1)
27:     <- Finished tree
03:     -> Evolving tree number 96013 {1}
01:         Output tree data at t=13.80 Gyr (output 1 of 1)
01:     <- Finished tree
15:         Output tree data at t=13.80 Gyr (output 1 of 1)
15:     <- Finished tree
27:     -> Evolving tree number 95989 {1}
01:     -> Evolving tree number 96063 {1}
15:     -> Evolving tree number 95809 {1}
22:         Output tree data at t=13.80 Gyr (output 1 of 1)
22:     <- Finished tree
22:     -> Evolving tree number 95850 {1}
07:         Output tree data at t=13.80 Gyr (output 1 of 1)
07:     <- Finished tree
07:     Progress: 4014 trees processed; elapsed 1.22 d
07:     -> Evolving tree number 95961 {1}
16:         Output tree data at t=13.80 Gyr (output 1 of 1)
16:     <- Finished tree
16:     -> Evolving tree number 95856 {1}
17:         Output tree data at t=13.80 Gyr (output 1 of 1)
17:     <- Finished tree
17:     Progress: 4016 trees processed; elapsed 1.22 d
17:     -> Evolving tree number 95999 {1}
37:         Output tree data at t=13.80 Gyr (output 1 of 1)
37:     <- Finished tree
37:     Progress: 4017 trees processed; elapsed 1.22 d
37:     -> Evolving tree number 95931 {1}
31:         Output tree data at t=13.80 Gyr (output 1 of 1)
31:     <- Finished tree
24:         Output tree data at t=13.80 Gyr (output 1 of 1)
24:     <- Finished tree
06:         Output tree data at t=13.80 Gyr (output 1 of 1)
06:     <- Finished tree
31:     -> Evolving tree number 96033 {1}
06:     -> Evolving tree number 96010 {1}
24:     -> Evolving tree number 95800 {1}
13:         Output tree data at t=13.80 Gyr (output 1 of 1)
13:     <- Finished tree
13:     Progress: 4021 trees processed; elapsed 1.23 d
13:     -> Evolving tree number 95955 {1}
38:         Output tree data at t=13.80 Gyr (output 1 of 1)
38:     <- Finished tree
38:     -> Evolving tree number 96026 {1}
14:         Output tree data at t=13.80 Gyr (output 1 of 1)
14:     <- Finished tree
14:     -> Evolving tree number 95810 {1}
29:         Output tree data at t=13.80 Gyr (output 1 of 1)
29:     <- Finished tree
26:         Output tree data at t=13.80 Gyr (output 1 of 1)
26:     <- Finished tree
29:     -> Evolving tree number 95939 {1}
47:         Output tree data at t=13.80 Gyr (output 1 of 1)
47:     <- Finished tree
47:     Progress: 4026 trees processed; elapsed 1.23 d
26:     -> Evolving tree number 95894 {1}
47:     -> Evolving tree number 95825 {1}
02:         Output tree data at t=13.80 Gyr (output 1 of 1)
02:     <- Finished tree
02:     Progress: 4027 trees processed; elapsed 1.23 d
02:     -> Evolving tree number 95870 {1}
33:         Output tree data at t=13.80 Gyr (output 1 of 1)
33:     <- Finished tree
33:     -> Evolving tree number 95983 {1}
25:         Output tree data at t=13.80 Gyr (output 1 of 1)
25:     <- Finished tree
25:     Progress: 4029 trees processed; elapsed 1.23 d
25:     -> Evolving tree number 95847 {1}
18:         Output tree data at t=13.80 Gyr (output 1 of 1)
18:     <- Finished tree
09:         Output tree data at t=13.80 Gyr (output 1 of 1)
09:     <- Finished tree
18:     -> Evolving tree number 95806 {1}
09:     -> Evolving tree number 95911 {1}
05:         Output tree data at t=13.80 Gyr (output 1 of 1)
05:     <- Finished tree
00:         Output tree data at t=13.80 Gyr (output 1 of 1)
00:     <- Finished tree
05:     -> Evolving tree number 95867 {1}
00:     -> Evolving tree number 96112 {1}
20:         Output tree data at t=13.80 Gyr (output 1 of 1)
20:     <- Finished tree
20:     Progress: 4034 trees processed; elapsed 1.23 d
20:     -> Evolving tree number 95900 {1}
34:         Output tree data at t=13.80 Gyr (output 1 of 1)
34:     <- Finished tree
12:         Output tree data at t=13.80 Gyr (output 1 of 1)
12:     <- Finished tree
12:     -> Evolving tree number 96004 {1}
34:     -> Evolving tree number 95838 {1}
30:         Output tree data at t=13.80 Gyr (output 1 of 1)
30:     <- Finished tree
30:     -> Evolving tree number 95938 {1}
35:         Output tree data at t=13.80 Gyr (output 1 of 1)
35:     <- Finished tree
35:     Progress: 4038 trees processed; elapsed 1.23 d
35:     -> Evolving tree number 95885 {1}
19:         Output tree data at t=13.80 Gyr (output 1 of 1)
19:     <- Finished tree
19:     -> Evolving tree number 95805 {1}
45:         Output tree data at t=13.80 Gyr (output 1 of 1)
45:     <- Finished tree
27:         Output tree data at t=13.80 Gyr (output 1 of 1)
27:     <- Finished tree
45:     -> Evolving tree number 96019 {1}
27:     -> Evolving tree number 95941 {1}
42:         Output tree data at t=13.80 Gyr (output 1 of 1)
42:     <- Finished tree
42:     Progress: 4042 trees processed; elapsed 1.23 d
42:     -> Evolving tree number 95974 {1}
44:         Output tree data at t=13.80 Gyr (output 1 of 1)
44:     <- Finished tree
44:     -> Evolving tree number 95876 {1}
41:         Output tree data at t=13.80 Gyr (output 1 of 1)
41:     <- Finished tree
41:     -> Evolving tree number 95927 {1}
08:         Output tree data at t=13.80 Gyr (output 1 of 1)
08:     <- Finished tree
08:     -> Evolving tree number 95816 {1}
10:         Output tree data at t=13.80 Gyr (output 1 of 1)
10:     <- Finished tree
10:     Progress: 4046 trees processed; elapsed 1.23 d
40:         Output tree data at t=13.80 Gyr (output 1 of 1)
40:     <- Finished tree
10:     -> Evolving tree number 95958 {1}
40:     -> Evolving tree number 95880 {1}
03:         Output tree data at t=13.80 Gyr (output 1 of 1)
03:     <- Finished tree
03:     -> Evolving tree number 95965 {1}
11:         Output tree data at t=13.80 Gyr (output 1 of 1)
11:     <- Finished tree
11:     -> Evolving tree number 95909 {1}
36:         Output tree data at t=13.80 Gyr (output 1 of 1)
36:     <- Finished tree
36:     Progress: 4050 trees processed; elapsed 1.23 d
36:     -> Evolving tree number 95884 {1}
21:         Output tree data at t=13.80 Gyr (output 1 of 1)
21:     <- Finished tree
21:     -> Evolving tree number 96091 {1}
43:         Output tree data at t=13.80 Gyr (output 1 of 1)
43:     <- Finished tree
43:     Progress: 4052 trees processed; elapsed 1.23 d
15:         Output tree data at t=13.80 Gyr (output 1 of 1)
15:     <- Finished tree
43:     -> Evolving tree number 95973 {1}
15:     -> Evolving tree number 95761 {1}
07:         Output tree data at t=13.80 Gyr (output 1 of 1)
07:     <- Finished tree
07:     -> Evolving tree number 95913 {1}
01:         Output tree data at t=13.80 Gyr (output 1 of 1)
01:     <- Finished tree
01:     Progress: 4055 trees processed; elapsed 1.24 d
23:         Output tree data at t=13.80 Gyr (output 1 of 1)
23:     <- Finished tree
01:     -> Evolving tree number 96015 {1}
23:     -> Evolving tree number 95849 {1}
14:         Output tree data at t=13.80 Gyr (output 1 of 1)
14:     <- Finished tree
46:         Output tree data at t=13.80 Gyr (output 1 of 1)
46:     <- Finished tree
14:     -> Evolving tree number 95762 {1}
46:     -> Evolving tree number 95922 {1}
13:         Output tree data at t=13.80 Gyr (output 1 of 1)
13:     <- Finished tree
13:     -> Evolving tree number 95907 {1}
17:         Output tree data at t=13.80 Gyr (output 1 of 1)
17:     <- Finished tree
17:     Progress: 4060 trees processed; elapsed 1.24 d
29:         Output tree data at t=13.80 Gyr (output 1 of 1)
29:     <- Finished tree
17:     -> Evolving tree number 95951 {1}
29:     -> Evolving tree number 95891 {1}
32:         Output tree data at t=13.80 Gyr (output 1 of 1)
32:     <- Finished tree
32:     Progress: 4062 trees processed; elapsed 1.24 d
06:         Output tree data at t=13.80 Gyr (output 1 of 1)
06:     <- Finished tree
32:     -> Evolving tree number 95840 {1}
06:     -> Evolving tree number 95962 {1}
30:         Output tree data at t=13.80 Gyr (output 1 of 1)
30:     <- Finished tree
30:     -> Evolving tree number 95890 {1}
28:         Output tree data at t=13.80 Gyr (output 1 of 1)
28:     <- Finished tree
31:         Output tree data at t=13.80 Gyr (output 1 of 1)
31:     <- Finished tree
28:     -> Evolving tree number 95940 {1}
31:     -> Evolving tree number 95985 {1}
34:         Output tree data at t=13.80 Gyr (output 1 of 1)
34:     <- Finished tree
34:     Progress: 4067 trees processed; elapsed 1.24 d
04:         Output tree data at t=13.80 Gyr (output 1 of 1)
04:     <- Finished tree
34:     -> Evolving tree number 95790 {1}
04:     -> Evolving tree number 95868 {1}
24:         Output tree data at t=13.80 Gyr (output 1 of 1)
24:     <- Finished tree
24:     -> Evolving tree number 95752 {1}
09:         Output tree data at t=13.80 Gyr (output 1 of 1)
09:     <- Finished tree
16:         Output tree data at t=13.80 Gyr (output 1 of 1)
16:     <- Finished tree
16:     -> Evolving tree number 95808 {1}
09:     -> Evolving tree number 95863 {1}
47:         Output tree data at t=13.80 Gyr (output 1 of 1)
47:     <- Finished tree
47:     Progress: 4072 trees processed; elapsed 1.24 d
47:     -> Evolving tree number 95777 {1}
33:         Output tree data at t=13.80 Gyr (output 1 of 1)
33:     <- Finished tree
33:     -> Evolving tree number 95935 {1}
39:         Output tree data at t=13.80 Gyr (output 1 of 1)
39:     <- Finished tree
39:     -> Evolving tree number 95929 {1}
00:         Output tree data at t=13.80 Gyr (output 1 of 1)
00:     <- Finished tree
00:     Progress: 4075 trees processed; elapsed 1.24 d
00:     -> Evolving tree number 96064 {1}
26:         Output tree data at t=13.80 Gyr (output 1 of 1)
26:     <- Finished tree
26:     -> Evolving tree number 95846 {1}
37:         Output tree data at t=13.80 Gyr (output 1 of 1)
37:     <- Finished tree
37:     -> Evolving tree number 95883 {1}
25:         Output tree data at t=13.80 Gyr (output 1 of 1)
25:     <- Finished tree
25:     Progress: 4078 trees processed; elapsed 1.24 d
25:     -> Evolving tree number 95799 {1}
38:         Output tree data at t=13.80 Gyr (output 1 of 1)
38:     <- Finished tree
27:         Output tree data at t=13.80 Gyr (output 1 of 1)
27:     <- Finished tree
38:     -> Evolving tree number 95978 {1}
20:         Output tree data at t=13.80 Gyr (output 1 of 1)
20:     <- Finished tree
27:     -> Evolving tree number 95893 {1}
20:     -> Evolving tree number 95852 {1}
22:         Output tree data at t=13.80 Gyr (output 1 of 1)
22:     <- Finished tree
22:     Progress: 4082 trees processed; elapsed 1.24 d
22:     -> Evolving tree number 95802 {1}
35:         Output tree data at t=13.80 Gyr (output 1 of 1)
35:     <- Finished tree
35:     -> Evolving tree number 95837 {1}
21:         Output tree data at t=13.80 Gyr (output 1 of 1)
21:     <- Finished tree
21:     -> Evolving tree number 96043 {1}
40:         Output tree data at t=13.80 Gyr (output 1 of 1)
40:     <- Finished tree
40:     -> Evolving tree number 95832 {1}
03:         Output tree data at t=13.80 Gyr (output 1 of 1)
03:     <- Finished tree
03:     Progress: 4086 trees processed; elapsed 1.24 d
18:         Output tree data at t=13.80 Gyr (output 1 of 1)
18:     <- Finished tree
03:     -> Evolving tree number 95917 {1}
18:     -> Evolving tree number 95758 {1}
19:         Output tree data at t=13.80 Gyr (output 1 of 1)
19:     <- Finished tree
19:     -> Evolving tree number 95757 {1}
05:         Output tree data at t=13.80 Gyr (output 1 of 1)
05:     <- Finished tree
05:     -> Evolving tree number 95819 {1}
43:         Output tree data at t=13.80 Gyr (output 1 of 1)
43:     <- Finished tree
43:     Progress: 4090 trees processed; elapsed 1.24 d
45:         Output tree data at t=13.80 Gyr (output 1 of 1)
45:     <- Finished tree
43:     -> Evolving tree number 95925 {1}
45:     -> Evolving tree number 95971 {1}
08:         Output tree data at t=13.80 Gyr (output 1 of 1)
08:     <- Finished tree
08:     -> Evolving tree number 95768 {1}
11:         Output tree data at t=13.80 Gyr (output 1 of 1)
11:     <- Finished tree
11:     Progress: 4093 trees processed; elapsed 1.25 d
11:     -> Evolving tree number 95861 {1}
41:         Output tree data at t=13.80 Gyr (output 1 of 1)
41:     <- Finished tree
41:     -> Evolving tree number 95879 {1}
10:         Output tree data at t=13.80 Gyr (output 1 of 1)
10:     <- Finished tree
10:     -> Evolving tree number 95910 {1}
23:         Output tree data at t=13.80 Gyr (output 1 of 1)
23:     <- Finished tree
23:     Progress: 4096 trees processed; elapsed 1.25 d
23:     -> Evolving tree number 95801 {1}
17:         Output tree data at t=13.80 Gyr (output 1 of 1)
17:     <- Finished tree
17:     -> Evolving tree number 95903 {1}
31:         Output tree data at t=13.80 Gyr (output 1 of 1)
31:     <- Finished tree
31:     -> Evolving tree number 95937 {1}
12:         Output tree data at t=13.80 Gyr (output 1 of 1)
12:     <- Finished tree
12:     Progress: 4099 trees processed; elapsed 1.25 d
12:     -> Evolving tree number 95956 {1}
36:         Output tree data at t=13.80 Gyr (output 1 of 1)
36:     <- Finished tree
14:         Output tree data at t=13.80 Gyr (output 1 of 1)
14:     <- Finished tree
36:     -> Evolving tree number 95836 {1}
14:     -> Evolving tree number 95714 {1}
04:         Output tree data at t=13.80 Gyr (output 1 of 1)
04:     <- Finished tree
04:     -> Evolving tree number 95820 {1}
06:         Output tree data at t=13.80 Gyr (output 1 of 1)
06:     <- Finished tree
06:     Progress: 4103 trees processed; elapsed 1.25 d
06:     -> Evolving tree number 95914 {1}
02:         Output tree data at t=13.80 Gyr (output 1 of 1)
02:     <- Finished tree
02:     -> Evolving tree number 95822 {1}
30:         Output tree data at t=13.80 Gyr (output 1 of 1)
30:     <- Finished tree
07:         Output tree data at t=13.80 Gyr (output 1 of 1)
07:     <- Finished tree
30:     -> Evolving tree number 95842 {1}
01:         Output tree data at t=13.80 Gyr (output 1 of 1)
01:     <- Finished tree
01:     Progress: 4107 trees processed; elapsed 1.25 d
07:     -> Evolving tree number 95865 {1}
01:     -> Evolving tree number 95967 {1}
09:         Output tree data at t=13.80 Gyr (output 1 of 1)
09:     <- Finished tree
44:         Output tree data at t=13.80 Gyr (output 1 of 1)
44:     <- Finished tree
09:     -> Evolving tree number 95815 {1}
44:     -> Evolving tree number 95828 {1}
28:         Output tree data at t=13.80 Gyr (output 1 of 1)
28:     <- Finished tree
28:     -> Evolving tree number 95892 {1}
46:         Output tree data at t=13.80 Gyr (output 1 of 1)
46:     <- Finished tree
46:     Progress: 4111 trees processed; elapsed 1.25 d
46:     -> Evolving tree number 95874 {1}
42:         Output tree data at t=13.80 Gyr (output 1 of 1)
42:     <- Finished tree
42:     -> Evolving tree number 95926 {1}
29:         Output tree data at t=13.80 Gyr (output 1 of 1)
29:     <- Finished tree
29:     Progress: 4113 trees processed; elapsed 1.25 d
13:         Output tree data at t=13.80 Gyr (output 1 of 1)
13:     <- Finished tree
29:     -> Evolving tree number 95843 {1}
13:     -> Evolving tree number 95859 {1}
08:         Output tree data at t=13.80 Gyr (output 1 of 1)
08:     <- Finished tree
08:     -> Evolving tree number 95720 {1}
32:         Output tree data at t=13.80 Gyr (output 1 of 1)
32:     <- Finished tree
32:     Progress: 4116 trees processed; elapsed 1.25 d
32:     -> Evolving tree number 95792 {1}
15:         Output tree data at t=13.80 Gyr (output 1 of 1)
15:     <- Finished tree
15:     -> Evolving tree number 95713 {1}
00:         Output tree data at t=13.80 Gyr (output 1 of 1)
00:     <- Finished tree
00:     -> Evolving tree number 96016 {1}
34:         Output tree data at t=13.80 Gyr (output 1 of 1)
34:     <- Finished tree
39:         Output tree data at t=13.80 Gyr (output 1 of 1)
39:     <- Finished tree
34:     -> Evolving tree number 95742 {1}
39:     -> Evolving tree number 95881 {1}
23:         Output tree data at t=13.80 Gyr (output 1 of 1)
23:     <- Finished tree
23:     Progress: 4121 trees processed; elapsed 1.25 d
23:     -> Evolving tree number 95753 {1}
16:         Output tree data at t=13.80 Gyr (output 1 of 1)
16:     <- Finished tree
16:     -> Evolving tree number 95760 {1}
47:         Output tree data at t=13.80 Gyr (output 1 of 1)
47:     <- Finished tree
47:     -> Evolving tree number 95729 {1}
20:         Output tree data at t=13.80 Gyr (output 1 of 1)
20:     <- Finished tree
20:     Progress: 4124 trees processed; elapsed 1.25 d
20:     -> Evolving tree number 95804 {1}
18:         Output tree data at t=13.80 Gyr (output 1 of 1)
18:     <- Finished tree
18:     -> Evolving tree number 95710 {1}
37:         Output tree data at t=13.80 Gyr (output 1 of 1)
37:     <- Finished tree
37:     Progress: 4126 trees processed; elapsed 1.26 d
37:     -> Evolving tree number 95835 {1}
27:         Output tree data at t=13.80 Gyr (output 1 of 1)
27:     <- Finished tree
27:     -> Evolving tree number 95845 {1}
05:         Output tree data at t=13.80 Gyr (output 1 of 1)
05:     <- Finished tree
05:     -> Evolving tree number 95771 {1}
21:         Output tree data at t=13.80 Gyr (output 1 of 1)
21:     <- Finished tree
21:     Progress: 4129 trees processed; elapsed 1.26 d
21:     -> Evolving tree number 95995 {1}
22:         Output tree data at t=13.80 Gyr (output 1 of 1)
22:     <- Finished tree
26:         Output tree data at t=13.80 Gyr (output 1 of 1)
26:     <- Finished tree
22:     -> Evolving tree number 95754 {1}
26:     -> Evolving tree number 95798 {1}
03:         Output tree data at t=13.80 Gyr (output 1 of 1)
03:     <- Finished tree
03:     Progress: 4132 trees processed; elapsed 1.26 d
03:     -> Evolving tree number 95869 {1}
17:         Output tree data at t=13.80 Gyr (output 1 of 1)
17:     <- Finished tree
25:         Output tree data at t=13.80 Gyr (output 1 of 1)
25:     <- Finished tree
17:     -> Evolving tree number 95855 {1}
25:     -> Evolving tree number 95751 {1}
11:         Output tree data at t=13.80 Gyr (output 1 of 1)
11:     <- Finished tree
11:     Progress: 4135 trees processed; elapsed 1.26 d
11:     -> Evolving tree number 95813 {1}
40:         Output tree data at t=13.80 Gyr (output 1 of 1)
40:     <- Finished tree
40:     -> Evolving tree number 95784 {1}
36:         Output tree data at t=13.80 Gyr (output 1 of 1)
36:     <- Finished tree
36:     -> Evolving tree number 95788 {1}
38:         Output tree data at t=13.80 Gyr (output 1 of 1)
38:     <- Finished tree
38:     Progress: 4138 trees processed; elapsed 1.26 d
38:     -> Evolving tree number 95930 {1}
10:         Output tree data at t=13.80 Gyr (output 1 of 1)
10:     <- Finished tree
10:     -> Evolving tree number 95862 {1}
02:         Output tree data at t=13.80 Gyr (output 1 of 1)
02:     <- Finished tree
02:     Progress: 4140 trees processed; elapsed 1.26 d
02:     -> Evolving tree number 95774 {1}
45:         Output tree data at t=13.80 Gyr (output 1 of 1)
45:     <- Finished tree
45:     -> Evolving tree number 95923 {1}
33:         Output tree data at t=13.80 Gyr (output 1 of 1)
33:     <- Finished tree
33:     -> Evolving tree number 95887 {1}
24:         Output tree data at t=13.80 Gyr (output 1 of 1)
24:     <- Finished tree
12:         Output tree data at t=13.80 Gyr (output 1 of 1)
12:     <- Finished tree
12:     Progress: 4144 trees processed; elapsed 1.26 d
24:     -> Evolving tree number 95704 {1}
12:     -> Evolving tree number 95908 {1}
28:         Output tree data at t=13.80 Gyr (output 1 of 1)
28:     <- Finished tree
28:     -> Evolving tree number 95844 {1}
19:         Output tree data at t=13.80 Gyr (output 1 of 1)
19:     <- Finished tree
19:     Progress: 4146 trees processed; elapsed 1.26 d
31:         Output tree data at t=13.80 Gyr (output 1 of 1)
31:     <- Finished tree
31:     -> Evolving tree number 95889 {1}
19:     -> Evolving tree number 95709 {1}
34:         Output tree data at t=13.80 Gyr (output 1 of 1)
34:     <- Finished tree
34:     -> Evolving tree number 95694 {1}
41:         Output tree data at t=13.80 Gyr (output 1 of 1)
41:     <- Finished tree
41:     -> Evolving tree number 95831 {1}
30:         Output tree data at t=13.80 Gyr (output 1 of 1)
30:     <- Finished tree
30:     Progress: 4150 trees processed; elapsed 1.26 d
30:     -> Evolving tree number 95794 {1}
43:         Output tree data at t=13.80 Gyr (output 1 of 1)
43:     <- Finished tree
43:     -> Evolving tree number 95877 {1}
01:         Output tree data at t=13.80 Gyr (output 1 of 1)
01:     <- Finished tree
14:         Output tree data at t=13.80 Gyr (output 1 of 1)
14:     <- Finished tree
14:     Progress: 4153 trees processed; elapsed 1.26 d
01:     -> Evolving tree number 95919 {1}
14:     -> Evolving tree number 95666 {1}
06:         Output tree data at t=13.80 Gyr (output 1 of 1)
06:     <- Finished tree
06:     -> Evolving tree number 95866 {1}
37:         Output tree data at t=13.80 Gyr (output 1 of 1)
37:     <- Finished tree
35:         Output tree data at t=13.80 Gyr (output 1 of 1)
35:     <- Finished tree
37:     -> Evolving tree number 95787 {1}
35:     -> Evolving tree number 95789 {1}
29:         Output tree data at t=13.80 Gyr (output 1 of 1)
29:     <- Finished tree
29:     -> Evolving tree number 95795 {1}
07:         Output tree data at t=13.80 Gyr (output 1 of 1)
07:     <- Finished tree
07:     Progress: 4158 trees processed; elapsed 1.26 d
07:     -> Evolving tree number 95817 {1}
15:         Output tree data at t=13.80 Gyr (output 1 of 1)
15:     <- Finished tree
15:     -> Evolving tree number 95665 {1}
04:         Output tree data at t=13.80 Gyr (output 1 of 1)
04:     <- Finished tree
04:     Progress: 4160 trees processed; elapsed 1.27 d
04:     -> Evolving tree number 95772 {1}
00:         Output tree data at t=13.80 Gyr (output 1 of 1)
00:     <- Finished tree
00:     -> Evolving tree number 95968 {1}
18:         Output tree data at t=13.80 Gyr (output 1 of 1)
18:     <- Finished tree
18:     Progress: 4162 trees processed; elapsed 1.27 d
05:         Output tree data at t=13.80 Gyr (output 1 of 1)
05:     <- Finished tree
13:         Output tree data at t=13.80 Gyr (output 1 of 1)
13:     <- Finished tree
18:     -> Evolving tree number 95662 {1}
05:     -> Evolving tree number 95723 {1}
08:         Output tree data at t=13.80 Gyr (output 1 of 1)
08:     <- Finished tree
13:     -> Evolving tree number 95811 {1}
08:     -> Evolving tree number 95672 {1}
39:         Output tree data at t=13.80 Gyr (output 1 of 1)
39:     <- Finished tree
39:     -> Evolving tree number 95833 {1}
47:         Output tree data at t=13.80 Gyr (output 1 of 1)
47:     <- Finished tree
47:     -> Evolving tree number 95681 {1}
46:         Output tree data at t=13.80 Gyr (output 1 of 1)
46:     <- Finished tree
46:     Progress: 4168 trees processed; elapsed 1.27 d
46:     -> Evolving tree number 95826 {1}
09:         Output tree data at t=13.80 Gyr (output 1 of 1)
09:     <- Finished tree
09:     Progress: 4169 trees processed; elapsed 1.27 d
09:     -> Evolving tree number 95767 {1}
16:         Output tree data at t=13.80 Gyr (output 1 of 1)
16:     <- Finished tree
44:         Output tree data at t=13.80 Gyr (output 1 of 1)
44:     <- Finished tree
16:     -> Evolving tree number 95712 {1}
32:         Output tree data at t=13.80 Gyr (output 1 of 1)
32:     <- Finished tree
27:         Output tree data at t=13.80 Gyr (output 1 of 1)
27:     <- Finished tree
44:     -> Evolving tree number 95780 {1}
32:     -> Evolving tree number 95744 {1}
27:     -> Evolving tree number 95797 {1}
02:         Output tree data at t=13.80 Gyr (output 1 of 1)
02:     <- Finished tree
02:     Progress: 4174 trees processed; elapsed 1.27 d
02:     -> Evolving tree number 95726 {1}
22:         Output tree data at t=13.80 Gyr (output 1 of 1)
22:     <- Finished tree
22:     -> Evolving tree number 95706 {1}
23:         Output tree data at t=13.80 Gyr (output 1 of 1)
23:     <- Finished tree
23:     Progress: 4176 trees processed; elapsed 1.27 d
23:     -> Evolving tree number 95705 {1}
40:         Output tree data at t=13.80 Gyr (output 1 of 1)
40:     <- Finished tree
40:     -> Evolving tree number 95736 {1}
36:         Output tree data at t=13.80 Gyr (output 1 of 1)
36:     <- Finished tree
36:     -> Evolving tree number 95740 {1}
33:         Output tree data at t=13.80 Gyr (output 1 of 1)
33:     <- Finished tree
33:     -> Evolving tree number 95839 {1}
26:         Output tree data at t=13.80 Gyr (output 1 of 1)
26:     <- Finished tree
26:     Progress: 4180 trees processed; elapsed 1.27 d
26:     -> Evolving tree number 95750 {1}
42:         Output tree data at t=13.80 Gyr (output 1 of 1)
42:     <- Finished tree
42:     -> Evolving tree number 95878 {1}
28:         Output tree data at t=13.80 Gyr (output 1 of 1)
28:     <- Finished tree
28:     -> Evolving tree number 95796 {1}
12:         Output tree data at t=13.80 Gyr (output 1 of 1)
12:     <- Finished tree
21:         Output tree data at t=13.80 Gyr (output 1 of 1)
21:     <- Finished tree
12:     -> Evolving tree number 95860 {1}
21:     -> Evolving tree number 95947 {1}
24:         Output tree data at t=13.80 Gyr (output 1 of 1)
24:     <- Finished tree
24:     Progress: 4185 trees processed; elapsed 1.27 d
03:         Output tree data at t=13.80 Gyr (output 1 of 1)
03:     <- Finished tree
24:     -> Evolving tree number 95656 {1}
03:     -> Evolving tree number 95821 {1}
25:         Output tree data at t=13.80 Gyr (output 1 of 1)
25:     <- Finished tree
25:     Progress: 4187 trees processed; elapsed 1.28 d
20:         Output tree data at t=13.80 Gyr (output 1 of 1)
20:     <- Finished tree
25:     -> Evolving tree number 95703 {1}
20:     -> Evolving tree number 95756 {1}
10:         Output tree data at t=13.80 Gyr (output 1 of 1)
10:     <- Finished tree
10:     -> Evolving tree number 95814 {1}
11:         Output tree data at t=13.80 Gyr (output 1 of 1)
11:     <- Finished tree
11:     -> Evolving tree number 95765 {1}
38:         Output tree data at t=13.80 Gyr (output 1 of 1)
38:     <- Finished tree
38:     Progress: 4191 trees processed; elapsed 1.28 d
17:         Output tree data at t=13.80 Gyr (output 1 of 1)
17:     <- Finished tree
38:     -> Evolving tree number 95882 {1}
17:     -> Evolving tree number 95807 {1}
19:         Output tree data at t=13.80 Gyr (output 1 of 1)
19:     <- Finished tree
19:     -> Evolving tree number 95661 {1}
34:         Output tree data at t=13.80 Gyr (output 1 of 1)
34:     <- Finished tree
34:     -> Evolving tree number 95646 {1}
07:         Output tree data at t=13.80 Gyr (output 1 of 1)
07:     <- Finished tree
07:     Progress: 4195 trees processed; elapsed 1.28 d
45:         Output tree data at t=13.80 Gyr (output 1 of 1)
45:     <- Finished tree
30:         Output tree data at t=13.80 Gyr (output 1 of 1)
30:     <- Finished tree
07:     -> Evolving tree number 95769 {1}
01:         Output tree data at t=13.80 Gyr (output 1 of 1)
01:     <- Finished tree
45:     -> Evolving tree number 95875 {1}
30:     -> Evolving tree number 95746 {1}
01:     -> Evolving tree number 95871 {1}
37:         Output tree data at t=13.80 Gyr (output 1 of 1)
37:     <- Finished tree
37:     -> Evolving tree number 95739 {1}
31:         Output tree data at t=13.80 Gyr (output 1 of 1)
31:     <- Finished tree
31:     -> Evolving tree number 95841 {1}
32:         Output tree data at t=13.80 Gyr (output 1 of 1)
32:     <- Finished tree
32:     Progress: 4201 trees processed; elapsed 1.28 d
32:     -> Evolving tree number 95696 {1}
06:         Output tree data at t=13.80 Gyr (output 1 of 1)
06:     <- Finished tree
06:     -> Evolving tree number 95818 {1}
41:         Output tree data at t=13.80 Gyr (output 1 of 1)
41:     <- Finished tree
41:     -> Evolving tree number 95783 {1}
35:         Output tree data at t=13.80 Gyr (output 1 of 1)
35:     <- Finished tree
35:     Progress: 4204 trees processed; elapsed 1.28 d
35:     -> Evolving tree number 95741 {1}
46:         Output tree data at t=13.80 Gyr (output 1 of 1)
46:     <- Finished tree
46:     -> Evolving tree number 95778 {1}
14:         Output tree data at t=13.80 Gyr (output 1 of 1)
14:     <- Finished tree
16:         Output tree data at t=13.80 Gyr (output 1 of 1)
16:     <- Finished tree
14:     -> Evolving tree number 95618 {1}
16:     -> Evolving tree number 95664 {1}
26:         Output tree data at t=13.80 Gyr (output 1 of 1)
26:     <- Finished tree
29:         Output tree data at t=13.80 Gyr (output 1 of 1)
29:     <- Finished tree
29:     Progress: 4209 trees processed; elapsed 1.28 d
26:     -> Evolving tree number 95702 {1}
29:     -> Evolving tree number 95747 {1}
18:         Output tree data at t=13.80 Gyr (output 1 of 1)
18:     <- Finished tree
18:     -> Evolving tree number 95614 {1}
13:         Output tree data at t=13.80 Gyr (output 1 of 1)
13:     <- Finished tree
15:         Output tree data at t=13.80 Gyr (output 1 of 1)
15:     <- Finished tree
15:     Progress: 4212 trees processed; elapsed 1.28 d
13:     -> Evolving tree number 95763 {1}
15:     -> Evolving tree number 95617 {1}
04:         Output tree data at t=13.80 Gyr (output 1 of 1)
04:     <- Finished tree
04:     -> Evolving tree number 95724 {1}
27:         Output tree data at t=13.80 Gyr (output 1 of 1)
27:     <- Finished tree
00:         Output tree data at t=13.80 Gyr (output 1 of 1)
00:     <- Finished tree
27:     -> Evolving tree number 95749 {1}
00:     -> Evolving tree number 95920 {1}
02:         Output tree data at t=13.80 Gyr (output 1 of 1)
02:     <- Finished tree
02:     Progress: 4216 trees processed; elapsed 1.28 d
02:     -> Evolving tree number 95678 {1}
43:         Output tree data at t=13.80 Gyr (output 1 of 1)
43:     <- Finished tree
43:     -> Evolving tree number 95829 {1}
40:         Output tree data at t=13.80 Gyr (output 1 of 1)
40:     <- Finished tree
40:     Progress: 4218 trees processed; elapsed 1.28 d
33:         Output tree data at t=13.80 Gyr (output 1 of 1)
33:     <- Finished tree
40:     -> Evolving tree number 95688 {1}
33:     -> Evolving tree number 95791 {1}
47:         Output tree data at t=13.80 Gyr (output 1 of 1)
47:     <- Finished tree
36:         Output tree data at t=13.80 Gyr (output 1 of 1)
36:     <- Finished tree
47:     -> Evolving tree number 95633 {1}
36:     -> Evolving tree number 95692 {1}
23:         Output tree data at t=13.80 Gyr (output 1 of 1)
23:     <- Finished tree
23:     Progress: 4222 trees processed; elapsed 1.29 d
23:     -> Evolving tree number 95657 {1}
44:         Output tree data at t=13.80 Gyr (output 1 of 1)
44:     <- Finished tree
09:         Output tree data at t=13.80 Gyr (output 1 of 1)
09:     <- Finished tree
44:     -> Evolving tree number 95732 {1}
09:     -> Evolving tree number 95719 {1}
25:         Output tree data at t=13.80 Gyr (output 1 of 1)
25:     <- Finished tree
08:         Output tree data at t=13.80 Gyr (output 1 of 1)
08:     <- Finished tree
08:     Progress: 4226 trees processed; elapsed 1.29 d
25:     -> Evolving tree number 95655 {1}
08:     -> Evolving tree number 95624 {1}
39:         Output tree data at t=13.80 Gyr (output 1 of 1)
39:     <- Finished tree
39:     -> Evolving tree number 95785 {1}
12:         Output tree data at t=13.80 Gyr (output 1 of 1)
12:     <- Finished tree
12:     -> Evolving tree number 95812 {1}
24:         Output tree data at t=13.80 Gyr (output 1 of 1)
24:     <- Finished tree
24:     Progress: 4229 trees processed; elapsed 1.29 d
24:     -> Evolving tree number 95608 {1}
03:         Output tree data at t=13.80 Gyr (output 1 of 1)
03:     <- Finished tree
03:     -> Evolving tree number 95773 {1}
34:         Output tree data at t=13.80 Gyr (output 1 of 1)
34:     <- Finished tree
34:     Progress: 4231 trees processed; elapsed 1.29 d
34:     -> Evolving tree number 95598 {1}
20:         Output tree data at t=13.80 Gyr (output 1 of 1)
20:     <- Finished tree
20:     -> Evolving tree number 95708 {1}
05:         Output tree data at t=13.80 Gyr (output 1 of 1)
05:     <- Finished tree
05:     -> Evolving tree number 95675 {1}
10:         Output tree data at t=13.80 Gyr (output 1 of 1)
10:     <- Finished tree
10:     Progress: 4234 trees processed; elapsed 1.29 d
10:     -> Evolving tree number 95766 {1}
11:         Output tree data at t=13.80 Gyr (output 1 of 1)
11:     <- Finished tree
11:     -> Evolving tree number 95717 {1}
45:         Output tree data at t=13.80 Gyr (output 1 of 1)
45:     <- Finished tree
45:     Progress: 4236 trees processed; elapsed 1.29 d
45:     -> Evolving tree number 95827 {1}
28:         Output tree data at t=13.80 Gyr (output 1 of 1)
28:     <- Finished tree
28:     -> Evolving tree number 95748 {1}
46:         Output tree data at t=13.80 Gyr (output 1 of 1)
46:     <- Finished tree
46:     -> Evolving tree number 95730 {1}
17:         Output tree data at t=13.80 Gyr (output 1 of 1)
17:     <- Finished tree
21:         Output tree data at t=13.80 Gyr (output 1 of 1)
21:     <- Finished tree
21:     Progress: 4240 trees processed; elapsed 1.29 d
17:     -> Evolving tree number 95759 {1}
21:     -> Evolving tree number 95899 {1}
38:         Output tree data at t=13.80 Gyr (output 1 of 1)
38:     <- Finished tree
38:     -> Evolving tree number 95834 {1}
07:         Output tree data at t=13.80 Gyr (output 1 of 1)
07:     <- Finished tree
07:     -> Evolving tree number 95721 {1}
19:         Output tree data at t=13.80 Gyr (output 1 of 1)
19:     <- Finished tree
19:     Progress: 4243 trees processed; elapsed 1.29 d
19:     -> Evolving tree number 95613 {1}
35:         Output tree data at t=13.80 Gyr (output 1 of 1)
35:     <- Finished tree
35:     -> Evolving tree number 95693 {1}
22:         Output tree data at t=13.80 Gyr (output 1 of 1)
22:     <- Finished tree
22:     -> Evolving tree number 95658 {1}
41:         Output tree data at t=13.80 Gyr (output 1 of 1)
41:     <- Finished tree
41:     Progress: 4246 trees processed; elapsed 1.29 d
41:     -> Evolving tree number 95735 {1}
06:         Output tree data at t=13.80 Gyr (output 1 of 1)
06:     <- Finished tree
15:         Output tree data at t=13.80 Gyr (output 1 of 1)
15:     <- Finished tree
06:     -> Evolving tree number 95770 {1}
15:     -> Evolving tree number 95569 {1}
31:         Output tree data at t=13.80 Gyr (output 1 of 1)
31:     <- Finished tree
31:     -> Evolving tree number 95793 {1}
37:         Output tree data at t=13.80 Gyr (output 1 of 1)
37:     <- Finished tree
37:     -> Evolving tree number 95691 {1}
27:         Output tree data at t=13.80 Gyr (output 1 of 1)
27:     <- Finished tree
27:     Progress: 4251 trees processed; elapsed 1.29 d
27:     -> Evolving tree number 95701 {1}
30:         Output tree data at t=13.80 Gyr (output 1 of 1)
30:     <- Finished tree
30:     -> Evolving tree number 95698 {1}
16:         Output tree data at t=13.80 Gyr (output 1 of 1)
16:     <- Finished tree
16:     -> Evolving tree number 95616 {1}
29:         Output tree data at t=13.80 Gyr (output 1 of 1)
29:     <- Finished tree
29:     Progress: 4254 trees processed; elapsed 1.30 d
04:         Output tree data at t=13.80 Gyr (output 1 of 1)
04:     <- Finished tree
29:     -> Evolving tree number 95699 {1}
04:     -> Evolving tree number 95676 {1}
01:         Output tree data at t=13.80 Gyr (output 1 of 1)
01:     <- Finished tree
01:     Progress: 4256 trees processed; elapsed 1.30 d
01:     -> Evolving tree number 95823 {1}
14:         Output tree data at t=13.80 Gyr (output 1 of 1)
14:     <- Finished tree
14:     -> Evolving tree number 95570 {1}
43:         Output tree data at t=13.80 Gyr (output 1 of 1)
43:     <- Finished tree
43:     Progress: 4258 trees processed; elapsed 1.30 d
43:     -> Evolving tree number 95781 {1}
32:         Output tree data at t=13.80 Gyr (output 1 of 1)
32:     <- Finished tree
32:     -> Evolving tree number 95648 {1}
12:         Output tree data at t=13.80 Gyr (output 1 of 1)
12:     <- Finished tree
12:     -> Evolving tree number 95764 {1}
09:         Output tree data at t=13.80 Gyr (output 1 of 1)
09:     <- Finished tree
44:         Output tree data at t=13.80 Gyr (output 1 of 1)
44:     <- Finished tree
09:     -> Evolving tree number 95671 {1}
44:     -> Evolving tree number 95684 {1}
24:         Output tree data at t=13.80 Gyr (output 1 of 1)
24:     <- Finished tree
24:     Progress: 4263 trees processed; elapsed 1.30 d
24:     -> Evolving tree number 95560 {1}
42:         Output tree data at t=13.80 Gyr (output 1 of 1)
42:     <- Finished tree
18:         Output tree data at t=13.80 Gyr (output 1 of 1)
18:     <- Finished tree
42:     -> Evolving tree number 95830 {1}
18:     -> Evolving tree number 95566 {1}
25:         Output tree data at t=13.80 Gyr (output 1 of 1)
25:     <- Finished tree
25:     -> Evolving tree number 95607 {1}
26:         Output tree data at t=13.80 Gyr (output 1 of 1)
26:     <- Finished tree
26:     Progress: 4267 trees processed; elapsed 1.30 d
26:     -> Evolving tree number 95654 {1}
23:         Output tree data at t=13.80 Gyr (output 1 of 1)
23:     <- Finished tree
00:         Output tree data at t=13.80 Gyr (output 1 of 1)
00:     <- Finished tree
23:     -> Evolving tree number 95609 {1}
00:     -> Evolving tree number 95872 {1}
13:         Output tree data at t=13.80 Gyr (output 1 of 1)
13:     <- Finished tree
36:         Output tree data at t=13.80 Gyr (output 1 of 1)
36:     <- Finished tree
13:     -> Evolving tree number 95715 {1}
47:         Output tree data at t=13.80 Gyr (output 1 of 1)
47:     <- Finished tree
36:     -> Evolving tree number 95644 {1}
47:     -> Evolving tree number 95585 {1}
38:         Output tree data at t=13.80 Gyr (output 1 of 1)
38:     <- Finished tree
38:     Progress: 4273 trees processed; elapsed 1.30 d
38:     -> Evolving tree number 95786 {1}
40:         Output tree data at t=13.80 Gyr (output 1 of 1)
40:     <- Finished tree
40:     -> Evolving tree number 95640 {1}
39:         Output tree data at t=13.80 Gyr (output 1 of 1)
39:     <- Finished tree
39:     Progress: 4275 trees processed; elapsed 1.30 d
03:         Output tree data at t=13.80 Gyr (output 1 of 1)
03:     <- Finished tree
39:     -> Evolving tree number 95737 {1}
03:     -> Evolving tree number 95725 {1}
11:         Output tree data at t=13.80 Gyr (output 1 of 1)
11:     <- Finished tree
11:     -> Evolving tree number 95669 {1}
02:         Output tree data at t=13.80 Gyr (output 1 of 1)
02:     <- Finished tree
02:     Progress: 4278 trees processed; elapsed 1.30 d
02:     -> Evolving tree number 95630 {1}
33:         Output tree data at t=13.80 Gyr (output 1 of 1)
33:     <- Finished tree
33:     -> Evolving tree number 95743 {1}
10:         Output tree data at t=13.80 Gyr (output 1 of 1)
10:     <- Finished tree
34:         Output tree data at t=13.80 Gyr (output 1 of 1)
34:     <- Finished tree
10:     -> Evolving tree number 95718 {1}
34:     -> Evolving tree number 95550 {1}
16:         Output tree data at t=13.80 Gyr (output 1 of 1)
16:     <- Finished tree
16:     Progress: 4282 trees processed; elapsed 1.30 d
16:     -> Evolving tree number 95568 {1}
06:         Output tree data at t=13.80 Gyr (output 1 of 1)
06:     <- Finished tree
06:     -> Evolving tree number 95722 {1}
05:         Output tree data at t=13.80 Gyr (output 1 of 1)
05:     <- Finished tree
05:     Progress: 4284 trees processed; elapsed 1.31 d
05:     -> Evolving tree number 95627 {1}
17:         Output tree data at t=13.80 Gyr (output 1 of 1)
17:     <- Finished tree
17:     -> Evolving tree number 95711 {1}
07:         Output tree data at t=13.80 Gyr (output 1 of 1)
07:     <- Finished tree
07:     -> Evolving tree number 95673 {1}
21:         Output tree data at t=13.80 Gyr (output 1 of 1)
21:     <- Finished tree
21:     Progress: 4287 trees processed; elapsed 1.31 d
19:         Output tree data at t=13.80 Gyr (output 1 of 1)
19:     <- Finished tree
08:         Output tree data at t=13.80 Gyr (output 1 of 1)
08:     <- Finished tree
21:     -> Evolving tree number 95851 {1}
19:     -> Evolving tree number 95565 {1}
08:     -> Evolving tree number 95576 {1}
20:         Output tree data at t=13.80 Gyr (output 1 of 1)
20:     <- Finished tree
20:     -> Evolving tree number 95660 {1}
04:         Output tree data at t=13.80 Gyr (output 1 of 1)
04:     <- Finished tree
46:         Output tree data at t=13.80 Gyr (output 1 of 1)
46:     <- Finished tree
45:         Output tree data at t=13.80 Gyr (output 1 of 1)
45:     <- Finished tree
04:     -> Evolving tree number 95628 {1}
46:     -> Evolving tree number 95682 {1}
45:     -> Evolving tree number 95779 {1}
27:         Output tree data at t=13.80 Gyr (output 1 of 1)
27:     <- Finished tree
27:     Progress: 4294 trees processed; elapsed 1.31 d
27:     -> Evolving tree number 95653 {1}
41:         Output tree data at t=13.80 Gyr (output 1 of 1)
41:     <- Finished tree
22:         Output tree data at t=13.80 Gyr (output 1 of 1)
22:     <- Finished tree
24:         Output tree data at t=13.80 Gyr (output 1 of 1)
24:     <- Finished tree
41:     -> Evolving tree number 95687 {1}
22:     -> Evolving tree number 95610 {1}
24:     -> Evolving tree number 95512 {1}
12:         Output tree data at t=13.80 Gyr (output 1 of 1)
12:     <- Finished tree
12:     -> Evolving tree number 95716 {1}
15:         Output tree data at t=13.80 Gyr (output 1 of 1)
15:     <- Finished tree
15:     Progress: 4299 trees processed; elapsed 1.31 d
15:     -> Evolving tree number 95521 {1}
31:         Output tree data at t=13.80 Gyr (output 1 of 1)
31:     <- Finished tree
31:     -> Evolving tree number 95745 {1}
37:         Output tree data at t=13.80 Gyr (output 1 of 1)
37:     <- Finished tree
37:     -> Evolving tree number 95643 {1}
30:         Output tree data at t=13.80 Gyr (output 1 of 1)
30:     <- Finished tree
30:     Progress: 4302 trees processed; elapsed 1.31 d
30:     -> Evolving tree number 95650 {1}
35:         Output tree data at t=13.80 Gyr (output 1 of 1)
35:     <- Finished tree
35:     -> Evolving tree number 95645 {1}
00:         Output tree data at t=13.80 Gyr (output 1 of 1)
00:     <- Finished tree
00:     Progress: 4304 trees processed; elapsed 1.31 d
00:     -> Evolving tree number 95824 {1}
09:         Output tree data at t=13.80 Gyr (output 1 of 1)
09:     <- Finished tree
09:     -> Evolving tree number 95623 {1}
40:         Output tree data at t=13.80 Gyr (output 1 of 1)
40:     <- Finished tree
40:     Progress: 4306 trees processed; elapsed 1.31 d
47:         Output tree data at t=13.80 Gyr (output 1 of 1)
47:     <- Finished tree
40:     -> Evolving tree number 95592 {1}
47:     -> Evolving tree number 95537 {1}
26:         Output tree data at t=13.80 Gyr (output 1 of 1)
26:     <- Finished tree
26:     -> Evolving tree number 95606 {1}
28:         Output tree data at t=13.80 Gyr (output 1 of 1)
28:     <- Finished tree
28:     Progress: 4309 trees processed; elapsed 1.31 d
28:     -> Evolving tree number 95700 {1}
14:         Output tree data at t=13.80 Gyr (output 1 of 1)
14:     <- Finished tree
01:         Output tree data at t=13.80 Gyr (output 1 of 1)
01:     <- Finished tree
14:     -> Evolving tree number 95522 {1}
36:         Output tree data at t=13.80 Gyr (output 1 of 1)
36:     <- Finished tree
29:         Output tree data at t=13.80 Gyr (output 1 of 1)
29:     <- Finished tree
01:     -> Evolving tree number 95775 {1}
36:     -> Evolving tree number 95596 {1}
29:     -> Evolving tree number 95651 {1}
38:         Output tree data at t=13.80 Gyr (output 1 of 1)
38:     <- Finished tree
38:     Progress: 4314 trees processed; elapsed 1.31 d
38:     -> Evolving tree number 95738 {1}
16:         Output tree data at t=13.80 Gyr (output 1 of 1)
16:     <- Finished tree
16:     Progress: 4315 trees processed; elapsed 1.32 d
16:     -> Evolving tree number 95520 {1}
25:         Output tree data at t=13.80 Gyr (output 1 of 1)
25:     <- Finished tree
33:         Output tree data at t=13.80 Gyr (output 1 of 1)
33:     <- Finished tree
25:     -> Evolving tree number 95559 {1}
33:     -> Evolving tree number 95695 {1}
45:         Output tree data at t=13.80 Gyr (output 1 of 1)
45:     <- Finished tree
45:     Progress: 4318 trees processed; elapsed 1.32 d
45:     -> Evolving tree number 95731 {1}
04:         Output tree data at t=13.80 Gyr (output 1 of 1)
04:     <- Finished tree
04:     -> Evolving tree number 95580 {1}
13:         Output tree data at t=13.80 Gyr (output 1 of 1)
13:     <- Finished tree
42:         Output tree data at t=13.80 Gyr (output 1 of 1)
42:     <- Finished tree
02:         Output tree data at t=13.80 Gyr (output 1 of 1)
02:     <- Finished tree
13:     -> Evolving tree number 95667 {1}
42:     -> Evolving tree number 95782 {1}
02:     -> Evolving tree number 95582 {1}
23:         Output tree data at t=13.80 Gyr (output 1 of 1)
23:     <- Finished tree
23:     Progress: 4323 trees processed; elapsed 1.32 d
44:         Output tree data at t=13.80 Gyr (output 1 of 1)
44:     <- Finished tree
23:     -> Evolving tree number 95561 {1}
44:     -> Evolving tree number 95636 {1}
20:         Output tree data at t=13.80 Gyr (output 1 of 1)
20:     <- Finished tree
20:     -> Evolving tree number 95612 {1}
07:         Output tree data at t=13.80 Gyr (output 1 of 1)
07:     <- Finished tree
46:         Output tree data at t=13.80 Gyr (output 1 of 1)
46:     <- Finished tree
46:     Progress: 4327 trees processed; elapsed 1.32 d
07:     -> Evolving tree number 95625 {1}
46:     -> Evolving tree number 95634 {1}
43:         Output tree data at t=13.80 Gyr (output 1 of 1)
43:     <- Finished tree
43:     -> Evolving tree number 95733 {1}
05:         Output tree data at t=13.80 Gyr (output 1 of 1)
05:     <- Finished tree
05:     -> Evolving tree number 95579 {1}
39:         Output tree data at t=13.80 Gyr (output 1 of 1)
39:     <- Finished tree
39:     Progress: 4330 trees processed; elapsed 1.32 d
39:     -> Evolving tree number 95689 {1}
18:         Output tree data at t=13.80 Gyr (output 1 of 1)
18:     <- Finished tree
18:     -> Evolving tree number 95518 {1}
17:         Output tree data at t=13.80 Gyr (output 1 of 1)
17:     <- Finished tree
03:         Output tree data at t=13.80 Gyr (output 1 of 1)
03:     <- Finished tree
21:         Output tree data at t=13.80 Gyr (output 1 of 1)
21:     <- Finished tree
17:     -> Evolving tree number 95663 {1}
03:     -> Evolving tree number 95677 {1}
21:     -> Evolving tree number 95803 {1}
11:         Output tree data at t=13.80 Gyr (output 1 of 1)
11:     <- Finished tree
11:     Progress: 4335 trees processed; elapsed 1.32 d
11:     -> Evolving tree number 95621 {1}
06:         Output tree data at t=13.80 Gyr (output 1 of 1)
06:     <- Finished tree
19:         Output tree data at t=13.80 Gyr (output 1 of 1)
19:     <- Finished tree
09:         Output tree data at t=13.80 Gyr (output 1 of 1)
09:     <- Finished tree
09:     Progress: 4338 trees processed; elapsed 1.32 d
06:     -> Evolving tree number 95674 {1}
19:     -> Evolving tree number 95517 {1}
09:     -> Evolving tree number 95575 {1}
10:         Output tree data at t=13.80 Gyr (output 1 of 1)
10:     <- Finished tree
10:     -> Evolving tree number 95670 {1}
08:         Output tree data at t=13.80 Gyr (output 1 of 1)
08:     <- Finished tree
08:     -> Evolving tree number 95528 {1}
12:         Output tree data at t=13.80 Gyr (output 1 of 1)
12:     <- Finished tree
12:     Progress: 4341 trees processed; elapsed 1.32 d
12:     -> Evolving tree number 95668 {1}
32:         Output tree data at t=13.80 Gyr (output 1 of 1)
32:     <- Finished tree
32:     -> Evolving tree number 95600 {1}
27:         Output tree data at t=13.80 Gyr (output 1 of 1)
27:     <- Finished tree
27:     -> Evolving tree number 95605 {1}
34:         Output tree data at t=13.80 Gyr (output 1 of 1)
34:     <- Finished tree
34:     Progress: 4344 trees processed; elapsed 1.32 d
34:     -> Evolving tree number 95502 {1}
30:         Output tree data at t=13.80 Gyr (output 1 of 1)
30:     <- Finished tree
25:         Output tree data at t=13.80 Gyr (output 1 of 1)
25:     <- Finished tree
30:     -> Evolving tree number 95602 {1}
25:     -> Evolving tree number 95511 {1}
41:         Output tree data at t=13.80 Gyr (output 1 of 1)
41:     <- Finished tree
41:     Progress: 4347 trees processed; elapsed 1.32 d
41:     -> Evolving tree number 95639 {1}
24:         Output tree data at t=13.80 Gyr (output 1 of 1)
24:     <- Finished tree
24:     Progress: 4348 trees processed; elapsed 1.32 d
24:     -> Evolving tree number 95464 {1}
00:         Output tree data at t=13.80 Gyr (output 1 of 1)
00:     <- Finished tree
00:     -> Evolving tree number 95776 {1}
37:         Output tree data at t=13.80 Gyr (output 1 of 1)
37:     <- Finished tree
37:     Progress: 4350 trees processed; elapsed 1.32 d
37:     -> Evolving tree number 95595 {1}
14:         Output tree data at t=13.80 Gyr (output 1 of 1)
14:     <- Finished tree
14:     -> Evolving tree number 95474 {1}
22:         Output tree data at t=13.80 Gyr (output 1 of 1)
22:     <- Finished tree
22:     -> Evolving tree number 95562 {1}
01:         Output tree data at t=13.80 Gyr (output 1 of 1)
01:     <- Finished tree
01:     Progress: 4353 trees processed; elapsed 1.33 d
01:     -> Evolving tree number 95727 {1}
47:         Output tree data at t=13.80 Gyr (output 1 of 1)
47:     <- Finished tree
47:     -> Evolving tree number 95489 {1}
38:         Output tree data at t=13.80 Gyr (output 1 of 1)
38:     <- Finished tree
38:     -> Evolving tree number 95690 {1}
15:         Output tree data at t=13.80 Gyr (output 1 of 1)
15:     <- Finished tree
40:         Output tree data at t=13.80 Gyr (output 1 of 1)
40:     <- Finished tree
15:     -> Evolving tree number 95473 {1}
40:     -> Evolving tree number 95544 {1}
26:         Output tree data at t=13.80 Gyr (output 1 of 1)
26:     <- Finished tree
26:     Progress: 4358 trees processed; elapsed 1.33 d
26:     -> Evolving tree number 95558 {1}
31:         Output tree data at t=13.80 Gyr (output 1 of 1)
31:     <- Finished tree
31:     Progress: 4359 trees processed; elapsed 1.33 d
31:     -> Evolving tree number 95697 {1}
17:         Output tree data at t=13.80 Gyr (output 1 of 1)
17:     <- Finished tree
17:     -> Evolving tree number 95615 {1}
23:         Output tree data at t=13.80 Gyr (output 1 of 1)
23:     <- Finished tree
23:     Progress: 4361 trees processed; elapsed 1.33 d
23:     -> Evolving tree number 95513 {1}
36:         Output tree data at t=13.80 Gyr (output 1 of 1)
36:     <- Finished tree
36:     -> Evolving tree number 95548 {1}
45:         Output tree data at t=13.80 Gyr (output 1 of 1)
45:     <- Finished tree
45:     Progress: 4363 trees processed; elapsed 1.33 d
45:     -> Evolving tree number 95683 {1}
42:         Output tree data at t=13.80 Gyr (output 1 of 1)
42:     <- Finished tree
42:     -> Evolving tree number 95734 {1}
06:         Output tree data at t=13.80 Gyr (output 1 of 1)
06:     <- Finished tree
29:         Output tree data at t=13.80 Gyr (output 1 of 1)
29:     <- Finished tree
06:     -> Evolving tree number 95626 {1}
29:     -> Evolving tree number 95603 {1}
28:         Output tree data at t=13.80 Gyr (output 1 of 1)
28:     <- Finished tree
28:     Progress: 4367 trees processed; elapsed 1.33 d
28:     -> Evolving tree number 95652 {1}
39:         Output tree data at t=13.80 Gyr (output 1 of 1)
39:     <- Finished tree
20:         Output tree data at t=13.80 Gyr (output 1 of 1)
20:     <- Finished tree
04:         Output tree data at t=13.80 Gyr (output 1 of 1)
04:     <- Finished tree
39:     -> Evolving tree number 95641 {1}
20:     -> Evolving tree number 95564 {1}
04:     -> Evolving tree number 95532 {1}
19:         Output tree data at t=13.80 Gyr (output 1 of 1)
19:     <- Finished tree
09:         Output tree data at t=13.80 Gyr (output 1 of 1)
09:     <- Finished tree
19:     -> Evolving tree number 95469 {1}
33:         Output tree data at t=13.80 Gyr (output 1 of 1)
33:     <- Finished tree
33:     Progress: 4373 trees processed; elapsed 1.33 d
09:     -> Evolving tree number 95527 {1}
33:     -> Evolving tree number 95647 {1}
02:         Output tree data at t=13.80 Gyr (output 1 of 1)
02:     <- Finished tree
02:     -> Evolving tree number 95534 {1}
43:         Output tree data at t=13.80 Gyr (output 1 of 1)
43:     <- Finished tree
13:         Output tree data at t=13.80 Gyr (output 1 of 1)
13:     <- Finished tree
43:     -> Evolving tree number 95685 {1}
34:         Output tree data at t=13.80 Gyr (output 1 of 1)
34:     <- Finished tree
13:     -> Evolving tree number 95619 {1}
34:     -> Evolving tree number 95454 {1}
05:         Output tree data at t=13.80 Gyr (output 1 of 1)
05:     <- Finished tree
05:     Progress: 4378 trees processed; elapsed 1.33 d
05:     -> Evolving tree number 95531 {1}
25:         Output tree data at t=13.80 Gyr (output 1 of 1)
25:     <- Finished tree
25:     -> Evolving tree number 95463 {1}
11:         Output tree data at t=13.80 Gyr (output 1 of 1)
11:     <- Finished tree
11:     Progress: 4380 trees processed; elapsed 1.33 d
11:     -> Evolving tree number 95573 {1}
21:         Output tree data at t=13.80 Gyr (output 1 of 1)
21:     <- Finished tree
18:         Output tree data at t=13.80 Gyr (output 1 of 1)
18:     <- Finished tree
21:     -> Evolving tree number 95755 {1}
18:     -> Evolving tree number 95470 {1}
12:         Output tree data at t=13.80 Gyr (output 1 of 1)
12:     <- Finished tree
32:         Output tree data at t=13.80 Gyr (output 1 of 1)
32:     <- Finished tree
32:     Progress: 4384 trees processed; elapsed 1.33 d
12:     -> Evolving tree number 95620 {1}
32:     -> Evolving tree number 95552 {1}
07:         Output tree data at t=13.80 Gyr (output 1 of 1)
07:     <- Finished tree
07:     -> Evolving tree number 95577 {1}
46:         Output tree data at t=13.80 Gyr (output 1 of 1)
46:     <- Finished tree
46:     -> Evolving tree number 95586 {1}
16:         Output tree data at t=13.80 Gyr (output 1 of 1)
16:     <- Finished tree
16:     Progress: 4387 trees processed; elapsed 1.34 d
16:     -> Evolving tree number 95472 {1}
14:         Output tree data at t=13.80 Gyr (output 1 of 1)
14:     <- Finished tree
14:     -> Evolving tree number 95426 {1}
44:         Output tree data at t=13.80 Gyr (output 1 of 1)
44:     <- Finished tree
44:     Progress: 4389 trees processed; elapsed 1.34 d
08:         Output tree data at t=13.80 Gyr (output 1 of 1)
08:     <- Finished tree
44:     -> Evolving tree number 95588 {1}
08:     -> Evolving tree number 95480 {1}
27:         Output tree data at t=13.80 Gyr (output 1 of 1)
27:     <- Finished tree
30:         Output tree data at t=13.80 Gyr (output 1 of 1)
30:     <- Finished tree
31:         Output tree data at t=13.80 Gyr (output 1 of 1)
31:     <- Finished tree
27:     -> Evolving tree number 95557 {1}
30:     -> Evolving tree number 95554 {1}
40:         Output tree data at t=13.80 Gyr (output 1 of 1)
40:     <- Finished tree
31:     -> Evolving tree number 95649 {1}
03:         Output tree data at t=13.80 Gyr (output 1 of 1)
03:     <- Finished tree
40:     -> Evolving tree number 95496 {1}
03:     -> Evolving tree number 95629 {1}
37:         Output tree data at t=13.80 Gyr (output 1 of 1)
37:     <- Finished tree
37:     Progress: 4396 trees processed; elapsed 1.34 d
00:         Output tree data at t=13.80 Gyr (output 1 of 1)
00:     <- Finished tree
37:     -> Evolving tree number 95547 {1}
00:     -> Evolving tree number 95728 {1}
38:         Output tree data at t=13.80 Gyr (output 1 of 1)
38:     <- Finished tree
38:     Progress: 4398 trees processed; elapsed 1.34 d
38:     -> Evolving tree number 95642 {1}
15:         Output tree data at t=13.80 Gyr (output 1 of 1)
15:     <- Finished tree
15:     -> Evolving tree number 95425 {1}
01:         Output tree data at t=13.80 Gyr (output 1 of 1)
01:     <- Finished tree
01:     -> Evolving tree number 95679 {1}
41:         Output tree data at t=13.80 Gyr (output 1 of 1)
41:     <- Finished tree
41:     Progress: 4401 trees processed; elapsed 1.34 d
41:     -> Evolving tree number 95591 {1}
10:         Output tree data at t=13.80 Gyr (output 1 of 1)
10:     <- Finished tree
10:     -> Evolving tree number 95622 {1}
47:         Output tree data at t=13.80 Gyr (output 1 of 1)
47:     <- Finished tree
47:     Progress: 4403 trees processed; elapsed 1.34 d
47:     -> Evolving tree number 95441 {1}
42:         Output tree data at t=13.80 Gyr (output 1 of 1)
42:     <- Finished tree
42:     -> Evolving tree number 95686 {1}
35:         Output tree data at t=13.80 Gyr (output 1 of 1)
35:     <- Finished tree
35:     Progress: 4405 trees processed; elapsed 1.34 d
35:     -> Evolving tree number 95597 {1}
24:         Output tree data at t=13.80 Gyr (output 1 of 1)
24:     <- Finished tree
24:     -> Evolving tree number 95416 {1}
17:         Output tree data at t=13.80 Gyr (output 1 of 1)
17:     <- Finished tree
17:     Progress: 4407 trees processed; elapsed 1.34 d
17:     -> Evolving tree number 95567 {1}
36:         Output tree data at t=13.80 Gyr (output 1 of 1)
36:     <- Finished tree
36:     Progress: 4408 trees processed; elapsed 1.34 d
43:         Output tree data at t=13.80 Gyr (output 1 of 1)
43:     <- Finished tree
36:     -> Evolving tree number 95500 {1}
43:     -> Evolving tree number 95637 {1}
45:         Output tree data at t=13.80 Gyr (output 1 of 1)
45:     <- Finished tree
45:     -> Evolving tree number 95635 {1}
02:         Output tree data at t=13.80 Gyr (output 1 of 1)
02:     <- Finished tree
02:     -> Evolving tree number 95486 {1}
19:         Output tree data at t=13.80 Gyr (output 1 of 1)
19:     <- Finished tree
19:     Progress: 4412 trees processed; elapsed 1.34 d
06:         Output tree data at t=13.80 Gyr (output 1 of 1)
06:     <- Finished tree
19:     -> Evolving tree number 95421 {1}
06:     -> Evolving tree number 95578 {1}
28:         Output tree data at t=13.80 Gyr (output 1 of 1)
28:     <- Finished tree
28:     Progress: 4414 trees processed; elapsed 1.34 d
28:     -> Evolving tree number 95604 {1}
39:         Output tree data at t=13.80 Gyr (output 1 of 1)
39:     <- Finished tree
39:     -> Evolving tree number 95593 {1}
23:         Output tree data at t=13.80 Gyr (output 1 of 1)
23:     <- Finished tree
23:     Progress: 4416 trees processed; elapsed 1.35 d
23:     -> Evolving tree number 95465 {1}
11:         Output tree data at t=13.80 Gyr (output 1 of 1)
11:     <- Finished tree
11:     -> Evolving tree number 95525 {1}
34:         Output tree data at t=13.80 Gyr (output 1 of 1)
34:     <- Finished tree
34:     Progress: 4418 trees processed; elapsed 1.35 d
22:         Output tree data at t=13.80 Gyr (output 1 of 1)
22:     <- Finished tree
34:     -> Evolving tree number 95406 {1}
22:     -> Evolving tree number 95514 {1}
20:         Output tree data at t=13.80 Gyr (output 1 of 1)
20:     <- Finished tree
18:         Output tree data at t=13.80 Gyr (output 1 of 1)
18:     <- Finished tree
21:         Output tree data at t=13.80 Gyr (output 1 of 1)
21:     <- Finished tree
20:     -> Evolving tree number 95516 {1}
18:     -> Evolving tree number 95422 {1}
21:     -> Evolving tree number 95707 {1}
04:         Output tree data at t=13.80 Gyr (output 1 of 1)
04:     <- Finished tree
04:     -> Evolving tree number 95484 {1}
05:         Output tree data at t=13.80 Gyr (output 1 of 1)
05:     <- Finished tree
05:     Progress: 4424 trees processed; elapsed 1.35 d
05:     -> Evolving tree number 95483 {1}
37:         Output tree data at t=13.80 Gyr (output 1 of 1)
37:     <- Finished tree
26:         Output tree data at t=13.80 Gyr (output 1 of 1)
26:     <- Finished tree
37:     -> Evolving tree number 95499 {1}
26:     -> Evolving tree number 95510 {1}
13:         Output tree data at t=13.80 Gyr (output 1 of 1)
13:     <- Finished tree
13:     -> Evolving tree number 95571 {1}
40:         Output tree data at t=13.80 Gyr (output 1 of 1)
40:     <- Finished tree
40:     Progress: 4428 trees processed; elapsed 1.35 d
40:     -> Evolving tree number 95448 {1}
00:         Output tree data at t=13.80 Gyr (output 1 of 1)
00:     <- Finished tree
00:     Progress: 4429 trees processed; elapsed 1.35 d
31:         Output tree data at t=13.80 Gyr (output 1 of 1)
31:     <- Finished tree
00:     -> Evolving tree number 95680 {1}
07:         Output tree data at t=13.80 Gyr (output 1 of 1)
07:     <- Finished tree
09:         Output tree data at t=13.80 Gyr (output 1 of 1)
09:     <- Finished tree
31:     -> Evolving tree number 95601 {1}
07:     -> Evolving tree number 95529 {1}
09:     -> Evolving tree number 95479 {1}
33:         Output tree data at t=13.80 Gyr (output 1 of 1)
33:     <- Finished tree
33:     -> Evolving tree number 95599 {1}
12:         Output tree data at t=13.80 Gyr (output 1 of 1)
12:     <- Finished tree
12:     Progress: 4434 trees processed; elapsed 1.35 d
12:     -> Evolving tree number 95572 {1}
29:         Output tree data at t=13.80 Gyr (output 1 of 1)
29:     <- Finished tree
29:     -> Evolving tree number 95555 {1}
15:         Output tree data at t=13.80 Gyr (output 1 of 1)
15:     <- Finished tree
15:     -> Evolving tree number 95377 {1}
32:         Output tree data at t=13.80 Gyr (output 1 of 1)
32:     <- Finished tree
32:     -> Evolving tree number 95504 {1}
25:         Output tree data at t=13.80 Gyr (output 1 of 1)
25:     <- Finished tree
25:     Progress: 4438 trees processed; elapsed 1.35 d
25:     -> Evolving tree number 95415 {1}
03:         Output tree data at t=13.80 Gyr (output 1 of 1)
03:     <- Finished tree
03:     -> Evolving tree number 95581 {1}
46:         Output tree data at t=13.80 Gyr (output 1 of 1)
46:     <- Finished tree
46:     Progress: 4440 trees processed; elapsed 1.35 d
38:         Output tree data at t=13.80 Gyr (output 1 of 1)
38:     <- Finished tree
46:     -> Evolving tree number 95538 {1}
38:     -> Evolving tree number 95594 {1}
30:         Output tree data at t=13.80 Gyr (output 1 of 1)
30:     <- Finished tree
30:     -> Evolving tree number 95506 {1}
10:         Output tree data at t=13.80 Gyr (output 1 of 1)
10:     <- Finished tree
10:     Progress: 4443 trees processed; elapsed 1.35 d
10:     -> Evolving tree number 95574 {1}
17:         Output tree data at t=13.80 Gyr (output 1 of 1)
17:     <- Finished tree
17:     -> Evolving tree number 95519 {1}
27:         Output tree data at t=13.80 Gyr (output 1 of 1)
27:     <- Finished tree
27:     -> Evolving tree number 95509 {1}
42:         Output tree data at t=13.80 Gyr (output 1 of 1)
42:     <- Finished tree
42:     Progress: 4446 trees processed; elapsed 1.35 d
42:     -> Evolving tree number 95638 {1}
01:         Output tree data at t=13.80 Gyr (output 1 of 1)
01:     <- Finished tree
01:     -> Evolving tree number 95631 {1}
14:         Output tree data at t=13.80 Gyr (output 1 of 1)
14:     <- Finished tree
14:     -> Evolving tree number 95378 {1}
35:         Output tree data at t=13.80 Gyr (output 1 of 1)
35:     <- Finished tree
35:     Progress: 4449 trees processed; elapsed 1.35 d
16:         Output tree data at t=13.80 Gyr (output 1 of 1)
16:     <- Finished tree
35:     -> Evolving tree number 95549 {1}
16:     -> Evolving tree number 95424 {1}
43:         Output tree data at t=13.80 Gyr (output 1 of 1)
43:     <- Finished tree
43:     -> Evolving tree number 95589 {1}
47:         Output tree data at t=13.80 Gyr (output 1 of 1)
47:     <- Finished tree
47:     Progress: 4452 trees processed; elapsed 1.35 d
47:     -> Evolving tree number 95393 {1}
24:         Output tree data at t=13.80 Gyr (output 1 of 1)
24:     <- Finished tree
24:     -> Evolving tree number 95368 {1}
36:         Output tree data at t=13.80 Gyr (output 1 of 1)
36:     <- Finished tree
36:     -> Evolving tree number 95452 {1}
08:         Output tree data at t=13.80 Gyr (output 1 of 1)
08:     <- Finished tree
02:         Output tree data at t=13.80 Gyr (output 1 of 1)
02:     <- Finished tree
08:     -> Evolving tree number 95432 {1}
02:     -> Evolving tree number 95438 {1}
44:         Output tree data at t=13.80 Gyr (output 1 of 1)
44:     <- Finished tree
44:     Progress: 4457 trees processed; elapsed 1.36 d
44:     -> Evolving tree number 95540 {1}
39:         Output tree data at t=13.80 Gyr (output 1 of 1)
39:     <- Finished tree
06:         Output tree data at t=13.80 Gyr (output 1 of 1)
06:     <- Finished tree
41:         Output tree data at t=13.80 Gyr (output 1 of 1)
41:     <- Finished tree
39:     -> Evolving tree number 95545 {1}
06:     -> Evolving tree number 95530 {1}
41:     -> Evolving tree number 95543 {1}
28:         Output tree data at t=13.80 Gyr (output 1 of 1)
28:     <- Finished tree
28:     Progress: 4461 trees processed; elapsed 1.36 d
28:     -> Evolving tree number 95556 {1}
11:         Output tree data at t=13.80 Gyr (output 1 of 1)
11:     <- Finished tree
11:     Progress: 4462 trees processed; elapsed 1.36 d
11:     -> Evolving tree number 95477 {1}
05:         Output tree data at t=13.80 Gyr (output 1 of 1)
05:     <- Finished tree
05:     -> Evolving tree number 95435 {1}
40:         Output tree data at t=13.80 Gyr (output 1 of 1)
40:     <- Finished tree
40:     -> Evolving tree number 95400 {1}
34:         Output tree data at t=13.80 Gyr (output 1 of 1)
34:     <- Finished tree
34:     -> Evolving tree number 95358 {1}
26:         Output tree data at t=13.80 Gyr (output 1 of 1)
26:     <- Finished tree
26:     Progress: 4466 trees processed; elapsed 1.36 d
26:     -> Evolving tree number 95462 {1}
37:         Output tree data at t=13.80 Gyr (output 1 of 1)
37:     <- Finished tree
37:     -> Evolving tree number 95451 {1}
04:         Output tree data at t=13.80 Gyr (output 1 of 1)
04:     <- Finished tree
04:     Progress: 4468 trees processed; elapsed 1.36 d
22:         Output tree data at t=13.80 Gyr (output 1 of 1)
22:     <- Finished tree
04:     -> Evolving tree number 95436 {1}
33:         Output tree data at t=13.80 Gyr (output 1 of 1)
33:     <- Finished tree
22:     -> Evolving tree number 95466 {1}
31:         Output tree data at t=13.80 Gyr (output 1 of 1)
31:     <- Finished tree
33:     -> Evolving tree number 95551 {1}
23:         Output tree data at t=13.80 Gyr (output 1 of 1)
23:     <- Finished tree
31:     -> Evolving tree number 95553 {1}
23:     -> Evolving tree number 95417 {1}
20:         Output tree data at t=13.80 Gyr (output 1 of 1)
20:     <- Finished tree
20:     -> Evolving tree number 95468 {1}
25:         Output tree data at t=13.80 Gyr (output 1 of 1)
25:     <- Finished tree
25:     Progress: 4474 trees processed; elapsed 1.36 d
25:     -> Evolving tree number 95367 {1}
03:         Output tree data at t=13.80 Gyr (output 1 of 1)
03:     <- Finished tree
03:     Progress: 4475 trees processed; elapsed 1.36 d
03:     -> Evolving tree number 95533 {1}
29:         Output tree data at t=13.80 Gyr (output 1 of 1)
29:     <- Finished tree
29:     -> Evolving tree number 95507 {1}
45:         Output tree data at t=13.80 Gyr (output 1 of 1)
45:     <- Finished tree
13:         Output tree data at t=13.80 Gyr (output 1 of 1)
13:     <- Finished tree
45:     -> Evolving tree number 95587 {1}
12:         Output tree data at t=13.80 Gyr (output 1 of 1)
12:     <- Finished tree
12:     Progress: 4479 trees processed; elapsed 1.36 d
13:     -> Evolving tree number 95523 {1}
12:     -> Evolving tree number 95524 {1}
43:         Output tree data at t=13.80 Gyr (output 1 of 1)
43:     <- Finished tree
43:     -> Evolving tree number 95541 {1}
19:         Output tree data at t=13.80 Gyr (output 1 of 1)
19:     <- Finished tree
21:         Output tree data at t=13.80 Gyr (output 1 of 1)
21:     <- Finished tree
19:     -> Evolving tree number 95373 {1}
21:     -> Evolving tree number 95659 {1}
18:         Output tree data at t=13.80 Gyr (output 1 of 1)
18:     <- Finished tree
18:     -> Evolving tree number 95374 {1}
15:         Output tree data at t=13.80 Gyr (output 1 of 1)
15:     <- Finished tree
15:     Progress: 4484 trees processed; elapsed 1.36 d
15:     -> Evolving tree number 95329 {1}
46:         Output tree data at t=13.80 Gyr (output 1 of 1)
46:     <- Finished tree
00:         Output tree data at t=13.80 Gyr (output 1 of 1)
00:     <- Finished tree
46:     -> Evolving tree number 95490 {1}
00:     -> Evolving tree number 95632 {1}
32:         Output tree data at t=13.80 Gyr (output 1 of 1)
32:     <- Finished tree
32:     Progress: 4487 trees processed; elapsed 1.36 d
02:         Output tree data at t=13.80 Gyr (output 1 of 1)
02:     <- Finished tree
32:     -> Evolving tree number 95456 {1}
07:         Output tree data at t=13.80 Gyr (output 1 of 1)
07:     <- Finished tree
02:     -> Evolving tree number 95390 {1}
07:     -> Evolving tree number 95481 {1}
30:         Output tree data at t=13.80 Gyr (output 1 of 1)
30:     <- Finished tree
30:     Progress: 4490 trees processed; elapsed 1.37 d
30:     -> Evolving tree number 95458 {1}
42:         Output tree data at t=13.80 Gyr (output 1 of 1)
42:     <- Finished tree
42:     -> Evolving tree number 95590 {1}
09:         Output tree data at t=13.80 Gyr (output 1 of 1)
09:     <- Finished tree
09:     -> Evolving tree number 95431 {1}
10:         Output tree data at t=13.80 Gyr (output 1 of 1)
10:     <- Finished tree
10:     Progress: 4493 trees processed; elapsed 1.37 d
10:     -> Evolving tree number 95526 {1}
08:         Output tree data at t=13.80 Gyr (output 1 of 1)
08:     <- Finished tree
08:     Progress: 4494 trees processed; elapsed 1.37 d
38:         Output tree data at t=13.80 Gyr (output 1 of 1)
38:     <- Finished tree
08:     -> Evolving tree number 95384 {1}
38:     -> Evolving tree number 95546 {1}
41:         Output tree data at t=13.80 Gyr (output 1 of 1)
41:     <- Finished tree
41:     -> Evolving tree number 95495 {1}
16:         Output tree data at t=13.80 Gyr (output 1 of 1)
16:     <- Finished tree
16:     Progress: 4497 trees processed; elapsed 1.37 d
16:     -> Evolving tree number 95376 {1}
14:         Output tree data at t=13.80 Gyr (output 1 of 1)
14:     <- Finished tree
35:         Output tree data at t=13.80 Gyr (output 1 of 1)
35:     <- Finished tree
14:     -> Evolving tree number 95330 {1}
35:     -> Evolving tree number 95501 {1}
47:         Output tree data at t=13.80 Gyr (output 1 of 1)
47:     <- Finished tree
47:     Progress: 4500 trees processed; elapsed 1.37 d
22:         Output tree data at t=13.80 Gyr (output 1 of 1)
22:     <- Finished tree
47:     -> Evolving tree number 95345 {1}
36:         Output tree data at t=13.80 Gyr (output 1 of 1)
36:     <- Finished tree
22:     -> Evolving tree number 95418 {1}
36:     -> Evolving tree number 95404 {1}
28:         Output tree data at t=13.80 Gyr (output 1 of 1)
28:     <- Finished tree
28:     Progress: 4503 trees processed; elapsed 1.37 d
28:     -> Evolving tree number 95508 {1}
39:         Output tree data at t=13.80 Gyr (output 1 of 1)
39:     <- Finished tree
39:     -> Evolving tree number 95497 {1}
17:         Output tree data at t=13.80 Gyr (output 1 of 1)
17:     <- Finished tree
17:     Progress: 4505 trees processed; elapsed 1.37 d
11:         Output tree data at t=13.80 Gyr (output 1 of 1)
11:     <- Finished tree
17:     -> Evolving tree number 95471 {1}
11:     -> Evolving tree number 95429 {1}
01:         Output tree data at t=13.80 Gyr (output 1 of 1)
01:     <- Finished tree
01:     Progress: 4507 trees processed; elapsed 1.37 d
01:     -> Evolving tree number 95583 {1}
27:         Output tree data at t=13.80 Gyr (output 1 of 1)
27:     <- Finished tree
27:     -> Evolving tree number 95461 {1}
24:         Output tree data at t=13.80 Gyr (output 1 of 1)
24:     <- Finished tree
24:     Progress: 4509 trees processed; elapsed 1.37 d
06:         Output tree data at t=13.80 Gyr (output 1 of 1)
06:     <- Finished tree
26:         Output tree data at t=13.80 Gyr (output 1 of 1)
26:     <- Finished tree
24:     -> Evolving tree number 95320 {1}
06:     -> Evolving tree number 95482 {1}
26:     -> Evolving tree number 95414 {1}
23:         Output tree data at t=13.80 Gyr (output 1 of 1)
23:     <- Finished tree
20:         Output tree data at t=13.80 Gyr (output 1 of 1)
20:     <- Finished tree
13:         Output tree data at t=13.80 Gyr (output 1 of 1)
13:     <- Finished tree
23:     -> Evolving tree number 95369 {1}
20:     -> Evolving tree number 95420 {1}
13:     -> Evolving tree number 95475 {1}
40:         Output tree data at t=13.80 Gyr (output 1 of 1)
40:     <- Finished tree
40:     Progress: 4515 trees processed; elapsed 1.37 d
40:     -> Evolving tree number 95352 {1}
33:         Output tree data at t=13.80 Gyr (output 1 of 1)
33:     <- Finished tree
43:         Output tree data at t=13.80 Gyr (output 1 of 1)
43:     <- Finished tree
33:     -> Evolving tree number 95503 {1}
43:     -> Evolving tree number 95493 {1}
45:         Output tree data at t=13.80 Gyr (output 1 of 1)
45:     <- Finished tree
44:         Output tree data at t=13.80 Gyr (output 1 of 1)
44:     <- Finished tree
44:     -> Evolving tree number 95492 {1}
45:     -> Evolving tree number 95539 {1}
46:         Output tree data at t=13.80 Gyr (output 1 of 1)
46:     <- Finished tree
46:     Progress: 4520 trees processed; elapsed 1.38 d
46:     -> Evolving tree number 95442 {1}
25:         Output tree data at t=13.80 Gyr (output 1 of 1)
25:     <- Finished tree
25:     -> Evolving tree number 95319 {1}
29:         Output tree data at t=13.80 Gyr (output 1 of 1)
29:     <- Finished tree
05:         Output tree data at t=13.80 Gyr (output 1 of 1)
05:     <- Finished tree
05:     Progress: 4523 trees processed; elapsed 1.38 d
29:     -> Evolving tree number 95459 {1}
05:     -> Evolving tree number 95387 {1}
03:         Output tree data at t=13.80 Gyr (output 1 of 1)
03:     <- Finished tree
03:     -> Evolving tree number 95485 {1}
31:         Output tree data at t=13.80 Gyr (output 1 of 1)
31:     <- Finished tree
31:     -> Evolving tree number 95505 {1}
34:         Output tree data at t=13.80 Gyr (output 1 of 1)
34:     <- Finished tree
34:     Progress: 4526 trees processed; elapsed 1.38 d
04:         Output tree data at t=13.80 Gyr (output 1 of 1)
04:     <- Finished tree
34:     -> Evolving tree number 95310 {1}
04:     -> Evolving tree number 95388 {1}
15:         Output tree data at t=13.80 Gyr (output 1 of 1)
15:     <- Finished tree
42:         Output tree data at t=13.80 Gyr (output 1 of 1)
42:     <- Finished tree
42:     -> Evolving tree number 95542 {1}
15:     -> Evolving tree number 95281 {1}
19:         Output tree data at t=13.80 Gyr (output 1 of 1)
19:     <- Finished tree
19:     -> Evolving tree number 95325 {1}
32:         Output tree data at t=13.80 Gyr (output 1 of 1)
32:     <- Finished tree
32:     -> Evolving tree number 95408 {1}
30:         Output tree data at t=13.80 Gyr (output 1 of 1)
30:     <- Finished tree
30:     Progress: 4532 trees processed; elapsed 1.38 d
30:     -> Evolving tree number 95410 {1}
18:         Output tree data at t=13.80 Gyr (output 1 of 1)
18:     <- Finished tree
18:     -> Evolving tree number 95326 {1}
41:         Output tree data at t=13.80 Gyr (output 1 of 1)
41:     <- Finished tree
41:     -> Evolving tree number 95447 {1}
07:         Output tree data at t=13.80 Gyr (output 1 of 1)
07:     <- Finished tree
07:     Progress: 4535 trees processed; elapsed 1.38 d
07:     -> Evolving tree number 95433 {1}
37:         Output tree data at t=13.80 Gyr (output 1 of 1)
37:     <- Finished tree
37:     -> Evolving tree number 95403 {1}
14:         Output tree data at t=13.80 Gyr (output 1 of 1)
14:     <- Finished tree
14:     Progress: 4537 trees processed; elapsed 1.38 d
14:     -> Evolving tree number 95282 {1}
38:         Output tree data at t=13.80 Gyr (output 1 of 1)
38:     <- Finished tree
38:     -> Evolving tree number 95498 {1}
21:         Output tree data at t=13.80 Gyr (output 1 of 1)
21:     <- Finished tree
21:     -> Evolving tree number 95611 {1}
16:         Output tree data at t=13.80 Gyr (output 1 of 1)
16:     <- Finished tree
16:     Progress: 4540 trees processed; elapsed 1.38 d
16:     -> Evolving tree number 95328 {1}
02:         Output tree data at t=13.80 Gyr (output 1 of 1)
02:     <- Finished tree
02:     -> Evolving tree number 95342 {1}
10:         Output tree data at t=13.80 Gyr (output 1 of 1)
10:     <- Finished tree
00:         Output tree data at t=13.80 Gyr (output 1 of 1)
00:     <- Finished tree
10:     -> Evolving tree number 95478 {1}
00:     -> Evolving tree number 95584 {1}
09:         Output tree data at t=13.80 Gyr (output 1 of 1)
09:     <- Finished tree
09:     Progress: 4544 trees processed; elapsed 1.38 d
09:     -> Evolving tree number 95383 {1}
17:         Output tree data at t=13.80 Gyr (output 1 of 1)
17:     <- Finished tree
08:         Output tree data at t=13.80 Gyr (output 1 of 1)
08:     <- Finished tree
17:     -> Evolving tree number 95423 {1}
08:     -> Evolving tree number 95336 {1}
35:         Output tree data at t=13.80 Gyr (output 1 of 1)
35:     <- Finished tree
35:     Progress: 4547 trees processed; elapsed 1.38 d
35:     -> Evolving tree number 95453 {1}
23:         Output tree data at t=13.80 Gyr (output 1 of 1)
23:     <- Finished tree
23:     -> Evolving tree number 95321 {1}
24:         Output tree data at t=13.80 Gyr (output 1 of 1)
24:     <- Finished tree
24:     Progress: 4549 trees processed; elapsed 1.38 d
33:         Output tree data at t=13.80 Gyr (output 1 of 1)
33:     <- Finished tree
24:     -> Evolving tree number 95272 {1}
33:     -> Evolving tree number 95455 {1}
12:         Output tree data at t=13.80 Gyr (output 1 of 1)
12:     <- Finished tree
36:         Output tree data at t=13.80 Gyr (output 1 of 1)
36:     <- Finished tree
12:     -> Evolving tree number 95476 {1}
36:     -> Evolving tree number 95356 {1}
47:         Output tree data at t=13.80 Gyr (output 1 of 1)
47:     <- Finished tree
47:     -> Evolving tree number 95297 {1}
40:         Output tree data at t=13.80 Gyr (output 1 of 1)
40:     <- Finished tree
40:     Progress: 4554 trees processed; elapsed 1.39 d
40:     -> Evolving tree number 95304 {1}
22:         Output tree data at t=13.80 Gyr (output 1 of 1)
22:     <- Finished tree
27:         Output tree data at t=13.80 Gyr (output 1 of 1)
27:     <- Finished tree
22:     -> Evolving tree number 95370 {1}
27:     -> Evolving tree number 95413 {1}
44:         Output tree data at t=13.80 Gyr (output 1 of 1)
44:     <- Finished tree
44:     Progress: 4557 trees processed; elapsed 1.39 d
44:     -> Evolving tree number 95444 {1}
15:         Output tree data at t=13.80 Gyr (output 1 of 1)
15:     <- Finished tree
15:     -> Evolving tree number 95233 {1}
28:         Output tree data at t=13.80 Gyr (output 1 of 1)
28:     <- Finished tree
06:         Output tree data at t=13.80 Gyr (output 1 of 1)
06:     <- Finished tree
06:     Progress: 4560 trees processed; elapsed 1.39 d
28:     -> Evolving tree number 95460 {1}
06:     -> Evolving tree number 95434 {1}
13:         Output tree data at t=13.80 Gyr (output 1 of 1)
13:     <- Finished tree
13:     Progress: 4561 trees processed; elapsed 1.39 d
13:     -> Evolving tree number 95427 {1}
39:         Output tree data at t=13.80 Gyr (output 1 of 1)
39:     <- Finished tree
39:     Progress: 4562 trees processed; elapsed 1.39 d
39:     -> Evolving tree number 95449 {1}
45:         Output tree data at t=13.80 Gyr (output 1 of 1)
45:     <- Finished tree
45:     -> Evolving tree number 95491 {1}
32:         Output tree data at t=13.80 Gyr (output 1 of 1)
32:     <- Finished tree
43:         Output tree data at t=13.80 Gyr (output 1 of 1)
43:     <- Finished tree
11:         Output tree data at t=13.80 Gyr (output 1 of 1)
11:     <- Finished tree
32:     -> Evolving tree number 95360 {1}
43:     -> Evolving tree number 95445 {1}
11:     -> Evolving tree number 95381 {1}
05:         Output tree data at t=13.80 Gyr (output 1 of 1)
05:     <- Finished tree
05:     -> Evolving tree number 95339 {1}
18:         Output tree data at t=13.80 Gyr (output 1 of 1)
18:     <- Finished tree
18:     Progress: 4568 trees processed; elapsed 1.39 d
18:     -> Evolving tree number 95278 {1}
03:         Output tree data at t=13.80 Gyr (output 1 of 1)
03:     <- Finished tree
03:     -> Evolving tree number 95437 {1}
34:         Output tree data at t=13.80 Gyr (output 1 of 1)
34:     <- Finished tree
34:     Progress: 4570 trees processed; elapsed 1.39 d
07:         Output tree data at t=13.80 Gyr (output 1 of 1)
07:     <- Finished tree
34:     -> Evolving tree number 95262 {1}
29:         Output tree data at t=13.80 Gyr (output 1 of 1)
29:     <- Finished tree
01:         Output tree data at t=13.80 Gyr (output 1 of 1)
01:     <- Finished tree
07:     -> Evolving tree number 95385 {1}
29:     -> Evolving tree number 95411 {1}
01:     -> Evolving tree number 95535 {1}
46:         Output tree data at t=13.80 Gyr (output 1 of 1)
46:     <- Finished tree
46:     -> Evolving tree number 95394 {1}
00:         Output tree data at t=13.80 Gyr (output 1 of 1)
00:     <- Finished tree
00:     -> Evolving tree number 95536 {1}
20:         Output tree data at t=13.80 Gyr (output 1 of 1)
20:     <- Finished tree
20:     Progress: 4576 trees processed; elapsed 1.39 d
42:         Output tree data at t=13.80 Gyr (output 1 of 1)
42:     <- Finished tree
20:     -> Evolving tree number 95372 {1}
42:     -> Evolving tree number 95494 {1}
17:         Output tree data at t=13.80 Gyr (output 1 of 1)
17:     <- Finished tree
17:     -> Evolving tree number 95375 {1}
30:         Output tree data at t=13.80 Gyr (output 1 of 1)
30:     <- Finished tree
30:     -> Evolving tree number 95362 {1}
31:         Output tree data at t=13.80 Gyr (output 1 of 1)
31:     <- Finished tree
31:     Progress: 4580 trees processed; elapsed 1.39 d
31:     -> Evolving tree number 95457 {1}
41:         Output tree data at t=13.80 Gyr (output 1 of 1)
41:     <- Finished tree
41:     -> Evolving tree number 95399 {1}
26:         Output tree data at t=13.80 Gyr (output 1 of 1)
26:     <- Finished tree
26:     Progress: 4582 trees processed; elapsed 1.39 d
26:     -> Evolving tree number 95366 {1}
38:         Output tree data at t=13.80 Gyr (output 1 of 1)
38:     <- Finished tree
38:     -> Evolving tree number 95450 {1}
04:         Output tree data at t=13.80 Gyr (output 1 of 1)
04:     <- Finished tree
04:     -> Evolving tree number 95340 {1}
16:         Output tree data at t=13.80 Gyr (output 1 of 1)
16:     <- Finished tree
16:     -> Evolving tree number 95280 {1}
21:         Output tree data at t=13.80 Gyr (output 1 of 1)
21:     <- Finished tree
21:     Progress: 4586 trees processed; elapsed 1.39 d
21:     -> Evolving tree number 95563 {1}
09:         Output tree data at t=13.80 Gyr (output 1 of 1)
09:     <- Finished tree
09:     -> Evolving tree number 95335 {1}
37:         Output tree data at t=13.80 Gyr (output 1 of 1)
37:     <- Finished tree
37:     Progress: 4588 trees processed; elapsed 1.39 d
37:     -> Evolving tree number 95355 {1}
24:         Output tree data at t=13.80 Gyr (output 1 of 1)
24:     <- Finished tree
24:     Progress: 4589 trees processed; elapsed 1.40 d
19:         Output tree data at t=13.80 Gyr (output 1 of 1)
19:     <- Finished tree
24:     -> Evolving tree number 95224 {1}
19:     -> Evolving tree number 95277 {1}
02:         Output tree data at t=13.80 Gyr (output 1 of 1)
02:     <- Finished tree
23:         Output tree data at t=13.80 Gyr (output 1 of 1)
23:     <- Finished tree
02:     -> Evolving tree number 95294 {1}
23:     -> Evolving tree number 95273 {1}
08:         Output tree data at t=13.80 Gyr (output 1 of 1)
08:     <- Finished tree
08:     -> Evolving tree number 95288 {1}
06:         Output tree data at t=13.80 Gyr (output 1 of 1)
06:     <- Finished tree
06:     Progress: 4594 trees processed; elapsed 1.40 d
06:     -> Evolving tree number 95386 {1}
47:         Output tree data at t=13.80 Gyr (output 1 of 1)
47:     <- Finished tree
47:     -> Evolving tree number 95249 {1}
10:         Output tree data at t=13.80 Gyr (output 1 of 1)
10:     <- Finished tree
10:     -> Evolving tree number 95430 {1}
35:         Output tree data at t=13.80 Gyr (output 1 of 1)
35:     <- Finished tree
35:     -> Evolving tree number 95405 {1}
25:         Output tree data at t=13.80 Gyr (output 1 of 1)
25:     <- Finished tree
25:     Progress: 4598 trees processed; elapsed 1.40 d
43:         Output tree data at t=13.80 Gyr (output 1 of 1)
43:     <- Finished tree
25:     -> Evolving tree number 95271 {1}
43:     -> Evolving tree number 95397 {1}
15:         Output tree data at t=13.80 Gyr (output 1 of 1)
15:     <- Finished tree
15:     -> Evolving tree number 95185 {1}
33:         Output tree data at t=13.80 Gyr (output 1 of 1)
33:     <- Finished tree
33:     -> Evolving tree number 95407 {1}
13:         Output tree data at t=13.80 Gyr (output 1 of 1)
13:     <- Finished tree
13:     Progress: 4602 trees processed; elapsed 1.40 d
13:     -> Evolving tree number 95379 {1}
27:         Output tree data at t=13.80 Gyr (output 1 of 1)
27:     <- Finished tree
27:     Progress: 4603 trees processed; elapsed 1.40 d
27:     -> Evolving tree number 95365 {1}
14:         Output tree data at t=13.80 Gyr (output 1 of 1)
14:     <- Finished tree
14:     -> Evolving tree number 95234 {1}
22:         Output tree data at t=13.80 Gyr (output 1 of 1)
22:     <- Finished tree
22:     Progress: 4605 trees processed; elapsed 1.40 d
22:     -> Evolving tree number 95322 {1}
36:         Output tree data at t=13.80 Gyr (output 1 of 1)
36:     <- Finished tree
36:     -> Evolving tree number 95308 {1}
29:         Output tree data at t=13.80 Gyr (output 1 of 1)
29:     <- Finished tree
29:     -> Evolving tree number 95363 {1}
18:         Output tree data at t=13.80 Gyr (output 1 of 1)
18:     <- Finished tree
18:     Progress: 4608 trees processed; elapsed 1.40 d
05:         Output tree data at t=13.80 Gyr (output 1 of 1)
05:     <- Finished tree
18:     -> Evolving tree number 95230 {1}
12:         Output tree data at t=13.80 Gyr (output 1 of 1)
12:     <- Finished tree
05:     -> Evolving tree number 95291 {1}
12:     -> Evolving tree number 95428 {1}
34:         Output tree data at t=13.80 Gyr (output 1 of 1)
34:     <- Finished tree
39:         Output tree data at t=13.80 Gyr (output 1 of 1)
39:     <- Finished tree
34:     -> Evolving tree number 95214 {1}
39:     -> Evolving tree number 95401 {1}
17:         Output tree data at t=13.80 Gyr (output 1 of 1)
17:     <- Finished tree
17:     -> Evolving tree number 95327 {1}
32:         Output tree data at t=13.80 Gyr (output 1 of 1)
32:     <- Finished tree
32:     Progress: 4614 trees processed; elapsed 1.40 d
32:     -> Evolving tree number 95312 {1}
40:         Output tree data at t=13.80 Gyr (output 1 of 1)
40:     <- Finished tree
40:     -> Evolving tree number 95256 {1}
28:         Output tree data at t=13.80 Gyr (output 1 of 1)
28:     <- Finished tree
11:         Output tree data at t=13.80 Gyr (output 1 of 1)
11:     <- Finished tree
28:     -> Evolving tree number 95412 {1}
04:         Output tree data at t=13.80 Gyr (output 1 of 1)
04:     <- Finished tree
11:     -> Evolving tree number 95333 {1}
04:     -> Evolving tree number 95292 {1}
07:         Output tree data at t=13.80 Gyr (output 1 of 1)
07:     <- Finished tree
07:     Progress: 4619 trees processed; elapsed 1.40 d
07:     -> Evolving tree number 95337 {1}
44:         Output tree data at t=13.80 Gyr (output 1 of 1)
44:     <- Finished tree
20:         Output tree data at t=13.80 Gyr (output 1 of 1)
20:     <- Finished tree
41:         Output tree data at t=13.80 Gyr (output 1 of 1)
41:     <- Finished tree
44:     -> Evolving tree number 95396 {1}
20:     -> Evolving tree number 95324 {1}
41:     -> Evolving tree number 95351 {1}
03:         Output tree data at t=13.80 Gyr (output 1 of 1)
03:     <- Finished tree
03:     Progress: 4623 trees processed; elapsed 1.40 d
26:         Output tree data at t=13.80 Gyr (output 1 of 1)
26:     <- Finished tree
00:         Output tree data at t=13.80 Gyr (output 1 of 1)
00:     <- Finished tree
42:         Output tree data at t=13.80 Gyr (output 1 of 1)
42:     <- Finished tree
03:     -> Evolving tree number 95389 {1}
26:     -> Evolving tree number 95318 {1}
00:     -> Evolving tree number 95488 {1}
42:     -> Evolving tree number 95446 {1}
23:         Output tree data at t=13.80 Gyr (output 1 of 1)
23:     <- Finished tree
23:     Progress: 4627 trees processed; elapsed 1.40 d
23:     -> Evolving tree number 95225 {1}
31:         Output tree data at t=13.80 Gyr (output 1 of 1)
31:     <- Finished tree
31:     -> Evolving tree number 95409 {1}
46:         Output tree data at t=13.80 Gyr (output 1 of 1)
46:     <- Finished tree
46:     Progress: 4629 trees processed; elapsed 1.41 d
01:         Output tree data at t=13.80 Gyr (output 1 of 1)
01:     <- Finished tree
46:     -> Evolving tree number 95346 {1}
01:     -> Evolving tree number 95487 {1}
08:         Output tree data at t=13.80 Gyr (output 1 of 1)
08:     <- Finished tree
08:     -> Evolving tree number 95240 {1}
45:         Output tree data at t=13.80 Gyr (output 1 of 1)
45:     <- Finished tree
45:     -> Evolving tree number 95443 {1}
02:         Output tree data at t=13.80 Gyr (output 1 of 1)
02:     <- Finished tree
02:     Progress: 4633 trees processed; elapsed 1.41 d
02:     -> Evolving tree number 95246 {1}
16:         Output tree data at t=13.80 Gyr (output 1 of 1)
16:     <- Finished tree
16:     -> Evolving tree number 95232 {1}
30:         Output tree data at t=13.80 Gyr (output 1 of 1)
30:     <- Finished tree
30:     Progress: 4635 trees processed; elapsed 1.41 d
30:     -> Evolving tree number 95314 {1}
38:         Output tree data at t=13.80 Gyr (output 1 of 1)
38:     <- Finished tree
38:     Progress: 4636 trees processed; elapsed 1.41 d
38:     -> Evolving tree number 95402 {1}
47:         Output tree data at t=13.80 Gyr (output 1 of 1)
47:     <- Finished tree
47:     -> Evolving tree number 95201 {1}
10:         Output tree data at t=13.80 Gyr (output 1 of 1)
10:     <- Finished tree
10:     Progress: 4638 trees processed; elapsed 1.41 d
10:     -> Evolving tree number 95382 {1}
19:         Output tree data at t=13.80 Gyr (output 1 of 1)
19:     <- Finished tree
19:     -> Evolving tree number 95229 {1}
37:         Output tree data at t=13.80 Gyr (output 1 of 1)
37:     <- Finished tree
37:     Progress: 4640 trees processed; elapsed 1.41 d
37:     -> Evolving tree number 95307 {1}
06:         Output tree data at t=13.80 Gyr (output 1 of 1)
06:     <- Finished tree
43:         Output tree data at t=13.80 Gyr (output 1 of 1)
43:     <- Finished tree
06:     -> Evolving tree number 95338 {1}
43:     -> Evolving tree number 95349 {1}
21:         Output tree data at t=13.80 Gyr (output 1 of 1)
21:     <- Finished tree
21:     Progress: 4643 trees processed; elapsed 1.41 d
21:     -> Evolving tree number 95515 {1}
24:         Output tree data at t=13.80 Gyr (output 1 of 1)
24:     <- Finished tree
24:     Progress: 4644 trees processed; elapsed 1.41 d
09:         Output tree data at t=13.80 Gyr (output 1 of 1)
09:     <- Finished tree
17:         Output tree data at t=13.80 Gyr (output 1 of 1)
17:     <- Finished tree
24:     -> Evolving tree number 95176 {1}
09:     -> Evolving tree number 95287 {1}
33:         Output tree data at t=13.80 Gyr (output 1 of 1)
33:     <- Finished tree
17:     -> Evolving tree number 95279 {1}
33:     -> Evolving tree number 95359 {1}
41:         Output tree data at t=13.80 Gyr (output 1 of 1)
41:     <- Finished tree
41:     -> Evolving tree number 95303 {1}
29:         Output tree data at t=13.80 Gyr (output 1 of 1)
29:     <- Finished tree
29:     -> Evolving tree number 95315 {1}
03:         Output tree data at t=13.80 Gyr (output 1 of 1)
03:     <- Finished tree
03:     Progress: 4650 trees processed; elapsed 1.41 d
18:         Output tree data at t=13.80 Gyr (output 1 of 1)
18:     <- Finished tree
03:     -> Evolving tree number 95341 {1}
18:     -> Evolving tree number 95182 {1}
36:         Output tree data at t=13.80 Gyr (output 1 of 1)
36:     <- Finished tree
35:         Output tree data at t=13.80 Gyr (output 1 of 1)
35:     <- Finished tree
28:         Output tree data at t=13.80 Gyr (output 1 of 1)
28:     <- Finished tree
36:     -> Evolving tree number 95260 {1}
00:         Output tree data at t=13.80 Gyr (output 1 of 1)
00:     <- Finished tree
35:     -> Evolving tree number 95357 {1}
28:     -> Evolving tree number 95364 {1}
12:         Output tree data at t=13.80 Gyr (output 1 of 1)
12:     <- Finished tree
00:     -> Evolving tree number 95440 {1}
12:     -> Evolving tree number 95380 {1}
14:         Output tree data at t=13.80 Gyr (output 1 of 1)
14:     <- Finished tree
14:     Progress: 4657 trees processed; elapsed 1.41 d
34:         Output tree data at t=13.80 Gyr (output 1 of 1)
34:     <- Finished tree
14:     -> Evolving tree number 95186 {1}
34:     -> Evolving tree number 95166 {1}
27:         Output tree data at t=13.80 Gyr (output 1 of 1)
27:     <- Finished tree
27:     Progress: 4659 trees processed; elapsed 1.42 d
27:     -> Evolving tree number 95317 {1}
22:         Output tree data at t=13.80 Gyr (output 1 of 1)
22:     <- Finished tree
22:     -> Evolving tree number 95274 {1}
26:         Output tree data at t=13.80 Gyr (output 1 of 1)
26:     <- Finished tree
26:     -> Evolving tree number 95270 {1}
15:         Output tree data at t=13.80 Gyr (output 1 of 1)
15:     <- Finished tree
15:     Progress: 4662 trees processed; elapsed 1.42 d
15:     -> Evolving tree number 95137 {1}
20:         Output tree data at t=13.80 Gyr (output 1 of 1)
20:     <- Finished tree
20:     -> Evolving tree number 95276 {1}
04:         Output tree data at t=13.80 Gyr (output 1 of 1)
04:     <- Finished tree
04:     Progress: 4664 trees processed; elapsed 1.42 d
32:         Output tree data at t=13.80 Gyr (output 1 of 1)
32:     <- Finished tree
04:     -> Evolving tree number 95244 {1}
32:     -> Evolving tree number 95264 {1}
05:         Output tree data at t=13.80 Gyr (output 1 of 1)
05:     <- Finished tree
05:     -> Evolving tree number 95243 {1}
07:         Output tree data at t=13.80 Gyr (output 1 of 1)
07:     <- Finished tree
07:     -> Evolving tree number 95289 {1}
44:         Output tree data at t=13.80 Gyr (output 1 of 1)
44:     <- Finished tree
44:     Progress: 4668 trees processed; elapsed 1.42 d
01:         Output tree data at t=13.80 Gyr (output 1 of 1)
01:     <- Finished tree
44:     -> Evolving tree number 95348 {1}
01:     -> Evolving tree number 95439 {1}
39:         Output tree data at t=13.80 Gyr (output 1 of 1)
39:     <- Finished tree
39:     -> Evolving tree number 95353 {1}
25:         Output tree data at t=13.80 Gyr (output 1 of 1)
25:     <- Finished tree
25:     Progress: 4671 trees processed; elapsed 1.42 d
11:         Output tree data at t=13.80 Gyr (output 1 of 1)
11:     <- Finished tree
23:         Output tree data at t=13.80 Gyr (output 1 of 1)
23:     <- Finished tree
25:     -> Evolving tree number 95223 {1}
11:     -> Evolving tree number 95285 {1}
23:     -> Evolving tree number 95177 {1}
37:         Output tree data at t=13.80 Gyr (output 1 of 1)
37:     <- Finished tree
37:     Progress: 4674 trees processed; elapsed 1.42 d
13:         Output tree data at t=13.80 Gyr (output 1 of 1)
13:     <- Finished tree
37:     -> Evolving tree number 95259 {1}
13:     -> Evolving tree number 95331 {1}
02:         Output tree data at t=13.80 Gyr (output 1 of 1)
02:     <- Finished tree
02:     -> Evolving tree number 95198 {1}
40:         Output tree data at t=13.80 Gyr (output 1 of 1)
40:     <- Finished tree
40:     Progress: 4677 trees processed; elapsed 1.42 d
40:     -> Evolving tree number 95208 {1}
08:         Output tree data at t=13.80 Gyr (output 1 of 1)
08:     <- Finished tree
08:     -> Evolving tree number 95192 {1}
46:         Output tree data at t=13.80 Gyr (output 1 of 1)
46:     <- Finished tree
46:     -> Evolving tree number 95298 {1}
47:         Output tree data at t=13.80 Gyr (output 1 of 1)
47:     <- Finished tree
47:     -> Evolving tree number 95153 {1}
31:         Output tree data at t=13.80 Gyr (output 1 of 1)
31:     <- Finished tree
31:     Progress: 4681 trees processed; elapsed 1.42 d
31:     -> Evolving tree number 95361 {1}
06:         Output tree data at t=13.80 Gyr (output 1 of 1)
06:     <- Finished tree
06:     Progress: 4682 trees processed; elapsed 1.42 d
06:     -> Evolving tree number 95290 {1}
38:         Output tree data at t=13.80 Gyr (output 1 of 1)
38:     <- Finished tree
38:     Progress: 4683 trees processed; elapsed 1.42 d
38:     -> Evolving tree number 95354 {1}
41:         Output tree data at t=13.80 Gyr (output 1 of 1)
41:     <- Finished tree
41:     -> Evolving tree number 95255 {1}
29:         Output tree data at t=13.80 Gyr (output 1 of 1)
29:     <- Finished tree
29:     -> Evolving tree number 95267 {1}
09:         Output tree data at t=13.80 Gyr (output 1 of 1)
09:     <- Finished tree
09:     Progress: 4686 trees processed; elapsed 1.42 d
09:     -> Evolving tree number 95239 {1}
42:         Output tree data at t=13.80 Gyr (output 1 of 1)
42:     <- Finished tree
42:     -> Evolving tree number 95398 {1}
00:         Output tree data at t=13.80 Gyr (output 1 of 1)
00:     <- Finished tree
00:     -> Evolving tree number 95392 {1}
27:         Output tree data at t=13.80 Gyr (output 1 of 1)
27:     <- Finished tree
27:     Progress: 4689 trees processed; elapsed 1.43 d
27:     -> Evolving tree number 95269 {1}
10:         Output tree data at t=13.80 Gyr (output 1 of 1)
10:     <- Finished tree
43:         Output tree data at t=13.80 Gyr (output 1 of 1)
43:     <- Finished tree
12:         Output tree data at t=13.80 Gyr (output 1 of 1)
12:     <- Finished tree
45:         Output tree data at t=13.80 Gyr (output 1 of 1)
45:     <- Finished tree
10:     -> Evolving tree number 95334 {1}
12:     -> Evolving tree number 95332 {1}
43:     -> Evolving tree number 95301 {1}
45:     -> Evolving tree number 95395 {1}
28:         Output tree data at t=13.80 Gyr (output 1 of 1)
28:     <- Finished tree
28:     Progress: 4694 trees processed; elapsed 1.43 d
28:     -> Evolving tree number 95316 {1}
16:         Output tree data at t=13.80 Gyr (output 1 of 1)
16:     <- Finished tree
16:     -> Evolving tree number 95184 {1}
17:         Output tree data at t=13.80 Gyr (output 1 of 1)
17:     <- Finished tree
30:         Output tree data at t=13.80 Gyr (output 1 of 1)
30:     <- Finished tree
17:     -> Evolving tree number 95231 {1}
30:     -> Evolving tree number 95266 {1}
20:         Output tree data at t=13.80 Gyr (output 1 of 1)
20:     <- Finished tree
20:     Progress: 4698 trees processed; elapsed 1.43 d
07:         Output tree data at t=13.80 Gyr (output 1 of 1)
07:     <- Finished tree
07:     -> Evolving tree number 95241 {1}
20:     -> Evolving tree number 95228 {1}
34:         Output tree data at t=13.80 Gyr (output 1 of 1)
34:     <- Finished tree
18:         Output tree data at t=13.80 Gyr (output 1 of 1)
18:     <- Finished tree
34:     -> Evolving tree number 95118 {1}
18:     -> Evolving tree number 95134 {1}
36:         Output tree data at t=13.80 Gyr (output 1 of 1)
36:     <- Finished tree
36:     -> Evolving tree number 95212 {1}
01:         Output tree data at t=13.80 Gyr (output 1 of 1)
01:     <- Finished tree
01:     Progress: 4703 trees processed; elapsed 1.43 d
01:     -> Evolving tree number 95391 {1}
24:         Output tree data at t=13.80 Gyr (output 1 of 1)
24:     <- Finished tree
24:     -> Evolving tree number 95128 {1}
35:         Output tree data at t=13.80 Gyr (output 1 of 1)
35:     <- Finished tree
35:     -> Evolving tree number 95309 {1}
39:         Output tree data at t=13.80 Gyr (output 1 of 1)
39:     <- Finished tree
39:     -> Evolving tree number 95305 {1}
21:         Output tree data at t=13.80 Gyr (output 1 of 1)
21:     <- Finished tree
21:     Progress: 4707 trees processed; elapsed 1.43 d
21:     -> Evolving tree number 95467 {1}
26:         Output tree data at t=13.80 Gyr (output 1 of 1)
26:     <- Finished tree
26:     -> Evolving tree number 95222 {1}
11:         Output tree data at t=13.80 Gyr (output 1 of 1)
11:     <- Finished tree
11:     -> Evolving tree number 95237 {1}
22:         Output tree data at t=13.80 Gyr (output 1 of 1)
22:     <- Finished tree
22:     Progress: 4710 trees processed; elapsed 1.43 d
19:         Output tree data at t=13.80 Gyr (output 1 of 1)
19:     <- Finished tree
22:     -> Evolving tree number 95226 {1}
19:     -> Evolving tree number 95181 {1}
37:         Output tree data at t=13.80 Gyr (output 1 of 1)
37:     <- Finished tree
04:         Output tree data at t=13.80 Gyr (output 1 of 1)
04:     <- Finished tree
37:     -> Evolving tree number 95211 {1}
04:     -> Evolving tree number 95196 {1}
33:         Output tree data at t=13.80 Gyr (output 1 of 1)
33:     <- Finished tree
33:     Progress: 4714 trees processed; elapsed 1.43 d
33:     -> Evolving tree number 95311 {1}
15:         Output tree data at t=13.80 Gyr (output 1 of 1)
15:     <- Finished tree
15:     -> Evolving tree number 95089 {1}
06:         Output tree data at t=13.80 Gyr (output 1 of 1)
06:     <- Finished tree
06:     -> Evolving tree number 95242 {1}
25:         Output tree data at t=13.80 Gyr (output 1 of 1)
25:     <- Finished tree
25:     Progress: 4717 trees processed; elapsed 1.43 d
25:     -> Evolving tree number 95175 {1}
02:         Output tree data at t=13.80 Gyr (output 1 of 1)
02:     <- Finished tree
02:     -> Evolving tree number 95150 {1}
03:         Output tree data at t=13.80 Gyr (output 1 of 1)
03:     <- Finished tree
44:         Output tree data at t=13.80 Gyr (output 1 of 1)
44:     <- Finished tree
05:         Output tree data at t=13.80 Gyr (output 1 of 1)
05:     <- Finished tree
03:     -> Evolving tree number 95293 {1}
44:     -> Evolving tree number 95300 {1}
05:     -> Evolving tree number 95195 {1}
32:         Output tree data at t=13.80 Gyr (output 1 of 1)
32:     <- Finished tree
32:     Progress: 4722 trees processed; elapsed 1.43 d
32:     -> Evolving tree number 95216 {1}
46:         Output tree data at t=13.80 Gyr (output 1 of 1)
46:     <- Finished tree
46:     -> Evolving tree number 95250 {1}
08:         Output tree data at t=13.80 Gyr (output 1 of 1)
08:     <- Finished tree
08:     Progress: 4724 trees processed; elapsed 1.43 d
08:     -> Evolving tree number 95144 {1}
27:         Output tree data at t=13.80 Gyr (output 1 of 1)
27:     <- Finished tree
27:     Progress: 4725 trees processed; elapsed 1.43 d
27:     -> Evolving tree number 95221 {1}
43:         Output tree data at t=13.80 Gyr (output 1 of 1)
43:     <- Finished tree
47:         Output tree data at t=13.80 Gyr (output 1 of 1)
47:     <- Finished tree
43:     -> Evolving tree number 95253 {1}
47:     -> Evolving tree number 95105 {1}
38:         Output tree data at t=13.80 Gyr (output 1 of 1)
38:     <- Finished tree
38:     Progress: 4728 trees processed; elapsed 1.44 d
38:     -> Evolving tree number 95306 {1}
23:         Output tree data at t=13.80 Gyr (output 1 of 1)
23:     <- Finished tree
23:     -> Evolving tree number 95129 {1}
09:         Output tree data at t=13.80 Gyr (output 1 of 1)
09:     <- Finished tree
09:     -> Evolving tree number 95191 {1}
28:         Output tree data at t=13.80 Gyr (output 1 of 1)
28:     <- Finished tree
28:     Progress: 4731 trees processed; elapsed 1.44 d
28:     -> Evolving tree number 95268 {1}
16:         Output tree data at t=13.80 Gyr (output 1 of 1)
16:     <- Finished tree
16:     -> Evolving tree number 95136 {1}
12:         Output tree data at t=13.80 Gyr (output 1 of 1)
12:     <- Finished tree
12:     Progress: 4733 trees processed; elapsed 1.44 d
12:     -> Evolving tree number 95284 {1}
42:         Output tree data at t=13.80 Gyr (output 1 of 1)
42:     <- Finished tree
42:     -> Evolving tree number 95350 {1}
13:         Output tree data at t=13.80 Gyr (output 1 of 1)
13:     <- Finished tree
13:     -> Evolving tree number 95283 {1}
34:         Output tree data at t=13.80 Gyr (output 1 of 1)
34:     <- Finished tree
34:     Progress: 4736 trees processed; elapsed 1.44 d
26:         Output tree data at t=13.80 Gyr (output 1 of 1)
26:     <- Finished tree
31:         Output tree data at t=13.80 Gyr (output 1 of 1)
31:     <- Finished tree
34:     -> Evolving tree number 95070 {1}
26:     -> Evolving tree number 95174 {1}
14:         Output tree data at t=13.80 Gyr (output 1 of 1)
14:     <- Finished tree
31:     -> Evolving tree number 95313 {1}
20:         Output tree data at t=13.80 Gyr (output 1 of 1)
20:     <- Finished tree
14:     -> Evolving tree number 95138 {1}
24:         Output tree data at t=13.80 Gyr (output 1 of 1)
24:     <- Finished tree
20:     -> Evolving tree number 95180 {1}
24:     -> Evolving tree number 95080 {1}
36:         Output tree data at t=13.80 Gyr (output 1 of 1)
36:     <- Finished tree
36:     Progress: 4742 trees processed; elapsed 1.44 d
39:         Output tree data at t=13.80 Gyr (output 1 of 1)
39:     <- Finished tree
36:     -> Evolving tree number 95164 {1}
39:     -> Evolving tree number 95257 {1}
18:         Output tree data at t=13.80 Gyr (output 1 of 1)
18:     <- Finished tree
18:     -> Evolving tree number 95086 {1}
35:         Output tree data at t=13.80 Gyr (output 1 of 1)
35:     <- Finished tree
35:     -> Evolving tree number 95261 {1}
00:         Output tree data at t=13.80 Gyr (output 1 of 1)
00:     <- Finished tree
29:         Output tree data at t=13.80 Gyr (output 1 of 1)
29:     <- Finished tree
29:     Progress: 4747 trees processed; elapsed 1.44 d
00:     -> Evolving tree number 95344 {1}
29:     -> Evolving tree number 95219 {1}
41:         Output tree data at t=13.80 Gyr (output 1 of 1)
41:     <- Finished tree
41:     -> Evolving tree number 95207 {1}
45:         Output tree data at t=13.80 Gyr (output 1 of 1)
45:     <- Finished tree
45:     Progress: 4749 trees processed; elapsed 1.44 d
45:     -> Evolving tree number 95347 {1}
21:         Output tree data at t=13.80 Gyr (output 1 of 1)
21:     <- Finished tree
21:     Progress: 4750 trees processed; elapsed 1.44 d
21:     -> Evolving tree number 95419 {1}
10:         Output tree data at t=13.80 Gyr (output 1 of 1)
10:     <- Finished tree
10:     -> Evolving tree number 95286 {1}
44:         Output tree data at t=13.80 Gyr (output 1 of 1)
44:     <- Finished tree
11:         Output tree data at t=13.80 Gyr (output 1 of 1)
11:     <- Finished tree
07:         Output tree data at t=13.80 Gyr (output 1 of 1)
07:     <- Finished tree
44:     -> Evolving tree number 95252 {1}
17:         Output tree data at t=13.80 Gyr (output 1 of 1)
17:     <- Finished tree
11:     -> Evolving tree number 95189 {1}
07:     -> Evolving tree number 95193 {1}
17:     -> Evolving tree number 95183 {1}
40:         Output tree data at t=13.80 Gyr (output 1 of 1)
40:     <- Finished tree
40:     Progress: 4756 trees processed; elapsed 1.44 d
40:     -> Evolving tree number 95160 {1}
25:         Output tree data at t=13.80 Gyr (output 1 of 1)
25:     <- Finished tree
25:     -> Evolving tree number 95127 {1}
22:         Output tree data at t=13.80 Gyr (output 1 of 1)
22:     <- Finished tree
22:     Progress: 4758 trees processed; elapsed 1.44 d
05:         Output tree data at t=13.80 Gyr (output 1 of 1)
05:     <- Finished tree
22:     -> Evolving tree number 95178 {1}
05:     -> Evolving tree number 95147 {1}
06:         Output tree data at t=13.80 Gyr (output 1 of 1)
06:     <- Finished tree
06:     -> Evolving tree number 95194 {1}
30:         Output tree data at t=13.80 Gyr (output 1 of 1)
30:     <- Finished tree
19:         Output tree data at t=13.80 Gyr (output 1 of 1)
19:     <- Finished tree
30:     -> Evolving tree number 95218 {1}
19:     -> Evolving tree number 95133 {1}
33:         Output tree data at t=13.80 Gyr (output 1 of 1)
33:     <- Finished tree
33:     Progress: 4763 trees processed; elapsed 1.44 d
33:     -> Evolving tree number 95263 {1}
09:         Output tree data at t=13.80 Gyr (output 1 of 1)
09:     <- Finished tree
09:     -> Evolving tree number 95143 {1}
37:         Output tree data at t=13.80 Gyr (output 1 of 1)
37:     <- Finished tree
37:     Progress: 4765 trees processed; elapsed 1.45 d
37:     -> Evolving tree number 95163 {1}
01:         Output tree data at t=13.80 Gyr (output 1 of 1)
01:     <- Finished tree
01:     -> Evolving tree number 95343 {1}
32:         Output tree data at t=13.80 Gyr (output 1 of 1)
32:     <- Finished tree
32:     Progress: 4767 trees processed; elapsed 1.45 d
32:     -> Evolving tree number 95168 {1}
13:         Output tree data at t=13.80 Gyr (output 1 of 1)
13:     <- Finished tree
13:     -> Evolving tree number 95235 {1}
02:         Output tree data at t=13.80 Gyr (output 1 of 1)
02:     <- Finished tree
02:     Progress: 4769 trees processed; elapsed 1.45 d
02:     -> Evolving tree number 95102 {1}
46:         Output tree data at t=13.80 Gyr (output 1 of 1)
46:     <- Finished tree
46:     Progress: 4770 trees processed; elapsed 1.45 d
46:     -> Evolving tree number 95202 {1}
43:         Output tree data at t=13.80 Gyr (output 1 of 1)
43:     <- Finished tree
43:     -> Evolving tree number 95205 {1}
00:         Output tree data at t=13.80 Gyr (output 1 of 1)
00:     <- Finished tree
00:     -> Evolving tree number 95296 {1}
34:         Output tree data at t=13.80 Gyr (output 1 of 1)
34:     <- Finished tree
34:     Progress: 4773 trees processed; elapsed 1.45 d
34:     -> Evolving tree number 95022 {1}
04:         Output tree data at t=13.80 Gyr (output 1 of 1)
04:     <- Finished tree
14:         Output tree data at t=13.80 Gyr (output 1 of 1)
14:     <- Finished tree
04:     -> Evolving tree number 95148 {1}
14:     -> Evolving tree number 95090 {1}
26:         Output tree data at t=13.80 Gyr (output 1 of 1)
26:     <- Finished tree
26:     Progress: 4776 trees processed; elapsed 1.45 d
08:         Output tree data at t=13.80 Gyr (output 1 of 1)
08:     <- Finished tree
08:     -> Evolving tree number 95096 {1}
26:     -> Evolving tree number 95126 {1}
03:         Output tree data at t=13.80 Gyr (output 1 of 1)
03:     <- Finished tree
47:         Output tree data at t=13.80 Gyr (output 1 of 1)
47:     <- Finished tree
03:     -> Evolving tree number 95245 {1}
47:     -> Evolving tree number 95057 {1}
15:         Output tree data at t=13.80 Gyr (output 1 of 1)
15:     <- Finished tree
15:     Progress: 4780 trees processed; elapsed 1.45 d
15:     -> Evolving tree number 95041 {1}
24:         Output tree data at t=13.80 Gyr (output 1 of 1)
24:     <- Finished tree
24:     -> Evolving tree number 95032 {1}
20:         Output tree data at t=13.80 Gyr (output 1 of 1)
20:     <- Finished tree
45:         Output tree data at t=13.80 Gyr (output 1 of 1)
45:     <- Finished tree
20:     -> Evolving tree number 95132 {1}
45:     -> Evolving tree number 95299 {1}
39:         Output tree data at t=13.80 Gyr (output 1 of 1)
39:     <- Finished tree
39:     -> Evolving tree number 95209 {1}
27:         Output tree data at t=13.80 Gyr (output 1 of 1)
27:     <- Finished tree
27:     Progress: 4785 trees processed; elapsed 1.45 d
27:     -> Evolving tree number 95173 {1}
28:         Output tree data at t=13.80 Gyr (output 1 of 1)
28:     <- Finished tree
28:     -> Evolving tree number 95220 {1}
38:         Output tree data at t=13.80 Gyr (output 1 of 1)
38:     <- Finished tree
38:     -> Evolving tree number 95258 {1}
05:         Output tree data at t=13.80 Gyr (output 1 of 1)
05:     <- Finished tree
05:     -> Evolving tree number 95099 {1}
44:         Output tree data at t=13.80 Gyr (output 1 of 1)
44:     <- Finished tree
44:     Progress: 4789 trees processed; elapsed 1.45 d
44:     -> Evolving tree number 95204 {1}
10:         Output tree data at t=13.80 Gyr (output 1 of 1)
10:     <- Finished tree
10:     -> Evolving tree number 95238 {1}
36:         Output tree data at t=13.80 Gyr (output 1 of 1)
36:     <- Finished tree
11:         Output tree data at t=13.80 Gyr (output 1 of 1)
11:     <- Finished tree
36:     -> Evolving tree number 95116 {1}
11:     -> Evolving tree number 95141 {1}
42:         Output tree data at t=13.80 Gyr (output 1 of 1)
42:     <- Finished tree
42:     -> Evolving tree number 95302 {1}
41:         Output tree data at t=13.80 Gyr (output 1 of 1)
41:     <- Finished tree
41:     Progress: 4794 trees processed; elapsed 1.45 d
31:         Output tree data at t=13.80 Gyr (output 1 of 1)
31:     <- Finished tree
41:     -> Evolving tree number 95159 {1}
31:     -> Evolving tree number 95265 {1}
18:         Output tree data at t=13.80 Gyr (output 1 of 1)
18:     <- Finished tree
18:     Progress: 4796 trees processed; elapsed 1.46 d
18:     -> Evolving tree number 95038 {1}
21:         Output tree data at t=13.80 Gyr (output 1 of 1)
21:     <- Finished tree
21:     -> Evolving tree number 95371 {1}
35:         Output tree data at t=13.80 Gyr (output 1 of 1)
35:     <- Finished tree
12:         Output tree data at t=13.80 Gyr (output 1 of 1)
12:     <- Finished tree
35:     -> Evolving tree number 95213 {1}
12:     -> Evolving tree number 95236 {1}
19:         Output tree data at t=13.80 Gyr (output 1 of 1)
19:     <- Finished tree
19:     -> Evolving tree number 95085 {1}
30:         Output tree data at t=13.80 Gyr (output 1 of 1)
30:     <- Finished tree
30:     Progress: 4801 trees processed; elapsed 1.46 d
30:     -> Evolving tree number 95170 {1}
16:         Output tree data at t=13.80 Gyr (output 1 of 1)
16:     <- Finished tree
16:     -> Evolving tree number 95088 {1}
29:         Output tree data at t=13.80 Gyr (output 1 of 1)
29:     <- Finished tree
29:     -> Evolving tree number 95171 {1}
09:         Output tree data at t=13.80 Gyr (output 1 of 1)
09:     <- Finished tree
09:     -> Evolving tree number 95095 {1}
07:         Output tree data at t=13.80 Gyr (output 1 of 1)
07:     <- Finished tree
07:     -> Evolving tree number 95145 {1}
01:         Output tree data at t=13.80 Gyr (output 1 of 1)
01:     <- Finished tree
01:     Progress: 4806 trees processed; elapsed 1.46 d
01:     -> Evolving tree number 95295 {1}
23:         Output tree data at t=13.80 Gyr (output 1 of 1)
23:     <- Finished tree
23:     -> Evolving tree number 95081 {1}
17:         Output tree data at t=13.80 Gyr (output 1 of 1)
17:     <- Finished tree
17:     -> Evolving tree number 95135 {1}
25:         Output tree data at t=13.80 Gyr (output 1 of 1)
25:     <- Finished tree
25:     -> Evolving tree number 95079 {1}
06:         Output tree data at t=13.80 Gyr (output 1 of 1)
06:     <- Finished tree
06:     Progress: 4810 trees processed; elapsed 1.46 d
06:     -> Evolving tree number 95146 {1}
40:         Output tree data at t=13.80 Gyr (output 1 of 1)
40:     <- Finished tree
40:     Progress: 4811 trees processed; elapsed 1.46 d
37:         Output tree data at t=13.80 Gyr (output 1 of 1)
37:     <- Finished tree
22:         Output tree data at t=13.80 Gyr (output 1 of 1)
22:     <- Finished tree
40:     -> Evolving tree number 95112 {1}
37:     -> Evolving tree number 95115 {1}
22:     -> Evolving tree number 95130 {1}
43:         Output tree data at t=13.80 Gyr (output 1 of 1)
43:     <- Finished tree
43:     Progress: 4814 trees processed; elapsed 1.46 d
43:     -> Evolving tree number 95157 {1}
34:         Output tree data at t=13.80 Gyr (output 1 of 1)
34:     <- Finished tree
34:     Progress: 4815 trees processed; elapsed 1.46 d
34:     -> Evolving tree number 94974 {1}
00:         Output tree data at t=13.80 Gyr (output 1 of 1)
00:     <- Finished tree
00:     -> Evolving tree number 95248 {1}
13:         Output tree data at t=13.80 Gyr (output 1 of 1)
13:     <- Finished tree
13:     -> Evolving tree number 95187 {1}
45:         Output tree data at t=13.80 Gyr (output 1 of 1)
45:     <- Finished tree
45:     Progress: 4818 trees processed; elapsed 1.46 d
45:     -> Evolving tree number 95251 {1}
08:         Output tree data at t=13.80 Gyr (output 1 of 1)
08:     <- Finished tree
08:     Progress: 4819 trees processed; elapsed 1.46 d
08:     -> Evolving tree number 95048 {1}
47:         Output tree data at t=13.80 Gyr (output 1 of 1)
47:     <- Finished tree
47:     -> Evolving tree number 95009 {1}
33:         Output tree data at t=13.80 Gyr (output 1 of 1)
33:     <- Finished tree
33:     Progress: 4821 trees processed; elapsed 1.46 d
41:         Output tree data at t=13.80 Gyr (output 1 of 1)
41:     <- Finished tree
33:     -> Evolving tree number 95215 {1}
41:     -> Evolving tree number 95111 {1}
14:         Output tree data at t=13.80 Gyr (output 1 of 1)
14:     <- Finished tree
14:     -> Evolving tree number 95042 {1}
04:         Output tree data at t=13.80 Gyr (output 1 of 1)
04:     <- Finished tree
04:     -> Evolving tree number 95100 {1}
10:         Output tree data at t=13.80 Gyr (output 1 of 1)
10:     <- Finished tree
10:     Progress: 4825 trees processed; elapsed 1.47 d
10:     -> Evolving tree number 95190 {1}
46:         Output tree data at t=13.80 Gyr (output 1 of 1)
46:     <- Finished tree
46:     -> Evolving tree number 95154 {1}
32:         Output tree data at t=13.80 Gyr (output 1 of 1)
32:     <- Finished tree
32:     -> Evolving tree number 95120 {1}
36:         Output tree data at t=13.80 Gyr (output 1 of 1)
36:     <- Finished tree
25:         Output tree data at t=13.80 Gyr (output 1 of 1)
25:     <- Finished tree
36:     -> Evolving tree number 95068 {1}
25:     -> Evolving tree number 95031 {1}
28:         Output tree data at t=13.80 Gyr (output 1 of 1)
28:     <- Finished tree
28:     Progress: 4830 trees processed; elapsed 1.47 d
02:         Output tree data at t=13.80 Gyr (output 1 of 1)
02:     <- Finished tree
28:     -> Evolving tree number 95172 {1}
02:     -> Evolving tree number 95054 {1}
03:         Output tree data at t=13.80 Gyr (output 1 of 1)
03:     <- Finished tree
03:     -> Evolving tree number 95197 {1}
20:         Output tree data at t=13.80 Gyr (output 1 of 1)
20:     <- Finished tree
20:     -> Evolving tree number 95084 {1}
12:         Output tree data at t=13.80 Gyr (output 1 of 1)
12:     <- Finished tree
24:         Output tree data at t=13.80 Gyr (output 1 of 1)
24:     <- Finished tree
12:     -> Evolving tree number 95188 {1}
38:         Output tree data at t=13.80 Gyr (output 1 of 1)
38:     <- Finished tree
38:     Progress: 4836 trees processed; elapsed 1.47 d
44:         Output tree data at t=13.80 Gyr (output 1 of 1)
44:     <- Finished tree
24:     -> Evolving tree number 94984 {1}
38:     -> Evolving tree number 95210 {1}
44:     -> Evolving tree number 95156 {1}
35:         Output tree data at t=13.80 Gyr (output 1 of 1)
35:     <- Finished tree
29:         Output tree data at t=13.80 Gyr (output 1 of 1)
29:     <- Finished tree
15:         Output tree data at t=13.80 Gyr (output 1 of 1)
15:     <- Finished tree
35:     -> Evolving tree number 95165 {1}
29:     -> Evolving tree number 95123 {1}
15:     -> Evolving tree number 94993 {1}
21:         Output tree data at t=13.80 Gyr (output 1 of 1)
21:     <- Finished tree
21:     Progress: 4841 trees processed; elapsed 1.47 d
21:     -> Evolving tree number 95323 {1}
31:         Output tree data at t=13.80 Gyr (output 1 of 1)
31:     <- Finished tree
31:     -> Evolving tree number 95217 {1}
27:         Output tree data at t=13.80 Gyr (output 1 of 1)
27:     <- Finished tree
27:     -> Evolving tree number 95125 {1}
30:         Output tree data at t=13.80 Gyr (output 1 of 1)
30:     <- Finished tree
30:     Progress: 4844 trees processed; elapsed 1.47 d
30:     -> Evolving tree number 95122 {1}
05:         Output tree data at t=13.80 Gyr (output 1 of 1)
05:     <- Finished tree
05:     -> Evolving tree number 95051 {1}
16:         Output tree data at t=13.80 Gyr (output 1 of 1)
16:     <- Finished tree
16:     Progress: 4846 trees processed; elapsed 1.47 d
16:     -> Evolving tree number 95040 {1}
23:         Output tree data at t=13.80 Gyr (output 1 of 1)
23:     <- Finished tree
23:     Progress: 4847 trees processed; elapsed 1.47 d
43:         Output tree data at t=13.80 Gyr (output 1 of 1)
43:     <- Finished tree
23:     -> Evolving tree number 95033 {1}
43:     -> Evolving tree number 95109 {1}
11:         Output tree data at t=13.80 Gyr (output 1 of 1)
11:     <- Finished tree
39:         Output tree data at t=13.80 Gyr (output 1 of 1)
39:     <- Finished tree
11:     -> Evolving tree number 95093 {1}
39:     -> Evolving tree number 95161 {1}
01:         Output tree data at t=13.80 Gyr (output 1 of 1)
01:     <- Finished tree
01:     -> Evolving tree number 95247 {1}
13:         Output tree data at t=13.80 Gyr (output 1 of 1)
13:     <- Finished tree
13:     Progress: 4852 trees processed; elapsed 1.47 d
09:         Output tree data at t=13.80 Gyr (output 1 of 1)
09:     <- Finished tree
13:     -> Evolving tree number 95139 {1}
09:     -> Evolving tree number 95047 {1}
19:         Output tree data at t=13.80 Gyr (output 1 of 1)
19:     <- Finished tree
26:         Output tree data at t=13.80 Gyr (output 1 of 1)
26:     <- Finished tree
19:     -> Evolving tree number 95037 {1}
26:     -> Evolving tree number 95078 {1}
18:         Output tree data at t=13.80 Gyr (output 1 of 1)
18:     <- Finished tree
18:     Progress: 4856 trees processed; elapsed 1.47 d
18:     -> Evolving tree number 94990 {1}
42:         Output tree data at t=13.80 Gyr (output 1 of 1)
42:     <- Finished tree
42:     -> Evolving tree number 95254 {1}
47:         Output tree data at t=13.80 Gyr (output 1 of 1)
47:     <- Finished tree
47:     Progress: 4858 trees processed; elapsed 1.47 d
47:     -> Evolving tree number 94961 {1}
07:         Output tree data at t=13.80 Gyr (output 1 of 1)
07:     <- Finished tree
07:     -> Evolving tree number 95097 {1}
34:         Output tree data at t=13.80 Gyr (output 1 of 1)
34:     <- Finished tree
34:     Progress: 4860 trees processed; elapsed 1.48 d
34:     -> Evolving tree number 94926 {1}
37:         Output tree data at t=13.80 Gyr (output 1 of 1)
37:     <- Finished tree
37:     -> Evolving tree number 95067 {1}
00:         Output tree data at t=13.80 Gyr (output 1 of 1)
00:     <- Finished tree
00:     Progress: 4862 trees processed; elapsed 1.48 d
00:     -> Evolving tree number 95200 {1}
33:         Output tree data at t=13.80 Gyr (output 1 of 1)
33:     <- Finished tree
33:     -> Evolving tree number 95167 {1}
08:         Output tree data at t=13.80 Gyr (output 1 of 1)
08:     <- Finished tree
22:         Output tree data at t=13.80 Gyr (output 1 of 1)
22:     <- Finished tree
08:     -> Evolving tree number 95000 {1}
22:     -> Evolving tree number 95082 {1}
40:         Output tree data at t=13.80 Gyr (output 1 of 1)
40:     <- Finished tree
40:     Progress: 4866 trees processed; elapsed 1.48 d
40:     -> Evolving tree number 95064 {1}
14:         Output tree data at t=13.80 Gyr (output 1 of 1)
14:     <- Finished tree
14:     -> Evolving tree number 94994 {1}
06:         Output tree data at t=13.80 Gyr (output 1 of 1)
06:     <- Finished tree
06:     Progress: 4868 trees processed; elapsed 1.48 d
06:     -> Evolving tree number 95098 {1}
17:         Output tree data at t=13.80 Gyr (output 1 of 1)
17:     <- Finished tree
17:     -> Evolving tree number 95087 {1}
04:         Output tree data at t=13.80 Gyr (output 1 of 1)
04:     <- Finished tree
04:     Progress: 4870 trees processed; elapsed 1.48 d
04:     -> Evolving tree number 95052 {1}
32:         Output tree data at t=13.80 Gyr (output 1 of 1)
32:     <- Finished tree
11:         Output tree data at t=13.80 Gyr (output 1 of 1)
11:     <- Finished tree
32:     -> Evolving tree number 95072 {1}
11:     -> Evolving tree number 95045 {1}
27:         Output tree data at t=13.80 Gyr (output 1 of 1)
27:     <- Finished tree
27:     Progress: 4873 trees processed; elapsed 1.48 d
27:     -> Evolving tree number 95077 {1}
05:         Output tree data at t=13.80 Gyr (output 1 of 1)
05:     <- Finished tree
05:     -> Evolving tree number 95003 {1}
35:         Output tree data at t=13.80 Gyr (output 1 of 1)
35:     <- Finished tree
35:     -> Evolving tree number 95117 {1}
12:         Output tree data at t=13.80 Gyr (output 1 of 1)
12:     <- Finished tree
12:     Progress: 4876 trees processed; elapsed 1.48 d
12:     -> Evolving tree number 95140 {1}
46:         Output tree data at t=13.80 Gyr (output 1 of 1)
46:     <- Finished tree
46:     Progress: 4877 trees processed; elapsed 1.48 d
10:         Output tree data at t=13.80 Gyr (output 1 of 1)
10:     <- Finished tree
38:         Output tree data at t=13.80 Gyr (output 1 of 1)
38:     <- Finished tree
46:     -> Evolving tree number 95106 {1}
10:     -> Evolving tree number 95142 {1}
38:     -> Evolving tree number 95162 {1}
43:         Output tree data at t=13.80 Gyr (output 1 of 1)
43:     <- Finished tree
43:     -> Evolving tree number 95061 {1}
36:         Output tree data at t=13.80 Gyr (output 1 of 1)
36:     <- Finished tree
36:     Progress: 4881 trees processed; elapsed 1.48 d
21:         Output tree data at t=13.80 Gyr (output 1 of 1)
21:     <- Finished tree
36:     -> Evolving tree number 95020 {1}
21:     -> Evolving tree number 95275 {1}
20:         Output tree data at t=13.80 Gyr (output 1 of 1)
20:     <- Finished tree
20:     -> Evolving tree number 95036 {1}
41:         Output tree data at t=13.80 Gyr (output 1 of 1)
41:     <- Finished tree
41:     -> Evolving tree number 95063 {1}
44:         Output tree data at t=13.80 Gyr (output 1 of 1)
44:     <- Finished tree
44:     Progress: 4885 trees processed; elapsed 1.48 d
44:     -> Evolving tree number 95108 {1}
31:         Output tree data at t=13.80 Gyr (output 1 of 1)
31:     <- Finished tree
31:     -> Evolving tree number 95169 {1}
45:         Output tree data at t=13.80 Gyr (output 1 of 1)
45:     <- Finished tree
45:     Progress: 4887 trees processed; elapsed 1.48 d
45:     -> Evolving tree number 95203 {1}
03:         Output tree data at t=13.80 Gyr (output 1 of 1)
03:     <- Finished tree
03:     -> Evolving tree number 95149 {1}
16:         Output tree data at t=13.80 Gyr (output 1 of 1)
16:     <- Finished tree
16:     Progress: 4889 trees processed; elapsed 1.48 d
16:     -> Evolving tree number 94992 {1}
09:         Output tree data at t=13.80 Gyr (output 1 of 1)
09:     <- Finished tree
39:         Output tree data at t=13.80 Gyr (output 1 of 1)
39:     <- Finished tree
09:     -> Evolving tree number 94999 {1}
39:     -> Evolving tree number 95113 {1}
28:         Output tree data at t=13.80 Gyr (output 1 of 1)
28:     <- Finished tree
28:     -> Evolving tree number 95124 {1}
29:         Output tree data at t=13.80 Gyr (output 1 of 1)
29:     <- Finished tree
29:     -> Evolving tree number 95075 {1}
30:         Output tree data at t=13.80 Gyr (output 1 of 1)
30:     <- Finished tree
30:     -> Evolving tree number 95074 {1}
02:         Output tree data at t=13.80 Gyr (output 1 of 1)
02:     <- Finished tree
02:     Progress: 4895 trees processed; elapsed 1.49 d
02:     -> Evolving tree number 95006 {1}
24:         Output tree data at t=13.80 Gyr (output 1 of 1)
24:     <- Finished tree
24:     -> Evolving tree number 94936 {1}
25:         Output tree data at t=13.80 Gyr (output 1 of 1)
25:     <- Finished tree
25:     -> Evolving tree number 94983 {1}
18:         Output tree data at t=13.80 Gyr (output 1 of 1)
18:     <- Finished tree
18:     Progress: 4898 trees processed; elapsed 1.49 d
18:     -> Evolving tree number 94942 {1}
08:         Output tree data at t=13.80 Gyr (output 1 of 1)
08:     <- Finished tree
14:         Output tree data at t=13.80 Gyr (output 1 of 1)
14:     <- Finished tree
08:     -> Evolving tree number 94952 {1}
14:     -> Evolving tree number 94946 {1}
19:         Output tree data at t=13.80 Gyr (output 1 of 1)
19:     <- Finished tree
19:     Progress: 4901 trees processed; elapsed 1.49 d
19:     -> Evolving tree number 94989 {1}
26:         Output tree data at t=13.80 Gyr (output 1 of 1)
26:     <- Finished tree
26:     -> Evolving tree number 95030 {1}
17:         Output tree data at t=13.80 Gyr (output 1 of 1)
17:     <- Finished tree
17:     Progress: 4903 trees processed; elapsed 1.49 d
17:     -> Evolving tree number 95039 {1}
37:         Output tree data at t=13.80 Gyr (output 1 of 1)
37:     <- Finished tree
37:     -> Evolving tree number 95019 {1}
15:         Output tree data at t=13.80 Gyr (output 1 of 1)
15:     <- Finished tree
15:     -> Evolving tree number 94945 {1}
00:         Output tree data at t=13.80 Gyr (output 1 of 1)
00:     <- Finished tree
47:         Output tree data at t=13.80 Gyr (output 1 of 1)
47:     <- Finished tree
00:     -> Evolving tree number 95152 {1}
47:     -> Evolving tree number 94913 {1}
40:         Output tree data at t=13.80 Gyr (output 1 of 1)
40:     <- Finished tree
40:     Progress: 4908 trees processed; elapsed 1.49 d
40:     -> Evolving tree number 95016 {1}
34:         Output tree data at t=13.80 Gyr (output 1 of 1)
34:     <- Finished tree
33:         Output tree data at t=13.80 Gyr (output 1 of 1)
33:     <- Finished tree
34:     -> Evolving tree number 94878 {1}
22:         Output tree data at t=13.80 Gyr (output 1 of 1)
22:     <- Finished tree
33:     -> Evolving tree number 95119 {1}
42:         Output tree data at t=13.80 Gyr (output 1 of 1)
42:     <- Finished tree
42:     -> Evolving tree number 95206 {1}
22:     -> Evolving tree number 95034 {1}
01:         Output tree data at t=13.80 Gyr (output 1 of 1)
01:     <- Finished tree
01:     -> Evolving tree number 95199 {1}
06:         Output tree data at t=13.80 Gyr (output 1 of 1)
06:     <- Finished tree
06:     Progress: 4914 trees processed; elapsed 1.49 d
06:     -> Evolving tree number 95050 {1}
32:         Output tree data at t=13.80 Gyr (output 1 of 1)
32:     <- Finished tree
13:         Output tree data at t=13.80 Gyr (output 1 of 1)
13:     <- Finished tree
32:     -> Evolving tree number 95024 {1}
13:     -> Evolving tree number 95091 {1}
23:         Output tree data at t=13.80 Gyr (output 1 of 1)
23:     <- Finished tree
23:     Progress: 4917 trees processed; elapsed 1.49 d
23:     -> Evolving tree number 94985 {1}
27:         Output tree data at t=13.80 Gyr (output 1 of 1)
27:     <- Finished tree
05:         Output tree data at t=13.80 Gyr (output 1 of 1)
05:     <- Finished tree
05:     -> Evolving tree number 94955 {1}
27:     -> Evolving tree number 95029 {1}
07:         Output tree data at t=13.80 Gyr (output 1 of 1)
07:     <- Finished tree
07:     -> Evolving tree number 95049 {1}
11:         Output tree data at t=13.80 Gyr (output 1 of 1)
11:     <- Finished tree
11:     Progress: 4921 trees processed; elapsed 1.49 d
11:     -> Evolving tree number 94997 {1}
03:         Output tree data at t=13.80 Gyr (output 1 of 1)
03:     <- Finished tree
03:     -> Evolving tree number 95101 {1}
43:         Output tree data at t=13.80 Gyr (output 1 of 1)
43:     <- Finished tree
43:     Progress: 4923 trees processed; elapsed 1.49 d
43:     -> Evolving tree number 95013 {1}
12:         Output tree data at t=13.80 Gyr (output 1 of 1)
12:     <- Finished tree
12:     Progress: 4924 trees processed; elapsed 1.50 d
12:     -> Evolving tree number 95092 {1}
35:         Output tree data at t=13.80 Gyr (output 1 of 1)
35:     <- Finished tree
35:     -> Evolving tree number 95069 {1}
10:         Output tree data at t=13.80 Gyr (output 1 of 1)
10:     <- Finished tree
10:     -> Evolving tree number 95094 {1}
30:         Output tree data at t=13.80 Gyr (output 1 of 1)
30:     <- Finished tree
30:     -> Evolving tree number 95026 {1}
36:         Output tree data at t=13.80 Gyr (output 1 of 1)
36:     <- Finished tree
36:     Progress: 4928 trees processed; elapsed 1.50 d
36:     -> Evolving tree number 94972 {1}
31:         Output tree data at t=13.80 Gyr (output 1 of 1)
31:     <- Finished tree
31:     -> Evolving tree number 95121 {1}
20:         Output tree data at t=13.80 Gyr (output 1 of 1)
20:     <- Finished tree
20:     Progress: 4930 trees processed; elapsed 1.50 d
20:     -> Evolving tree number 94988 {1}
02:         Output tree data at t=13.80 Gyr (output 1 of 1)
02:     <- Finished tree
04:         Output tree data at t=13.80 Gyr (output 1 of 1)
04:     <- Finished tree
09:         Output tree data at t=13.80 Gyr (output 1 of 1)
09:     <- Finished tree
02:     -> Evolving tree number 94958 {1}
04:     -> Evolving tree number 95004 {1}
09:     -> Evolving tree number 94951 {1}
39:         Output tree data at t=13.80 Gyr (output 1 of 1)
39:     <- Finished tree
39:     Progress: 4934 trees processed; elapsed 1.50 d
39:     -> Evolving tree number 95065 {1}
29:         Output tree data at t=13.80 Gyr (output 1 of 1)
29:     <- Finished tree
29:     -> Evolving tree number 95027 {1}
01:         Output tree data at t=13.80 Gyr (output 1 of 1)
01:     <- Finished tree
01:     Progress: 4936 trees processed; elapsed 1.50 d
01:     -> Evolving tree number 95151 {1}
46:         Output tree data at t=13.80 Gyr (output 1 of 1)
46:     <- Finished tree
18:         Output tree data at t=13.80 Gyr (output 1 of 1)
18:     <- Finished tree
46:     -> Evolving tree number 95058 {1}
21:         Output tree data at t=13.80 Gyr (output 1 of 1)
21:     <- Finished tree
18:     -> Evolving tree number 94894 {1}
21:     -> Evolving tree number 95227 {1}
38:         Output tree data at t=13.80 Gyr (output 1 of 1)
38:     <- Finished tree
38:     Progress: 4940 trees processed; elapsed 1.50 d
41:         Output tree data at t=13.80 Gyr (output 1 of 1)
41:     <- Finished tree
38:     -> Evolving tree number 95114 {1}
41:     -> Evolving tree number 95015 {1}
25:         Output tree data at t=13.80 Gyr (output 1 of 1)
25:     <- Finished tree
25:     -> Evolving tree number 94935 {1}
19:         Output tree data at t=13.80 Gyr (output 1 of 1)
19:     <- Finished tree
15:         Output tree data at t=13.80 Gyr (output 1 of 1)
15:     <- Finished tree
19:     -> Evolving tree number 94941 {1}
15:     -> Evolving tree number 94897 {1}
44:         Output tree data at t=13.80 Gyr (output 1 of 1)
44:     <- Finished tree
44:     Progress: 4945 trees processed; elapsed 1.50 d
44:     -> Evolving tree number 95060 {1}
08:         Output tree data at t=13.80 Gyr (output 1 of 1)
08:     <- Finished tree
08:     -> Evolving tree number 94904 {1}
45:         Output tree data at t=13.80 Gyr (output 1 of 1)
45:     <- Finished tree
45:     Progress: 4947 trees processed; elapsed 1.50 d
45:     -> Evolving tree number 95155 {1}
26:         Output tree data at t=13.80 Gyr (output 1 of 1)
26:     <- Finished tree
26:     -> Evolving tree number 94982 {1}
28:         Output tree data at t=13.80 Gyr (output 1 of 1)
28:     <- Finished tree
28:     -> Evolving tree number 95076 {1}
13:         Output tree data at t=13.80 Gyr (output 1 of 1)
13:     <- Finished tree
13:     Progress: 4950 trees processed; elapsed 1.50 d
13:     -> Evolving tree number 95043 {1}
34:         Output tree data at t=13.80 Gyr (output 1 of 1)
34:     <- Finished tree
34:     -> Evolving tree number 94830 {1}
17:         Output tree data at t=13.80 Gyr (output 1 of 1)
17:     <- Finished tree
17:     -> Evolving tree number 94991 {1}
16:         Output tree data at t=13.80 Gyr (output 1 of 1)
16:     <- Finished tree
16:     -> Evolving tree number 94944 {1}
42:         Output tree data at t=13.80 Gyr (output 1 of 1)
42:     <- Finished tree
42:     Progress: 4954 trees processed; elapsed 1.50 d
40:         Output tree data at t=13.80 Gyr (output 1 of 1)
40:     <- Finished tree
42:     -> Evolving tree number 95158 {1}
40:     -> Evolving tree number 94968 {1}
43:         Output tree data at t=13.80 Gyr (output 1 of 1)
43:     <- Finished tree
43:     Progress: 4956 trees processed; elapsed 1.50 d
06:         Output tree data at t=13.80 Gyr (output 1 of 1)
06:     <- Finished tree
43:     -> Evolving tree number 94965 {1}
06:     -> Evolving tree number 95002 {1}
47:         Output tree data at t=13.80 Gyr (output 1 of 1)
47:     <- Finished tree
47:     -> Evolving tree number 94865 {1}
00:         Output tree data at t=13.80 Gyr (output 1 of 1)
00:     <- Finished tree
00:     Progress: 4959 trees processed; elapsed 1.51 d
23:         Output tree data at t=13.80 Gyr (output 1 of 1)
23:     <- Finished tree
23:     -> Evolving tree number 94937 {1}
00:     -> Evolving tree number 95104 {1}
07:         Output tree data at t=13.80 Gyr (output 1 of 1)
07:     <- Finished tree
03:         Output tree data at t=13.80 Gyr (output 1 of 1)
03:     <- Finished tree
07:     -> Evolving tree number 95001 {1}
03:     -> Evolving tree number 95053 {1}
05:         Output tree data at t=13.80 Gyr (output 1 of 1)
05:     <- Finished tree
05:     -> Evolving tree number 94907 {1}
10:         Output tree data at t=13.80 Gyr (output 1 of 1)
10:     <- Finished tree
14:         Output tree data at t=13.80 Gyr (output 1 of 1)
14:     <- Finished tree
10:     -> Evolving tree number 95046 {1}
14:     -> Evolving tree number 94898 {1}
12:         Output tree data at t=13.80 Gyr (output 1 of 1)
12:     <- Finished tree
12:     Progress: 4966 trees processed; elapsed 1.51 d
12:     -> Evolving tree number 95044 {1}
32:         Output tree data at t=13.80 Gyr (output 1 of 1)
32:     <- Finished tree
37:         Output tree data at t=13.80 Gyr (output 1 of 1)
37:     <- Finished tree
32:     -> Evolving tree number 94976 {1}
33:         Output tree data at t=13.80 Gyr (output 1 of 1)
33:     <- Finished tree
37:     -> Evolving tree number 94971 {1}
33:     -> Evolving tree number 95071 {1}
31:         Output tree data at t=13.80 Gyr (output 1 of 1)
31:     <- Finished tree
31:     Progress: 4970 trees processed; elapsed 1.51 d
31:     -> Evolving tree number 95073 {1}
02:         Output tree data at t=13.80 Gyr (output 1 of 1)
02:     <- Finished tree
02:     -> Evolving tree number 94910 {1}
20:         Output tree data at t=13.80 Gyr (output 1 of 1)
20:     <- Finished tree
20:     -> Evolving tree number 94940 {1}
24:         Output tree data at t=13.80 Gyr (output 1 of 1)
24:     <- Finished tree
24:     Progress: 4973 trees processed; elapsed 1.51 d
24:     -> Evolving tree number 94888 {1}
35:         Output tree data at t=13.80 Gyr (output 1 of 1)
35:     <- Finished tree
35:     -> Evolving tree number 95021 {1}
46:         Output tree data at t=13.80 Gyr (output 1 of 1)
46:     <- Finished tree
46:     -> Evolving tree number 95010 {1}
01:         Output tree data at t=13.80 Gyr (output 1 of 1)
01:     <- Finished tree
01:     -> Evolving tree number 95103 {1}
30:         Output tree data at t=13.80 Gyr (output 1 of 1)
30:     <- Finished tree
30:     Progress: 4977 trees processed; elapsed 1.51 d
30:     -> Evolving tree number 94978 {1}
04:         Output tree data at t=13.80 Gyr (output 1 of 1)
04:     <- Finished tree
04:     -> Evolving tree number 94956 {1}
19:         Output tree data at t=13.80 Gyr (output 1 of 1)
19:     <- Finished tree
19:     Progress: 4979 trees processed; elapsed 1.51 d
19:     -> Evolving tree number 94893 {1}
25:         Output tree data at t=13.80 Gyr (output 1 of 1)
25:     <- Finished tree
11:         Output tree data at t=13.80 Gyr (output 1 of 1)
11:     <- Finished tree
22:         Output tree data at t=13.80 Gyr (output 1 of 1)
22:     <- Finished tree
25:     -> Evolving tree number 94887 {1}
11:     -> Evolving tree number 94949 {1}
22:     -> Evolving tree number 94986 {1}
36:         Output tree data at t=13.80 Gyr (output 1 of 1)
36:     <- Finished tree
39:         Output tree data at t=13.80 Gyr (output 1 of 1)
39:     <- Finished tree
36:     -> Evolving tree number 94924 {1}
39:     -> Evolving tree number 95017 {1}
41:         Output tree data at t=13.80 Gyr (output 1 of 1)
41:     <- Finished tree
41:     Progress: 4985 trees processed; elapsed 1.51 d
27:         Output tree data at t=13.80 Gyr (output 1 of 1)
27:     <- Finished tree
41:     -> Evolving tree number 94967 {1}
27:     -> Evolving tree number 94981 {1}
21:         Output tree data at t=13.80 Gyr (output 1 of 1)
21:     <- Finished tree
21:     -> Evolving tree number 95179 {1}
26:         Output tree data at t=13.80 Gyr (output 1 of 1)
26:     <- Finished tree
26:     Progress: 4988 trees processed; elapsed 1.51 d
26:     -> Evolving tree number 94934 {1}
09:         Output tree data at t=13.80 Gyr (output 1 of 1)
09:     <- Finished tree
09:     Progress: 4989 trees processed; elapsed 1.51 d
09:     -> Evolving tree number 94903 {1}
17:         Output tree data at t=13.80 Gyr (output 1 of 1)
17:     <- Finished tree
17:     Progress: 4990 trees processed; elapsed 1.52 d
15:         Output tree data at t=13.80 Gyr (output 1 of 1)
15:     <- Finished tree
14:         Output tree data at t=13.80 Gyr (output 1 of 1)
14:     <- Finished tree
17:     -> Evolving tree number 94943 {1}
15:     -> Evolving tree number 94849 {1}
14:     -> Evolving tree number 94850 {1}
16:         Output tree data at t=13.80 Gyr (output 1 of 1)
16:     <- Finished tree
16:     -> Evolving tree number 94896 {1}
18:         Output tree data at t=13.80 Gyr (output 1 of 1)
18:     <- Finished tree
18:     Progress: 4994 trees processed; elapsed 1.52 d
34:         Output tree data at t=13.80 Gyr (output 1 of 1)
34:     <- Finished tree
18:     -> Evolving tree number 94846 {1}
34:     -> Evolving tree number 94782 {1}
08:         Output tree data at t=13.80 Gyr (output 1 of 1)
08:     <- Finished tree
08:     -> Evolving tree number 94856 {1}
38:         Output tree data at t=13.80 Gyr (output 1 of 1)
38:     <- Finished tree
38:     Progress: 4997 trees processed; elapsed 1.52 d
38:     -> Evolving tree number 95066 {1}
12:         Output tree data at t=13.80 Gyr (output 1 of 1)
12:     <- Finished tree
12:     -> Evolving tree number 94996 {1}
28:         Output tree data at t=13.80 Gyr (output 1 of 1)
28:     <- Finished tree
42:         Output tree data at t=13.80 Gyr (output 1 of 1)
28:     -> Evolving tree number 95028 {1}
42:     <- Finished tree
42:     Progress: 5000 trees processed; elapsed 1.52 d
42:     -> Evolving tree number 95110 {1}
44:         Output tree data at t=13.80 Gyr (output 1 of 1)
44:     <- Finished tree
44:     -> Evolving tree number 95012 {1}
05:         Output tree data at t=13.80 Gyr (output 1 of 1)
05:     <- Finished tree
37:         Output tree data at t=13.80 Gyr (output 1 of 1)
37:     <- Finished tree
05:     -> Evolving tree number 94859 {1}
37:     -> Evolving tree number 94923 {1}
33:         Output tree data at t=13.80 Gyr (output 1 of 1)
33:     <- Finished tree
33:     Progress: 5004 trees processed; elapsed 1.52 d
33:     -> Evolving tree number 95023 {1}
43:         Output tree data at t=13.80 Gyr (output 1 of 1)
43:     <- Finished tree
43:     -> Evolving tree number 94917 {1}
06:         Output tree data at t=13.80 Gyr (output 1 of 1)
06:     <- Finished tree
06:     -> Evolving tree number 94954 {1}
29:         Output tree data at t=13.80 Gyr (output 1 of 1)
29:     <- Finished tree
29:     Progress: 5007 trees processed; elapsed 1.52 d
29:     -> Evolving tree number 94979 {1}
07:         Output tree data at t=13.80 Gyr (output 1 of 1)
07:     <- Finished tree
13:         Output tree data at t=13.80 Gyr (output 1 of 1)
13:     <- Finished tree
07:     -> Evolving tree number 94953 {1}
13:     -> Evolving tree number 94995 {1}
23:         Output tree data at t=13.80 Gyr (output 1 of 1)
23:     <- Finished tree
23:     -> Evolving tree number 94889 {1}
47:         Output tree data at t=13.80 Gyr (output 1 of 1)
47:     <- Finished tree
47:     Progress: 5011 trees processed; elapsed 1.52 d
47:     -> Evolving tree number 94817 {1}
00:         Output tree data at t=13.80 Gyr (output 1 of 1)
00:     <- Finished tree
00:     Progress: 5012 trees processed; elapsed 1.52 d
00:     -> Evolving tree number 95056 {1}
45:         Output tree data at t=13.80 Gyr (output 1 of 1)
45:     <- Finished tree
45:     -> Evolving tree number 95107 {1}
03:         Output tree data at t=13.80 Gyr (output 1 of 1)
03:     <- Finished tree
32:         Output tree data at t=13.80 Gyr (output 1 of 1)
32:     <- Finished tree
03:     -> Evolving tree number 95005 {1}
32:     -> Evolving tree number 94928 {1}
01:         Output tree data at t=13.80 Gyr (output 1 of 1)
01:     <- Finished tree
01:     Progress: 5016 trees processed; elapsed 1.52 d
01:     -> Evolving tree number 95055 {1}
02:         Output tree data at t=13.80 Gyr (output 1 of 1)
02:     <- Finished tree
27:         Output tree data at t=13.80 Gyr (output 1 of 1)
27:     <- Finished tree
20:         Output tree data at t=13.80 Gyr (output 1 of 1)
20:     <- Finished tree
02:     -> Evolving tree number 94862 {1}
27:     -> Evolving tree number 94933 {1}
20:     -> Evolving tree number 94892 {1}
35:         Output tree data at t=13.80 Gyr (output 1 of 1)
35:     <- Finished tree
35:     Progress: 5020 trees processed; elapsed 1.52 d
10:         Output tree data at t=13.80 Gyr (output 1 of 1)
10:     <- Finished tree
35:     -> Evolving tree number 94973 {1}
10:     -> Evolving tree number 94998 {1}
31:         Output tree data at t=13.80 Gyr (output 1 of 1)
31:     <- Finished tree
24:         Output tree data at t=13.80 Gyr (output 1 of 1)
24:     <- Finished tree
31:     -> Evolving tree number 95025 {1}
24:     -> Evolving tree number 94840 {1}
36:         Output tree data at t=13.80 Gyr (output 1 of 1)
36:     <- Finished tree
36:     Progress: 5024 trees processed; elapsed 1.52 d
36:     -> Evolving tree number 94876 {1}
40:         Output tree data at t=13.80 Gyr (output 1 of 1)
40:     <- Finished tree
19:         Output tree data at t=13.80 Gyr (output 1 of 1)
19:     <- Finished tree
40:     -> Evolving tree number 94920 {1}
19:     -> Evolving tree number 94845 {1}
41:         Output tree data at t=13.80 Gyr (output 1 of 1)
41:     <- Finished tree
41:     Progress: 5027 trees processed; elapsed 1.53 d
41:     -> Evolving tree number 94919 {1}
30:         Output tree data at t=13.80 Gyr (output 1 of 1)
30:     <- Finished tree
30:     -> Evolving tree number 94930 {1}
15:         Output tree data at t=13.80 Gyr (output 1 of 1)
15:     <- Finished tree
15:     -> Evolving tree number 94801 {1}
17:         Output tree data at t=13.80 Gyr (output 1 of 1)
17:     <- Finished tree
17:     Progress: 5030 trees processed; elapsed 1.53 d
17:     -> Evolving tree number 94895 {1}
26:         Output tree data at t=13.80 Gyr (output 1 of 1)
26:     <- Finished tree
46:         Output tree data at t=13.80 Gyr (output 1 of 1)
46:     <- Finished tree
26:     -> Evolving tree number 94886 {1}
46:     -> Evolving tree number 94962 {1}
14:         Output tree data at t=13.80 Gyr (output 1 of 1)
14:     <- Finished tree
14:     -> Evolving tree number 94802 {1}
04:         Output tree data at t=13.80 Gyr (output 1 of 1)
04:     <- Finished tree
04:     Progress: 5034 trees processed; elapsed 1.53 d
09:         Output tree data at t=13.80 Gyr (output 1 of 1)
09:     <- Finished tree
04:     -> Evolving tree number 94908 {1}
09:     -> Evolving tree number 94855 {1}
25:         Output tree data at t=13.80 Gyr (output 1 of 1)
25:     <- Finished tree
25:     -> Evolving tree number 94839 {1}
16:         Output tree data at t=13.80 Gyr (output 1 of 1)
16:     <- Finished tree
16:     -> Evolving tree number 94848 {1}
38:         Output tree data at t=13.80 Gyr (output 1 of 1)
38:     <- Finished tree
38:     Progress: 5038 trees processed; elapsed 1.53 d
38:     -> Evolving tree number 95018 {1}
18:         Output tree data at t=13.80 Gyr (output 1 of 1)
18:     <- Finished tree
18:     -> Evolving tree number 94798 {1}
11:         Output tree data at t=13.80 Gyr (output 1 of 1)
11:     <- Finished tree
11:     -> Evolving tree number 94901 {1}
22:         Output tree data at t=13.80 Gyr (output 1 of 1)
22:     <- Finished tree
22:     -> Evolving tree number 94938 {1}
05:         Output tree data at t=13.80 Gyr (output 1 of 1)
05:     <- Finished tree
05:     Progress: 5042 trees processed; elapsed 1.53 d
42:         Output tree data at t=13.80 Gyr (output 1 of 1)
42:     <- Finished tree
08:         Output tree data at t=13.80 Gyr (output 1 of 1)
08:     <- Finished tree
05:     -> Evolving tree number 94811 {1}
42:     -> Evolving tree number 95062 {1}
08:     -> Evolving tree number 94808 {1}
21:         Output tree data at t=13.80 Gyr (output 1 of 1)
21:     <- Finished tree
21:     Progress: 5045 trees processed; elapsed 1.53 d
21:     -> Evolving tree number 95131 {1}
47:         Output tree data at t=13.80 Gyr (output 1 of 1)
47:     <- Finished tree
47:     Progress: 5046 trees processed; elapsed 1.53 d
47:     -> Evolving tree number 94769 {1}
01:         Output tree data at t=13.80 Gyr (output 1 of 1)
01:     <- Finished tree
01:     -> Evolving tree number 95007 {1}
33:         Output tree data at t=13.80 Gyr (output 1 of 1)
33:     <- Finished tree
33:     -> Evolving tree number 94975 {1}
37:         Output tree data at t=13.80 Gyr (output 1 of 1)
37:     <- Finished tree
37:     Progress: 5049 trees processed; elapsed 1.53 d
37:     -> Evolving tree number 94875 {1}
34:         Output tree data at t=13.80 Gyr (output 1 of 1)
34:     <- Finished tree
27:         Output tree data at t=13.80 Gyr (output 1 of 1)
27:     <- Finished tree
34:     -> Evolving tree number 94734 {1}
28:         Output tree data at t=13.80 Gyr (output 1 of 1)
28:     <- Finished tree
27:     -> Evolving tree number 94885 {1}
28:     -> Evolving tree number 94980 {1}
39:         Output tree data at t=13.80 Gyr (output 1 of 1)
39:     <- Finished tree
12:         Output tree data at t=13.80 Gyr (output 1 of 1)
12:     <- Finished tree
39:     -> Evolving tree number 94969 {1}
12:     -> Evolving tree number 94948 {1}
43:         Output tree data at t=13.80 Gyr (output 1 of 1)
43:     <- Finished tree
43:     -> Evolving tree number 94869 {1}
06:         Output tree data at t=13.80 Gyr (output 1 of 1)
06:     <- Finished tree
06:     Progress: 5056 trees processed; elapsed 1.53 d
07:         Output tree data at t=13.80 Gyr (output 1 of 1)
07:     <- Finished tree
06:     -> Evolving tree number 94906 {1}
07:     -> Evolving tree number 94905 {1}
10:         Output tree data at t=13.80 Gyr (output 1 of 1)
10:     <- Finished tree
10:     -> Evolving tree number 94950 {1}
44:         Output tree data at t=13.80 Gyr (output 1 of 1)
44:     <- Finished tree
44:     Progress: 5059 trees processed; elapsed 1.53 d
44:     -> Evolving tree number 94964 {1}
35:         Output tree data at t=13.80 Gyr (output 1 of 1)
35:     <- Finished tree
35:     Progress: 5060 trees processed; elapsed 1.54 d
32:         Output tree data at t=13.80 Gyr (output 1 of 1)
32:     <- Finished tree
35:     -> Evolving tree number 94925 {1}
32:     -> Evolving tree number 94880 {1}
40:         Output tree data at t=13.80 Gyr (output 1 of 1)
40:     <- Finished tree
40:     -> Evolving tree number 94872 {1}
29:         Output tree data at t=13.80 Gyr (output 1 of 1)
29:     <- Finished tree
29:     Progress: 5063 trees processed; elapsed 1.54 d
00:         Output tree data at t=13.80 Gyr (output 1 of 1)
00:     <- Finished tree
23:         Output tree data at t=13.80 Gyr (output 1 of 1)
23:     <- Finished tree
29:     -> Evolving tree number 94931 {1}
00:     -> Evolving tree number 95008 {1}
23:     -> Evolving tree number 94841 {1}
15:         Output tree data at t=13.80 Gyr (output 1 of 1)
15:     <- Finished tree
15:     -> Evolving tree number 94753 {1}
03:         Output tree data at t=13.80 Gyr (output 1 of 1)
03:     <- Finished tree
03:     -> Evolving tree number 94957 {1}
14:         Output tree data at t=13.80 Gyr (output 1 of 1)
14:     <- Finished tree
14:     Progress: 5068 trees processed; elapsed 1.54 d
14:     -> Evolving tree number 94754 {1}
13:         Output tree data at t=13.80 Gyr (output 1 of 1)
13:     <- Finished tree
13:     -> Evolving tree number 94947 {1}
31:         Output tree data at t=13.80 Gyr (output 1 of 1)
31:     <- Finished tree
30:         Output tree data at t=13.80 Gyr (output 1 of 1)
30:     <- Finished tree
31:     -> Evolving tree number 94977 {1}
30:     -> Evolving tree number 94882 {1}
20:         Output tree data at t=13.80 Gyr (output 1 of 1)
20:     <- Finished tree
20:     -> Evolving tree number 94844 {1}
45:         Output tree data at t=13.80 Gyr (output 1 of 1)
45:     <- Finished tree
45:     Progress: 5073 trees processed; elapsed 1.54 d
45:     -> Evolving tree number 95059 {1}
02:         Output tree data at t=13.80 Gyr (output 1 of 1)
02:     <- Finished tree
46:         Output tree data at t=13.80 Gyr (output 1 of 1)
46:     <- Finished tree
02:     -> Evolving tree number 94814 {1}
46:     -> Evolving tree number 94914 {1}
24:         Output tree data at t=13.80 Gyr (output 1 of 1)
24:     <- Finished tree
24:     Progress: 5076 trees processed; elapsed 1.54 d
24:     -> Evolving tree number 94792 {1}
04:         Output tree data at t=13.80 Gyr (output 1 of 1)
04:     <- Finished tree
04:     -> Evolving tree number 94860 {1}
09:         Output tree data at t=13.80 Gyr (output 1 of 1)
09:     <- Finished tree
09:     Progress: 5078 trees processed; elapsed 1.54 d
09:     -> Evolving tree number 94807 {1}
42:         Output tree data at t=13.80 Gyr (output 1 of 1)
42:     <- Finished tree
36:         Output tree data at t=13.80 Gyr (output 1 of 1)
36:     <- Finished tree
42:     -> Evolving tree number 95014 {1}
36:     -> Evolving tree number 94828 {1}
07:         Output tree data at t=13.80 Gyr (output 1 of 1)
07:     <- Finished tree
07:     -> Evolving tree number 94857 {1}
19:         Output tree data at t=13.80 Gyr (output 1 of 1)
19:     <- Finished tree
19:     -> Evolving tree number 94797 {1}
41:         Output tree data at t=13.80 Gyr (output 1 of 1)
41:     <- Finished tree
41:     Progress: 5083 trees processed; elapsed 1.54 d
37:         Output tree data at t=13.80 Gyr (output 1 of 1)
37:     <- Finished tree
41:     -> Evolving tree number 94871 {1}
37:     -> Evolving tree number 94827 {1}
17:         Output tree data at t=13.80 Gyr (output 1 of 1)
17:     <- Finished tree
17:     -> Evolving tree number 94847 {1}
21:         Output tree data at t=13.80 Gyr (output 1 of 1)
21:     <- Finished tree
21:     -> Evolving tree number 95083 {1}
08:         Output tree data at t=13.80 Gyr (output 1 of 1)
08:     <- Finished tree
08:     Progress: 5087 trees processed; elapsed 1.54 d
05:         Output tree data at t=13.80 Gyr (output 1 of 1)
05:     <- Finished tree
08:     -> Evolving tree number 94760 {1}
05:     -> Evolving tree number 94763 {1}
44:         Output tree data at t=13.80 Gyr (output 1 of 1)
44:     <- Finished tree
44:     -> Evolving tree number 94916 {1}
11:         Output tree data at t=13.80 Gyr (output 1 of 1)
11:     <- Finished tree
11:     Progress: 5090 trees processed; elapsed 1.54 d
11:     -> Evolving tree number 94853 {1}
38:         Output tree data at t=13.80 Gyr (output 1 of 1)
38:     <- Finished tree
38:     -> Evolving tree number 94970 {1}
06:         Output tree data at t=13.80 Gyr (output 1 of 1)
06:     <- Finished tree
06:     Progress: 5092 trees processed; elapsed 1.55 d
06:     -> Evolving tree number 94858 {1}
22:         Output tree data at t=13.80 Gyr (output 1 of 1)
22:     <- Finished tree
47:         Output tree data at t=13.80 Gyr (output 1 of 1)
47:     <- Finished tree
22:     -> Evolving tree number 94890 {1}
47:     -> Evolving tree number 94721 {1}
25:         Output tree data at t=13.80 Gyr (output 1 of 1)
25:     <- Finished tree
33:         Output tree data at t=13.80 Gyr (output 1 of 1)
33:     <- Finished tree
25:     -> Evolving tree number 94791 {1}
35:         Output tree data at t=13.80 Gyr (output 1 of 1)
35:     <- Finished tree
26:         Output tree data at t=13.80 Gyr (output 1 of 1)
26:     <- Finished tree
16:         Output tree data at t=13.80 Gyr (output 1 of 1)
16:     <- Finished tree
35:     -> Evolving tree number 94877 {1}
33:     -> Evolving tree number 94927 {1}
23:         Output tree data at t=13.80 Gyr (output 1 of 1)
23:     <- Finished tree
26:     -> Evolving tree number 94838 {1}
16:     -> Evolving tree number 94800 {1}
23:     -> Evolving tree number 94793 {1}
18:         Output tree data at t=13.80 Gyr (output 1 of 1)
18:     <- Finished tree
18:     Progress: 5101 trees processed; elapsed 1.55 d
18:     -> Evolving tree number 94750 {1}
40:         Output tree data at t=13.80 Gyr (output 1 of 1)
40:     <- Finished tree
12:         Output tree data at t=13.80 Gyr (output 1 of 1)
12:     <- Finished tree
40:     -> Evolving tree number 94824 {1}
12:     -> Evolving tree number 94900 {1}
43:         Output tree data at t=13.80 Gyr (output 1 of 1)
43:     <- Finished tree
43:     Progress: 5104 trees processed; elapsed 1.55 d
43:     -> Evolving tree number 94821 {1}
15:         Output tree data at t=13.80 Gyr (output 1 of 1)
15:     <- Finished tree
10:         Output tree data at t=13.80 Gyr (output 1 of 1)
10:     <- Finished tree
15:     -> Evolving tree number 94705 {1}
39:         Output tree data at t=13.80 Gyr (output 1 of 1)
39:     <- Finished tree
10:     -> Evolving tree number 94902 {1}
39:     -> Evolving tree number 94921 {1}
28:         Output tree data at t=13.80 Gyr (output 1 of 1)
28:     <- Finished tree
28:     -> Evolving tree number 94932 {1}
27:         Output tree data at t=13.80 Gyr (output 1 of 1)
27:     <- Finished tree
32:         Output tree data at t=13.80 Gyr (output 1 of 1)
32:     <- Finished tree
03:         Output tree data at t=13.80 Gyr (output 1 of 1)
03:     <- Finished tree
27:     -> Evolving tree number 94837 {1}
32:     -> Evolving tree number 94832 {1}
03:     -> Evolving tree number 94909 {1}
29:         Output tree data at t=13.80 Gyr (output 1 of 1)
29:     <- Finished tree
29:     -> Evolving tree number 94883 {1}
24:         Output tree data at t=13.80 Gyr (output 1 of 1)
24:     <- Finished tree
24:     Progress: 5113 trees processed; elapsed 1.55 d
24:     -> Evolving tree number 94744 {1}
45:         Output tree data at t=13.80 Gyr (output 1 of 1)
45:     <- Finished tree
45:     Progress: 5114 trees processed; elapsed 1.55 d
45:     -> Evolving tree number 95011 {1}
14:         Output tree data at t=13.80 Gyr (output 1 of 1)
14:     <- Finished tree
14:     -> Evolving tree number 94706 {1}
37:         Output tree data at t=13.80 Gyr (output 1 of 1)
37:     <- Finished tree
37:     Progress: 5116 trees processed; elapsed 1.55 d
37:     -> Evolving tree number 94779 {1}
30:         Output tree data at t=13.80 Gyr (output 1 of 1)
30:     <- Finished tree
30:     -> Evolving tree number 94834 {1}
13:         Output tree data at t=13.80 Gyr (output 1 of 1)
13:     <- Finished tree
13:     -> Evolving tree number 94899 {1}
31:         Output tree data at t=13.80 Gyr (output 1 of 1)
31:     <- Finished tree
31:     Progress: 5119 trees processed; elapsed 1.55 d
31:     -> Evolving tree number 94929 {1}
21:         Output tree data at t=13.80 Gyr (output 1 of 1)
21:     <- Finished tree
00:         Output tree data at t=13.80 Gyr (output 1 of 1)
00:     <- Finished tree
21:     -> Evolving tree number 95035 {1}
00:     -> Evolving tree number 94960 {1}
25:         Output tree data at t=13.80 Gyr (output 1 of 1)
25:     <- Finished tree
25:     -> Evolving tree number 94743 {1}
46:         Output tree data at t=13.80 Gyr (output 1 of 1)
46:     <- Finished tree
46:     Progress: 5123 trees processed; elapsed 1.55 d
46:     -> Evolving tree number 94866 {1}
42:         Output tree data at t=13.80 Gyr (output 1 of 1)
42:     <- Finished tree
42:     Progress: 5124 trees processed; elapsed 1.55 d
42:     -> Evolving tree number 94966 {1}
20:         Output tree data at t=13.80 Gyr (output 1 of 1)
20:     <- Finished tree
20:     -> Evolving tree number 94796 {1}
44:         Output tree data at t=13.80 Gyr (output 1 of 1)
44:     <- Finished tree
34:         Output tree data at t=13.80 Gyr (output 1 of 1)
34:     <- Finished tree
34:     -> Evolving tree number 94686 {1}
44:     -> Evolving tree number 94868 {1}
04:         Output tree data at t=13.80 Gyr (output 1 of 1)
04:     <- Finished tree
04:     Progress: 5128 trees processed; elapsed 1.55 d
04:     -> Evolving tree number 94812 {1}
02:         Output tree data at t=13.80 Gyr (output 1 of 1)
02:     <- Finished tree
02:     -> Evolving tree number 94766 {1}
01:         Output tree data at t=13.80 Gyr (output 1 of 1)
01:     <- Finished tree
01:     Progress: 5130 trees processed; elapsed 1.56 d
01:     -> Evolving tree number 94959 {1}
39:         Output tree data at t=13.80 Gyr (output 1 of 1)
39:     <- Finished tree
09:         Output tree data at t=13.80 Gyr (output 1 of 1)
09:     <- Finished tree
19:         Output tree data at t=13.80 Gyr (output 1 of 1)
19:     <- Finished tree
39:     -> Evolving tree number 94873 {1}
09:     -> Evolving tree number 94759 {1}
19:     -> Evolving tree number 94749 {1}
06:         Output tree data at t=13.80 Gyr (output 1 of 1)
06:     <- Finished tree
06:     -> Evolving tree number 94810 {1}
12:         Output tree data at t=13.80 Gyr (output 1 of 1)
12:     <- Finished tree
12:     -> Evolving tree number 94852 {1}
08:         Output tree data at t=13.80 Gyr (output 1 of 1)
08:     <- Finished tree
08:     -> Evolving tree number 94712 {1}
07:         Output tree data at t=13.80 Gyr (output 1 of 1)
07:     <- Finished tree
07:     Progress: 5137 trees processed; elapsed 1.56 d
07:     -> Evolving tree number 94809 {1}
05:         Output tree data at t=13.80 Gyr (output 1 of 1)
05:     <- Finished tree
05:     -> Evolving tree number 94715 {1}
17:         Output tree data at t=13.80 Gyr (output 1 of 1)
17:     <- Finished tree
17:     Progress: 5139 trees processed; elapsed 1.56 d
17:     -> Evolving tree number 94799 {1}
36:         Output tree data at t=13.80 Gyr (output 1 of 1)
36:     <- Finished tree
36:     -> Evolving tree number 94780 {1}
10:         Output tree data at t=13.80 Gyr (output 1 of 1)
10:     <- Finished tree
10:     Progress: 5141 trees processed; elapsed 1.56 d
16:         Output tree data at t=13.80 Gyr (output 1 of 1)
16:     <- Finished tree
10:     -> Evolving tree number 94854 {1}
23:         Output tree data at t=13.80 Gyr (output 1 of 1)
23:     <- Finished tree
16:     -> Evolving tree number 94752 {1}
23:     -> Evolving tree number 94745 {1}
11:         Output tree data at t=13.80 Gyr (output 1 of 1)
11:     <- Finished tree
11:     -> Evolving tree number 94805 {1}
47:         Output tree data at t=13.80 Gyr (output 1 of 1)
47:     <- Finished tree
47:     -> Evolving tree number 94673 {1}
33:         Output tree data at t=13.80 Gyr (output 1 of 1)
33:     <- Finished tree
33:     -> Evolving tree number 94879 {1}
41:         Output tree data at t=13.80 Gyr (output 1 of 1)
41:     <- Finished tree
41:     Progress: 5147 trees processed; elapsed 1.56 d
41:     -> Evolving tree number 94823 {1}
27:         Output tree data at t=13.80 Gyr (output 1 of 1)
27:     <- Finished tree
27:     -> Evolving tree number 94789 {1}
26:         Output tree data at t=13.80 Gyr (output 1 of 1)
26:     <- Finished tree
03:         Output tree data at t=13.80 Gyr (output 1 of 1)
03:     <- Finished tree
26:     -> Evolving tree number 94790 {1}
03:     -> Evolving tree number 94861 {1}
32:         Output tree data at t=13.80 Gyr (output 1 of 1)
32:     <- Finished tree
32:     Progress: 5151 trees processed; elapsed 1.56 d
32:     -> Evolving tree number 94784 {1}
40:         Output tree data at t=13.80 Gyr (output 1 of 1)
40:     <- Finished tree
40:     -> Evolving tree number 94776 {1}
18:         Output tree data at t=13.80 Gyr (output 1 of 1)
18:     <- Finished tree
18:     -> Evolving tree number 94702 {1}
45:         Output tree data at t=13.80 Gyr (output 1 of 1)
45:     <- Finished tree
45:     Progress: 5154 trees processed; elapsed 1.56 d
45:     -> Evolving tree number 94963 {1}
35:         Output tree data at t=13.80 Gyr (output 1 of 1)
35:     <- Finished tree
35:     -> Evolving tree number 94829 {1}
28:         Output tree data at t=13.80 Gyr (output 1 of 1)
28:     <- Finished tree
28:     -> Evolving tree number 94884 {1}
37:         Output tree data at t=13.80 Gyr (output 1 of 1)
37:     <- Finished tree
37:     Progress: 5157 trees processed; elapsed 1.56 d
37:     -> Evolving tree number 94731 {1}
29:         Output tree data at t=13.80 Gyr (output 1 of 1)
29:     <- Finished tree
29:     -> Evolving tree number 94835 {1}
22:         Output tree data at t=13.80 Gyr (output 1 of 1)
22:     <- Finished tree
22:     -> Evolving tree number 94842 {1}
46:         Output tree data at t=13.80 Gyr (output 1 of 1)
46:     <- Finished tree
46:     -> Evolving tree number 94818 {1}
13:         Output tree data at t=13.80 Gyr (output 1 of 1)
13:     <- Finished tree
13:     Progress: 5161 trees processed; elapsed 1.56 d
13:     -> Evolving tree number 94851 {1}
43:         Output tree data at t=13.80 Gyr (output 1 of 1)
43:     <- Finished tree
43:     -> Evolving tree number 94773 {1}
21:         Output tree data at t=13.80 Gyr (output 1 of 1)
21:     <- Finished tree
21:     -> Evolving tree number 94987 {1}
30:         Output tree data at t=13.80 Gyr (output 1 of 1)
30:     <- Finished tree
30:     -> Evolving tree number 94786 {1}
00:         Output tree data at t=13.80 Gyr (output 1 of 1)
00:     <- Finished tree
00:     Progress: 5165 trees processed; elapsed 1.56 d
00:     -> Evolving tree number 94912 {1}
04:         Output tree data at t=13.80 Gyr (output 1 of 1)
04:     <- Finished tree
04:     -> Evolving tree number 94764 {1}
14:         Output tree data at t=13.80 Gyr (output 1 of 1)
14:     <- Finished tree
14:     -> Evolving tree number 94658 {1}
24:         Output tree data at t=13.80 Gyr (output 1 of 1)
24:     <- Finished tree
24:     Progress: 5168 trees processed; elapsed 1.57 d
24:     -> Evolving tree number 94696 {1}
15:         Output tree data at t=13.80 Gyr (output 1 of 1)
15:     <- Finished tree
15:     -> Evolving tree number 94657 {1}
34:         Output tree data at t=13.80 Gyr (output 1 of 1)
34:     <- Finished tree
25:         Output tree data at t=13.80 Gyr (output 1 of 1)
25:     <- Finished tree
34:     -> Evolving tree number 94638 {1}
25:     -> Evolving tree number 94695 {1}
38:         Output tree data at t=13.80 Gyr (output 1 of 1)
38:     <- Finished tree
38:     Progress: 5172 trees processed; elapsed 1.57 d
42:         Output tree data at t=13.80 Gyr (output 1 of 1)
42:     <- Finished tree
19:         Output tree data at t=13.80 Gyr (output 1 of 1)
19:     <- Finished tree
38:     -> Evolving tree number 94922 {1}
42:     -> Evolving tree number 94918 {1}
19:     -> Evolving tree number 94701 {1}
36:         Output tree data at t=13.80 Gyr (output 1 of 1)
36:     <- Finished tree
39:         Output tree data at t=13.80 Gyr (output 1 of 1)
39:     <- Finished tree
36:     -> Evolving tree number 94732 {1}
39:     -> Evolving tree number 94825 {1}
20:         Output tree data at t=13.80 Gyr (output 1 of 1)
20:     <- Finished tree
20:     -> Evolving tree number 94748 {1}
10:         Output tree data at t=13.80 Gyr (output 1 of 1)
10:     <- Finished tree
10:     Progress: 5178 trees processed; elapsed 1.57 d
10:     -> Evolving tree number 94806 {1}
44:         Output tree data at t=13.80 Gyr (output 1 of 1)
44:     <- Finished tree
44:     Progress: 5179 trees processed; elapsed 1.57 d
08:         Output tree data at t=13.80 Gyr (output 1 of 1)
08:     <- Finished tree
44:     -> Evolving tree number 94820 {1}
08:     -> Evolving tree number 94664 {1}
31:         Output tree data at t=13.80 Gyr (output 1 of 1)
31:     <- Finished tree
31:     Progress: 5181 trees processed; elapsed 1.57 d
16:         Output tree data at t=13.80 Gyr (output 1 of 1)
16:     <- Finished tree
31:     -> Evolving tree number 94881 {1}
16:     -> Evolving tree number 94704 {1}
02:         Output tree data at t=13.80 Gyr (output 1 of 1)
02:     <- Finished tree
02:     -> Evolving tree number 94718 {1}
23:         Output tree data at t=13.80 Gyr (output 1 of 1)
23:     <- Finished tree
23:     -> Evolving tree number 94697 {1}
01:         Output tree data at t=13.80 Gyr (output 1 of 1)
01:     <- Finished tree
01:     -> Evolving tree number 94911 {1}
32:         Output tree data at t=13.80 Gyr (output 1 of 1)
32:     <- Finished tree
32:     Progress: 5186 trees processed; elapsed 1.57 d
05:         Output tree data at t=13.80 Gyr (output 1 of 1)
05:     <- Finished tree
32:     -> Evolving tree number 94736 {1}
05:     -> Evolving tree number 94667 {1}
07:         Output tree data at t=13.80 Gyr (output 1 of 1)
07:     <- Finished tree
07:     -> Evolving tree number 94761 {1}
03:         Output tree data at t=13.80 Gyr (output 1 of 1)
03:     <- Finished tree
17:         Output tree data at t=13.80 Gyr (output 1 of 1)
17:     <- Finished tree
11:         Output tree data at t=13.80 Gyr (output 1 of 1)
11:     <- Finished tree
03:     -> Evolving tree number 94813 {1}
17:     -> Evolving tree number 94751 {1}
11:     -> Evolving tree number 94757 {1}
09:         Output tree data at t=13.80 Gyr (output 1 of 1)
09:     <- Finished tree
09:     Progress: 5192 trees processed; elapsed 1.57 d
46:         Output tree data at t=13.80 Gyr (output 1 of 1)
46:     <- Finished tree
09:     -> Evolving tree number 94711 {1}
46:     -> Evolving tree number 94770 {1}
45:         Output tree data at t=13.80 Gyr (output 1 of 1)
45:     <- Finished tree
28:         Output tree data at t=13.80 Gyr (output 1 of 1)
28:     <- Finished tree
45:     -> Evolving tree number 94915 {1}
28:     -> Evolving tree number 94836 {1}
27:         Output tree data at t=13.80 Gyr (output 1 of 1)
27:     <- Finished tree
27:     Progress: 5196 trees processed; elapsed 1.57 d
27:     -> Evolving tree number 94741 {1}
33:         Output tree data at t=13.80 Gyr (output 1 of 1)
33:     <- Finished tree
26:         Output tree data at t=13.80 Gyr (output 1 of 1)
26:     <- Finished tree
33:     -> Evolving tree number 94831 {1}
26:     -> Evolving tree number 94742 {1}
06:         Output tree data at t=13.80 Gyr (output 1 of 1)
06:     <- Finished tree
35:         Output tree data at t=13.80 Gyr (output 1 of 1)
35:     <- Finished tree
06:     -> Evolving tree number 94762 {1}
35:     -> Evolving tree number 94781 {1}
41:         Output tree data at t=13.80 Gyr (output 1 of 1)
41:     <- Finished tree
41:     Progress: 5201 trees processed; elapsed 1.57 d
41:     -> Evolving tree number 94775 {1}
21:         Output tree data at t=13.80 Gyr (output 1 of 1)
21:     <- Finished tree
21:     -> Evolving tree number 94939 {1}
12:         Output tree data at t=13.80 Gyr (output 1 of 1)
12:     <- Finished tree
12:     -> Evolving tree number 94804 {1}
00:         Output tree data at t=13.80 Gyr (output 1 of 1)
00:     <- Finished tree
00:     Progress: 5204 trees processed; elapsed 1.57 d
00:     -> Evolving tree number 94864 {1}
40:         Output tree data at t=13.80 Gyr (output 1 of 1)
40:     <- Finished tree
22:         Output tree data at t=13.80 Gyr (output 1 of 1)
22:     <- Finished tree
40:     -> Evolving tree number 94728 {1}
22:     -> Evolving tree number 94794 {1}
18:         Output tree data at t=13.80 Gyr (output 1 of 1)
18:     <- Finished tree
18:     Progress: 5207 trees processed; elapsed 1.58 d
18:     -> Evolving tree number 94654 {1}
44:         Output tree data at t=13.80 Gyr (output 1 of 1)
44:     <- Finished tree
13:         Output tree data at t=13.80 Gyr (output 1 of 1)
13:     <- Finished tree
44:     -> Evolving tree number 94772 {1}
13:     -> Evolving tree number 94803 {1}
30:         Output tree data at t=13.80 Gyr (output 1 of 1)
30:     <- Finished tree
30:     Progress: 5210 trees processed; elapsed 1.58 d
30:     -> Evolving tree number 94738 {1}
37:         Output tree data at t=13.80 Gyr (output 1 of 1)
37:     <- Finished tree
37:     -> Evolving tree number 94683 {1}
36:         Output tree data at t=13.80 Gyr (output 1 of 1)
36:     <- Finished tree
08:         Output tree data at t=13.80 Gyr (output 1 of 1)
08:     <- Finished tree
36:     -> Evolving tree number 94684 {1}
08:     -> Evolving tree number 94616 {1}
24:         Output tree data at t=13.80 Gyr (output 1 of 1)
24:     <- Finished tree
24:     Progress: 5214 trees processed; elapsed 1.58 d
29:         Output tree data at t=13.80 Gyr (output 1 of 1)
29:     <- Finished tree
24:     -> Evolving tree number 94648 {1}
29:     -> Evolving tree number 94787 {1}
47:         Output tree data at t=13.80 Gyr (output 1 of 1)
47:     <- Finished tree
47:     -> Evolving tree number 94625 {1}
34:         Output tree data at t=13.80 Gyr (output 1 of 1)
34:     <- Finished tree
34:     -> Evolving tree number 94590 {1}
14:         Output tree data at t=13.80 Gyr (output 1 of 1)
14:     <- Finished tree
14:     Progress: 5218 trees processed; elapsed 1.58 d
14:     -> Evolving tree number 94610 {1}
16:         Output tree data at t=13.80 Gyr (output 1 of 1)
16:     <- Finished tree
16:     -> Evolving tree number 94656 {1}
43:         Output tree data at t=13.80 Gyr (output 1 of 1)
43:     <- Finished tree
43:     -> Evolving tree number 94725 {1}
42:         Output tree data at t=13.80 Gyr (output 1 of 1)
42:     <- Finished tree
04:         Output tree data at t=13.80 Gyr (output 1 of 1)
04:     <- Finished tree
42:     -> Evolving tree number 94870 {1}
04:     -> Evolving tree number 94716 {1}
38:         Output tree data at t=13.80 Gyr (output 1 of 1)
38:     <- Finished tree
38:     -> Evolving tree number 94874 {1}
32:         Output tree data at t=13.80 Gyr (output 1 of 1)
32:     <- Finished tree
32:     Progress: 5224 trees processed; elapsed 1.58 d
19:         Output tree data at t=13.80 Gyr (output 1 of 1)
19:     <- Finished tree
32:     -> Evolving tree number 94688 {1}
19:     -> Evolving tree number 94653 {1}
39:         Output tree data at t=13.80 Gyr (output 1 of 1)
39:     <- Finished tree
39:     -> Evolving tree number 94777 {1}
03:         Output tree data at t=13.80 Gyr (output 1 of 1)
03:     <- Finished tree
03:     Progress: 5227 trees processed; elapsed 1.58 d
03:     -> Evolving tree number 94765 {1}
10:         Output tree data at t=13.80 Gyr (output 1 of 1)
10:     <- Finished tree
10:     -> Evolving tree number 94758 {1}
31:         Output tree data at t=13.80 Gyr (output 1 of 1)
31:     <- Finished tree
31:     Progress: 5229 trees processed; elapsed 1.58 d
02:         Output tree data at t=13.80 Gyr (output 1 of 1)
02:     <- Finished tree
06:         Output tree data at t=13.80 Gyr (output 1 of 1)
06:     <- Finished tree
31:     -> Evolving tree number 94833 {1}
02:     -> Evolving tree number 94670 {1}
06:     -> Evolving tree number 94714 {1}
40:         Output tree data at t=13.80 Gyr (output 1 of 1)
40:     <- Finished tree
25:         Output tree data at t=13.80 Gyr (output 1 of 1)
25:     <- Finished tree
40:     -> Evolving tree number 94680 {1}
25:     -> Evolving tree number 94647 {1}
35:         Output tree data at t=13.80 Gyr (output 1 of 1)
35:     <- Finished tree
46:         Output tree data at t=13.80 Gyr (output 1 of 1)
46:     <- Finished tree
35:     -> Evolving tree number 94733 {1}
46:     -> Evolving tree number 94722 {1}
07:         Output tree data at t=13.80 Gyr (output 1 of 1)
07:     <- Finished tree
07:     Progress: 5236 trees processed; elapsed 1.58 d
07:     -> Evolving tree number 94713 {1}
11:         Output tree data at t=13.80 Gyr (output 1 of 1)
11:     <- Finished tree
11:     -> Evolving tree number 94709 {1}
20:         Output tree data at t=13.80 Gyr (output 1 of 1)
20:     <- Finished tree
20:     Progress: 5238 trees processed; elapsed 1.58 d
20:     -> Evolving tree number 94700 {1}
41:         Output tree data at t=13.80 Gyr (output 1 of 1)
41:     <- Finished tree
26:         Output tree data at t=13.80 Gyr (output 1 of 1)
26:     <- Finished tree
41:     -> Evolving tree number 94727 {1}
26:     -> Evolving tree number 94694 {1}
09:         Output tree data at t=13.80 Gyr (output 1 of 1)
09:     <- Finished tree
12:         Output tree data at t=13.80 Gyr (output 1 of 1)
12:     <- Finished tree
09:     -> Evolving tree number 94663 {1}
12:     -> Evolving tree number 94756 {1}
15:         Output tree data at t=13.80 Gyr (output 1 of 1)
15:     <- Finished tree
27:         Output tree data at t=13.80 Gyr (output 1 of 1)
27:     <- Finished tree
15:     -> Evolving tree number 94609 {1}
27:     -> Evolving tree number 94693 {1}
18:         Output tree data at t=13.80 Gyr (output 1 of 1)
18:     <- Finished tree
18:     Progress: 5245 trees processed; elapsed 1.58 d
16:         Output tree data at t=13.80 Gyr (output 1 of 1)
16:     <- Finished tree
45:         Output tree data at t=13.80 Gyr (output 1 of 1)
45:     <- Finished tree
18:     -> Evolving tree number 94606 {1}
16:     -> Evolving tree number 94608 {1}
45:     -> Evolving tree number 94867 {1}
44:         Output tree data at t=13.80 Gyr (output 1 of 1)
44:     <- Finished tree
01:         Output tree data at t=13.80 Gyr (output 1 of 1)
01:     <- Finished tree
44:     -> Evolving tree number 94724 {1}
01:     -> Evolving tree number 94863 {1}
13:         Output tree data at t=13.80 Gyr (output 1 of 1)
13:     <- Finished tree
13:     Progress: 5250 trees processed; elapsed 1.59 d
13:     -> Evolving tree number 94755 {1}
23:         Output tree data at t=13.80 Gyr (output 1 of 1)
23:     <- Finished tree
22:         Output tree data at t=13.80 Gyr (output 1 of 1)
22:     <- Finished tree
05:         Output tree data at t=13.80 Gyr (output 1 of 1)
#0  0x97ecc7 in signal_handler_sigfpe
	at ./work/build/error/_module.p.F90:472
#1  0x1551aca3fb2f in ???
#2  0x22a56ef in node_component_hot_halo_standard_outflowing_mass_rate
	at ./work/build/objects/nodes/components/hot_halo/standard/_class.p.F90:1386
#3  0x20cb924 in __galacticus_nodes_MOD_hothalostandardoutflowingmassrate
	at ./work/build/objects/nodes/_class.p.F90:53304
#4  0x1b6861e in __nodes_operators_MOD_stellarfeedbackdisksdifferentialevolution
	at ./work/build/nodes/operators/physics/stellar_feedback/disks.p.F90:417
#5  0x1abe6d0 in __nodes_operators_MOD_multidifferentialevolution
	at ./work/build/nodes/operators/multi.p.F90:329
#6  0x1abe6d0 in __nodes_operators_MOD_multidifferentialevolution
	at ./work/build/nodes/operators/multi.p.F90:319
#7  0x14fe676 in __merger_trees_evolve_node.mergertreenodeevolverstandard__MOD_standardderivativescompute
	at ./work/build/merger_trees/node_evolver/standard.p.F90:1767
#8  0x14fe9de in __merger_trees_evolve_node.mergertreenodeevolverstandard__MOD_standardodes
	at ./work/build/merger_trees/node_evolver/standard.p.F90:1591
#9  0x1e3a199 in derivativeswrapper
	at ./work/build/numerical/ODE_solver/solver.p.F90:763
#10  0x1551adb38873 in gsl_odeiv2_evolve_apply
	at ode-initval2/evolve.c:148
#11  0x4128f6 in gsl_odeiv2_driver2_apply
	at source/external/gslODEInitVal2/driver2.c:192
#12  0x1e60f7d in __numerical_ode_solvers_MOD_odesolversolve
	at ./work/build/numerical/ODE_solver/solver.p.F90:641
#13  0x151049d in __merger_trees_evolve_node_MOD_standardevolve
	at ./work/build/merger_trees/node_evolver/standard.p.F90:1326
#14  0x146f8c2 in __merger_trees_evolve_MOD_standardevolve
	at ./work/build/merger_trees/evolver/standard.p.F90:958
#15  0x392f892 in __tasks_MOD_evolveforestsperform._omp_fn.0
	at ./work/build/tasks/evolve_forests/_class.p.F90:1807
#16  0x1551acc8d70d in gomp_thread_start
	at ../../../libgomp/team.c:129
#17  0x1551aca8b568 in ???
#18  0x1551acb1075f in ???
#19  0xffffffffffffffff in ???
 Galacticus experienced a floating point exception - will try to flush data before exiting.
  => Error occurred in thread           45
  => Command line was: /home/sackah/Galacticus/galacticus/Galacticus.exe /home/sackah/milkyway/parameter_files/baryonsMilkyWay.xml /home/sackah/milkyway/parameter_files/lmcConstraint.xml
  => The following warnings were issued:
 Using default value for parameter '[errorWaitTime]'
 Using default value for parameter '[componentBlackHole/outputMergers]'
 Using default value for parameter '[componentDisk/toleranceAbsoluteMass]'
 Using default value for parameter '[componentHotHalo/starveSatellitesOutflowed]'
 Using default value for parameter '[componentSpheroid/toleranceRelativeMetallicity]'
 Using default value for parameter '[stellarPopulationSpectraPostprocessorBuilder/names]'
 Using default class for parameter '[stellarPopulationSpectraPostprocessor]'
 Using default class for parameter '[stellarPopulationSpectraPostprocessorBuilder]'
 Using default value for parameter '[task/countForestsMaximum]'
 Using default value for parameter '[mergerTreeConstructor/mergerTreeConstructor/timeSnapTolerance]'
 Using default value for parameter '[mergerTreeBuilder/mergerTreeBuilder/redshiftMaximum]'
 Using default value for parameter '[mergerTreeBranchingProbability/gamma4]'
 Using default value for parameter '[powerSpectrumPrimordial/runningRunning]'
 Using default value for parameter '[transferFunction/transferFunctionType]'
 Using default value for parameter '[cosmologicalMassVariance/integrationFailureIsFatal]'
 Using default value for parameter '[criticalOverdensity/criticalOverdensity/normalization]'
 Using default value for parameter '[criticalOverdensity/haloEnvironment/normalization]'
 Using default value for parameter '[haloEnvironment/massEnvironment]'
 Using default value for parameter '[mergerTreeBuilder/trialCountMaximum]'
 Using default value for parameter '[randomNumberGenerator/ompThreadOffset]'
 Using default value for parameter '[cosmologicalMassVariance/haloMassFunction/rootVarianceLogarithmicGradientTolerance]'
 Using default value for parameter '[criticalOverdensity/haloMassFunction/normalization]'
 Using default value for parameter '[mergerTreeBuildMasses/radiusTree]'
 Using default value for parameter '[virialDensityContrast/tableStore]'
 Using default class for parameter '[darkMatterHaloScale]'
 Using default value for parameter '[nodeOperator/nodeOperator/factorReset]'
 Using default value for parameter '[darkMatterProfileScaleRadius/darkMatterProfileScaleRadius/correlationRateDecay]'
 Using default value for parameter '[darkMatterProfileDMO/chandrasekharIntegralSuppressExtendedMass]'
 Using default value for parameter '[darkMatterProfileDMO/darkMatterProfileDMO/velocityDispersionUseSeriesExpansion]'
 Using default value for parameter '[darkMatterProfileHeating/coefficientSecondOrder2]'
 Using default value for parameter '[darkMatterProfileConcentration/darkMatterProfileScaleRadius/darkMatterProfileScaleRadius/darkMatterProfileScaleRadius/kappa]'
 Using default class for parameter '[satelliteMassBoundInitializor]'
 Using default value for parameter '[satelliteTidalStripping/useDynamicalTimeScale]'
 Using default value for parameter '[satelliteTidalStrippingRadius/efficiencyCentrifugal]'
 Using default class for parameter '[satelliteTidalStrippingRadius]'
 Using default class for parameter '[atomicIonizationRateCollisional]'
 Using default class for parameter '[atomicRecombinationRateRadiative]'
 Using default class for parameter '[atomicCrossSectionIonizationPhoto]'
 Using default value for parameter '[starFormationRateDisks/tolerance]'
 Using default value for parameter '[starFormationRateSurfaceDensityDisks/velocityDispersionDiskGas]'
 Using default value for parameter '[stellarPopulation/instantaneousRecyclingApproximation]'
 Using default value for parameter '[initialMassFunction/massUpper]'
 Using default value for parameter '[stellarAstrophysics/fileName]'
 Using default class for parameter '[stellarAstrophysics]'
 Using default value for parameter '[stellarFeedback/initialMassForSupernovaeTypeII]'
 Using default class for parameter '[supernovaeTypeIa]'
 Using default class for parameter '[supernovaePopulationIII]'
 Using default value for parameter '[stellarTracks/fileName]'
 Using default class for parameter '[stellarTracks]'
 Using default class for parameter '[stellarWinds]'
 Using default class for parameter '[stellarFeedback]'
 Using default value for parameter '[stellarPopulationSpectra/forceZeroMetallicity]'
 Using default value for parameter '[stellarPopulationBroadBandLuminosities/integrationToleranceRelative]'
 Using default class for parameter '[stellarPopulationBroadBandLuminosities]'
 Using default class for parameter '[starFormationHistory]'
 Using default class for parameter '[starFormationActiveMass]'
 Using default value for parameter '[galacticDynamicsBarInstability/nodeOperator/nodeOperator/timescaleMinimum]'
 Using default value for parameter '[darkMatterHaloMassAccretionHistory/formationRedshiftCompute]'
 Using default class for parameter '[darkMatterHaloMassAccretionHistory]'
 Using default value for parameter '[blackHoleAccretionRate/bondiHoyleAccretionEnhancementNuclearStarCluster]'
 Using default value for parameter '[accretionDisks/accretionRateTransitionWidth]'
 Using default value for parameter '[accretionDisksADAF/accretionDisks/fieldEnhancementOption]'
 Using default class for parameter '[blackHoleBinarySeparationGrowthRate]'
 Using default class for parameter '[chemicalState]'
 Using default class for parameter '[accretionHaloTotal]'
 Using default value for parameter '[accretionHalo/redshiftReionization]'
 Using default value for parameter '[intergalacticMediumFilteringMass/timeTooEarlyIsFatal]'
 Using default class for parameter '[coolingInfallRadius]'
 Using default value for parameter '[coolingSpecificAngularMomentum/useInteriorMean]'
 Using default value for parameter '[hotHaloRamPressureStripping/formFactor]'
 Using default value for parameter '[galacticFilter/nodeOperator/nodeOperator/branchOnly]'
 Using default class for parameter '[mergerTreeFilter]'
 Using default class for parameter '[mergerTreeOperator]'
 Using default class for parameter '[metaTreeProcessingTime]'
 Using default class for parameter '[universeOperator]'
 Using default value for parameter '[mergerTreeEvolver/allTreesExistAtFinalTime]'
 Using default value for parameter '[galacticStructureSolver/includeBaryonGravity]'
 Using default value for parameter '[mergerTreeNodeEvolver/odeJacobianStepSizeRelative]'
 Using default class for parameter '[mergerTreeEvolveProfiler]'
 Using default class for parameter '[mergerTreeInitializor]'
 Using default value for parameter '[mergerTreeOutputter/outputsGroupName]'
 Using default class for parameter '[galacticFilter]'
 Using default value for parameter '[blackHoleSeeds/mass]'
 Using default class for parameter '[blackHoleSeeds]'
 Using default class for parameter '[blackHoleBinaryRecoil]'
 Using default value for parameter '[blackHoleBinaryInitialSeparation/spheroidRadiusFraction]'
 Using default class for parameter '[blackHoleBinaryInitialSeparation]'
 Using default value for parameter '[darkMatterProfile/radiusFractionalPivot]'
 Using default value for parameter '[mergerMassMovements/destinationStarsMinorMerger]'
 Using default value for parameter '[massDistributionDisk/componentDisk/scaleHeight]'
 Using default value for parameter '[hotHaloMassDistribution/beta]'
 Using default value for parameter '[mergerRemnantSize/ignoreUnphysicalConditions]'
 Using default class for parameter '[mergerProgenitorProperties]'
 Using default value for parameter '[massDistributionSpheroid/componentSpheroid/densityNormalization]'
 Using default value for parameter '[blackHoleSeeds/mass]'
 Using default value for parameter '[blackHoleBinaryInitialSeparation/spheroidRadiusFraction]'
 Using default value for parameter '[darkMatterProfile/radiusFractionalPivot]'
 Using default value for parameter '[mergerMassMovements/destinationStarsMinorMerger]'
 Using default value for parameter '[massDistributionDisk/componentDisk/scaleHeight]'
 Using default value for parameter '[hotHaloMassDistribution/beta]'
 Using default value for parameter '[mergerRemnantSize/ignoreUnphysicalConditions]'
 Using default value for parameter '[massDistributionSpheroid/componentSpheroid/densityNormalization]'
 Using default value for parameter '[blackHoleSeeds/mass]'
 Using default value for parameter '[blackHoleBinaryInitialSeparation/spheroidRadiusFraction]'
 Using default value for parameter '[darkMatterProfile/radiusFractionalPivot]'
 Using default value for parameter '[mergerMassMovements/destinationStarsMinorMerger]'
 Using default value for parameter '[massDistributionDisk/componentDisk/scaleHeight]'
 Using default value for parameter '[hotHaloMassDistribution/beta]'
 Using default value for parameter '[mergerRemnantSize/ignoreUnphysicalConditions]'
 Using default value for parameter '[massDistributionSpheroid/componentSpheroid/densityNormalization]'
 Using default value for parameter '[blackHoleSeeds/mass]'
 Using default value for parameter '[blackHoleBinaryInitialSeparation/spheroidRadiusFraction]'
 Using default value for parameter '[darkMatterProfile/radiusFractionalPivot]'
 Using default value for parameter '[mergerMassMovements/destinationStarsMinorMerger]'
 Using default value for parameter '[massDistributionDisk/componentDisk/scaleHeight]'
 Using default value for parameter '[hotHaloMassDistribution/beta]'
 Using default value for parameter '[mergerRemnantSize/ignoreUnphysicalConditions]'
 Using default value for parameter '[massDistributionSpheroid/componentSpheroid/densityNormalization]'
 Using default value for parameter '[blackHoleSeeds/mass]'
 Using default value for parameter '[blackHoleBinaryInitialSeparation/spheroidRadiusFraction]'
 Using default value for parameter '[darkMatterProfile/radiusFractionalPivot]'
 Using default value for parameter '[mergerMassMovements/destinationStarsMinorMerger]'
 Using default value for parameter '[massDistributionDisk/componentDisk/scaleHeight]'
 Using default value for parameter '[hotHaloMassDistribution/beta]'
 Using default value for parameter '[mergerRemnantSize/ignoreUnphysicalConditions]'
 Using default value for parameter '[massDistributionSpheroid/componentSpheroid/densityNormalization]'
 Using default value for parameter '[blackHoleSeeds/mass]'
 Using default value for parameter '[blackHoleBinaryInitialSeparation/spheroidRadiusFraction]'
 Using default value for parameter '[darkMatterProfile/radiusFractionalPivot]'
 Using default value for parameter '[mergerMassMovements/destinationStarsMinorMerger]'
 Using default value for parameter '[massDistributionDisk/componentDisk/scaleHeight]'
 Using default value for parameter '[hotHaloMassDistribution/beta]'
 Using default value for parameter '[mergerRemnantSize/ignoreUnphysicalConditions]'
 Using default value for parameter '[massDistributionSpheroid/componentSpheroid/densityNormalization]'
 Using default value for parameter '[blackHoleSeeds/mass]'
 Using default value for parameter '[blackHoleBinaryInitialSeparation/spheroidRadiusFraction]'
 Using default value for parameter '[darkMatterProfile/radiusFractionalPivot]'
 Using default value for parameter '[mergerMassMovements/destinationStarsMinorMerger]'
 Using default value for parameter '[massDistributionDisk/componentDisk/scaleHeight]'
 Using default value for parameter '[hotHaloMassDistribution/beta]'
 Using default value for parameter '[mergerRemnantSize/ignoreUnphysicalConditions]'
 Using default value for parameter '[massDistributionSpheroid/componentSpheroid/densityNormalization]'
 Using default value for parameter '[blackHoleSeeds/mass]'
 Using default value for parameter '[blackHoleBinaryInitialSeparation/spheroidRadiusFraction]'
 Using default value for parameter '[darkMatterProfile/radiusFractionalPivot]'
 Using default value for parameter '[mergerMassMovements/destinationStarsMinorMerger]'
 Using default value for parameter '[massDistributionDisk/componentDisk/scaleHeight]'
 Using default value for parameter '[hotHaloMassDistribution/beta]'
 Using default value for parameter '[mergerRemnantSize/ignoreUnphysicalConditions]'
 Using default value for parameter '[massDistributionSpheroid/componentSpheroid/densityNormalization]'
 Using default value for parameter '[blackHoleSeeds/mass]'
 Using default value for parameter '[blackHoleBinaryInitialSeparation/spheroidRadiusFraction]'
 Using default value for parameter '[darkMatterProfile/radiusFractionalPivot]'
 Using default value for parameter '[mergerMassMovements/destinationStarsMinorMerger]'
 Using default value for parameter '[massDistributionDisk/componentDisk/scaleHeight]'
 Using default value for parameter '[hotHaloMassDistribution/beta]'
 Using default value for parameter '[mergerRemnantSize/ignoreUnphysicalConditions]'
 Using default value for parameter '[massDistributionSpheroid/componentSpheroid/densityNormalization]'
 Using default value for parameter '[blackHoleSeeds/mass]'
 Using default value for parameter '[blackHoleBinaryInitialSeparation/spheroidRadiusFraction]'
 Using default value for parameter '[darkMatterProfile/radiusFractionalPivot]'
 Using default value for parameter '[mergerMassMovements/destinationStarsMinorMerger]'
 Using default value for parameter '[massDistributionDisk/componentDisk/scaleHeight]'
 Using default value for parameter '[hotHaloMassDistribution/beta]'
 Using default value for parameter '[mergerRemnantSize/ignoreUnphysicalConditions]'
 Using default value for parameter '[massDistributionSpheroid/componentSpheroid/densityNormalization]'
 Using default value for parameter '[blackHoleSeeds/mass]'
 Using default value for parameter '[blackHoleBinaryInitialSeparation/spheroidRadiusFraction]'
 Using default value for parameter '[darkMatterProfile/radiusFractionalPivot]'
 Using default value for parameter '[mergerMassMovements/destinationStarsMinorMerger]'
 Using default value for parameter '[massDistributionDisk/componentDisk/scaleHeight]'
 Using default value for parameter '[hotHaloMassDistribution/beta]'
 Using default value for parameter '[mergerRemnantSize/ignoreUnphysicalConditions]'
 Using default value for parameter '[massDistributionSpheroid/componentSpheroid/densityNormalization]'
 Using default value for parameter '[blackHoleSeeds/mass]'
 Using default value for parameter '[blackHoleBinaryInitialSeparation/spheroidRadiusFraction]'
 Using default value for parameter '[darkMatterProfile/radiusFractionalPivot]'
 Using default value for parameter '[mergerMassMovements/destinationStarsMinorMerger]'
 Using default value for parameter '[massDistributionDisk/componentDisk/scaleHeight]'
 Using default value for parameter '[hotHaloMassDistribution/beta]'
 Using default value for parameter '[mergerRemnantSize/ignoreUnphysicalConditions]'
 Using default value for parameter '[massDistributionSpheroid/componentSpheroid/densityNormalization]'
 Using default value for parameter '[blackHoleSeeds/mass]'
 Using default value for parameter '[blackHoleBinaryInitialSeparation/spheroidRadiusFraction]'
 Using default value for parameter '[darkMatterProfile/radiusFractionalPivot]'
 Using default value for parameter '[mergerMassMovements/destinationStarsMinorMerger]'
 Using default value for parameter '[massDistributionDisk/componentDisk/scaleHeight]'
 Using default value for parameter '[hotHaloMassDistribution/beta]'
 Using default value for parameter '[mergerRemnantSize/ignoreUnphysicalConditions]'
 Using default value for parameter '[massDistributionSpheroid/componentSpheroid/densityNormalization]'
 Using default value for parameter '[blackHoleSeeds/mass]'
 Using default value for parameter '[blackHoleBinaryInitialSeparation/spheroidRadiusFraction]'
 Using default value for parameter '[darkMatterProfile/radiusFractionalPivot]'
 Using default value for parameter '[mergerMassMovements/destinationStarsMinorMerger]'
 Using default value for parameter '[massDistributionDisk/componentDisk/scaleHeight]'
 Using default value for parameter '[hotHaloMassDistribution/beta]'
 Using default value for parameter '[mergerRemnantSize/ignoreUnphysicalConditions]'
 Using default value for parameter '[massDistributionSpheroid/componentSpheroid/densityNormalization]'
 Using default value for parameter '[blackHoleSeeds/mass]'
 Using default value for parameter '[blackHoleBinaryInitialSeparation/spheroidRadiusFraction]'
 Using default value for parameter '[darkMatterProfile/radiusFractionalPivot]'
 Using default value for parameter '[mergerMassMovements/destinationStarsMinorMerger]'
 Using default value for parameter '[massDistributionDisk/componentDisk/scaleHeight]'
 Using default value for parameter '[hotHaloMassDistribution/beta]'
 Using default value for parameter '[mergerRemnantSize/ignoreUnphysicalConditions]'
 Using default value for parameter '[massDistributionSpheroid/componentSpheroid/densityNormalization]'
 Using default value for parameter '[blackHoleSeeds/mass]'
 Using default value for parameter '[blackHoleBinaryInitialSeparation/spheroidRadiusFraction]'
 Using default value for parameter '[darkMatterProfile/radiusFractionalPivot]'
 Using default value for parameter '[mergerMassMovements/destinationStarsMinorMerger]'
 Using default value for parameter '[massDistributionDisk/componentDisk/scaleHeight]'
 Using default value for parameter '[hotHaloMassDistribution/beta]'
 Using default value for parameter '[mergerRemnantSize/ignoreUnphysicalConditions]'
 Using default value for parameter '[massDistributionSpheroid/componentSpheroid/densityNormalization]'
 Using default value for parameter '[blackHoleSeeds/mass]'
 Using default value for parameter '[blackHoleBinaryInitialSeparation/spheroidRadiusFraction]'
 Using default value for parameter '[darkMatterProfile/radiusFractionalPivot]'
 Using default value for parameter '[mergerMassMovements/destinationStarsMinorMerger]'
 Using default value for parameter '[massDistributionDisk/componentDisk/scaleHeight]'
 Using default value for parameter '[hotHaloMassDistribution/beta]'
 Using default value for parameter '[mergerRemnantSize/ignoreUnphysicalConditions]'
 Using default value for parameter '[massDistributionSpheroid/componentSpheroid/densityNormalization]'
 Using default value for parameter '[blackHoleSeeds/mass]'
 Using default value for parameter '[blackHoleBinaryInitialSeparation/spheroidRadiusFraction]'
 Using default value for parameter '[darkMatterProfile/radiusFractionalPivot]'
 Using default value for parameter '[mergerMassMovements/destinationStarsMinorMerger]'
 Using default value for parameter '[massDistributionDisk/componentDisk/scaleHeight]'
 Using default value for parameter '[hotHaloMassDistribution/beta]'
 Using default value for parameter '[mergerRemnantSize/ignoreUnphysicalConditions]'
 Using default value for parameter '[massDistributionSpheroid/componentSpheroid/densityNormalization]'
 Using default value for parameter '[blackHoleSeeds/mass]'
 Using default value for parameter '[blackHoleBinaryInitialSeparation/spheroidRadiusFraction]'
 Using default value for parameter '[darkMatterProfile/radiusFractionalPivot]'
 Using default value for parameter '[mergerMassMovements/destinationStarsMinorMerger]'
 Using default value for parameter '[massDistributionDisk/componentDisk/scaleHeight]'
 Using default value for parameter '[hotHaloMassDistribution/beta]'
 Using default value for parameter '[mergerRemnantSize/ignoreUnphysicalConditions]'
 Using default value for parameter '[massDistributionSpheroid/componentSpheroid/densityNormalization]'
 Using default value for parameter '[blackHoleSeeds/mass]'
 Using default value for parameter '[blackHoleBinaryInitialSeparation/spheroidRadiusFraction]'
 Using default value for parameter '[darkMatterProfile/radiusFractionalPivot]'
 Using default value for parameter '[mergerMassMovements/destinationStarsMinorMerger]'
 Using default value for parameter '[massDistributionDisk/componentDisk/scaleHeight]'
 Using default value for parameter '[hotHaloMassDistribution/beta]'
 Using default value for parameter '[mergerRemnantSize/ignoreUnphysicalConditions]'
 Using default value for parameter '[massDistributionSpheroid/componentSpheroid/densityNormalization]'
 Using default value for parameter '[blackHoleSeeds/mass]'
 Using default value for parameter '[blackHoleBinaryInitialSeparation/spheroidRadiusFraction]'
 Using default value for parameter '[darkMatterProfile/radiusFractionalPivot]'
 Using default value for parameter '[mergerMassMovements/destinationStarsMinorMerger]'
 Using default value for parameter '[massDistributionDisk/componentDisk/scaleHeight]'
 Using default value for parameter '[hotHaloMassDistribution/beta]'
 Using default value for parameter '[mergerRemnantSize/ignoreUnphysicalConditions]'
 Using default value for parameter '[massDistributionSpheroid/componentSpheroid/densityNormalization]'
 Using default value for parameter '[blackHoleSeeds/mass]'
 Using default value for parameter '[blackHoleBinaryInitialSeparation/spheroidRadiusFraction]'
 Using default value for parameter '[darkMatterProfile/radiusFractionalPivot]'
 Using default value for parameter '[mergerMassMovements/destinationStarsMinorMerger]'
 Using default value for parameter '[massDistributionDisk/componentDisk/scaleHeight]'
 Using default value for parameter '[hotHaloMassDistribution/beta]'
 Using default value for parameter '[mergerRemnantSize/ignoreUnphysicalConditions]'
 Using default value for parameter '[massDistributionSpheroid/componentSpheroid/densityNormalization]'
 Using default value for parameter '[blackHoleSeeds/mass]'
 Using default value for parameter '[blackHoleBinaryInitialSeparation/spheroidRadiusFraction]'
 Using default value for parameter '[darkMatterProfile/radiusFractionalPivot]'
 Using default value for parameter '[mergerMassMovements/destinationStarsMinorMerger]'
 Using default value for parameter '[massDistributionDisk/componentDisk/scaleHeight]'
 Using default value for parameter '[hotHaloMassDistribution/beta]'
 Using default value for parameter '[mergerRemnantSize/ignoreUnphysicalConditions]'
 Using default value for parameter '[massDistributionSpheroid/componentSpheroid/densityNormalization]'
 Using default value for parameter '[blackHoleSeeds/mass]'
 Using default value for parameter '[blackHoleBinaryInitialSeparation/spheroidRadiusFraction]'
 Using default value for parameter '[darkMatterProfile/radiusFractionalPivot]'
 Using default value for parameter '[mergerMassMovements/destinationStarsMinorMerger]'
 Using default value for parameter '[massDistributionDisk/componentDisk/scaleHeight]'
 Using default value for parameter '[hotHaloMassDistribution/beta]'
 Using default value for parameter '[mergerRemnantSize/ignoreUnphysicalConditions]'
 Using default value for parameter '[massDistributionSpheroid/componentSpheroid/densityNormalization]'
 Using default value for parameter '[blackHoleSeeds/mass]'
 Using default value for parameter '[blackHoleBinaryInitialSeparation/spheroidRadiusFraction]'
 Using default value for parameter '[darkMatterProfile/radiusFractionalPivot]'
 Using default value for parameter '[mergerMassMovements/destinationStarsMinorMerger]'
 Using default value for parameter '[massDistributionDisk/componentDisk/scaleHeight]'
 Using default value for parameter '[hotHaloMassDistribution/beta]'
 Using default value for parameter '[mergerRemnantSize/ignoreUnphysicalConditions]'
 Using default value for parameter '[massDistributionSpheroid/componentSpheroid/densityNormalization]'
 Using default value for parameter '[blackHoleSeeds/mass]'
 Using default value for parameter '[blackHoleBinaryInitialSeparation/spheroidRadiusFraction]'
 Using default value for parameter '[darkMatterProfile/radiusFractionalPivot]'
 Using default value for parameter '[mergerMassMovements/destinationStarsMinorMerger]'
 Using default value for parameter '[massDistributionDisk/componentDisk/scaleHeight]'
 Using default value for parameter '[hotHaloMassDistribution/beta]'
 Using default value for parameter '[mergerRemnantSize/ignoreUnphysicalConditions]'
 Using default value for parameter '[massDistributionSpheroid/componentSpheroid/densityNormalization]'
 Using default value for parameter '[blackHoleSeeds/mass]'
 Using default value for parameter '[blackHoleBinaryInitialSeparation/spheroidRadiusFraction]'
 Using default value for parameter '[darkMatterProfile/radiusFractionalPivot]'
 Using default value for parameter '[mergerMassMovements/destinationStarsMinorMerger]'
 Using default value for parameter '[massDistributionDisk/componentDisk/scaleHeight]'
 Using default value for parameter '[hotHaloMassDistribution/beta]'
 Using default value for parameter '[mergerRemnantSize/ignoreUnphysicalConditions]'
 Using default value for parameter '[massDistributionSpheroid/componentSpheroid/densityNormalization]'
 Using default value for parameter '[blackHoleSeeds/mass]'
 Using default value for parameter '[blackHoleBinaryInitialSeparation/spheroidRadiusFraction]'
 Using default value for parameter '[darkMatterProfile/radiusFractionalPivot]'
 Using default value for parameter '[mergerMassMovements/destinationStarsMinorMerger]'
 Using default value for parameter '[massDistributionDisk/componentDisk/scaleHeight]'
 Using default value for parameter '[hotHaloMassDistribution/beta]'
 Using default value for parameter '[mergerRemnantSize/ignoreUnphysicalConditions]'
 Using default value for parameter '[massDistributionSpheroid/componentSpheroid/densityNormalization]'
 Using default value for parameter '[blackHoleSeeds/mass]'
 Using default value for parameter '[blackHoleBinaryInitialSeparation/spheroidRadiusFraction]'
 Using default value for parameter '[darkMatterProfile/radiusFractionalPivot]'
 Using default value for parameter '[mergerMassMovements/destinationStarsMinorMerger]'
 Using default value for parameter '[massDistributionDisk/componentDisk/scaleHeight]'
 Using default value for parameter '[hotHaloMassDistribution/beta]'
 Using default value for parameter '[mergerRemnantSize/ignoreUnphysicalConditions]'
 Using default value for parameter '[massDistributionSpheroid/componentSpheroid/densityNormalization]'
 Using default value for parameter '[blackHoleSeeds/mass]'
 Using default value for parameter '[blackHoleBinaryInitialSeparation/spheroidRadiusFraction]'
 Using default value for parameter '[darkMatterProfile/radiusFractionalPivot]'
 Using default value for parameter '[mergerMassMovements/destinationStarsMinorMerger]'
 Using default value for parameter '[massDistributionDisk/componentDisk/scaleHeight]'
 Using default value for parameter '[hotHaloMassDistribution/beta]'
 Using default value for parameter '[mergerRemnantSize/ignoreUnphysicalConditions]'
 Using default value for parameter '[massDistributionSpheroid/componentSpheroid/densityNormalization]'
 Using default value for parameter '[blackHoleSeeds/mass]'
 Using default value for parameter '[blackHoleBinaryInitialSeparation/spheroidRadiusFraction]'
 Using default value for parameter '[darkMatterProfile/radiusFractionalPivot]'
 Using default value for parameter '[mergerMassMovements/destinationStarsMinorMerger]'
 Using default value for parameter '[massDistributionDisk/componentDisk/scaleHeight]'
 Using default value for parameter '[hotHaloMassDistribution/beta]'
 Using default value for parameter '[mergerRemnantSize/ignoreUnphysicalConditions]'
 Using default value for parameter '[massDistributionSpheroid/componentSpheroid/densityNormalization]'
 Using default value for parameter '[blackHoleSeeds/mass]'
 Using default value for parameter '[blackHoleBinaryInitialSeparation/spheroidRadiusFraction]'
 Using default value for parameter '[darkMatterProfile/radiusFractionalPivot]'
 Using default value for parameter '[mergerMassMovements/destinationStarsMinorMerger]'
 Using default value for parameter '[massDistributionDisk/componentDisk/scaleHeight]'
 Using default value for parameter '[hotHaloMassDistribution/beta]'
 Using default value for parameter '[mergerRemnantSize/ignoreUnphysicalConditions]'
 Using default value for parameter '[massDistributionSpheroid/componentSpheroid/densityNormalization]'
 Using default value for parameter '[blackHoleSeeds/mass]'
 Using default value for parameter '[blackHoleBinaryInitialSeparation/spheroidRadiusFraction]'
 Using default value for parameter '[darkMatterProfile/radiusFractionalPivot]'
 Using default value for parameter '[mergerMassMovements/destinationStarsMinorMerger]'
 Using default value for parameter '[massDistributionDisk/componentDisk/scaleHeight]'
 Using default value for parameter '[hotHaloMassDistribution/beta]'
 Using default value for parameter '[mergerRemnantSize/ignoreUnphysicalConditions]'
 Using default value for parameter '[massDistributionSpheroid/componentSpheroid/densityNormalization]'
 Using default value for parameter '[blackHoleSeeds/mass]'
 Using default value for parameter '[blackHoleBinaryInitialSeparation/spheroidRadiusFraction]'
 Using default value for parameter '[darkMatterProfile/radiusFractionalPivot]'
 Using default value for parameter '[mergerMassMovements/destinationStarsMinorMerger]'
 Using default value for parameter '[massDistributionDisk/componentDisk/scaleHeight]'
 Using default value for parameter '[hotHaloMassDistribution/beta]'
 Using default value for parameter '[mergerRemnantSize/ignoreUnphysicalConditions]'
 Using default value for parameter '[massDistributionSpheroid/componentSpheroid/densityNormalization]'
 Using default value for parameter '[blackHoleSeeds/mass]'
 Using default value for parameter '[blackHoleBinaryInitialSeparation/spheroidRadiusFraction]'
 Using default value for parameter '[darkMatterProfile/radiusFractionalPivot]'
 Using default value for parameter '[mergerMassMovements/destinationStarsMinorMerger]'
 Using default value for parameter '[massDistributionDisk/componentDisk/scaleHeight]'
 Using default value for parameter '[hotHaloMassDistribution/beta]'
 Using default value for parameter '[mergerRemnantSize/ignoreUnphysicalConditions]'
 Using default value for parameter '[massDistributionSpheroid/componentSpheroid/densityNormalization]'
 Using default value for parameter '[blackHoleSeeds/mass]'
 Using default value for parameter '[blackHoleBinaryInitialSeparation/spheroidRadiusFraction]'
 Using default value for parameter '[darkMatterProfile/radiusFractionalPivot]'
 Using default value for parameter '[mergerMassMovements/destinationStarsMinorMerger]'
 Using default value for parameter '[massDistributionDisk/componentDisk/scaleHeight]'
 Using default value for parameter '[hotHaloMassDistribution/beta]'
 Using default value for parameter '[mergerRemnantSize/ignoreUnphysicalConditions]'
 Using default value for parameter '[massDistributionSpheroid/componentSpheroid/densityNormalization]'
 Using default value for parameter '[blackHoleSeeds/mass]'
 Using default value for parameter '[blackHoleBinaryInitialSeparation/spheroidRadiusFraction]'
 Using default value for parameter '[darkMatterProfile/radiusFractionalPivot]'
 Using default value for parameter '[mergerMassMovements/destinationStarsMinorMerger]'
 Using default value for parameter '[massDistributionDisk/componentDisk/scaleHeight]'
 Using default value for parameter '[hotHaloMassDistribution/beta]'
 Using default value for parameter '[mergerRemnantSize/ignoreUnphysicalConditions]'
 Using default value for parameter '[massDistributionSpheroid/componentSpheroid/densityNormalization]'
 Using default value for parameter '[blackHoleSeeds/mass]'
 Using default value for parameter '[blackHoleBinaryInitialSeparation/spheroidRadiusFraction]'
 Using default value for parameter '[darkMatterProfile/radiusFractionalPivot]'
 Using default value for parameter '[mergerMassMovements/destinationStarsMinorMerger]'
 Using default value for parameter '[massDistributionDisk/componentDisk/scaleHeight]'
 Using default value for parameter '[hotHaloMassDistribution/beta]'
 Using default value for parameter '[mergerRemnantSize/ignoreUnphysicalConditions]'
 Using default value for parameter '[massDistributionSpheroid/componentSpheroid/densityNormalization]'
 Using default value for parameter '[blackHoleSeeds/mass]'
 Using default value for parameter '[blackHoleBinaryInitialSeparation/spheroidRadiusFraction]'
 Using default value for parameter '[darkMatterProfile/radiusFractionalPivot]'
 Using default value for parameter '[mergerMassMovements/destinationStarsMinorMerger]'
 Using default value for parameter '[massDistributionDisk/componentDisk/scaleHeight]'
 Using default value for parameter '[hotHaloMassDistribution/beta]'
 Using default value for parameter '[mergerRemnantSize/ignoreUnphysicalConditions]'
 Using default value for parameter '[massDistributionSpheroid/componentSpheroid/densityNormalization]'
 Using default value for parameter '[blackHoleSeeds/mass]'
 Using default value for parameter '[blackHoleBinaryInitialSeparation/spheroidRadiusFraction]'
 Using default value for parameter '[darkMatterProfile/radiusFractionalPivot]'
 Using default value for parameter '[mergerMassMovements/destinationStarsMinorMerger]'
 Using default value for parameter '[massDistributionDisk/componentDisk/scaleHeight]'
 Using default value for parameter '[hotHaloMassDistribution/beta]'
 Using default value for parameter '[mergerRemnantSize/ignoreUnphysicalConditions]'
 Using default value for parameter '[massDistributionSpheroid/componentSpheroid/densityNormalization]'
 Using default value for parameter '[blackHoleSeeds/mass]'
 Using default value for parameter '[blackHoleBinaryInitialSeparation/spheroidRadiusFraction]'
 Using default value for parameter '[darkMatterProfile/radiusFractionalPivot]'
 Using default value for parameter '[mergerMassMovements/destinationStarsMinorMerger]'
 Using default value for parameter '[massDistributionDisk/componentDisk/scaleHeight]'
 Using default value for parameter '[hotHaloMassDistribution/beta]'
 Using default value for parameter '[mergerRemnantSize/ignoreUnphysicalConditions]'
 Using default value for parameter '[massDistributionSpheroid/componentSpheroid/densityNormalization]'
 Using default value for parameter '[blackHoleSeeds/mass]'
 Using default value for parameter '[blackHoleBinaryInitialSeparation/spheroidRadiusFraction]'
 Using default value for parameter '[darkMatterProfile/radiusFractionalPivot]'
 Using default value for parameter '[mergerMassMovements/destinationStarsMinorMerger]'
 Using default value for parameter '[massDistributionDisk/componentDisk/scaleHeight]'
 Using default value for parameter '[hotHaloMassDistribution/beta]'
 Using default value for parameter '[mergerRemnantSize/ignoreUnphysicalConditions]'
 Using default value for parameter '[massDistributionSpheroid/componentSpheroid/densityNormalization]'
 Using default value for parameter '[blackHoleSeeds/mass]'
 Using default value for parameter '[blackHoleBinaryInitialSeparation/spheroidRadiusFraction]'
 Using default value for parameter '[darkMatterProfile/radiusFractionalPivot]'
 Using default value for parameter '[mergerMassMovements/destinationStarsMinorMerger]'
 Using default value for parameter '[massDistributionDisk/componentDisk/scaleHeight]'
 Using default value for parameter '[hotHaloMassDistribution/beta]'
 Using default value for parameter '[mergerRemnantSize/ignoreUnphysicalConditions]'
 Using default value for parameter '[massDistributionSpheroid/componentSpheroid/densityNormalization]'
 Using default value for parameter '[blackHoleSeeds/mass]'
 Using default value for parameter '[blackHoleBinaryInitialSeparation/spheroidRadiusFraction]'
 Using default value for parameter '[darkMatterProfile/radiusFractionalPivot]'
 Using default value for parameter '[mergerMassMovements/destinationStarsMinorMerger]'
 Using default value for parameter '[massDistributionDisk/componentDisk/scaleHeight]'
 Using default value for parameter '[hotHaloMassDistribution/beta]'
 Using default value for parameter '[mergerRemnantSize/ignoreUnphysicalConditions]'
 Using default value for parameter '[massDistributionSpheroid/componentSpheroid/densityNormalization]'
 Using default value for parameter '[blackHoleSeeds/mass]'
 Using default value for parameter '[blackHoleBinaryInitialSeparation/spheroidRadiusFraction]'
 Using default value for parameter '[darkMatterProfile/radiusFractionalPivot]'
 Using default value for parameter '[mergerMassMovements/destinationStarsMinorMerger]'
 Using default value for parameter '[massDistributionDisk/componentDisk/scaleHeight]'
 Using default value for parameter '[hotHaloMassDistribution/beta]'
 Using default value for parameter '[mergerRemnantSize/ignoreUnphysicalConditions]'
 Using default value for parameter '[massDistributionSpheroid/componentSpheroid/densityNormalization]'
 Using default value for parameter '[blackHoleSeeds/mass]'
 Using default value for parameter '[blackHoleBinaryInitialSeparation/spheroidRadiusFraction]'
 Using default value for parameter '[darkMatterProfile/radiusFractionalPivot]'
 Using default value for parameter '[mergerMassMovements/destinationStarsMinorMerger]'
05:     <- Finished tree
33:         Output tree data at t=13.80 Gyr (output 1 of 1)
33:     <- Finished tree
23:     -> Evolving tree number 94649 {1}
22:     -> Evolving tree number 94746 {1}
05:     -> Evolving tree number 94619 {1}
33:     -> Evolving tree number 94783 {1}
 Using default value for parameter '[massDistributionDisk/componentDisk/scaleHeight]'
 Using default value for parameter '[hotHaloMassDistribution/beta]'
 Using default value for parameter '[mergerRemnantSize/ignoreUnphysicalConditions]'
 Using default value for parameter '[massDistributionSpheroid/componentSpheroid/densityNormalization]'
 Using default value for parameter '[blackHoleSeeds/mass]'
 Using default value for parameter '[blackHoleBinaryInitialSeparation/spheroidRadiusFraction]'
 Using default value for parameter '[darkMatterProfile/radiusFractionalPivot]'
 Using default value for parameter '[mergerMassMovements/destinationStarsMinorMerger]'
 Using default value for parameter '[massDistributionDisk/componentDisk/scaleHeight]'
 Using default value for parameter '[hotHaloMassDistribution/beta]'
 Using default value for parameter '[mergerRemnantSize/ignoreUnphysicalConditions]'
 Using default value for parameter '[massDistributionSpheroid/componentSpheroid/densityNormalization]'
 Using default value for parameter '[blackHoleSeeds/mass]'
 Using default value for parameter '[blackHoleBinaryInitialSeparation/spheroidRadiusFraction]'
 Using default value for parameter '[darkMatterProfile/radiusFractionalPivot]'
 Using default value for parameter '[mergerMassMovements/destinationStarsMinorMerger]'
 Using default value for parameter '[massDistributionDisk/componentDisk/scaleHeight]'
 Using default value for parameter '[hotHaloMassDistribution/beta]'
 Using default value for parameter '[mergerRemnantSize/ignoreUnphysicalConditions]'
 Using default value for parameter '[massDistributionSpheroid/componentSpheroid/densityNormalization]'
 failed to find converged solution for galactic structure radii
 => For help diagnosing this error, see the troubleshooting guide:
      https://galacticus.readthedocs.io/en/latest/manuals/user-guide/troubleshooting/index.html
 => This is unexpected and most likely indicates a bug. Please report it (include the message and backtrace above, plus your parameter file):
      https://github.com/galacticusorg/galacticus/issues/new/choose
 => Note: backtrace line numbers refer to the preprocessed sources under work/build/ (files ending in .p.F90).
