              ##                                     
   ####        #                  #                  
  #   #        #             #                       
 #       ###   #  ###   ### ###  ##   ### ## ##   ## 
 #       #  #  #  #  # #  #  #    #  #  #  #  #  #   
 #   ###  ###  #   ### #     #    #  #     #  #   #  
  #   #  #  #  #  #  # #     #    #  #     #  #    # 
   ####  #### ### ####  ###   ## ###  ###   #### ##  

 © 2009, 2010, 2011, 2012, 2013, 2014, 2015, 2016,
   2017, 2018, 2019, 2020, 2021, 2022, 2023, 2024,
   2025, 2026                                     
   - Andrew Benson

MMM: NOTE: datasets are being read from /home/sackah/Galacticus/datasets/static/
MMM: WARNING: parameter file may be missing important parameter updates - consider updating by running:

              ./scripts/aux/parametersMigrate.py /home/sackah/milkyway/parameter_files/baryonsMilkyWay.xml newParameterFile.xml

MMM: -> Begin task: merger tree evolution
000:     NOTE: memory available (256.000 GB) determined from SLURM
000:     Memory usage: 11.202 GB / 256.000 GB
000:     -> Evolving tree number 10000 {1}
058:     Memory usage: 34.002 GB / 256.000 GB
058:     -> Evolving tree number 9942 {1}
049:     -> Evolving tree number 9951 {1}
052:     -> Evolving tree number 9948 {1}
079:     -> Evolving tree number 9921 {1}
070:     -> Evolving tree number 9930 {1}
025:     -> Evolving tree number 9975 {1}
112:     -> Evolving tree number 9888 {1}
037:     -> Evolving tree number 9963 {1}
099:     -> Evolving tree number 9901 {1}
067:     -> Evolving tree number 9933 {1}
018:     -> Evolving tree number 9982 {1}
061:     -> Evolving tree number 9939 {1}
083:     -> Evolving tree number 9917 {1}
029:     -> Evolving tree number 9971 {1}
064:     -> Evolving tree number 9936 {1}
011:     -> Evolving tree number 9989 {1}
113:     -> Evolving tree number 9887 {1}
055:     -> Evolving tree number 9945 {1}
093:     -> Evolving tree number 9907 {1}
053:     -> Evolving tree number 9947 {1}
008:     -> Evolving tree number 9992 {1}
044:     -> Evolving tree number 9956 {1}
024:     -> Evolving tree number 9976 {1}
046:     -> Evolving tree number 9954 {1}
111:     -> Evolving tree number 9889 {1}
107:     -> Evolving tree number 9893 {1}
050:     -> Evolving tree number 9950 {1}
028:     -> Evolving tree number 9972 {1}
103:     -> Evolving tree number 9897 {1}
073:     -> Evolving tree number 9927 {1}
101:     -> Evolving tree number 9899 {1}
035:     -> Evolving tree number 9965 {1}
102:     -> Evolving tree number 9898 {1}
065:     -> Evolving tree number 9935 {1}
003:     -> Evolving tree number 9997 {1}
012:     -> Evolving tree number 9988 {1}
007:     -> Evolving tree number 9993 {1}
042:     -> Evolving tree number 9958 {1}
114:     -> Evolving tree number 9886 {1}
086:     -> Evolving tree number 9914 {1}
088:     -> Evolving tree number 9912 {1}
117:     -> Evolving tree number 9883 {1}
122:     -> Evolving tree number 9878 {1}
096:     -> Evolving tree number 9904 {1}
077:     -> Evolving tree number 9923 {1}
022:     -> Evolving tree number 9978 {1}
066:     -> Evolving tree number 9934 {1}
074:     -> Evolving tree number 9926 {1}
043:     -> Evolving tree number 9957 {1}
082:     -> Evolving tree number 9918 {1}
116:     -> Evolving tree number 9884 {1}
032:     -> Evolving tree number 9968 {1}
110:     -> Evolving tree number 9890 {1}
048:     -> Evolving tree number 9952 {1}
127:     -> Evolving tree number 9873 {1}
125:     -> Evolving tree number 9875 {1}
059:     -> Evolving tree number 9941 {1}
047:     -> Evolving tree number 9953 {1}
013:     -> Evolving tree number 9987 {1}
063:     -> Evolving tree number 9937 {1}
090:     -> Evolving tree number 9910 {1}
001:     -> Evolving tree number 9999 {1}
021:     -> Evolving tree number 9979 {1}
091:     -> Evolving tree number 9909 {1}
060:     -> Evolving tree number 9940 {1}
006:     -> Evolving tree number 9994 {1}
072:     -> Evolving tree number 9928 {1}
031:     -> Evolving tree number 9969 {1}
038:     -> Evolving tree number 9962 {1}
005:     -> Evolving tree number 9995 {1}
023:     -> Evolving tree number 9977 {1}
019:     -> Evolving tree number 9981 {1}
089:     -> Evolving tree number 9911 {1}
115:     -> Evolving tree number 9885 {1}
095:     -> Evolving tree number 9905 {1}
015:     -> Evolving tree number 9985 {1}
020:     -> Evolving tree number 9980 {1}
014:     -> Evolving tree number 9986 {1}
040:     -> Evolving tree number 9960 {1}
057:     -> Evolving tree number 9943 {1}
124:     -> Evolving tree number 9876 {1}
069:     -> Evolving tree number 9931 {1}
078:     -> Evolving tree number 9922 {1}
039:     -> Evolving tree number 9961 {1}
092:     -> Evolving tree number 9908 {1}
068:     -> Evolving tree number 9932 {1}
085:     -> Evolving tree number 9915 {1}
071:     -> Evolving tree number 9929 {1}
109:     -> Evolving tree number 9891 {1}
098:     -> Evolving tree number 9902 {1}
081:     -> Evolving tree number 9919 {1}
004:     -> Evolving tree number 9996 {1}
002:     -> Evolving tree number 9998 {1}
033:     -> Evolving tree number 9967 {1}
097:     -> Evolving tree number 9903 {1}
030:     -> Evolving tree number 9970 {1}
016:     -> Evolving tree number 9984 {1}
106:     -> Evolving tree number 9894 {1}
119:     -> Evolving tree number 9881 {1}
108:     -> Evolving tree number 9892 {1}
084:     -> Evolving tree number 9916 {1}
080:     -> Evolving tree number 9920 {1}
076:     -> Evolving tree number 9924 {1}
118:     -> Evolving tree number 9882 {1}
010:     -> Evolving tree number 9990 {1}
017:     -> Evolving tree number 9983 {1}
034:     -> Evolving tree number 9966 {1}
121:     -> Evolving tree number 9879 {1}
126:     -> Evolving tree number 9874 {1}
027:     -> Evolving tree number 9973 {1}
105:     -> Evolving tree number 9895 {1}
104:     -> Evolving tree number 9896 {1}
026:     -> Evolving tree number 9974 {1}
045:     -> Evolving tree number 9955 {1}
041:     -> Evolving tree number 9959 {1}
075:     -> Evolving tree number 9925 {1}
123:     -> Evolving tree number 9877 {1}
051:     -> Evolving tree number 9949 {1}
094:     -> Evolving tree number 9906 {1}
062:     -> Evolving tree number 9938 {1}
056:     -> Evolving tree number 9944 {1}
087:     -> Evolving tree number 9913 {1}
054:     -> Evolving tree number 9946 {1}
120:     -> Evolving tree number 9880 {1}
009:     -> Evolving tree number 9991 {1}
036:     -> Evolving tree number 9964 {1}
100:     Memory usage: 40.803 GB / 256.000 GB
100:     -> Evolving tree number 9900 {1}
019:         Memory usage: 158.011 GB / 256.000 GB
019:         Output tree data at t=13.80 Gyr (output 1 of 1)
019:     <- Finished tree
019:     Progress: 1 trees processed; elapsed 24.0 m
019:     -> Evolving tree number 9853 {1}
094:         Output tree data at t=13.80 Gyr (output 1 of 1)
094:     <- Finished tree
094:     Progress: 2 trees processed; elapsed 25.0 m
094:     -> Evolving tree number 9778 {1}
039:         Output tree data at t=13.80 Gyr (output 1 of 1)
039:     <- Finished tree
039:     -> Evolving tree number 9833 {1}
002:         Output tree data at t=13.80 Gyr (output 1 of 1)
002:     <- Finished tree
002:     Progress: 4 trees processed; elapsed 26.8 m
120:         Output tree data at t=13.80 Gyr (output 1 of 1)
120:     <- Finished tree
002:     -> Evolving tree number 9870 {1}
120:     -> Evolving tree number 9752 {1}
082:         Output tree data at t=13.80 Gyr (output 1 of 1)
082:     <- Finished tree
057:         Output tree data at t=13.80 Gyr (output 1 of 1)
057:     <- Finished tree
082:     -> Evolving tree number 9790 {1}
057:     -> Evolving tree number 9815 {1}
085:         Output tree data at t=13.80 Gyr (output 1 of 1)
085:     <- Finished tree
085:     Progress: 8 trees processed; elapsed 28.8 m
026:         Output tree data at t=13.80 Gyr (output 1 of 1)
026:     <- Finished tree
085:     -> Evolving tree number 9787 {1}
026:     -> Evolving tree number 9846 {1}
117:         Output tree data at t=13.80 Gyr (output 1 of 1)
117:     <- Finished tree
117:     Progress: 10 trees processed; elapsed 30.1 m
107:         Output tree data at t=13.80 Gyr (output 1 of 1)
107:     <- Finished tree
117:     -> Evolving tree number 9755 {1}
107:     -> Evolving tree number 9765 {1}
122:         Output tree data at t=13.80 Gyr (output 1 of 1)
122:     <- Finished tree
122:     -> Evolving tree number 9750 {1}
127:         Output tree data at t=13.80 Gyr (output 1 of 1)
127:     <- Finished tree
127:     Progress: 13 trees processed; elapsed 31.5 m
081:         Output tree data at t=13.80 Gyr (output 1 of 1)
081:     <- Finished tree
127:     -> Evolving tree number 9745 {1}
081:     -> Evolving tree number 9791 {1}
049:         Output tree data at t=13.80 Gyr (output 1 of 1)
049:     <- Finished tree
049:     Progress: 15 trees processed; elapsed 32.8 m
032:         Output tree data at t=13.80 Gyr (output 1 of 1)
032:     <- Finished tree
049:     -> Evolving tree number 9823 {1}
032:     -> Evolving tree number 9840 {1}
001:         Output tree data at t=13.80 Gyr (output 1 of 1)
001:     <- Finished tree
001:     -> Evolving tree number 9871 {1}
080:         Output tree data at t=13.80 Gyr (output 1 of 1)
080:     <- Finished tree
080:     Progress: 18 trees processed; elapsed 34.3 m
080:     -> Evolving tree number 9792 {1}
084:         Output tree data at t=13.80 Gyr (output 1 of 1)
084:     <- Finished tree
021:         Output tree data at t=13.80 Gyr (output 1 of 1)
021:     <- Finished tree
084:     -> Evolving tree number 9788 {1}
119:         Output tree data at t=13.80 Gyr (output 1 of 1)
119:     <- Finished tree
119:     Progress: 21 trees processed; elapsed 35.4 m
021:     -> Evolving tree number 9851 {1}
074:         Output tree data at t=13.80 Gyr (output 1 of 1)
074:     <- Finished tree
119:     -> Evolving tree number 9753 {1}
074:     -> Evolving tree number 9798 {1}
000:         Output tree data at t=13.80 Gyr (output 1 of 1)
000:     <- Finished tree
121:         Output tree data at t=13.80 Gyr (output 1 of 1)
121:     <- Finished tree
121:     Progress: 24 trees processed; elapsed 36.8 m
100:         Output tree data at t=13.80 Gyr (output 1 of 1)
100:     <- Finished tree
000:     -> Evolving tree number 9872 {1}
121:     -> Evolving tree number 9751 {1}
027:         Output tree data at t=13.80 Gyr (output 1 of 1)
027:     <- Finished tree
100:     -> Evolving tree number 9772 {1}
072:         Output tree data at t=13.80 Gyr (output 1 of 1)
072:     <- Finished tree
027:     -> Evolving tree number 9845 {1}
010:         Output tree data at t=13.80 Gyr (output 1 of 1)
010:     <- Finished tree
072:     -> Evolving tree number 9800 {1}
010:     -> Evolving tree number 9862 {1}
015:         Output tree data at t=13.80 Gyr (output 1 of 1)
015:     <- Finished tree
015:     Progress: 29 trees processed; elapsed 38.3 m
013:         Output tree data at t=13.80 Gyr (output 1 of 1)
013:     <- Finished tree
023:         Output tree data at t=13.80 Gyr (output 1 of 1)
023:     <- Finished tree
015:     -> Evolving tree number 9857 {1}
056:         Output tree data at t=13.80 Gyr (output 1 of 1)
056:     <- Finished tree
111:         Output tree data at t=13.80 Gyr (output 1 of 1)
111:     <- Finished tree
023:     -> Evolving tree number 9849 {1}
111:     -> Evolving tree number 9761 {1}
048:         Output tree data at t=13.80 Gyr (output 1 of 1)
048:     <- Finished tree
048:     Progress: 34 trees processed; elapsed 39.9 m
013:     -> Evolving tree number 9859 {1}
036:         Output tree data at t=13.80 Gyr (output 1 of 1)
036:     <- Finished tree
056:     -> Evolving tree number 9816 {1}
048:     -> Evolving tree number 9824 {1}
036:     -> Evolving tree number 9836 {1}
022:         Output tree data at t=13.80 Gyr (output 1 of 1)
022:     <- Finished tree
022:     -> Evolving tree number 9850 {1}
016:         Output tree data at t=13.80 Gyr (output 1 of 1)
016:     <- Finished tree
095:         Output tree data at t=13.80 Gyr (output 1 of 1)
095:     <- Finished tree
095:     -> Evolving tree number 9777 {1}
009:         Output tree data at t=13.80 Gyr (output 1 of 1)
009:     <- Finished tree
009:     Progress: 39 trees processed; elapsed 41.5 m
016:     -> Evolving tree number 9856 {1}
033:         Output tree data at t=13.80 Gyr (output 1 of 1)
033:     <- Finished tree
009:     -> Evolving tree number 9863 {1}
071:         Output tree data at t=13.80 Gyr (output 1 of 1)
071:     <- Finished tree
033:     -> Evolving tree number 9839 {1}
071:     -> Evolving tree number 9801 {1}
093:         Output tree data at t=13.80 Gyr (output 1 of 1)
093:     <- Finished tree
118:         Output tree data at t=13.80 Gyr (output 1 of 1)
118:     <- Finished tree
118:     Progress: 43 trees processed; elapsed 42.8 m
093:     -> Evolving tree number 9779 {1}
041:         Output tree data at t=13.80 Gyr (output 1 of 1)
041:     <- Finished tree
041:     -> Evolving tree number 9831 {1}
092:         Output tree data at t=13.80 Gyr (output 1 of 1)
092:     <- Finished tree
045:         Output tree data at t=13.80 Gyr (output 1 of 1)
045:     <- Finished tree
118:     -> Evolving tree number 9754 {1}
073:         Output tree data at t=13.80 Gyr (output 1 of 1)
073:     <- Finished tree
073:     Progress: 47 trees processed; elapsed 43.9 m
099:         Output tree data at t=13.80 Gyr (output 1 of 1)
099:     <- Finished tree
092:     -> Evolving tree number 9780 {1}
045:     -> Evolving tree number 9827 {1}
099:     -> Evolving tree number 9773 {1}
063:         Output tree data at t=13.80 Gyr (output 1 of 1)
063:     <- Finished tree
073:     -> Evolving tree number 9799 {1}
063:     -> Evolving tree number 9809 {1}
008:         Output tree data at t=13.80 Gyr (output 1 of 1)
008:     <- Finished tree
061:         Output tree data at t=13.80 Gyr (output 1 of 1)
061:     <- Finished tree
059:         Output tree data at t=13.80 Gyr (output 1 of 1)
059:     <- Finished tree
059:     Progress: 52 trees processed; elapsed 44.9 m
061:     -> Evolving tree number 9811 {1}
008:     -> Evolving tree number 9864 {1}
059:     -> Evolving tree number 9813 {1}
087:         Output tree data at t=13.80 Gyr (output 1 of 1)
087:     <- Finished tree
087:     -> Evolving tree number 9785 {1}
003:         Output tree data at t=13.80 Gyr (output 1 of 1)
003:     <- Finished tree
097:         Output tree data at t=13.80 Gyr (output 1 of 1)
097:     <- Finished tree
052:         Output tree data at t=13.80 Gyr (output 1 of 1)
052:     <- Finished tree
079:         Output tree data at t=13.80 Gyr (output 1 of 1)
079:     <- Finished tree
079:     Progress: 57 trees processed; elapsed 46.1 m
003:     -> Evolving tree number 9869 {1}
058:         Output tree data at t=13.80 Gyr (output 1 of 1)
058:     <- Finished tree
079:     -> Evolving tree number 9793 {1}
097:     -> Evolving tree number 9775 {1}
024:         Output tree data at t=13.80 Gyr (output 1 of 1)
024:     <- Finished tree
052:     -> Evolving tree number 9820 {1}
069:         Output tree data at t=13.80 Gyr (output 1 of 1)
069:     <- Finished tree
058:     -> Evolving tree number 9814 {1}
029:         Output tree data at t=13.80 Gyr (output 1 of 1)
029:     <- Finished tree
069:     -> Evolving tree number 9803 {1}
024:     -> Evolving tree number 9848 {1}
005:         Output tree data at t=13.80 Gyr (output 1 of 1)
005:     <- Finished tree
070:         Output tree data at t=13.80 Gyr (output 1 of 1)
070:     <- Finished tree
070:     Progress: 63 trees processed; elapsed 47.2 m
106:         Output tree data at t=13.80 Gyr (output 1 of 1)
106:     <- Finished tree
077:         Output tree data at t=13.80 Gyr (output 1 of 1)
077:     <- Finished tree
005:     -> Evolving tree number 9867 {1}
106:     -> Evolving tree number 9766 {1}
070:     -> Evolving tree number 9802 {1}
086:         Output tree data at t=13.80 Gyr (output 1 of 1)
086:     <- Finished tree
077:     -> Evolving tree number 9795 {1}
029:     -> Evolving tree number 9843 {1}
035:         Output tree data at t=13.80 Gyr (output 1 of 1)
035:     <- Finished tree
126:         Output tree data at t=13.80 Gyr (output 1 of 1)
126:     <- Finished tree
020:         Output tree data at t=13.80 Gyr (output 1 of 1)
020:     <- Finished tree
035:     -> Evolving tree number 9837 {1}
086:     -> Evolving tree number 9786 {1}
020:     -> Evolving tree number 9852 {1}
126:     -> Evolving tree number 9746 {1}
062:         Output tree data at t=13.80 Gyr (output 1 of 1)
062:     <- Finished tree
062:     Progress: 70 trees processed; elapsed 49.1 m
062:     -> Evolving tree number 9810 {1}
066:         Output tree data at t=13.80 Gyr (output 1 of 1)
066:     <- Finished tree
066:     -> Evolving tree number 9806 {1}
078:         Output tree data at t=13.80 Gyr (output 1 of 1)
078:     <- Finished tree
078:     Progress: 72 trees processed; elapsed 51.1 m
113:         Output tree data at t=13.80 Gyr (output 1 of 1)
113:     <- Finished tree
078:     -> Evolving tree number 9794 {1}
113:     -> Evolving tree number 9759 {1}
051:         Output tree data at t=13.80 Gyr (output 1 of 1)
051:     <- Finished tree
046:         Output tree data at t=13.80 Gyr (output 1 of 1)
046:     <- Finished tree
046:     Progress: 75 trees processed; elapsed 52.1 m
051:     -> Evolving tree number 9821 {1}
060:         Output tree data at t=13.80 Gyr (output 1 of 1)
060:     <- Finished tree
014:         Output tree data at t=13.80 Gyr (output 1 of 1)
014:     <- Finished tree
076:         Output tree data at t=13.80 Gyr (output 1 of 1)
076:     <- Finished tree
101:         Output tree data at t=13.80 Gyr (output 1 of 1)
101:     <- Finished tree
046:     -> Evolving tree number 9826 {1}
076:     -> Evolving tree number 9796 {1}
014:     -> Evolving tree number 9858 {1}
101:     -> Evolving tree number 9771 {1}
060:     -> Evolving tree number 9812 {1}
064:         Output tree data at t=13.80 Gyr (output 1 of 1)
064:     <- Finished tree
064:     Progress: 80 trees processed; elapsed 53.6 m
064:     -> Evolving tree number 9808 {1}
124:         Output tree data at t=13.80 Gyr (output 1 of 1)
124:     <- Finished tree
109:         Output tree data at t=13.80 Gyr (output 1 of 1)
109:     <- Finished tree
124:     -> Evolving tree number 9748 {1}
068:         Output tree data at t=13.80 Gyr (output 1 of 1)
068:     <- Finished tree
109:     -> Evolving tree number 9763 {1}
039:         Output tree data at t=13.80 Gyr (output 1 of 1)
039:     <- Finished tree
039:     Progress: 84 trees processed; elapsed 54.6 m
068:     -> Evolving tree number 9804 {1}
039:     -> Evolving tree number 9705 {1}
025:         Output tree data at t=13.80 Gyr (output 1 of 1)
044:         Output tree data at t=13.80 Gyr (output 1 of 1)
025:     <- Finished tree
044:     <- Finished tree
125:         Output tree data at t=13.80 Gyr (output 1 of 1)
125:     <- Finished tree
034:         Output tree data at t=13.80 Gyr (output 1 of 1)
034:     <- Finished tree
044:     -> Evolving tree number 9828 {1}
025:     -> Evolving tree number 9847 {1}
125:     -> Evolving tree number 9747 {1}
034:     -> Evolving tree number 9838 {1}
105:         Output tree data at t=13.80 Gyr (output 1 of 1)
105:     <- Finished tree
105:     Progress: 89 trees processed; elapsed 56.1 m
055:         Output tree data at t=13.80 Gyr (output 1 of 1)
055:     <- Finished tree
104:         Output tree data at t=13.80 Gyr (output 1 of 1)
104:     <- Finished tree
105:     -> Evolving tree number 9767 {1}
055:     -> Evolving tree number 9817 {1}
038:         Output tree data at t=13.80 Gyr (output 1 of 1)
038:     <- Finished tree
104:     -> Evolving tree number 9768 {1}
065:         Output tree data at t=13.80 Gyr (output 1 of 1)
065:     <- Finished tree
038:     -> Evolving tree number 9834 {1}
004:         Output tree data at t=13.80 Gyr (output 1 of 1)
004:     <- Finished tree
004:     -> Evolving tree number 9868 {1}
065:     -> Evolving tree number 9807 {1}
018:         Output tree data at t=13.80 Gyr (output 1 of 1)
018:     <- Finished tree
018:     Progress: 95 trees processed; elapsed 57.6 m
096:         Output tree data at t=13.80 Gyr (output 1 of 1)
096:     <- Finished tree
018:     -> Evolving tree number 9854 {1}
115:         Output tree data at t=13.80 Gyr (output 1 of 1)
115:     <- Finished tree
110:         Output tree data at t=13.80 Gyr (output 1 of 1)
110:     <- Finished tree
091:         Output tree data at t=13.80 Gyr (output 1 of 1)
091:     <- Finished tree
115:     -> Evolving tree number 9757 {1}
096:     -> Evolving tree number 9776 {1}
110:     -> Evolving tree number 9762 {1}
091:     -> Evolving tree number 9781 {1}
116:         Output tree data at t=13.80 Gyr (output 1 of 1)
116:     <- Finished tree
088:         Output tree data at t=13.80 Gyr (output 1 of 1)
088:     <- Finished tree
088:     Progress: 101 trees processed; elapsed 58.8 m
006:         Output tree data at t=13.80 Gyr (output 1 of 1)
006:     <- Finished tree
006:     -> Evolving tree number 9866 {1}
088:     -> Evolving tree number 9784 {1}
116:     -> Evolving tree number 9756 {1}
007:         Output tree data at t=13.80 Gyr (output 1 of 1)
007:     <- Finished tree
007:     -> Evolving tree number 9865 {1}
011:         Output tree data at t=13.80 Gyr (output 1 of 1)
011:     <- Finished tree
011:     -> Evolving tree number 9861 {1}
054:         Output tree data at t=13.80 Gyr (output 1 of 1)
054:     <- Finished tree
054:     Progress: 105 trees processed; elapsed 59.9 m
031:         Output tree data at t=13.80 Gyr (output 1 of 1)
031:     <- Finished tree
083:         Output tree data at t=13.80 Gyr (output 1 of 1)
083:     <- Finished tree
031:     -> Evolving tree number 9841 {1}
030:         Output tree data at t=13.80 Gyr (output 1 of 1)
030:     <- Finished tree
054:     -> Evolving tree number 9818 {1}
083:     -> Evolving tree number 9789 {1}
030:     -> Evolving tree number 9842 {1}
028:         Output tree data at t=13.80 Gyr (output 1 of 1)
028:     <- Finished tree
102:         Output tree data at t=13.80 Gyr (output 1 of 1)
102:     <- Finished tree
043:         Output tree data at t=13.80 Gyr (output 1 of 1)
043:     <- Finished tree
043:     Progress: 111 trees processed; elapsed 1.02 h
090:         Output tree data at t=13.80 Gyr (output 1 of 1)
090:     <- Finished tree
028:     -> Evolving tree number 9844 {1}
108:         Output tree data at t=13.80 Gyr (output 1 of 1)
108:     <- Finished tree
043:     -> Evolving tree number 9829 {1}
102:     -> Evolving tree number 9770 {1}
090:     -> Evolving tree number 9782 {1}
089:         Output tree data at t=13.80 Gyr (output 1 of 1)
089:     <- Finished tree
108:     -> Evolving tree number 9764 {1}
089:     -> Evolving tree number 9783 {1}
123:         Output tree data at t=13.80 Gyr (output 1 of 1)
123:     <- Finished tree
123:     Progress: 115 trees processed; elapsed 1.05 h
121:         Output tree data at t=13.80 Gyr (output 1 of 1)
121:     <- Finished tree
123:     -> Evolving tree number 9749 {1}
121:     -> Evolving tree number 9623 {1}
094:         Output tree data at t=13.80 Gyr (output 1 of 1)
094:     <- Finished tree
094:     Progress: 117 trees processed; elapsed 1.09 h
094:     -> Evolving tree number 9650 {1}
050:         Output tree data at t=13.80 Gyr (output 1 of 1)
050:     <- Finished tree
050:     -> Evolving tree number 9822 {1}
067:         Output tree data at t=13.80 Gyr (output 1 of 1)
067:     <- Finished tree
040:         Output tree data at t=13.80 Gyr (output 1 of 1)
040:     <- Finished tree
067:     -> Evolving tree number 9805 {1}
053:         Output tree data at t=13.80 Gyr (output 1 of 1)
053:     <- Finished tree
053:     Progress: 121 trees processed; elapsed 1.11 h
040:     -> Evolving tree number 9832 {1}
098:         Output tree data at t=13.80 Gyr (output 1 of 1)
098:     <- Finished tree
112:         Output tree data at t=13.80 Gyr (output 1 of 1)
112:     <- Finished tree
053:     -> Evolving tree number 9819 {1}
112:     -> Evolving tree number 9760 {1}
001:         Output tree data at t=13.80 Gyr (output 1 of 1)
001:     <- Finished tree
098:     -> Evolving tree number 9774 {1}
017:         Output tree data at t=13.80 Gyr (output 1 of 1)
017:     <- Finished tree
001:     -> Evolving tree number 9743 {1}
017:     -> Evolving tree number 9855 {1}
093:         Output tree data at t=13.80 Gyr (output 1 of 1)
093:     <- Finished tree
093:     Progress: 126 trees processed; elapsed 1.13 h
093:     -> Evolving tree number 9651 {1}
075:         Output tree data at t=13.80 Gyr (output 1 of 1)
075:     <- Finished tree
075:     -> Evolving tree number 9797 {1}
023:         Output tree data at t=13.80 Gyr (output 1 of 1)
023:     <- Finished tree
023:     Progress: 128 trees processed; elapsed 1.15 h
071:         Output tree data at t=13.80 Gyr (output 1 of 1)
071:     <- Finished tree
042:         Output tree data at t=13.80 Gyr (output 1 of 1)
042:     <- Finished tree
071:     -> Evolving tree number 9673 {1}
042:     -> Evolving tree number 9830 {1}
023:     -> Evolving tree number 9721 {1}
120:         Output tree data at t=13.80 Gyr (output 1 of 1)
120:     <- Finished tree
120:     Progress: 131 trees processed; elapsed 1.18 h
120:     -> Evolving tree number 9624 {1}
021:         Output tree data at t=13.80 Gyr (output 1 of 1)
021:     <- Finished tree
021:     Progress: 132 trees processed; elapsed 1.20 h
021:     -> Evolving tree number 9723 {1}
012:         Output tree data at t=13.80 Gyr (output 1 of 1)
012:     <- Finished tree
012:     Progress: 133 trees processed; elapsed 1.22 h
122:         Output tree data at t=13.80 Gyr (output 1 of 1)
122:     <- Finished tree
036:         Output tree data at t=13.80 Gyr (output 1 of 1)
036:     <- Finished tree
012:     -> Evolving tree number 9860 {1}
036:     -> Evolving tree number 9708 {1}
048:         Output tree data at t=13.80 Gyr (output 1 of 1)
048:     <- Finished tree
122:     -> Evolving tree number 9622 {1}
037:         Output tree data at t=13.80 Gyr (output 1 of 1)
037:     <- Finished tree
048:     -> Evolving tree number 9696 {1}
037:     -> Evolving tree number 9835 {1}
026:         Output tree data at t=13.80 Gyr (output 1 of 1)
026:     <- Finished tree
026:     Progress: 138 trees processed; elapsed 1.25 h
033:         Output tree data at t=13.80 Gyr (output 1 of 1)
033:     <- Finished tree
026:     -> Evolving tree number 9718 {1}
033:     -> Evolving tree number 9711 {1}
127:         Output tree data at t=13.80 Gyr (output 1 of 1)
127:     <- Finished tree
015:         Output tree data at t=13.80 Gyr (output 1 of 1)
015:     <- Finished tree
015:     Progress: 141 trees processed; elapsed 1.27 h
015:     -> Evolving tree number 9729 {1}
127:     -> Evolving tree number 9617 {1}
013:         Output tree data at t=13.80 Gyr (output 1 of 1)
013:     <- Finished tree
013:     Progress: 142 trees processed; elapsed 1.29 h
035:         Output tree data at t=13.80 Gyr (output 1 of 1)
035:     <- Finished tree
013:     -> Evolving tree number 9731 {1}
035:     -> Evolving tree number 9709 {1}
070:         Output tree data at t=13.80 Gyr (output 1 of 1)
070:     <- Finished tree
070:     -> Evolving tree number 9674 {1}
111:         Output tree data at t=13.80 Gyr (output 1 of 1)
111:     <- Finished tree
111:     Progress: 145 trees processed; elapsed 1.32 h
002:         Output tree data at t=13.80 Gyr (output 1 of 1)
002:     <- Finished tree
002:     -> Evolving tree number 9742 {1}
111:     -> Evolving tree number 9633 {1}
085:         Output tree data at t=13.80 Gyr (output 1 of 1)
085:     <- Finished tree
056:         Output tree data at t=13.80 Gyr (output 1 of 1)
056:     <- Finished tree
056:     Progress: 148 trees processed; elapsed 1.34 h
056:     -> Evolving tree number 9688 {1}
085:     -> Evolving tree number 9659 {1}
107:         Output tree data at t=13.80 Gyr (output 1 of 1)
107:     <- Finished tree
107:     Progress: 149 trees processed; elapsed 1.36 h
107:     -> Evolving tree number 9637 {1}
086:         Output tree data at t=13.80 Gyr (output 1 of 1)
086:     <- Finished tree
047:         Output tree data at t=13.80 Gyr (output 1 of 1)
047:     <- Finished tree
080:         Output tree data at t=13.80 Gyr (output 1 of 1)
080:     <- Finished tree
000:         Output tree data at t=13.80 Gyr (output 1 of 1)
000:     <- Finished tree
086:     -> Evolving tree number 9658 {1}
000:     -> Evolving tree number 9744 {1}
047:     -> Evolving tree number 9825 {1}
080:     -> Evolving tree number 9664 {1}
114:         Output tree data at t=13.80 Gyr (output 1 of 1)
114:     <- Finished tree
114:     Progress: 154 trees processed; elapsed 1.38 h
016:         Output tree data at t=13.80 Gyr (output 1 of 1)
016:     <- Finished tree
114:     -> Evolving tree number 9758 {1}
016:     -> Evolving tree number 9728 {1}
124:         Output tree data at t=13.80 Gyr (output 1 of 1)
124:     <- Finished tree
124:     -> Evolving tree number 9620 {1}
058:         Output tree data at t=13.80 Gyr (output 1 of 1)
058:     <- Finished tree
058:     Progress: 157 trees processed; elapsed 1.41 h
032:         Output tree data at t=13.80 Gyr (output 1 of 1)
032:     <- Finished tree
046:         Output tree data at t=13.80 Gyr (output 1 of 1)
046:     <- Finished tree
022:         Output tree data at t=13.80 Gyr (output 1 of 1)
022:     <- Finished tree
058:     -> Evolving tree number 9686 {1}
022:     -> Evolving tree number 9722 {1}
046:     -> Evolving tree number 9698 {1}
032:     -> Evolving tree number 9712 {1}
103:         Output tree data at t=13.80 Gyr (output 1 of 1)
103:     <- Finished tree
081:         Output tree data at t=13.80 Gyr (output 1 of 1)
081:     <- Finished tree
003:         Output tree data at t=13.80 Gyr (output 1 of 1)
003:     <- Finished tree
003:     -> Evolving tree number 9741 {1}
081:     -> Evolving tree number 9663 {1}
118:         Output tree data at t=13.80 Gyr (output 1 of 1)
118:     <- Finished tree
118:     Progress: 164 trees processed; elapsed 1.43 h
103:     -> Evolving tree number 9769 {1}
118:     -> Evolving tree number 9626 {1}
020:         Output tree data at t=13.80 Gyr (output 1 of 1)
020:     <- Finished tree
020:     -> Evolving tree number 9724 {1}
011:         Output tree data at t=13.80 Gyr (output 1 of 1)
011:     <- Finished tree
011:     Progress: 166 trees processed; elapsed 1.45 h
119:         Output tree data at t=13.80 Gyr (output 1 of 1)
119:     <- Finished tree
034:         Output tree data at t=13.80 Gyr (output 1 of 1)
034:     <- Finished tree
092:         Output tree data at t=13.80 Gyr (output 1 of 1)
092:     <- Finished tree
119:     -> Evolving tree number 9625 {1}
011:     -> Evolving tree number 9733 {1}
034:     -> Evolving tree number 9710 {1}
092:     -> Evolving tree number 9652 {1}
059:         Output tree data at t=13.80 Gyr (output 1 of 1)
059:     <- Finished tree
059:     Progress: 170 trees processed; elapsed 1.48 h
049:         Output tree data at t=13.80 Gyr (output 1 of 1)
049:     <- Finished tree
059:     -> Evolving tree number 9685 {1}
049:     -> Evolving tree number 9695 {1}
109:         Output tree data at t=13.80 Gyr (output 1 of 1)
109:     <- Finished tree
109:     Progress: 172 trees processed; elapsed 1.50 h
109:     -> Evolving tree number 9635 {1}
077:         Output tree data at t=13.80 Gyr (output 1 of 1)
077:     <- Finished tree
077:     Progress: 173 trees processed; elapsed 1.53 h
054:         Output tree data at t=13.80 Gyr (output 1 of 1)
054:     <- Finished tree
084:         Output tree data at t=13.80 Gyr (output 1 of 1)
084:     <- Finished tree
077:     -> Evolving tree number 9667 {1}
027:         Output tree data at t=13.80 Gyr (output 1 of 1)
027:     <- Finished tree
054:     -> Evolving tree number 9690 {1}
084:     -> Evolving tree number 9660 {1}
060:         Output tree data at t=13.80 Gyr (output 1 of 1)
060:     <- Finished tree
060:     Progress: 177 trees processed; elapsed 1.55 h
027:     -> Evolving tree number 9717 {1}
060:     -> Evolving tree number 9684 {1}
069:         Output tree data at t=13.80 Gyr (output 1 of 1)
069:     <- Finished tree
069:     Progress: 178 trees processed; elapsed 1.57 h
096:         Output tree data at t=13.80 Gyr (output 1 of 1)
096:     <- Finished tree
069:     -> Evolving tree number 9675 {1}
076:         Output tree data at t=13.80 Gyr (output 1 of 1)
076:     <- Finished tree
082:         Output tree data at t=13.80 Gyr (output 1 of 1)
082:     <- Finished tree
096:     -> Evolving tree number 9648 {1}
009:         Output tree data at t=13.80 Gyr (output 1 of 1)
009:     <- Finished tree
076:     -> Evolving tree number 9668 {1}
082:     -> Evolving tree number 9662 {1}
019:         Output tree data at t=13.80 Gyr (output 1 of 1)
019:     <- Finished tree
019:     -> Evolving tree number 9725 {1}
024:         Output tree data at t=13.80 Gyr (output 1 of 1)
024:     <- Finished tree
024:     Progress: 184 trees processed; elapsed 1.60 h
009:     -> Evolving tree number 9735 {1}
024:     -> Evolving tree number 9720 {1}
087:         Output tree data at t=13.80 Gyr (output 1 of 1)
087:     <- Finished tree
087:     Progress: 185 trees processed; elapsed 1.62 h
018:         Output tree data at t=13.80 Gyr (output 1 of 1)
018:     <- Finished tree
005:         Output tree data at t=13.80 Gyr (output 1 of 1)
005:     <- Finished tree
087:     -> Evolving tree number 9657 {1}
068:         Output tree data at t=13.80 Gyr (output 1 of 1)
068:     <- Finished tree
018:     -> Evolving tree number 9726 {1}
005:     -> Evolving tree number 9739 {1}
068:     -> Evolving tree number 9676 {1}
100:         Output tree data at t=13.80 Gyr (output 1 of 1)
100:     <- Finished tree
100:     -> Evolving tree number 9644 {1}
123:         Output tree data at t=13.80 Gyr (output 1 of 1)
123:     <- Finished tree
123:     Progress: 190 trees processed; elapsed 1.64 h
028:         Output tree data at t=13.80 Gyr (output 1 of 1)
028:     <- Finished tree
123:     -> Evolving tree number 9621 {1}
028:     -> Evolving tree number 9716 {1}
125:         Output tree data at t=13.80 Gyr (output 1 of 1)
125:     <- Finished tree
125:     Progress: 192 trees processed; elapsed 1.67 h
065:         Output tree data at t=13.80 Gyr (output 1 of 1)
065:     <- Finished tree
074:         Output tree data at t=13.80 Gyr (output 1 of 1)
074:     <- Finished tree
038:         Output tree data at t=13.80 Gyr (output 1 of 1)
038:     <- Finished tree
063:         Output tree data at t=13.80 Gyr (output 1 of 1)
063:     <- Finished tree
125:     -> Evolving tree number 9619 {1}
110:         Output tree data at t=13.80 Gyr (output 1 of 1)
110:     <- Finished tree
065:     -> Evolving tree number 9679 {1}
074:     -> Evolving tree number 9670 {1}
063:     -> Evolving tree number 9681 {1}
110:     -> Evolving tree number 9634 {1}
038:     -> Evolving tree number 9706 {1}
052:         Output tree data at t=13.80 Gyr (output 1 of 1)
052:     <- Finished tree
052:     Progress: 198 trees processed; elapsed 1.69 h
008:         Output tree data at t=13.80 Gyr (output 1 of 1)
008:     <- Finished tree
104:         Output tree data at t=13.80 Gyr (output 1 of 1)
104:     <- Finished tree
089:         Output tree data at t=13.80 Gyr (output 1 of 1)
089:     <- Finished tree
008:     -> Evolving tree number 9736 {1}
104:     -> Evolving tree number 9640 {1}
052:     -> Evolving tree number 9692 {1}
045:         Output tree data at t=13.80 Gyr (output 1 of 1)
045:     <- Finished tree
089:     -> Evolving tree number 9655 {1}
108:         Output tree data at t=13.80 Gyr (output 1 of 1)
108:     <- Finished tree
108:     Progress: 203 trees processed; elapsed 1.71 h
045:     -> Evolving tree number 9699 {1}
036:         Output tree data at t=13.80 Gyr (output 1 of 1)
036:     <- Finished tree
108:     -> Evolving tree number 9636 {1}
095:         Output tree data at t=13.80 Gyr (output 1 of 1)
095:     <- Finished tree
106:         Output tree data at t=13.80 Gyr (output 1 of 1)
106:     <- Finished tree
036:     -> Evolving tree number 9580 {1}
095:     -> Evolving tree number 9649 {1}
106:     -> Evolving tree number 9638 {1}
073:         Output tree data at t=13.80 Gyr (output 1 of 1)
073:     <- Finished tree
073:     Progress: 207 trees processed; elapsed 1.75 h
073:     -> Evolving tree number 9671 {1}
006:         Output tree data at t=13.80 Gyr (output 1 of 1)
006:     <- Finished tree
006:     Progress: 208 trees processed; elapsed 1.79 h
041:         Output tree data at t=13.80 Gyr (output 1 of 1)
041:     <- Finished tree
044:         Output tree data at t=13.80 Gyr (output 1 of 1)
044:     <- Finished tree
006:     -> Evolving tree number 9738 {1}
041:     -> Evolving tree number 9703 {1}
029:         Output tree data at t=13.80 Gyr (output 1 of 1)
029:     <- Finished tree
044:     -> Evolving tree number 9700 {1}
075:         Output tree data at t=13.80 Gyr (output 1 of 1)
075:     <- Finished tree
029:     -> Evolving tree number 9715 {1}
075:     -> Evolving tree number 9669 {1}
066:         Output tree data at t=13.80 Gyr (output 1 of 1)
066:     <- Finished tree
066:     Progress: 213 trees processed; elapsed 1.82 h
004:         Output tree data at t=13.80 Gyr (output 1 of 1)
004:     <- Finished tree
066:     -> Evolving tree number 9678 {1}
079:         Output tree data at t=13.80 Gyr (output 1 of 1)
079:     <- Finished tree
039:         Output tree data at t=13.80 Gyr (output 1 of 1)
039:     <- Finished tree
004:     -> Evolving tree number 9740 {1}
079:     -> Evolving tree number 9665 {1}
039:     -> Evolving tree number 9577 {1}
014:         Output tree data at t=13.80 Gyr (output 1 of 1)
014:     <- Finished tree
014:     Progress: 217 trees processed; elapsed 1.84 h
126:         Output tree data at t=13.80 Gyr (output 1 of 1)
126:     <- Finished tree
086:         Output tree data at t=13.80 Gyr (output 1 of 1)
086:     <- Finished tree
014:     -> Evolving tree number 9730 {1}
086:     -> Evolving tree number 9530 {1}
112:         Output tree data at t=13.80 Gyr (output 1 of 1)
112:     <- Finished tree
126:     -> Evolving tree number 9618 {1}
097:         Output tree data at t=13.80 Gyr (output 1 of 1)
097:     <- Finished tree
112:     -> Evolving tree number 9632 {1}
055:         Output tree data at t=13.80 Gyr (output 1 of 1)
055:     <- Finished tree
064:         Output tree data at t=13.80 Gyr (output 1 of 1)
064:     <- Finished tree
007:         Output tree data at t=13.80 Gyr (output 1 of 1)
007:     <- Finished tree
007:     Progress: 224 trees processed; elapsed 1.85 h
097:     -> Evolving tree number 9647 {1}
055:     -> Evolving tree number 9689 {1}
064:     -> Evolving tree number 9680 {1}
007:     -> Evolving tree number 9737 {1}
099:         Output tree data at t=13.80 Gyr (output 1 of 1)
099:     <- Finished tree
001:         Output tree data at t=13.80 Gyr (output 1 of 1)
001:     <- Finished tree
099:     -> Evolving tree number 9645 {1}
001:     -> Evolving tree number 9615 {1}
090:         Output tree data at t=13.80 Gyr (output 1 of 1)
090:     <- Finished tree
090:     Progress: 227 trees processed; elapsed 1.88 h
090:     -> Evolving tree number 9654 {1}
113:         Output tree data at t=13.80 Gyr (output 1 of 1)
113:     <- Finished tree
061:         Output tree data at t=13.80 Gyr (output 1 of 1)
061:     <- Finished tree
113:     -> Evolving tree number 9631 {1}
061:     -> Evolving tree number 9683 {1}
098:         Output tree data at t=13.80 Gyr (output 1 of 1)
098:     <- Finished tree
098:     Progress: 230 trees processed; elapsed 1.90 h
092:         Output tree data at t=13.80 Gyr (output 1 of 1)
092:     <- Finished tree
098:     -> Evolving tree number 9646 {1}
127:         Output tree data at t=13.80 Gyr (output 1 of 1)
127:     <- Finished tree
092:     -> Evolving tree number 9524 {1}
072:         Output tree data at t=13.80 Gyr (output 1 of 1)
072:     <- Finished tree
072:     Progress: 233 trees processed; elapsed 1.91 h
072:     -> Evolving tree number 9672 {1}
127:     -> Evolving tree number 9489 {1}
116:         Output tree data at t=13.80 Gyr (output 1 of 1)
116:     <- Finished tree
051:         Output tree data at t=13.80 Gyr (output 1 of 1)
051:     <- Finished tree
051:     Progress: 235 trees processed; elapsed 1.93 h
091:         Output tree data at t=13.80 Gyr (output 1 of 1)
091:     <- Finished tree
051:     -> Evolving tree number 9693 {1}
117:         Output tree data at t=13.80 Gyr (output 1 of 1)
117:     <- Finished tree
116:     -> Evolving tree number 9628 {1}
048:         Output tree data at t=13.80 Gyr (output 1 of 1)
048:     <- Finished tree
091:     -> Evolving tree number 9653 {1}
048:     -> Evolving tree number 9568 {1}
101:         Output tree data at t=13.80 Gyr (output 1 of 1)
101:     <- Finished tree
101:     Progress: 239 trees processed; elapsed 1.95 h
117:     -> Evolving tree number 9627 {1}
030:         Output tree data at t=13.80 Gyr (output 1 of 1)
030:     <- Finished tree
101:     -> Evolving tree number 9643 {1}
050:         Output tree data at t=13.80 Gyr (output 1 of 1)
050:     <- Finished tree
030:     -> Evolving tree number 9714 {1}
050:     -> Evolving tree number 9694 {1}
013:         Output tree data at t=13.80 Gyr (output 1 of 1)
013:     <- Finished tree
013:     Progress: 242 trees processed; elapsed 1.97 h
013:     -> Evolving tree number 9603 {1}
093:         Output tree data at t=13.80 Gyr (output 1 of 1)
093:     <- Finished tree
070:         Output tree data at t=13.80 Gyr (output 1 of 1)
070:     <- Finished tree
056:         Output tree data at t=13.80 Gyr (output 1 of 1)
056:     <- Finished tree
053:         Output tree data at t=13.80 Gyr (output 1 of 1)
053:     <- Finished tree
070:     -> Evolving tree number 9546 {1}
053:     -> Evolving tree number 9691 {1}
056:     -> Evolving tree number 9560 {1}
093:     -> Evolving tree number 9523 {1}
115:         Output tree data at t=13.80 Gyr (output 1 of 1)
115:     <- Finished tree
115:     Progress: 247 trees processed; elapsed 2.02 h
115:     -> Evolving tree number 9629 {1}
121:         Output tree data at t=13.80 Gyr (output 1 of 1)
121:     <- Finished tree
000:         Output tree data at t=13.80 Gyr (output 1 of 1)
000:     <- Finished tree
024:         Output tree data at t=13.80 Gyr (output 1 of 1)
024:     <- Finished tree
121:     -> Evolving tree number 9495 {1}
000:     -> Evolving tree number 9616 {1}
024:     -> Evolving tree number 9592 {1}
057:         Output tree data at t=13.80 Gyr (output 1 of 1)
057:     <- Finished tree
057:     Progress: 251 trees processed; elapsed 2.06 h
042:         Output tree data at t=13.80 Gyr (output 1 of 1)
042:     <- Finished tree
057:     -> Evolving tree number 9687 {1}
042:     -> Evolving tree number 9702 {1}
010:         Output tree data at t=13.80 Gyr (output 1 of 1)
010:     <- Finished tree
111:         Output tree data at t=13.80 Gyr (output 1 of 1)
111:     <- Finished tree
111:     Progress: 254 trees processed; elapsed 2.08 h
084:         Output tree data at t=13.80 Gyr (output 1 of 1)
084:     <- Finished tree
037:         Output tree data at t=13.80 Gyr (output 1 of 1)
037:     <- Finished tree
111:     -> Evolving tree number 9505 {1}
010:     -> Evolving tree number 9734 {1}
124:         Output tree data at t=13.80 Gyr (output 1 of 1)
124:     <- Finished tree
084:     -> Evolving tree number 9532 {1}
037:     -> Evolving tree number 9707 {1}
124:     -> Evolving tree number 9492 {1}
031:         Output tree data at t=13.80 Gyr (output 1 of 1)
031:     <- Finished tree
031:     Progress: 258 trees processed; elapsed 2.10 h
107:         Output tree data at t=13.80 Gyr (output 1 of 1)
107:     <- Finished tree
062:         Output tree data at t=13.80 Gyr (output 1 of 1)
062:     <- Finished tree
107:     -> Evolving tree number 9509 {1}
031:     -> Evolving tree number 9713 {1}
114:         Output tree data at t=13.80 Gyr (output 1 of 1)
114:     <- Finished tree
062:     -> Evolving tree number 9682 {1}
078:         Output tree data at t=13.80 Gyr (output 1 of 1)
078:     <- Finished tree
043:         Output tree data at t=13.80 Gyr (output 1 of 1)
043:     <- Finished tree
114:     -> Evolving tree number 9630 {1}
043:     -> Evolving tree number 9701 {1}
076:         Output tree data at t=13.80 Gyr (output 1 of 1)
076:     <- Finished tree
076:     Progress: 264 trees processed; elapsed 2.12 h
078:     -> Evolving tree number 9666 {1}
065:         Output tree data at t=13.80 Gyr (output 1 of 1)
065:     <- Finished tree
076:     -> Evolving tree number 9540 {1}
065:     -> Evolving tree number 9551 {1}
033:         Output tree data at t=13.80 Gyr (output 1 of 1)
033:     <- Finished tree
033:     -> Evolving tree number 9583 {1}
040:         Output tree data at t=13.80 Gyr (output 1 of 1)
040:     <- Finished tree
071:         Output tree data at t=13.80 Gyr (output 1 of 1)
071:     <- Finished tree
071:     Progress: 268 trees processed; elapsed 2.14 h
040:     -> Evolving tree number 9704 {1}
119:         Output tree data at t=13.80 Gyr (output 1 of 1)
119:     <- Finished tree
071:     -> Evolving tree number 9545 {1}
120:         Output tree data at t=13.80 Gyr (output 1 of 1)
120:     <- Finished tree
119:     -> Evolving tree number 9497 {1}
120:     -> Evolving tree number 9496 {1}
083:         Output tree data at t=13.80 Gyr (output 1 of 1)
083:     <- Finished tree
083:     Progress: 271 trees processed; elapsed 2.16 h
104:         Output tree data at t=13.80 Gyr (output 1 of 1)
104:     <- Finished tree
083:     -> Evolving tree number 9661 {1}
015:         Output tree data at t=13.80 Gyr (output 1 of 1)
015:     <- Finished tree
104:     -> Evolving tree number 9512 {1}
015:     -> Evolving tree number 9601 {1}
035:         Output tree data at t=13.80 Gyr (output 1 of 1)
035:     <- Finished tree
035:     Progress: 274 trees processed; elapsed 2.18 h
035:     -> Evolving tree number 9581 {1}
011:         Output tree data at t=13.80 Gyr (output 1 of 1)
011:     <- Finished tree
011:     Progress: 275 trees processed; elapsed 2.20 h
023:         Output tree data at t=13.80 Gyr (output 1 of 1)
023:     <- Finished tree
011:     -> Evolving tree number 9605 {1}
023:     -> Evolving tree number 9593 {1}
046:         Output tree data at t=13.80 Gyr (output 1 of 1)
046:     <- Finished tree
046:     Progress: 277 trees processed; elapsed 2.22 h
018:         Output tree data at t=13.80 Gyr (output 1 of 1)
018:     <- Finished tree
046:     -> Evolving tree number 9570 {1}
018:     -> Evolving tree number 9598 {1}
058:         Output tree data at t=13.80 Gyr (output 1 of 1)
058:     <- Finished tree
058:     -> Evolving tree number 9558 {1}
109:         Output tree data at t=13.80 Gyr (output 1 of 1)
109:     <- Finished tree
109:     Progress: 280 trees processed; elapsed 2.26 h
022:         Output tree data at t=13.80 Gyr (output 1 of 1)
022:     <- Finished tree
109:     -> Evolving tree number 9507 {1}
060:         Output tree data at t=13.80 Gyr (output 1 of 1)
060:     <- Finished tree
022:     -> Evolving tree number 9594 {1}
068:         Output tree data at t=13.80 Gyr (output 1 of 1)
068:     <- Finished tree
060:     -> Evolving tree number 9556 {1}
122:         Output tree data at t=13.80 Gyr (output 1 of 1)
122:     <- Finished tree
068:     -> Evolving tree number 9548 {1}
081:         Output tree data at t=13.80 Gyr (output 1 of 1)
081:     <- Finished tree
081:     -> Evolving tree number 9535 {1}
122:     -> Evolving tree number 9494 {1}
077:         Output tree data at t=13.80 Gyr (output 1 of 1)
077:     <- Finished tree
077:     Progress: 286 trees processed; elapsed 2.28 h
080:         Output tree data at t=13.80 Gyr (output 1 of 1)
080:     <- Finished tree
077:     -> Evolving tree number 9539 {1}
080:     -> Evolving tree number 9536 {1}
067:         Output tree data at t=13.80 Gyr (output 1 of 1)
067:     <- Finished tree
067:     Progress: 288 trees processed; elapsed 2.31 h
082:         Output tree data at t=13.80 Gyr (output 1 of 1)
082:     <- Finished tree
059:         Output tree data at t=13.80 Gyr (output 1 of 1)
059:     <- Finished tree
067:     -> Evolving tree number 9677 {1}
082:     -> Evolving tree number 9534 {1}
047:         Output tree data at t=13.80 Gyr (output 1 of 1)
047:     <- Finished tree
059:     -> Evolving tree number 9557 {1}
047:     -> Evolving tree number 9697 {1}
032:         Output tree data at t=13.80 Gyr (output 1 of 1)
032:     <- Finished tree
032:     Progress: 292 trees processed; elapsed 2.33 h
069:         Output tree data at t=13.80 Gyr (output 1 of 1)
069:     <- Finished tree
032:     -> Evolving tree number 9584 {1}
125:         Output tree data at t=13.80 Gyr (output 1 of 1)
125:     <- Finished tree
069:     -> Evolving tree number 9547 {1}
106:         Output tree data at t=13.80 Gyr (output 1 of 1)
106:     <- Finished tree
028:         Output tree data at t=13.80 Gyr (output 1 of 1)
028:     <- Finished tree
125:     -> Evolving tree number 9491 {1}
028:     -> Evolving tree number 9588 {1}
106:     -> Evolving tree number 9510 {1}
105:         Output tree data at t=13.80 Gyr (output 1 of 1)
105:     <- Finished tree
110:         Output tree data at t=13.80 Gyr (output 1 of 1)
110:     <- Finished tree
105:     -> Evolving tree number 9639 {1}
110:     -> Evolving tree number 9506 {1}
012:         Output tree data at t=13.80 Gyr (output 1 of 1)
012:     <- Finished tree
012:     Progress: 299 trees processed; elapsed 2.36 h
118:         Output tree data at t=13.80 Gyr (output 1 of 1)
118:     <- Finished tree
034:         Output tree data at t=13.80 Gyr (output 1 of 1)
034:     <- Finished tree
003:         Output tree data at t=13.80 Gyr (output 1 of 1)
003:     <- Finished tree
095:         Output tree data at t=13.80 Gyr (output 1 of 1)
095:     <- Finished tree
118:     -> Evolving tree number 9498 {1}
012:     -> Evolving tree number 9732 {1}
003:     -> Evolving tree number 9613 {1}
054:         Output tree data at t=13.80 Gyr (output 1 of 1)
054:     <- Finished tree
034:     -> Evolving tree number 9582 {1}
095:     -> Evolving tree number 9521 {1}
054:     -> Evolving tree number 9562 {1}
002:         Output tree data at t=13.80 Gyr (output 1 of 1)
002:     <- Finished tree
002:     Progress: 305 trees processed; elapsed 2.38 h
002:     -> Evolving tree number 9614 {1}
016:         Output tree data at t=13.80 Gyr (output 1 of 1)
016:     <- Finished tree
016:     -> Evolving tree number 9600 {1}
021:         Output tree data at t=13.80 Gyr (output 1 of 1)
021:     <- Finished tree
021:     Progress: 307 trees processed; elapsed 2.41 h
004:         Output tree data at t=13.80 Gyr (output 1 of 1)
004:     <- Finished tree
021:     -> Evolving tree number 9595 {1}
036:         Output tree data at t=13.80 Gyr (output 1 of 1)
036:     <- Finished tree
004:     -> Evolving tree number 9612 {1}
088:         Output tree data at t=13.80 Gyr (output 1 of 1)
088:     <- Finished tree
102:         Output tree data at t=13.80 Gyr (output 1 of 1)
102:     <- Finished tree
008:         Output tree data at t=13.80 Gyr (output 1 of 1)
008:     <- Finished tree
008:     Progress: 312 trees processed; elapsed 2.43 h
036:     -> Evolving tree number 9452 {1}
088:     -> Evolving tree number 9656 {1}
085:         Output tree data at t=13.80 Gyr (output 1 of 1)
085:     <- Finished tree
102:     -> Evolving tree number 9642 {1}
008:     -> Evolving tree number 9608 {1}
085:     -> Evolving tree number 9531 {1}
026:         Output tree data at t=13.80 Gyr (output 1 of 1)
026:     <- Finished tree
026:     Progress: 314 trees processed; elapsed 2.45 h
049:         Output tree data at t=13.80 Gyr (output 1 of 1)
049:     <- Finished tree
026:     -> Evolving tree number 9590 {1}
049:     -> Evolving tree number 9567 {1}
100:         Output tree data at t=13.80 Gyr (output 1 of 1)
100:     <- Finished tree
100:     Progress: 316 trees processed; elapsed 2.47 h
017:         Output tree data at t=13.80 Gyr (output 1 of 1)
017:     <- Finished tree
017:     -> Evolving tree number 9727 {1}
103:         Output tree data at t=13.80 Gyr (output 1 of 1)
103:     <- Finished tree
045:         Output tree data at t=13.80 Gyr (output 1 of 1)
045:     <- Finished tree
100:     -> Evolving tree number 9516 {1}
071:         Output tree data at t=13.80 Gyr (output 1 of 1)
071:     <- Finished tree
103:     -> Evolving tree number 9641 {1}
045:     -> Evolving tree number 9571 {1}
044:         Output tree data at t=13.80 Gyr (output 1 of 1)
044:     <- Finished tree
044:     Progress: 321 trees processed; elapsed 2.49 h
071:     -> Evolving tree number 9417 {1}
044:     -> Evolving tree number 9572 {1}
108:         Output tree data at t=13.80 Gyr (output 1 of 1)
108:     <- Finished tree
014:         Output tree data at t=13.80 Gyr (output 1 of 1)
014:     <- Finished tree
027:         Output tree data at t=13.80 Gyr (output 1 of 1)
027:     <- Finished tree
014:     -> Evolving tree number 9602 {1}
108:     -> Evolving tree number 9508 {1}
027:     -> Evolving tree number 9589 {1}
063:         Output tree data at t=13.80 Gyr (output 1 of 1)
063:     <- Finished tree
063:     Progress: 325 trees processed; elapsed 2.52 h
005:         Output tree data at t=13.80 Gyr (output 1 of 1)
005:     <- Finished tree
009:         Output tree data at t=13.80 Gyr (output 1 of 1)
009:     <- Finished tree
063:     -> Evolving tree number 9553 {1}
009:     -> Evolving tree number 9607 {1}
005:     -> Evolving tree number 9611 {1}
093:         Output tree data at t=13.80 Gyr (output 1 of 1)
093:     <- Finished tree
093:     Progress: 328 trees processed; elapsed 2.54 h
038:         Output tree data at t=13.80 Gyr (output 1 of 1)
038:     <- Finished tree
093:     -> Evolving tree number 9395 {1}
038:     -> Evolving tree number 9578 {1}
030:         Output tree data at t=13.80 Gyr (output 1 of 1)
030:     <- Finished tree
030:     Progress: 330 trees processed; elapsed 2.57 h
066:         Output tree data at t=13.80 Gyr (output 1 of 1)
066:     <- Finished tree
066:     -> Evolving tree number 9550 {1}
113:         Output tree data at t=13.80 Gyr (output 1 of 1)
113:     <- Finished tree
089:         Output tree data at t=13.80 Gyr (output 1 of 1)
089:     <- Finished tree
030:     -> Evolving tree number 9586 {1}
113:     -> Evolving tree number 9503 {1}
089:     -> Evolving tree number 9527 {1}
007:         Output tree data at t=13.80 Gyr (output 1 of 1)
007:     <- Finished tree
007:     Progress: 334 trees processed; elapsed 2.59 h
007:     -> Evolving tree number 9609 {1}
092:         Output tree data at t=13.80 Gyr (output 1 of 1)
092:     <- Finished tree
092:     Progress: 335 trees processed; elapsed 2.62 h
092:     -> Evolving tree number 9396 {1}
064:         Output tree data at t=13.80 Gyr (output 1 of 1)
064:     <- Finished tree
025:         Output tree data at t=13.80 Gyr (output 1 of 1)
025:     <- Finished tree
025:     Progress: 337 trees processed; elapsed 2.64 h
064:     -> Evolving tree number 9552 {1}
025:     -> Evolving tree number 9719 {1}
075:         Output tree data at t=13.80 Gyr (output 1 of 1)
075:     <- Finished tree
075:     Progress: 338 trees processed; elapsed 2.66 h
075:     -> Evolving tree number 9541 {1}
052:         Output tree data at t=13.80 Gyr (output 1 of 1)
052:     <- Finished tree
112:         Output tree data at t=13.80 Gyr (output 1 of 1)
112:     <- Finished tree
111:         Output tree data at t=13.80 Gyr (output 1 of 1)
111:     <- Finished tree
111:     Progress: 341 trees processed; elapsed 2.68 h
112:     -> Evolving tree number 9504 {1}
052:     -> Evolving tree number 9564 {1}
111:     -> Evolving tree number 9377 {1}
090:         Output tree data at t=13.80 Gyr (output 1 of 1)
090:     <- Finished tree
061:         Output tree data at t=13.80 Gyr (output 1 of 1)
061:     <- Finished tree
042:         Output tree data at t=13.80 Gyr (output 1 of 1)
042:     <- Finished tree
061:     -> Evolving tree number 9555 {1}
086:         Output tree data at t=13.80 Gyr (output 1 of 1)
086:     <- Finished tree
090:     -> Evolving tree number 9526 {1}
042:     -> Evolving tree number 9574 {1}
086:     -> Evolving tree number 9402 {1}
019:         Output tree data at t=13.80 Gyr (output 1 of 1)
019:     <- Finished tree
019:     Progress: 346 trees processed; elapsed 2.70 h
019:     -> Evolving tree number 9597 {1}
073:         Output tree data at t=13.80 Gyr (output 1 of 1)
073:     <- Finished tree
097:         Output tree data at t=13.80 Gyr (output 1 of 1)
097:     <- Finished tree
048:         Output tree data at t=13.80 Gyr (output 1 of 1)
048:     <- Finished tree
073:     -> Evolving tree number 9543 {1}
097:     -> Evolving tree number 9519 {1}
126:         Output tree data at t=13.80 Gyr (output 1 of 1)
126:     <- Finished tree
048:     -> Evolving tree number 9440 {1}
074:         Output tree data at t=13.80 Gyr (output 1 of 1)
074:     <- Finished tree
126:     -> Evolving tree number 9490 {1}
091:         Output tree data at t=13.80 Gyr (output 1 of 1)
091:     <- Finished tree
091:     Progress: 352 trees processed; elapsed 2.72 h
091:     -> Evolving tree number 9525 {1}
074:     -> Evolving tree number 9542 {1}
115:         Output tree data at t=13.80 Gyr (output 1 of 1)
115:     <- Finished tree
115:     Progress: 353 trees processed; elapsed 2.74 h
115:     -> Evolving tree number 9501 {1}
101:         Output tree data at t=13.80 Gyr (output 1 of 1)
101:     <- Finished tree
035:         Output tree data at t=13.80 Gyr (output 1 of 1)
035:     <- Finished tree
020:         Output tree data at t=13.80 Gyr (output 1 of 1)
020:     <- Finished tree
020:     Progress: 356 trees processed; elapsed 2.76 h
031:         Output tree data at t=13.80 Gyr (output 1 of 1)
031:     <- Finished tree
035:     -> Evolving tree number 9453 {1}
098:         Output tree data at t=13.80 Gyr (output 1 of 1)
098:     <- Finished tree
096:         Output tree data at t=13.80 Gyr (output 1 of 1)
096:     <- Finished tree
031:     -> Evolving tree number 9585 {1}
096:     -> Evolving tree number 9520 {1}
127:         Output tree data at t=13.80 Gyr (output 1 of 1)
127:     <- Finished tree
098:     -> Evolving tree number 9518 {1}
127:     -> Evolving tree number 9361 {1}
121:         Output tree data at t=13.80 Gyr (output 1 of 1)
121:     <- Finished tree
121:     Progress: 361 trees processed; elapsed 2.78 h
020:     -> Evolving tree number 9596 {1}
101:     -> Evolving tree number 9515 {1}
121:     -> Evolving tree number 9367 {1}
094:         Output tree data at t=13.80 Gyr (output 1 of 1)
094:     <- Finished tree
051:         Output tree data at t=13.80 Gyr (output 1 of 1)
051:     <- Finished tree
051:     -> Evolving tree number 9565 {1}
094:     -> Evolving tree number 9522 {1}
043:         Output tree data at t=13.80 Gyr (output 1 of 1)
043:     <- Finished tree
043:     Progress: 364 trees processed; elapsed 2.81 h
024:         Output tree data at t=13.80 Gyr (output 1 of 1)
024:     <- Finished tree
043:     -> Evolving tree number 9573 {1}
060:         Output tree data at t=13.80 Gyr (output 1 of 1)
060:     <- Finished tree
024:     -> Evolving tree number 9464 {1}
060:     -> Evolving tree number 9428 {1}
029:         Output tree data at t=13.80 Gyr (output 1 of 1)
029:     <- Finished tree
029:     Progress: 367 trees processed; elapsed 2.83 h
029:     -> Evolving tree number 9587 {1}
055:         Output tree data at t=13.80 Gyr (output 1 of 1)
055:     <- Finished tree
055:     Progress: 368 trees processed; elapsed 2.85 h
055:     -> Evolving tree number 9561 {1}
015:         Output tree data at t=13.80 Gyr (output 1 of 1)
123:         Output tree data at t=13.80 Gyr (output 1 of 1)
015:     <- Finished tree
123:     <- Finished tree
015:     -> Evolving tree number 9473 {1}
123:     -> Evolving tree number 9493 {1}
018:         Output tree data at t=13.80 Gyr (output 1 of 1)
018:     <- Finished tree
018:     Progress: 371 trees processed; elapsed 2.87 h
022:         Output tree data at t=13.80 Gyr (output 1 of 1)
022:     <- Finished tree
018:     -> Evolving tree number 9470 {1}
022:     -> Evolving tree number 9466 {1}
065:         Output tree data at t=13.80 Gyr (output 1 of 1)
065:     <- Finished tree
107:         Output tree data at t=13.80 Gyr (output 1 of 1)
107:     <- Finished tree
065:     -> Evolving tree number 9423 {1}
107:     -> Evolving tree number 9381 {1}
050:         Output tree data at t=13.80 Gyr (output 1 of 1)
050:     <- Finished tree
050:     Progress: 375 trees processed; elapsed 2.89 h
050:     -> Evolving tree number 9566 {1}
120:         Output tree data at t=13.80 Gyr (output 1 of 1)
120:     <- Finished tree
079:         Output tree data at t=13.80 Gyr (output 1 of 1)
079:     <- Finished tree
056:         Output tree data at t=13.80 Gyr (output 1 of 1)
056:     <- Finished tree
079:     -> Evolving tree number 9537 {1}
120:     -> Evolving tree number 9368 {1}
056:     -> Evolving tree number 9432 {1}
116:         Output tree data at t=13.80 Gyr (output 1 of 1)
116:     <- Finished tree
116:     Progress: 379 trees processed; elapsed 2.92 h
116:     -> Evolving tree number 9500 {1}
041:         Output tree data at t=13.80 Gyr (output 1 of 1)
041:     <- Finished tree
072:         Output tree data at t=13.80 Gyr (output 1 of 1)
072:     <- Finished tree
041:     -> Evolving tree number 9575 {1}
072:     -> Evolving tree number 9544 {1}
080:         Output tree data at t=13.80 Gyr (output 1 of 1)
080:     <- Finished tree
080:     Progress: 382 trees processed; elapsed 2.95 h
122:         Output tree data at t=13.80 Gyr (output 1 of 1)
122:     <- Finished tree
080:     -> Evolving tree number 9408 {1}
083:         Output tree data at t=13.80 Gyr (output 1 of 1)
083:     <- Finished tree
122:     -> Evolving tree number 9366 {1}
077:         Output tree data at t=13.80 Gyr (output 1 of 1)
077:     <- Finished tree
114:         Output tree data at t=13.80 Gyr (output 1 of 1)
114:     <- Finished tree
083:     -> Evolving tree number 9533 {1}
036:         Output tree data at t=13.80 Gyr (output 1 of 1)
036:     <- Finished tree
036:     Progress: 387 trees processed; elapsed 2.97 h
013:         Output tree data at t=13.80 Gyr (output 1 of 1)
013:     <- Finished tree
036:     -> Evolving tree number 9324 {1}
077:     -> Evolving tree number 9411 {1}
099:         Output tree data at t=13.80 Gyr (output 1 of 1)
099:     <- Finished tree
114:     -> Evolving tree number 9502 {1}
013:     -> Evolving tree number 9475 {1}
099:     -> Evolving tree number 9517 {1}
006:         Output tree data at t=13.80 Gyr (output 1 of 1)
006:     <- Finished tree
006:     Progress: 390 trees processed; elapsed 2.99 h
006:     -> Evolving tree number 9610 {1}
026:         Output tree data at t=13.80 Gyr (output 1 of 1)
026:     <- Finished tree
062:         Output tree data at t=13.80 Gyr (output 1 of 1)
062:     <- Finished tree
093:         Output tree data at t=13.80 Gyr (output 1 of 1)
093:     <- Finished tree
026:     -> Evolving tree number 9462 {1}
124:         Output tree data at t=13.80 Gyr (output 1 of 1)
124:     <- Finished tree
093:     -> Evolving tree number 9267 {1}
124:     -> Evolving tree number 9364 {1}
062:     -> Evolving tree number 9554 {1}
104:         Output tree data at t=13.80 Gyr (output 1 of 1)
104:     <- Finished tree
104:     Progress: 395 trees processed; elapsed 3.02 h
004:         Output tree data at t=13.80 Gyr (output 1 of 1)
004:     <- Finished tree
104:     -> Evolving tree number 9384 {1}
004:     -> Evolving tree number 9484 {1}
091:         Output tree data at t=13.80 Gyr (output 1 of 1)
091:     <- Finished tree
091:     Progress: 397 trees processed; elapsed 3.03 h
091:     -> Evolving tree number 9397 {1}
008:         Output tree data at t=13.80 Gyr (output 1 of 1)
008:     <- Finished tree
008:     -> Evolving tree number 9480 {1}
108:         Output tree data at t=13.80 Gyr (output 1 of 1)
108:     <- Finished tree
108:     Progress: 399 trees processed; elapsed 3.05 h
078:         Output tree data at t=13.80 Gyr (output 1 of 1)
078:     <- Finished tree
010:         Output tree data at t=13.80 Gyr (output 1 of 1)
010:     <- Finished tree
078:     -> Evolving tree number 9538 {1}
046:         Output tree data at t=13.80 Gyr (output 1 of 1)
046:     <- Finished tree
108:     -> Evolving tree number 9380 {1}
010:     -> Evolving tree number 9606 {1}
100:         Output tree data at t=13.80 Gyr (output 1 of 1)
100:     <- Finished tree
100:     Progress: 403 trees processed; elapsed 3.07 h
054:         Output tree data at t=13.80 Gyr (output 1 of 1)
054:     <- Finished tree
117:         Output tree data at t=13.80 Gyr (output 1 of 1)
117:     <- Finished tree
100:     -> Evolving tree number 9388 {1}
046:     -> Evolving tree number 9442 {1}
000:         Output tree data at t=13.80 Gyr (output 1 of 1)
000:     <- Finished tree
039:         Output tree data at t=13.80 Gyr (output 1 of 1)
039:     <- Finished tree
117:     -> Evolving tree number 9499 {1}
000:     -> Evolving tree number 9488 {1}
054:     -> Evolving tree number 9434 {1}
106:         Output tree data at t=13.80 Gyr (output 1 of 1)
106:     <- Finished tree
106:     -> Evolving tree number 9382 {1}
057:         Output tree data at t=13.80 Gyr (output 1 of 1)
057:     <- Finished tree
057:     Progress: 409 trees processed; elapsed 3.10 h
070:         Output tree data at t=13.80 Gyr (output 1 of 1)
070:     <- Finished tree
039:     -> Evolving tree number 9449 {1}
070:     -> Evolving tree number 9418 {1}
027:         Output tree data at t=13.80 Gyr (output 1 of 1)
027:     <- Finished tree
027:     Progress: 411 trees processed; elapsed 3.13 h
076:         Output tree data at t=13.80 Gyr (output 1 of 1)
076:     <- Finished tree
011:         Output tree data at t=13.80 Gyr (output 1 of 1)
011:     <- Finished tree
095:         Output tree data at t=13.80 Gyr (output 1 of 1)
095:     <- Finished tree
057:     -> Evolving tree number 9559 {1}
011:     -> Evolving tree number 9477 {1}
027:     -> Evolving tree number 9461 {1}
095:     -> Evolving tree number 9393 {1}
059:         Output tree data at t=13.80 Gyr (output 1 of 1)
059:     <- Finished tree
059:     Progress: 415 trees processed; elapsed 3.15 h
119:         Output tree data at t=13.80 Gyr (output 1 of 1)
119:     <- Finished tree
032:         Output tree data at t=13.80 Gyr (output 1 of 1)
032:     <- Finished tree
059:     -> Evolving tree number 9429 {1}
076:     -> Evolving tree number 9412 {1}
119:     -> Evolving tree number 9369 {1}
032:     -> Evolving tree number 9456 {1}
081:         Output tree data at t=13.80 Gyr (output 1 of 1)
081:     <- Finished tree
038:         Output tree data at t=13.80 Gyr (output 1 of 1)
038:     <- Finished tree
081:     -> Evolving tree number 9407 {1}
033:         Output tree data at t=13.80 Gyr (output 1 of 1)
033:     <- Finished tree
033:     Progress: 420 trees processed; elapsed 3.17 h
125:         Output tree data at t=13.80 Gyr (output 1 of 1)
125:     <- Finished tree
125:     -> Evolving tree number 9363 {1}
038:     -> Evolving tree number 9450 {1}
033:     -> Evolving tree number 9455 {1}
092:         Output tree data at t=13.80 Gyr (output 1 of 1)
092:     <- Finished tree
092:     Progress: 422 trees processed; elapsed 3.20 h
053:         Output tree data at t=13.80 Gyr (output 1 of 1)
053:     <- Finished tree
048:         Output tree data at t=13.80 Gyr (output 1 of 1)
048:     <- Finished tree
092:     -> Evolving tree number 9268 {1}
053:     -> Evolving tree number 9563 {1}
037:         Output tree data at t=13.80 Gyr (output 1 of 1)
037:     <- Finished tree
048:     -> Evolving tree number 9312 {1}
110:         Output tree data at t=13.80 Gyr (output 1 of 1)
110:     <- Finished tree
110:     -> Evolving tree number 9378 {1}
037:     -> Evolving tree number 9579 {1}
030:         Output tree data at t=13.80 Gyr (output 1 of 1)
030:     <- Finished tree
030:     Progress: 427 trees processed; elapsed 3.22 h
030:     -> Evolving tree number 9458 {1}
045:         Output tree data at t=13.80 Gyr (output 1 of 1)
045:     <- Finished tree
109:         Output tree data at t=13.80 Gyr (output 1 of 1)
109:     <- Finished tree
045:     -> Evolving tree number 9443 {1}
105:         Output tree data at t=13.80 Gyr (output 1 of 1)
105:     <- Finished tree
105:     Progress: 430 trees processed; elapsed 3.24 h
023:         Output tree data at t=13.80 Gyr (output 1 of 1)
023:     <- Finished tree
109:     -> Evolving tree number 9379 {1}
069:         Output tree data at t=13.80 Gyr (output 1 of 1)
069:     <- Finished tree
023:     -> Evolving tree number 9465 {1}
105:     -> Evolving tree number 9511 {1}
082:         Output tree data at t=13.80 Gyr (output 1 of 1)
082:     <- Finished tree
087:         Output tree data at t=13.80 Gyr (output 1 of 1)
087:     <- Finished tree
087:     Progress: 434 trees processed; elapsed 3.26 h
082:     -> Evolving tree number 9406 {1}
087:     -> Evolving tree number 9529 {1}
111:         Output tree data at t=13.80 Gyr (output 1 of 1)
111:     <- Finished tree
021:         Output tree data at t=13.80 Gyr (output 1 of 1)
021:     <- Finished tree
003:         Output tree data at t=13.80 Gyr (output 1 of 1)
003:     <- Finished tree
047:         Output tree data at t=13.80 Gyr (output 1 of 1)
047:     <- Finished tree
021:     -> Evolving tree number 9467 {1}
068:         Output tree data at t=13.80 Gyr (output 1 of 1)
068:     <- Finished tree
003:     -> Evolving tree number 9485 {1}
047:     -> Evolving tree number 9569 {1}
068:     -> Evolving tree number 9420 {1}
069:     -> Evolving tree number 9419 {1}
058:         Output tree data at t=13.80 Gyr (output 1 of 1)
058:     <- Finished tree
058:     Progress: 440 trees processed; elapsed 3.30 h
111:     -> Evolving tree number 9249 {1}
063:         Output tree data at t=13.80 Gyr (output 1 of 1)
063:     <- Finished tree
058:     -> Evolving tree number 9430 {1}
025:         Output tree data at t=13.80 Gyr (output 1 of 1)
025:     <- Finished tree
025:     -> Evolving tree number 9591 {1}
063:     -> Evolving tree number 9425 {1}
012:         Output tree data at t=13.80 Gyr (output 1 of 1)
012:     <- Finished tree
074:         Output tree data at t=13.80 Gyr (output 1 of 1)
074:     <- Finished tree
074:     Progress: 444 trees processed; elapsed 3.31 h
012:     -> Evolving tree number 9604 {1}
067:         Output tree data at t=13.80 Gyr (output 1 of 1)
067:     <- Finished tree
067:     -> Evolving tree number 9549 {1}
066:         Output tree data at t=13.80 Gyr (output 1 of 1)
066:     <- Finished tree
123:         Output tree data at t=13.80 Gyr (output 1 of 1)
123:     <- Finished tree
066:     -> Evolving tree number 9422 {1}
123:     -> Evolving tree number 9365 {1}
089:         Output tree data at t=13.80 Gyr (output 1 of 1)
089:     <- Finished tree
089:     Progress: 448 trees processed; elapsed 3.34 h
044:         Output tree data at t=13.80 Gyr (output 1 of 1)
044:     <- Finished tree
089:     -> Evolving tree number 9399 {1}
024:         Output tree data at t=13.80 Gyr (output 1 of 1)
024:     <- Finished tree
001:         Output tree data at t=13.80 Gyr (output 1 of 1)
001:     <- Finished tree
074:     -> Evolving tree number 9414 {1}
020:         Output tree data at t=13.80 Gyr (output 1 of 1)
020:     <- Finished tree
024:     -> Evolving tree number 9336 {1}
116:         Output tree data at t=13.80 Gyr (output 1 of 1)
116:     <- Finished tree
116:     Progress: 453 trees processed; elapsed 3.35 h
088:         Output tree data at t=13.80 Gyr (output 1 of 1)
088:     <- Finished tree
017:         Output tree data at t=13.80 Gyr (output 1 of 1)
017:     <- Finished tree
036:         Output tree data at t=13.80 Gyr (output 1 of 1)
036:     <- Finished tree
088:     -> Evolving tree number 9528 {1}
017:     -> Evolving tree number 9599 {1}
040:         Output tree data at t=13.80 Gyr (output 1 of 1)
040:     <- Finished tree
040:     -> Evolving tree number 9576 {1}
044:     -> Evolving tree number 9444 {1}
036:     -> Evolving tree number 9196 {1}
001:     -> Evolving tree number 9487 {1}
103:         Output tree data at t=13.80 Gyr (output 1 of 1)
103:     <- Finished tree
103:     Progress: 458 trees processed; elapsed 3.37 h
007:         Output tree data at t=13.80 Gyr (output 1 of 1)
007:     <- Finished tree
020:     -> Evolving tree number 9468 {1}
103:     -> Evolving tree number 9513 {1}
116:     -> Evolving tree number 9372 {1}
043:         Output tree data at t=13.80 Gyr (output 1 of 1)
043:     <- Finished tree
043:     Progress: 460 trees processed; elapsed 3.40 h
034:         Output tree data at t=13.80 Gyr (output 1 of 1)
034:     <- Finished tree
034:     -> Evolving tree number 9454 {1}
060:         Output tree data at t=13.80 Gyr (output 1 of 1)
060:     <- Finished tree
007:     -> Evolving tree number 9481 {1}
112:         Output tree data at t=13.80 Gyr (output 1 of 1)
112:     <- Finished tree
049:         Output tree data at t=13.80 Gyr (output 1 of 1)
049:     <- Finished tree
043:     -> Evolving tree number 9445 {1}
061:         Output tree data at t=13.80 Gyr (output 1 of 1)
061:     <- Finished tree
049:     -> Evolving tree number 9439 {1}
084:         Output tree data at t=13.80 Gyr (output 1 of 1)
084:     <- Finished tree
084:     Progress: 466 trees processed; elapsed 3.42 h
104:         Output tree data at t=13.80 Gyr (output 1 of 1)
104:     <- Finished tree
112:     -> Evolving tree number 9376 {1}
061:     -> Evolving tree number 9427 {1}
016:         Output tree data at t=13.80 Gyr (output 1 of 1)
016:     <- Finished tree
084:     -> Evolving tree number 9404 {1}
060:     -> Evolving tree number 9300 {1}
075:         Output tree data at t=13.80 Gyr (output 1 of 1)
075:     <- Finished tree
075:     Progress: 469 trees processed; elapsed 3.44 h
075:     -> Evolving tree number 9413 {1}
014:         Output tree data at t=13.80 Gyr (output 1 of 1)
014:     <- Finished tree
104:     -> Evolving tree number 9256 {1}
014:     -> Evolving tree number 9474 {1}
072:         Output tree data at t=13.80 Gyr (output 1 of 1)
072:     <- Finished tree
072:     Progress: 471 trees processed; elapsed 3.46 h
016:     -> Evolving tree number 9472 {1}
022:         Output tree data at t=13.80 Gyr (output 1 of 1)
022:     <- Finished tree
035:         Output tree data at t=13.80 Gyr (output 1 of 1)
035:     <- Finished tree
035:     -> Evolving tree number 9325 {1}
029:         Output tree data at t=13.80 Gyr (output 1 of 1)
029:     <- Finished tree
086:         Output tree data at t=13.80 Gyr (output 1 of 1)
086:     <- Finished tree
086:     Progress: 475 trees processed; elapsed 3.48 h
102:         Output tree data at t=13.80 Gyr (output 1 of 1)
102:     <- Finished tree
086:     -> Evolving tree number 9274 {1}
064:         Output tree data at t=13.80 Gyr (output 1 of 1)
064:     <- Finished tree
118:         Output tree data at t=13.80 Gyr (output 1 of 1)
118:     <- Finished tree
064:     -> Evolving tree number 9424 {1}
052:         Output tree data at t=13.80 Gyr (output 1 of 1)
052:     <- Finished tree
065:         Output tree data at t=13.80 Gyr (output 1 of 1)
065:     <- Finished tree
118:     -> Evolving tree number 9370 {1}
052:     -> Evolving tree number 9436 {1}
072:     -> Evolving tree number 9416 {1}
127:         Output tree data at t=13.80 Gyr (output 1 of 1)
127:     <- Finished tree
127:     Progress: 481 trees processed; elapsed 3.50 h
121:         Output tree data at t=13.80 Gyr (output 1 of 1)
121:     <- Finished tree
127:     -> Evolving tree number 9233 {1}
065:     -> Evolving tree number 9295 {1}
029:     -> Evolving tree number 9459 {1}
022:     -> Evolving tree number 9338 {1}
100:         Output tree data at t=13.80 Gyr (output 1 of 1)
100:     <- Finished tree
121:     -> Evolving tree number 9239 {1}
102:     -> Evolving tree number 9514 {1}
113:         Output tree data at t=13.80 Gyr (output 1 of 1)
113:     <- Finished tree
013:         Output tree data at t=13.80 Gyr (output 1 of 1)
013:     <- Finished tree
100:     -> Evolving tree number 9260 {1}
085:         Output tree data at t=13.80 Gyr (output 1 of 1)
085:     <- Finished tree
113:     -> Evolving tree number 9375 {1}
085:     -> Evolving tree number 9403 {1}
028:         Output tree data at t=13.80 Gyr (output 1 of 1)
028:     <- Finished tree
041:         Output tree data at t=13.80 Gyr (output 1 of 1)
041:     <- Finished tree
028:     -> Evolving tree number 9460 {1}
002:         Output tree data at t=13.80 Gyr (output 1 of 1)
002:     <- Finished tree
002:     Progress: 489 trees processed; elapsed 3.52 h
107:         Output tree data at t=13.80 Gyr (output 1 of 1)
107:     <- Finished tree
041:     -> Evolving tree number 9447 {1}
114:         Output tree data at t=13.80 Gyr (output 1 of 1)
114:     <- Finished tree
114:     Progress: 491 trees processed; elapsed 3.54 h
013:     -> Evolving tree number 9347 {1}
114:     -> Evolving tree number 9374 {1}
002:     -> Evolving tree number 9486 {1}
122:         Output tree data at t=13.80 Gyr (output 1 of 1)
122:     <- Finished tree
093:         Output tree data at t=13.80 Gyr (output 1 of 1)
093:     <- Finished tree
093:     Progress: 493 trees processed; elapsed 3.56 h
096:         Output tree data at t=13.80 Gyr (output 1 of 1)
096:     <- Finished tree
093:     -> Evolving tree number 9139 {1}
122:     -> Evolving tree number 9238 {1}
107:     -> Evolving tree number 9253 {1}
092:         Output tree data at t=13.80 Gyr (output 1 of 1)
092:     <- Finished tree
092:     Progress: 495 trees processed; elapsed 3.58 h
015:         Output tree data at t=13.80 Gyr (output 1 of 1)
015:     <- Finished tree
015:     -> Evolving tree number 9345 {1}
071:         Output tree data at t=13.80 Gyr (output 1 of 1)
071:     <- Finished tree
125:         Output tree data at t=13.80 Gyr (output 1 of 1)
125:     <- Finished tree
124:         Output tree data at t=13.80 Gyr (output 1 of 1)
124:     <- Finished tree
125:     -> Evolving tree number 9235 {1}
090:         Output tree data at t=13.80 Gyr (output 1 of 1)
090:     <- Finished tree
124:     -> Evolving tree number 9236 {1}
073:         Output tree data at t=13.80 Gyr (output 1 of 1)
073:     <- Finished tree
073:     Progress: 501 trees processed; elapsed 3.60 h
096:     -> Evolving tree number 9392 {1}
057:         Output tree data at t=13.80 Gyr (output 1 of 1)
057:     <- Finished tree
090:     -> Evolving tree number 9398 {1}
083:         Output tree data at t=13.80 Gyr (output 1 of 1)
083:     <- Finished tree
057:     -> Evolving tree number 9431 {1}
073:     -> Evolving tree number 9415 {1}
092:     -> Evolving tree number 9140 {1}
005:         Output tree data at t=13.80 Gyr (output 1 of 1)
005:     <- Finished tree
071:     -> Evolving tree number 9289 {1}
004:         Output tree data at t=13.80 Gyr (output 1 of 1)
004:     <- Finished tree
004:     Progress: 505 trees processed; elapsed 3.64 h
083:     -> Evolving tree number 9405 {1}
126:         Output tree data at t=13.80 Gyr (output 1 of 1)
126:     <- Finished tree
126:     -> Evolving tree number 9362 {1}
004:     -> Evolving tree number 9356 {1}
005:     -> Evolving tree number 9483 {1}
091:         Output tree data at t=13.80 Gyr (output 1 of 1)
091:     <- Finished tree
070:         Output tree data at t=13.80 Gyr (output 1 of 1)
070:     <- Finished tree
070:     Progress: 508 trees processed; elapsed 3.66 h
070:     -> Evolving tree number 9290 {1}
030:         Output tree data at t=13.80 Gyr (output 1 of 1)
030:     <- Finished tree
091:     -> Evolving tree number 9269 {1}
030:     -> Evolving tree number 9330 {1}
009:         Output tree data at t=13.80 Gyr (output 1 of 1)
009:     <- Finished tree
009:     Progress: 510 trees processed; elapsed 3.69 h
080:         Output tree data at t=13.80 Gyr (output 1 of 1)
080:     <- Finished tree
009:     -> Evolving tree number 9479 {1}
101:         Output tree data at t=13.80 Gyr (output 1 of 1)
101:     <- Finished tree
059:         Output tree data at t=13.80 Gyr (output 1 of 1)
059:     <- Finished tree
026:         Output tree data at t=13.80 Gyr (output 1 of 1)
026:     <- Finished tree
059:     -> Evolving tree number 9301 {1}
019:         Output tree data at t=13.80 Gyr (output 1 of 1)
019:     <- Finished tree
019:     Progress: 515 trees processed; elapsed 3.71 h
055:         Output tree data at t=13.80 Gyr (output 1 of 1)
055:     <- Finished tree
018:         Output tree data at t=13.80 Gyr (output 1 of 1)
018:     <- Finished tree
101:     -> Evolving tree number 9387 {1}
080:     -> Evolving tree number 9280 {1}
018:     -> Evolving tree number 9342 {1}
062:         Output tree data at t=13.80 Gyr (output 1 of 1)
062:     <- Finished tree
039:         Output tree data at t=13.80 Gyr (output 1 of 1)
039:     <- Finished tree
011:         Output tree data at t=13.80 Gyr (output 1 of 1)
011:     <- Finished tree
031:         Output tree data at t=13.80 Gyr (output 1 of 1)
031:     <- Finished tree
031:     Progress: 521 trees processed; elapsed 3.73 h
039:     -> Evolving tree number 9321 {1}
031:     -> Evolving tree number 9457 {1}
062:     -> Evolving tree number 9426 {1}
011:     -> Evolving tree number 9349 {1}
026:     -> Evolving tree number 9334 {1}
019:     -> Evolving tree number 9469 {1}
003:         Output tree data at t=13.80 Gyr (output 1 of 1)
003:     <- Finished tree
003:     Progress: 522 trees processed; elapsed 3.75 h
042:         Output tree data at t=13.80 Gyr (output 1 of 1)
042:     <- Finished tree
069:         Output tree data at t=13.80 Gyr (output 1 of 1)
069:     <- Finished tree
098:         Output tree data at t=13.80 Gyr (output 1 of 1)
098:     <- Finished tree
055:     -> Evolving tree number 9433 {1}
069:     -> Evolving tree number 9291 {1}
098:     -> Evolving tree number 9390 {1}
042:     -> Evolving tree number 9446 {1}
032:         Output tree data at t=13.80 Gyr (output 1 of 1)
032:     <- Finished tree
032:     -> Evolving tree number 9328 {1}
056:         Output tree data at t=13.80 Gyr (output 1 of 1)
056:     <- Finished tree
056:     Progress: 527 trees processed; elapsed 3.77 h
003:     -> Evolving tree number 9357 {1}
051:         Output tree data at t=13.80 Gyr (output 1 of 1)
051:     <- Finished tree
056:     -> Evolving tree number 9304 {1}
051:     -> Evolving tree number 9437 {1}
123:         Output tree data at t=13.80 Gyr (output 1 of 1)
123:     <- Finished tree
123:     Progress: 529 trees processed; elapsed 3.79 h
123:     -> Evolving tree number 9237 {1}
084:         Output tree data at t=13.80 Gyr (output 1 of 1)
084:     <- Finished tree
084:     Progress: 530 trees processed; elapsed 3.82 h
054:         Output tree data at t=13.80 Gyr (output 1 of 1)
054:     <- Finished tree
084:     -> Evolving tree number 9276 {1}
054:     -> Evolving tree number 9306 {1}
100:         Output tree data at t=13.80 Gyr (output 1 of 1)
100:     <- Finished tree
038:         Output tree data at t=13.80 Gyr (output 1 of 1)
038:     <- Finished tree
082:         Output tree data at t=13.80 Gyr (output 1 of 1)
082:     <- Finished tree
079:         Output tree data at t=13.80 Gyr (output 1 of 1)
079:     <- Finished tree
100:     -> Evolving tree number 9132 {1}
078:         Output tree data at t=13.80 Gyr (output 1 of 1)
078:     <- Finished tree
079:     -> Evolving tree number 9409 {1}
078:     -> Evolving tree number 9410 {1}
095:         Output tree data at t=13.80 Gyr (output 1 of 1)
095:     <- Finished tree
095:     Progress: 537 trees processed; elapsed 3.84 h
038:     -> Evolving tree number 9322 {1}
095:     -> Evolving tree number 9265 {1}
036:         Output tree data at t=13.80 Gyr (output 1 of 1)
036:     <- Finished tree
082:     -> Evolving tree number 9278 {1}
120:         Output tree data at t=13.80 Gyr (output 1 of 1)
120:     <- Finished tree
036:     -> Evolving tree number 9068 {1}
112:         Output tree data at t=13.80 Gyr (output 1 of 1)
112:     <- Finished tree
112:     Progress: 540 trees processed; elapsed 3.85 h
112:     -> Evolving tree number 9248 {1}
033:         Output tree data at t=13.80 Gyr (output 1 of 1)
033:     <- Finished tree
037:         Output tree data at t=13.80 Gyr (output 1 of 1)
037:     <- Finished tree
008:         Output tree data at t=13.80 Gyr (output 1 of 1)
008:     <- Finished tree
037:     -> Evolving tree number 9451 {1}
033:     -> Evolving tree number 9327 {1}
008:     -> Evolving tree number 9352 {1}
027:         Output tree data at t=13.80 Gyr (output 1 of 1)
027:     <- Finished tree
027:     Progress: 544 trees processed; elapsed 3.88 h
120:     -> Evolving tree number 9240 {1}
072:         Output tree data at t=13.80 Gyr (output 1 of 1)
072:     <- Finished tree
127:         Output tree data at t=13.80 Gyr (output 1 of 1)
127:     <- Finished tree
027:     -> Evolving tree number 9333 {1}
127:     -> Evolving tree number 9105 {1}
072:     -> Evolving tree number 9288 {1}
007:         Output tree data at t=13.80 Gyr (output 1 of 1)
007:     <- Finished tree
007:     -> Evolving tree number 9353 {1}
106:         Output tree data at t=13.80 Gyr (output 1 of 1)
106:     <- Finished tree
106:     Progress: 548 trees processed; elapsed 3.91 h
094:         Output tree data at t=13.80 Gyr (output 1 of 1)
094:     <- Finished tree
050:         Output tree data at t=13.80 Gyr (output 1 of 1)
050:     <- Finished tree
050:     Progress: 550 trees processed; elapsed 3.93 h
063:         Output tree data at t=13.80 Gyr (output 1 of 1)
063:     <- Finished tree
050:     -> Evolving tree number 9438 {1}
063:     -> Evolving tree number 9297 {1}
094:     -> Evolving tree number 9394 {1}
106:     -> Evolving tree number 9254 {1}
089:         Output tree data at t=13.80 Gyr (output 1 of 1)
089:     <- Finished tree
089:     Progress: 552 trees processed; elapsed 3.95 h
001:         Output tree data at t=13.80 Gyr (output 1 of 1)
001:     <- Finished tree
097:         Output tree data at t=13.80 Gyr (output 1 of 1)
097:     <- Finished tree
035:         Output tree data at t=13.80 Gyr (output 1 of 1)
035:     <- Finished tree
001:     -> Evolving tree number 9359 {1}
089:     -> Evolving tree number 9271 {1}
016:         Output tree data at t=13.80 Gyr (output 1 of 1)
016:     <- Finished tree
097:     -> Evolving tree number 9391 {1}
022:         Output tree data at t=13.80 Gyr (output 1 of 1)
022:     <- Finished tree
022:     -> Evolving tree number 9210 {1}
016:     -> Evolving tree number 9344 {1}
025:         Output tree data at t=13.80 Gyr (output 1 of 1)
025:     <- Finished tree
010:         Output tree data at t=13.80 Gyr (output 1 of 1)
010:     <- Finished tree
010:     Progress: 559 trees processed; elapsed 3.97 h
115:         Output tree data at t=13.80 Gyr (output 1 of 1)
115:     <- Finished tree
117:         Output tree data at t=13.80 Gyr (output 1 of 1)
117:     <- Finished tree
115:     -> Evolving tree number 9373 {1}
024:         Output tree data at t=13.80 Gyr (output 1 of 1)
024:     <- Finished tree
075:         Output tree data at t=13.80 Gyr (output 1 of 1)
075:     <- Finished tree
010:     -> Evolving tree number 9478 {1}
030:         Output tree data at t=13.80 Gyr (output 1 of 1)
030:     <- Finished tree
024:     -> Evolving tree number 9208 {1}
075:     -> Evolving tree number 9285 {1}
030:     -> Evolving tree number 9202 {1}
035:     -> Evolving tree number 9197 {1}
000:         Output tree data at t=13.80 Gyr (output 1 of 1)
000:     <- Finished tree
000:     Progress: 565 trees processed; elapsed 4.00 h
108:         Output tree data at t=13.80 Gyr (output 1 of 1)
108:     <- Finished tree
025:     -> Evolving tree number 9463 {1}
117:     -> Evolving tree number 9371 {1}
107:         Output tree data at t=13.80 Gyr (output 1 of 1)
107:     <- Finished tree
000:     -> Evolving tree number 9360 {1}
076:         Output tree data at t=13.80 Gyr (output 1 of 1)
076:     <- Finished tree
107:     -> Evolving tree number 9125 {1}
049:         Output tree data at t=13.80 Gyr (output 1 of 1)
049:     <- Finished tree
076:     -> Evolving tree number 9284 {1}
119:         Output tree data at t=13.80 Gyr (output 1 of 1)
119:     <- Finished tree
119:     Progress: 570 trees processed; elapsed 4.02 h
020:         Output tree data at t=13.80 Gyr (output 1 of 1)
020:     <- Finished tree
053:         Output tree data at t=13.80 Gyr (output 1 of 1)
053:     <- Finished tree
020:     -> Evolving tree number 9340 {1}
068:         Output tree data at t=13.80 Gyr (output 1 of 1)
068:     <- Finished tree
119:     -> Evolving tree number 9241 {1}
068:     -> Evolving tree number 9292 {1}
066:         Output tree data at t=13.80 Gyr (output 1 of 1)
066:     <- Finished tree
066:     Progress: 574 trees processed; elapsed 4.03 h
111:         Output tree data at t=13.80 Gyr (output 1 of 1)
111:     <- Finished tree
108:     -> Evolving tree number 9252 {1}
049:     -> Evolving tree number 9311 {1}
065:         Output tree data at t=13.80 Gyr (output 1 of 1)
065:     <- Finished tree
048:         Output tree data at t=13.80 Gyr (output 1 of 1)
048:     <- Finished tree
065:     -> Evolving tree number 9167 {1}
046:         Output tree data at t=13.80 Gyr (output 1 of 1)
046:     <- Finished tree
092:         Output tree data at t=13.80 Gyr (output 1 of 1)
092:     <- Finished tree
099:         Output tree data at t=13.80 Gyr (output 1 of 1)
099:     <- Finished tree
099:     Progress: 580 trees processed; elapsed 4.05 h
099:     -> Evolving tree number 9389 {1}
092:     -> Evolving tree number 9012 {1}
053:     -> Evolving tree number 9435 {1}
111:     -> Evolving tree number 9121 {1}
046:     -> Evolving tree number 9314 {1}
066:     -> Evolving tree number 9294 {1}
021:         Output tree data at t=13.80 Gyr (output 1 of 1)
021:     <- Finished tree
021:     Progress: 581 trees processed; elapsed 4.07 h
021:     -> Evolving tree number 9339 {1}
061:         Output tree data at t=13.80 Gyr (output 1 of 1)
061:     <- Finished tree
048:     -> Evolving tree number 9184 {1}
061:     -> Evolving tree number 9299 {1}
121:         Output tree data at t=13.80 Gyr (output 1 of 1)
121:     <- Finished tree
121:     Progress: 583 trees processed; elapsed 4.10 h
040:         Output tree data at t=13.80 Gyr (output 1 of 1)
040:     <- Finished tree
040:     Progress: 584 trees processed; elapsed 4.12 h
040:     -> Evolving tree number 9448 {1}
060:         Output tree data at t=13.80 Gyr (output 1 of 1)
060:     <- Finished tree
013:         Output tree data at t=13.80 Gyr (output 1 of 1)
013:     <- Finished tree
121:     -> Evolving tree number 9111 {1}
013:     -> Evolving tree number 9219 {1}
060:     -> Evolving tree number 9172 {1}
059:         Output tree data at t=13.80 Gyr (output 1 of 1)
059:     <- Finished tree
059:     Progress: 587 trees processed; elapsed 4.14 h
077:         Output tree data at t=13.80 Gyr (output 1 of 1)
077:     <- Finished tree
039:         Output tree data at t=13.80 Gyr (output 1 of 1)
039:     <- Finished tree
059:     -> Evolving tree number 9173 {1}
087:         Output tree data at t=13.80 Gyr (output 1 of 1)
087:     <- Finished tree
077:     -> Evolving tree number 9283 {1}
039:     -> Evolving tree number 9193 {1}
109:         Output tree data at t=13.80 Gyr (output 1 of 1)
109:     <- Finished tree
109:     Progress: 591 trees processed; elapsed 4.16 h
087:     -> Evolving tree number 9401 {1}
023:         Output tree data at t=13.80 Gyr (output 1 of 1)
023:     <- Finished tree
109:     -> Evolving tree number 9251 {1}
023:     -> Evolving tree number 9337 {1}
093:         Output tree data at t=13.80 Gyr (output 1 of 1)
093:     <- Finished tree
093:     Progress: 593 trees processed; elapsed 4.18 h
093:     -> Evolving tree number 9011 {1}
125:         Output tree data at t=13.80 Gyr (output 1 of 1)
125:     <- Finished tree
062:         Output tree data at t=13.80 Gyr (output 1 of 1)
062:     <- Finished tree
125:     -> Evolving tree number 9107 {1}
096:         Output tree data at t=13.80 Gyr (output 1 of 1)
096:     <- Finished tree
062:     -> Evolving tree number 9298 {1}
096:     -> Evolving tree number 9264 {1}
104:         Output tree data at t=13.80 Gyr (output 1 of 1)
104:     <- Finished tree
104:     Progress: 597 trees processed; elapsed 4.20 h
064:         Output tree data at t=13.80 Gyr (output 1 of 1)
064:     <- Finished tree
015:         Output tree data at t=13.80 Gyr (output 1 of 1)
015:     <- Finished tree
064:     -> Evolving tree number 9296 {1}
015:     -> Evolving tree number 9217 {1}
110:         Output tree data at t=13.80 Gyr (output 1 of 1)
110:     <- Finished tree
110:     Progress: 600 trees processed; elapsed 4.22 h
104:     -> Evolving tree number 9128 {1}
118:         Output tree data at t=13.80 Gyr (output 1 of 1)
118:     <- Finished tree
074:         Output tree data at t=13.80 Gyr (output 1 of 1)
074:     <- Finished tree
043:         Output tree data at t=13.80 Gyr (output 1 of 1)
043:     <- Finished tree
017:         Output tree data at t=13.80 Gyr (output 1 of 1)
017:     <- Finished tree
074:     -> Evolving tree number 9286 {1}
118:     -> Evolving tree number 9242 {1}
017:     -> Evolving tree number 9471 {1}
110:     -> Evolving tree number 9250 {1}
028:         Output tree data at t=13.80 Gyr (output 1 of 1)
028:     <- Finished tree
028:     Progress: 605 trees processed; elapsed 4.24 h
081:         Output tree data at t=13.80 Gyr (output 1 of 1)
081:     <- Finished tree
028:     -> Evolving tree number 9332 {1}
081:     -> Evolving tree number 9279 {1}
124:         Output tree data at t=13.80 Gyr (output 1 of 1)
124:     <- Finished tree
114:         Output tree data at t=13.80 Gyr (output 1 of 1)
114:     <- Finished tree
122:         Output tree data at t=13.80 Gyr (output 1 of 1)
122:     <- Finished tree
122:     Progress: 609 trees processed; elapsed 4.26 h
043:     -> Evolving tree number 9317 {1}
114:     -> Evolving tree number 9246 {1}
058:         Output tree data at t=13.80 Gyr (output 1 of 1)
058:     <- Finished tree
034:         Output tree data at t=13.80 Gyr (output 1 of 1)
034:     <- Finished tree
006:         Output tree data at t=13.80 Gyr (output 1 of 1)
006:     <- Finished tree
034:     -> Evolving tree number 9326 {1}
055:         Output tree data at t=13.80 Gyr (output 1 of 1)
055:     <- Finished tree
007:         Output tree data at t=13.80 Gyr (output 1 of 1)
007:     <- Finished tree
007:     Progress: 614 trees processed; elapsed 4.28 h
126:         Output tree data at t=13.80 Gyr (output 1 of 1)
126:     <- Finished tree
124:     -> Evolving tree number 9108 {1}
003:         Output tree data at t=13.80 Gyr (output 1 of 1)
003:     <- Finished tree
003:     -> Evolving tree number 9229 {1}
126:     -> Evolving tree number 9234 {1}
041:         Output tree data at t=13.80 Gyr (output 1 of 1)
041:     <- Finished tree
122:     -> Evolving tree number 9110 {1}
041:     -> Evolving tree number 9319 {1}
058:     -> Evolving tree number 9302 {1}
080:         Output tree data at t=13.80 Gyr (output 1 of 1)
080:     <- Finished tree
080:     Progress: 618 trees processed; elapsed 4.30 h
095:         Output tree data at t=13.80 Gyr (output 1 of 1)
095:     <- Finished tree
080:     -> Evolving tree number 9152 {1}
006:     -> Evolving tree number 9482 {1}
095:     -> Evolving tree number 9137 {1}
086:         Output tree data at t=13.80 Gyr (output 1 of 1)
086:     <- Finished tree
007:     -> Evolving tree number 9225 {1}
055:     -> Evolving tree number 9305 {1}
086:     -> Evolving tree number 9146 {1}
070:         Output tree data at t=13.80 Gyr (output 1 of 1)
070:     <- Finished tree
071:         Output tree data at t=13.80 Gyr (output 1 of 1)
071:     <- Finished tree
070:     -> Evolving tree number 9162 {1}
011:         Output tree data at t=13.80 Gyr (output 1 of 1)
011:     <- Finished tree
090:         Output tree data at t=13.80 Gyr (output 1 of 1)
090:     <- Finished tree
090:     Progress: 624 trees processed; elapsed 4.32 h
031:         Output tree data at t=13.80 Gyr (output 1 of 1)
031:     <- Finished tree
002:         Output tree data at t=13.80 Gyr (output 1 of 1)
002:     <- Finished tree
071:     -> Evolving tree number 9161 {1}
052:         Output tree data at t=13.80 Gyr (output 1 of 1)
052:     <- Finished tree
052:     Progress: 627 trees processed; elapsed 4.34 h
031:     -> Evolving tree number 9329 {1}
073:         Output tree data at t=13.80 Gyr (output 1 of 1)
073:     <- Finished tree
011:     -> Evolving tree number 9221 {1}
088:         Output tree data at t=13.80 Gyr (output 1 of 1)
088:     <- Finished tree
090:     -> Evolving tree number 9270 {1}
073:     -> Evolving tree number 9287 {1}
069:         Output tree data at t=13.80 Gyr (output 1 of 1)
069:     <- Finished tree
002:     -> Evolving tree number 9358 {1}
088:     -> Evolving tree number 9400 {1}
069:     -> Evolving tree number 9163 {1}
127:         Output tree data at t=13.80 Gyr (output 1 of 1)
127:     <- Finished tree
127:     Progress: 631 trees processed; elapsed 4.37 h
000:         Output tree data at t=13.80 Gyr (output 1 of 1)
000:     <- Finished tree
000:     -> Evolving tree number 9232 {1}
052:     -> Evolving tree number 9308 {1}
105:         Output tree data at t=13.80 Gyr (output 1 of 1)
105:     <- Finished tree
005:         Output tree data at t=13.80 Gyr (output 1 of 1)
005:     <- Finished tree
105:     -> Evolving tree number 9383 {1}
029:         Output tree data at t=13.80 Gyr (output 1 of 1)
029:     <- Finished tree
005:     -> Evolving tree number 9355 {1}
029:     -> Evolving tree number 9331 {1}
032:         Output tree data at t=13.80 Gyr (output 1 of 1)
032:     <- Finished tree
032:     Progress: 636 trees processed; elapsed 4.39 h
032:     -> Evolving tree number 9200 {1}
127:     -> Evolving tree number 8977 {1}
112:         Output tree data at t=13.80 Gyr (output 1 of 1)
112:     <- Finished tree
112:     Progress: 637 trees processed; elapsed 4.41 h
106:         Output tree data at t=13.80 Gyr (output 1 of 1)
106:     <- Finished tree
019:         Output tree data at t=13.80 Gyr (output 1 of 1)
019:     <- Finished tree
019:     -> Evolving tree number 9341 {1}
106:     -> Evolving tree number 9126 {1}
112:     -> Evolving tree number 9120 {1}
113:         Output tree data at t=13.80 Gyr (output 1 of 1)
113:     <- Finished tree
027:         Output tree data at t=13.80 Gyr (output 1 of 1)
027:     <- Finished tree
027:     Progress: 641 trees processed; elapsed 4.43 h
027:     -> Evolving tree number 9205 {1}
100:         Output tree data at t=13.80 Gyr (output 1 of 1)
100:     <- Finished tree
100:     Progress: 642 trees processed; elapsed 4.45 h
009:         Output tree data at t=13.80 Gyr (output 1 of 1)
009:     <- Finished tree
113:     -> Evolving tree number 9247 {1}
082:         Output tree data at t=13.80 Gyr (output 1 of 1)
082:     <- Finished tree
014:         Output tree data at t=13.80 Gyr (output 1 of 1)
014:     <- Finished tree
091:         Output tree data at t=13.80 Gyr (output 1 of 1)
091:     <- Finished tree
091:     Progress: 646 trees processed; elapsed 4.47 h
065:         Output tree data at t=13.80 Gyr (output 1 of 1)
065:     <- Finished tree
098:         Output tree data at t=13.80 Gyr (output 1 of 1)
098:     <- Finished tree
014:     -> Evolving tree number 9346 {1}
065:     -> Evolving tree number 9039 {1}
012:         Output tree data at t=13.80 Gyr (output 1 of 1)
012:     <- Finished tree
009:     -> Evolving tree number 9351 {1}
022:         Output tree data at t=13.80 Gyr (output 1 of 1)
022:     <- Finished tree
116:         Output tree data at t=13.80 Gyr (output 1 of 1)
116:     <- Finished tree
098:     -> Evolving tree number 9262 {1}
022:     -> Evolving tree number 9082 {1}
045:         Output tree data at t=13.80 Gyr (output 1 of 1)
045:     <- Finished tree
101:         Output tree data at t=13.80 Gyr (output 1 of 1)
101:     <- Finished tree
101:     Progress: 653 trees processed; elapsed 4.50 h
082:     -> Evolving tree number 9150 {1}
100:     -> Evolving tree number 9004 {1}
012:     -> Evolving tree number 9476 {1}
101:     -> Evolving tree number 9259 {1}
057:         Output tree data at t=13.80 Gyr (output 1 of 1)
057:     <- Finished tree
057:     -> Evolving tree number 9303 {1}
016:         Output tree data at t=13.80 Gyr (output 1 of 1)
016:     <- Finished tree
116:     -> Evolving tree number 9244 {1}
091:     -> Evolving tree number 9141 {1}
004:         Output tree data at t=13.80 Gyr (output 1 of 1)
004:     <- Finished tree
004:     Progress: 656 trees processed; elapsed 4.51 h
054:         Output tree data at t=13.80 Gyr (output 1 of 1)
054:     <- Finished tree
016:     -> Evolving tree number 9216 {1}
004:     -> Evolving tree number 9228 {1}
092:         Output tree data at t=13.80 Gyr (output 1 of 1)
092:     <- Finished tree
084:         Output tree data at t=13.80 Gyr (output 1 of 1)
084:     <- Finished tree
092:     -> Evolving tree number 8884 {1}
045:     -> Evolving tree number 9315 {1}
013:         Output tree data at t=13.80 Gyr (output 1 of 1)
013:     <- Finished tree
054:     -> Evolving tree number 9178 {1}
120:         Output tree data at t=13.80 Gyr (output 1 of 1)
120:     <- Finished tree
120:     Progress: 661 trees processed; elapsed 4.53 h
013:     -> Evolving tree number 9091 {1}
093:         Output tree data at t=13.80 Gyr (output 1 of 1)
093:     <- Finished tree
047:         Output tree data at t=13.80 Gyr (output 1 of 1)
047:     <- Finished tree
093:     -> Evolving tree number 8883 {1}
024:         Output tree data at t=13.80 Gyr (output 1 of 1)
024:     <- Finished tree
024:     Progress: 664 trees processed; elapsed 4.55 h
024:     -> Evolving tree number 9080 {1}
084:     -> Evolving tree number 9148 {1}
120:     -> Evolving tree number 9112 {1}
063:         Output tree data at t=13.80 Gyr (output 1 of 1)
063:     <- Finished tree
063:     Progress: 665 trees processed; elapsed 4.57 h
063:     -> Evolving tree number 9169 {1}
047:     -> Evolving tree number 9441 {1}
018:         Output tree data at t=13.80 Gyr (output 1 of 1)
018:     <- Finished tree
085:         Output tree data at t=13.80 Gyr (output 1 of 1)
085:     <- Finished tree
018:     -> Evolving tree number 9214 {1}
030:         Output tree data at t=13.80 Gyr (output 1 of 1)
030:     <- Finished tree
030:     Progress: 668 trees processed; elapsed 4.60 h
037:         Output tree data at t=13.80 Gyr (output 1 of 1)
037:     <- Finished tree
037:     -> Evolving tree number 9323 {1}
060:         Output tree data at t=13.80 Gyr (output 1 of 1)
060:     <- Finished tree
085:     -> Evolving tree number 9275 {1}
036:         Output tree data at t=13.80 Gyr (output 1 of 1)
036:     <- Finished tree
030:     -> Evolving tree number 9074 {1}
036:     -> Evolving tree number 8940 {1}
111:         Output tree data at t=13.80 Gyr (output 1 of 1)
111:     <- Finished tree
111:     Progress: 672 trees processed; elapsed 4.62 h
118:         Output tree data at t=13.80 Gyr (output 1 of 1)
118:     <- Finished tree
060:     -> Evolving tree number 9044 {1}
103:         Output tree data at t=13.80 Gyr (output 1 of 1)
103:     <- Finished tree
103:     Progress: 674 trees processed; elapsed 4.65 h
111:     -> Evolving tree number 8993 {1}
078:         Output tree data at t=13.80 Gyr (output 1 of 1)
078:     <- Finished tree
026:         Output tree data at t=13.80 Gyr (output 1 of 1)
026:     <- Finished tree
118:     -> Evolving tree number 9114 {1}
078:     -> Evolving tree number 9282 {1}
079:         Output tree data at t=13.80 Gyr (output 1 of 1)
079:     <- Finished tree
026:     -> Evolving tree number 9206 {1}
079:     -> Evolving tree number 9281 {1}
097:         Output tree data at t=13.80 Gyr (output 1 of 1)
097:     <- Finished tree
097:     Progress: 678 trees processed; elapsed 4.68 h
109:         Output tree data at t=13.80 Gyr (output 1 of 1)
109:     <- Finished tree
103:     -> Evolving tree number 9385 {1}
097:     -> Evolving tree number 9263 {1}
062:         Output tree data at t=13.80 Gyr (output 1 of 1)
062:     <- Finished tree
062:     -> Evolving tree number 9170 {1}
055:         Output tree data at t=13.80 Gyr (output 1 of 1)
055:     <- Finished tree
055:     Progress: 681 trees processed; elapsed 4.71 h
109:     -> Evolving tree number 9123 {1}
067:         Output tree data at t=13.80 Gyr (output 1 of 1)
067:     <- Finished tree
058:         Output tree data at t=13.80 Gyr (output 1 of 1)
058:     <- Finished tree
067:     -> Evolving tree number 9421 {1}
046:         Output tree data at t=13.80 Gyr (output 1 of 1)
046:     <- Finished tree
046:     Progress: 684 trees processed; elapsed 4.73 h
006:         Output tree data at t=13.80 Gyr (output 1 of 1)
006:     <- Finished tree
006:     -> Evolving tree number 9354 {1}
042:         Output tree data at t=13.80 Gyr (output 1 of 1)
042:     <- Finished tree
001:         Output tree data at t=13.80 Gyr (output 1 of 1)
001:     <- Finished tree
053:         Output tree data at t=13.80 Gyr (output 1 of 1)
053:     <- Finished tree
055:     -> Evolving tree number 9177 {1}
001:     -> Evolving tree number 9231 {1}
042:     -> Evolving tree number 9318 {1}
015:         Output tree data at t=13.80 Gyr (output 1 of 1)
015:     <- Finished tree
015:     Progress: 689 trees processed; elapsed 4.75 h
056:         Output tree data at t=13.80 Gyr (output 1 of 1)
056:     <- Finished tree
053:     -> Evolving tree number 9307 {1}
058:     -> Evolving tree number 9174 {1}
056:     -> Evolving tree number 9176 {1}
015:     -> Evolving tree number 9089 {1}
008:         Output tree data at t=13.80 Gyr (output 1 of 1)
008:     <- Finished tree
070:         Output tree data at t=13.80 Gyr (output 1 of 1)
070:     <- Finished tree
081:         Output tree data at t=13.80 Gyr (output 1 of 1)
081:     <- Finished tree
046:     -> Evolving tree number 9186 {1}
070:     -> Evolving tree number 9034 {1}
008:     -> Evolving tree number 9224 {1}
077:         Output tree data at t=13.80 Gyr (output 1 of 1)
077:     <- Finished tree
077:     Progress: 694 trees processed; elapsed 4.77 h
108:         Output tree data at t=13.80 Gyr (output 1 of 1)
108:     <- Finished tree
094:         Output tree data at t=13.80 Gyr (output 1 of 1)
094:     <- Finished tree
089:         Output tree data at t=13.80 Gyr (output 1 of 1)
089:     <- Finished tree
069:         Output tree data at t=13.80 Gyr (output 1 of 1)
069:     <- Finished tree
039:         Output tree data at t=13.80 Gyr (output 1 of 1)
039:     <- Finished tree
117:         Output tree data at t=13.80 Gyr (output 1 of 1)
117:     <- Finished tree
094:     -> Evolving tree number 9266 {1}
039:     -> Evolving tree number 9065 {1}
081:     -> Evolving tree number 9151 {1}
117:     -> Evolving tree number 9243 {1}
069:     -> Evolving tree number 9035 {1}
114:         Output tree data at t=13.80 Gyr (output 1 of 1)
114:     <- Finished tree
114:     Progress: 701 trees processed; elapsed 4.80 h
044:         Output tree data at t=13.80 Gyr (output 1 of 1)
044:     <- Finished tree
114:     -> Evolving tree number 9118 {1}
108:     -> Evolving tree number 9124 {1}
077:     -> Evolving tree number 9155 {1}
121:         Output tree data at t=13.80 Gyr (output 1 of 1)
121:     <- Finished tree
089:     -> Evolving tree number 9143 {1}
049:         Output tree data at t=13.80 Gyr (output 1 of 1)
049:     <- Finished tree
044:     -> Evolving tree number 9316 {1}
049:     -> Evolving tree number 9183 {1}
066:         Output tree data at t=13.80 Gyr (output 1 of 1)
066:     <- Finished tree
066:     -> Evolving tree number 9166 {1}
083:         Output tree data at t=13.80 Gyr (output 1 of 1)
083:     <- Finished tree
083:     Progress: 706 trees processed; elapsed 4.82 h
075:         Output tree data at t=13.80 Gyr (output 1 of 1)
075:     <- Finished tree
083:     -> Evolving tree number 9277 {1}
075:     -> Evolving tree number 9157 {1}
038:         Output tree data at t=13.80 Gyr (output 1 of 1)
038:     <- Finished tree
107:         Output tree data at t=13.80 Gyr (output 1 of 1)
107:     <- Finished tree
122:         Output tree data at t=13.80 Gyr (output 1 of 1)
122:     <- Finished tree
116:         Output tree data at t=13.80 Gyr (output 1 of 1)
116:     <- Finished tree
107:     -> Evolving tree number 8997 {1}
122:     -> Evolving tree number 8982 {1}
059:         Output tree data at t=13.80 Gyr (output 1 of 1)
059:     <- Finished tree
099:         Output tree data at t=13.80 Gyr (output 1 of 1)
099:     <- Finished tree
068:         Output tree data at t=13.80 Gyr (output 1 of 1)
068:     <- Finished tree
099:     -> Evolving tree number 9261 {1}
059:     -> Evolving tree number 9045 {1}
065:         Output tree data at t=13.80 Gyr (output 1 of 1)
065:     <- Finished tree
065:     Progress: 715 trees processed; elapsed 4.84 h
121:     -> Evolving tree number 8983 {1}
065:     -> Evolving tree number 8911 {1}
038:     -> Evolving tree number 9194 {1}
051:         Output tree data at t=13.80 Gyr (output 1 of 1)
051:     <- Finished tree
068:     -> Evolving tree number 9164 {1}
123:         Output tree data at t=13.80 Gyr (output 1 of 1)
123:     <- Finished tree
123:     Progress: 717 trees processed; elapsed 4.86 h
123:     -> Evolving tree number 9109 {1}
116:     -> Evolving tree number 9116 {1}
051:     -> Evolving tree number 9309 {1}
048:         Output tree data at t=13.80 Gyr (output 1 of 1)
048:     <- Finished tree
124:         Output tree data at t=13.80 Gyr (output 1 of 1)
124:     <- Finished tree
124:     Progress: 719 trees processed; elapsed 4.88 h
100:         Output tree data at t=13.80 Gyr (output 1 of 1)
100:     <- Finished tree
104:         Output tree data at t=13.80 Gyr (output 1 of 1)
104:     <- Finished tree
104:     -> Evolving tree number 9000 {1}
100:     -> Evolving tree number 8876 {1}
011:         Output tree data at t=13.80 Gyr (output 1 of 1)
011:     <- Finished tree
048:     -> Evolving tree number 9056 {1}
011:     -> Evolving tree number 9093 {1}
124:     -> Evolving tree number 8980 {1}
072:         Output tree data at t=13.80 Gyr (output 1 of 1)
072:     <- Finished tree
072:     Progress: 723 trees processed; elapsed 4.91 h
072:     -> Evolving tree number 9160 {1}
019:         Output tree data at t=13.80 Gyr (output 1 of 1)
019:     <- Finished tree
019:     Progress: 724 trees processed; elapsed 4.93 h
021:         Output tree data at t=13.80 Gyr (output 1 of 1)
021:     <- Finished tree
007:         Output tree data at t=13.80 Gyr (output 1 of 1)
007:     <- Finished tree
019:     -> Evolving tree number 9213 {1}
007:     -> Evolving tree number 9097 {1}
119:         Output tree data at t=13.80 Gyr (output 1 of 1)
119:     <- Finished tree
119:     Progress: 727 trees processed; elapsed 4.95 h
125:         Output tree data at t=13.80 Gyr (output 1 of 1)
125:     <- Finished tree
125:     -> Evolving tree number 8979 {1}
021:     -> Evolving tree number 9211 {1}
017:         Output tree data at t=13.80 Gyr (output 1 of 1)
017:     <- Finished tree
017:     Progress: 729 trees processed; elapsed 4.98 h
004:         Output tree data at t=13.80 Gyr (output 1 of 1)
004:     <- Finished tree
119:     -> Evolving tree number 9113 {1}
004:     -> Evolving tree number 9100 {1}
086:         Output tree data at t=13.80 Gyr (output 1 of 1)
086:     <- Finished tree
086:     Progress: 731 trees processed; elapsed 5.01 h
041:         Output tree data at t=13.80 Gyr (output 1 of 1)
041:     <- Finished tree
076:         Output tree data at t=13.80 Gyr (output 1 of 1)
076:     <- Finished tree
036:         Output tree data at t=13.80 Gyr (output 1 of 1)
036:     <- Finished tree
082:         Output tree data at t=13.80 Gyr (output 1 of 1)
082:     <- Finished tree
041:     -> Evolving tree number 9191 {1}
082:     -> Evolving tree number 9022 {1}
036:     -> Evolving tree number 8812 {1}
076:     -> Evolving tree number 9156 {1}
017:     -> Evolving tree number 9343 {1}
084:         Output tree data at t=13.80 Gyr (output 1 of 1)
084:     <- Finished tree
084:     Progress: 736 trees processed; elapsed 5.03 h
084:     -> Evolving tree number 9020 {1}
000:         Output tree data at t=13.80 Gyr (output 1 of 1)
000:     <- Finished tree
043:         Output tree data at t=13.80 Gyr (output 1 of 1)
043:     <- Finished tree
091:         Output tree data at t=13.80 Gyr (output 1 of 1)
091:     <- Finished tree
000:     -> Evolving tree number 9104 {1}
091:     -> Evolving tree number 9013 {1}
018:         Output tree data at t=13.80 Gyr (output 1 of 1)
018:     <- Finished tree
112:         Output tree data at t=13.80 Gyr (output 1 of 1)
112:     <- Finished tree
112:     Progress: 741 trees processed; elapsed 5.05 h
018:     -> Evolving tree number 9086 {1}
112:     -> Evolving tree number 8992 {1}
061:         Output tree data at t=13.80 Gyr (output 1 of 1)
061:     <- Finished tree
086:     -> Evolving tree number 9018 {1}
064:         Output tree data at t=13.80 Gyr (output 1 of 1)
064:     <- Finished tree
033:         Output tree data at t=13.80 Gyr (output 1 of 1)
033:     <- Finished tree
061:     -> Evolving tree number 9171 {1}
033:     -> Evolving tree number 9199 {1}
064:     -> Evolving tree number 9168 {1}
096:         Output tree data at t=13.80 Gyr (output 1 of 1)
096:     <- Finished tree
096:     -> Evolving tree number 9136 {1}
043:     -> Evolving tree number 9189 {1}
035:         Output tree data at t=13.80 Gyr (output 1 of 1)
035:     <- Finished tree
035:     Progress: 746 trees processed; elapsed 5.08 h
126:         Output tree data at t=13.80 Gyr (output 1 of 1)
126:     <- Finished tree
035:     -> Evolving tree number 9069 {1}
095:         Output tree data at t=13.80 Gyr (output 1 of 1)
095:     <- Finished tree
080:         Output tree data at t=13.80 Gyr (output 1 of 1)
080:     <- Finished tree
090:         Output tree data at t=13.80 Gyr (output 1 of 1)
090:     <- Finished tree
002:         Output tree data at t=13.80 Gyr (output 1 of 1)
002:     <- Finished tree
002:     Progress: 751 trees processed; elapsed 5.09 h
090:     -> Evolving tree number 9142 {1}
120:         Output tree data at t=13.80 Gyr (output 1 of 1)
120:     <- Finished tree
095:     -> Evolving tree number 9009 {1}
002:     -> Evolving tree number 9230 {1}
105:         Output tree data at t=13.80 Gyr (output 1 of 1)
105:     <- Finished tree
126:     -> Evolving tree number 9106 {1}
114:         Output tree data at t=13.80 Gyr (output 1 of 1)
114:     <- Finished tree
105:     -> Evolving tree number 9255 {1}
034:         Output tree data at t=13.80 Gyr (output 1 of 1)
034:     <- Finished tree
034:     Progress: 755 trees processed; elapsed 5.12 h
078:         Output tree data at t=13.80 Gyr (output 1 of 1)
078:     <- Finished tree
080:     -> Evolving tree number 9024 {1}
114:     -> Evolving tree number 8990 {1}
120:     -> Evolving tree number 8984 {1}
078:     -> Evolving tree number 9154 {1}
115:         Output tree data at t=13.80 Gyr (output 1 of 1)
115:     <- Finished tree
003:         Output tree data at t=13.80 Gyr (output 1 of 1)
003:     <- Finished tree
003:     Progress: 758 trees processed; elapsed 5.15 h
071:         Output tree data at t=13.80 Gyr (output 1 of 1)
071:     <- Finished tree
110:         Output tree data at t=13.80 Gyr (output 1 of 1)
110:     <- Finished tree
115:     -> Evolving tree number 9245 {1}
034:     -> Evolving tree number 9198 {1}
003:     -> Evolving tree number 9101 {1}
110:     -> Evolving tree number 9122 {1}
032:         Output tree data at t=13.80 Gyr (output 1 of 1)
032:     <- Finished tree
071:     -> Evolving tree number 9033 {1}
014:         Output tree data at t=13.80 Gyr (output 1 of 1)
014:     <- Finished tree
014:     Progress: 762 trees processed; elapsed 5.17 h
032:     -> Evolving tree number 9072 {1}
025:         Output tree data at t=13.80 Gyr (output 1 of 1)
025:     <- Finished tree
127:         Output tree data at t=13.80 Gyr (output 1 of 1)
127:     <- Finished tree
025:     -> Evolving tree number 9335 {1}
014:     -> Evolving tree number 9218 {1}
057:         Output tree data at t=13.80 Gyr (output 1 of 1)
057:     <- Finished tree
050:         Output tree data at t=13.80 Gyr (output 1 of 1)
050:     <- Finished tree
058:         Output tree data at t=13.80 Gyr (output 1 of 1)
058:     <- Finished tree
058:     Progress: 767 trees processed; elapsed 5.19 h
057:     -> Evolving tree number 9175 {1}
111:         Output tree data at t=13.80 Gyr (output 1 of 1)
111:     <- Finished tree
058:     -> Evolving tree number 9046 {1}
111:     -> Evolving tree number 8865 {1}
040:         Output tree data at t=13.80 Gyr (output 1 of 1)
040:     <- Finished tree
127:     -> Evolving tree number 8849 {1}
087:         Output tree data at t=13.80 Gyr (output 1 of 1)
087:     <- Finished tree
087:     -> Evolving tree number 9273 {1}
103:         Output tree data at t=13.80 Gyr (output 1 of 1)
103:     <- Finished tree
103:     Progress: 771 trees processed; elapsed 5.21 h
050:     -> Evolving tree number 9310 {1}
009:         Output tree data at t=13.80 Gyr (output 1 of 1)
009:     <- Finished tree
009:     -> Evolving tree number 9223 {1}
040:     -> Evolving tree number 9320 {1}
023:         Output tree data at t=13.80 Gyr (output 1 of 1)
023:     <- Finished tree
023:     Progress: 773 trees processed; elapsed 5.25 h
121:         Output tree data at t=13.80 Gyr (output 1 of 1)
121:     <- Finished tree
013:         Output tree data at t=13.80 Gyr (output 1 of 1)
013:     <- Finished tree
103:     -> Evolving tree number 9257 {1}
121:     -> Evolving tree number 8855 {1}
010:         Output tree data at t=13.80 Gyr (output 1 of 1)
010:     <- Finished tree
013:     -> Evolving tree number 8963 {1}
023:     -> Evolving tree number 9209 {1}
010:     -> Evolving tree number 9350 {1}
073:         Output tree data at t=13.80 Gyr (output 1 of 1)
073:     <- Finished tree
045:         Output tree data at t=13.80 Gyr (output 1 of 1)
045:     <- Finished tree
024:         Output tree data at t=13.80 Gyr (output 1 of 1)
024:     <- Finished tree
020:         Output tree data at t=13.80 Gyr (output 1 of 1)
020:     <- Finished tree
077:         Output tree data at t=13.80 Gyr (output 1 of 1)
077:     <- Finished tree
077:     Progress: 781 trees processed; elapsed 5.26 h
077:     -> Evolving tree number 9027 {1}
073:     -> Evolving tree number 9159 {1}
102:         Output tree data at t=13.80 Gyr (output 1 of 1)
102:     <- Finished tree
024:     -> Evolving tree number 8952 {1}
102:     -> Evolving tree number 9386 {1}
020:     -> Evolving tree number 9212 {1}
045:     -> Evolving tree number 9187 {1}
055:         Output tree data at t=13.80 Gyr (output 1 of 1)
055:     <- Finished tree
055:     Progress: 783 trees processed; elapsed 5.30 h
113:         Output tree data at t=13.80 Gyr (output 1 of 1)
113:     <- Finished tree
113:     -> Evolving tree number 9119 {1}
104:         Output tree data at t=13.80 Gyr (output 1 of 1)
104:     <- Finished tree
104:     Progress: 785 trees processed; elapsed 5.32 h
016:         Output tree data at t=13.80 Gyr (output 1 of 1)
016:     <- Finished tree
104:     -> Evolving tree number 8872 {1}
016:     -> Evolving tree number 9088 {1}
108:         Output tree data at t=13.80 Gyr (output 1 of 1)
108:     <- Finished tree
029:         Output tree data at t=13.80 Gyr (output 1 of 1)
029:     <- Finished tree
108:     -> Evolving tree number 8996 {1}
022:         Output tree data at t=13.80 Gyr (output 1 of 1)
022:     <- Finished tree
055:     -> Evolving tree number 9049 {1}
022:     -> Evolving tree number 8954 {1}
059:         Output tree data at t=13.80 Gyr (output 1 of 1)
059:     <- Finished tree
059:     Progress: 790 trees processed; elapsed 5.34 h
088:         Output tree data at t=13.80 Gyr (output 1 of 1)
088:     <- Finished tree
059:     -> Evolving tree number 8917 {1}
074:         Output tree data at t=13.80 Gyr (output 1 of 1)
074:     <- Finished tree
030:         Output tree data at t=13.80 Gyr (output 1 of 1)
030:     <- Finished tree
031:         Output tree data at t=13.80 Gyr (output 1 of 1)
031:     <- Finished tree
074:     -> Evolving tree number 9158 {1}
056:         Output tree data at t=13.80 Gyr (output 1 of 1)
056:     <- Finished tree
005:         Output tree data at t=13.80 Gyr (output 1 of 1)
005:     <- Finished tree
031:     -> Evolving tree number 9201 {1}
088:     -> Evolving tree number 9272 {1}
005:     -> Evolving tree number 9227 {1}
093:         Output tree data at t=13.80 Gyr (output 1 of 1)
093:     <- Finished tree
093:     Progress: 797 trees processed; elapsed 5.36 h
093:     -> Evolving tree number 8755 {1}
029:     -> Evolving tree number 9203 {1}
056:     -> Evolving tree number 9048 {1}
123:         Output tree data at t=13.80 Gyr (output 1 of 1)
123:     <- Finished tree
123:     -> Evolving tree number 8981 {1}
030:     -> Evolving tree number 8946 {1}
101:         Output tree data at t=13.80 Gyr (output 1 of 1)
101:     <- Finished tree
101:     Progress: 799 trees processed; elapsed 5.39 h
054:         Output tree data at t=13.80 Gyr (output 1 of 1)
054:     <- Finished tree
122:         Output tree data at t=13.80 Gyr (output 1 of 1)
122:     <- Finished tree
028:         Output tree data at t=13.80 Gyr (output 1 of 1)
028:     <- Finished tree
122:     -> Evolving tree number 8854 {1}
053:         Output tree data at t=13.80 Gyr (output 1 of 1)
053:     <- Finished tree
037:         Output tree data at t=13.80 Gyr (output 1 of 1)
037:     <- Finished tree
037:     Progress: 804 trees processed; elapsed 5.40 h
053:     -> Evolving tree number 9179 {1}
092:         Output tree data at t=13.80 Gyr (output 1 of 1)
092:     <- Finished tree
125:         Output tree data at t=13.80 Gyr (output 1 of 1)
125:     <- Finished tree
037:     -> Evolving tree number 9195 {1}
081:         Output tree data at t=13.80 Gyr (output 1 of 1)
081:     <- Finished tree
125:     -> Evolving tree number 8851 {1}
081:     -> Evolving tree number 9023 {1}
092:     -> Evolving tree number 8756 {1}
054:     -> Evolving tree number 9050 {1}
049:         Output tree data at t=13.80 Gyr (output 1 of 1)
049:     <- Finished tree
018:         Output tree data at t=13.80 Gyr (output 1 of 1)
018:     <- Finished tree
018:     Progress: 809 trees processed; elapsed 5.42 h
101:     -> Evolving tree number 9131 {1}
018:     -> Evolving tree number 8958 {1}
062:         Output tree data at t=13.80 Gyr (output 1 of 1)
062:     <- Finished tree
052:         Output tree data at t=13.80 Gyr (output 1 of 1)
052:     <- Finished tree
028:     -> Evolving tree number 9204 {1}
052:     -> Evolving tree number 9180 {1}
106:         Output tree data at t=13.80 Gyr (output 1 of 1)
106:     <- Finished tree
106:     -> Evolving tree number 8998 {1}
049:     -> Evolving tree number 9055 {1}
062:     -> Evolving tree number 9042 {1}
091:         Output tree data at t=13.80 Gyr (output 1 of 1)
091:     <- Finished tree
091:     Progress: 813 trees processed; elapsed 5.45 h
048:         Output tree data at t=13.80 Gyr (output 1 of 1)
048:     <- Finished tree
065:         Output tree data at t=13.80 Gyr (output 1 of 1)
065:     <- Finished tree
091:     -> Evolving tree number 8885 {1}
065:     -> Evolving tree number 8783 {1}
048:     -> Evolving tree number 8928 {1}
027:         Output tree data at t=13.80 Gyr (output 1 of 1)
027:     <- Finished tree
094:         Output tree data at t=13.80 Gyr (output 1 of 1)
094:     <- Finished tree
094:     Progress: 817 trees processed; elapsed 5.47 h
004:         Output tree data at t=13.80 Gyr (output 1 of 1)
004:     <- Finished tree
039:         Output tree data at t=13.80 Gyr (output 1 of 1)
039:     <- Finished tree
004:     -> Evolving tree number 8972 {1}
038:         Output tree data at t=13.80 Gyr (output 1 of 1)
038:     <- Finished tree
000:         Output tree data at t=13.80 Gyr (output 1 of 1)
000:     <- Finished tree
000:     Progress: 821 trees processed; elapsed 5.50 h
000:     -> Evolving tree number 8976 {1}
094:     -> Evolving tree number 9138 {1}
027:     -> Evolving tree number 9077 {1}
038:     -> Evolving tree number 9066 {1}
039:     -> Evolving tree number 8937 {1}
003:         Output tree data at t=13.80 Gyr (output 1 of 1)
003:     <- Finished tree
003:     Progress: 822 trees processed; elapsed 5.52 h
098:         Output tree data at t=13.80 Gyr (output 1 of 1)
098:     <- Finished tree
072:         Output tree data at t=13.80 Gyr (output 1 of 1)
072:     <- Finished tree
003:     -> Evolving tree number 8973 {1}
098:     -> Evolving tree number 9134 {1}
026:         Output tree data at t=13.80 Gyr (output 1 of 1)
026:     <- Finished tree
026:     Progress: 825 trees processed; elapsed 5.54 h
021:         Output tree data at t=13.80 Gyr (output 1 of 1)
021:     <- Finished tree
046:         Output tree data at t=13.80 Gyr (output 1 of 1)
046:     <- Finished tree
083:         Output tree data at t=13.80 Gyr (output 1 of 1)
083:     <- Finished tree
026:     -> Evolving tree number 9078 {1}
072:     -> Evolving tree number 9032 {1}
021:     -> Evolving tree number 9083 {1}
046:     -> Evolving tree number 9058 {1}
083:     -> Evolving tree number 9149 {1}
063:         Output tree data at t=13.80 Gyr (output 1 of 1)
063:     <- Finished tree
063:     Progress: 829 trees processed; elapsed 5.55 h
063:     -> Evolving tree number 9041 {1}
090:         Output tree data at t=13.80 Gyr (output 1 of 1)
090:     <- Finished tree
060:         Output tree data at t=13.80 Gyr (output 1 of 1)
060:     <- Finished tree
090:     -> Evolving tree number 9014 {1}
006:         Output tree data at t=13.80 Gyr (output 1 of 1)
006:     <- Finished tree
060:     -> Evolving tree number 8916 {1}
006:     -> Evolving tree number 9226 {1}
035:         Output tree data at t=13.80 Gyr (output 1 of 1)
035:     <- Finished tree
035:     Progress: 833 trees processed; elapsed 5.58 h
121:         Output tree data at t=13.80 Gyr (output 1 of 1)
121:     <- Finished tree
070:         Output tree data at t=13.80 Gyr (output 1 of 1)
070:     <- Finished tree
035:     -> Evolving tree number 8941 {1}
033:         Output tree data at t=13.80 Gyr (output 1 of 1)
033:     <- Finished tree
033:     -> Evolving tree number 9071 {1}
042:         Output tree data at t=13.80 Gyr (output 1 of 1)
042:     <- Finished tree
120:         Output tree data at t=13.80 Gyr (output 1 of 1)
120:     <- Finished tree
120:     Progress: 838 trees processed; elapsed 5.60 h
120:     -> Evolving tree number 8856 {1}
121:     -> Evolving tree number 8727 {1}
070:     -> Evolving tree number 8906 {1}
044:         Output tree data at t=13.80 Gyr (output 1 of 1)
044:     <- Finished tree
080:         Output tree data at t=13.80 Gyr (output 1 of 1)
080:     <- Finished tree
080:     Progress: 840 trees processed; elapsed 5.62 h
036:         Output tree data at t=13.80 Gyr (output 1 of 1)
036:     <- Finished tree
042:     -> Evolving tree number 9190 {1}
080:     -> Evolving tree number 8896 {1}
036:     -> Evolving tree number 8684 {1}
034:         Output tree data at t=13.80 Gyr (output 1 of 1)
034:     <- Finished tree
034:     -> Evolving tree number 9070 {1}
117:         Output tree data at t=13.80 Gyr (output 1 of 1)
117:     <- Finished tree
117:     Progress: 843 trees processed; elapsed 5.65 h
075:         Output tree data at t=13.80 Gyr (output 1 of 1)
075:     <- Finished tree
075:     -> Evolving tree number 9029 {1}
044:     -> Evolving tree number 9188 {1}
086:         Output tree data at t=13.80 Gyr (output 1 of 1)
086:     <- Finished tree
086:     Progress: 845 trees processed; elapsed 5.67 h
012:         Output tree data at t=13.80 Gyr (output 1 of 1)
012:     <- Finished tree
007:         Output tree data at t=13.80 Gyr (output 1 of 1)
007:     <- Finished tree
007:     -> Evolving tree number 8969 {1}
086:     -> Evolving tree number 8890 {1}
117:     -> Evolving tree number 9115 {1}
076:         Output tree data at t=13.80 Gyr (output 1 of 1)
076:     <- Finished tree
076:     Progress: 848 trees processed; elapsed 5.70 h
076:     -> Evolving tree number 9028 {1}
001:         Output tree data at t=13.80 Gyr (output 1 of 1)
001:     <- Finished tree
012:     -> Evolving tree number 9348 {1}
110:         Output tree data at t=13.80 Gyr (output 1 of 1)
110:     <- Finished tree
032:         Output tree data at t=13.80 Gyr (output 1 of 1)
032:     <- Finished tree
110:     -> Evolving tree number 8994 {1}
095:         Output tree data at t=13.80 Gyr (output 1 of 1)
095:     <- Finished tree
095:     Progress: 852 trees processed; elapsed 5.72 h
107:         Output tree data at t=13.80 Gyr (output 1 of 1)
107:     <- Finished tree
008:         Output tree data at t=13.80 Gyr (output 1 of 1)
008:     <- Finished tree
069:         Output tree data at t=13.80 Gyr (output 1 of 1)
069:     <- Finished tree
107:     -> Evolving tree number 8869 {1}
008:     -> Evolving tree number 9096 {1}
069:     -> Evolving tree number 8907 {1}
078:         Output tree data at t=13.80 Gyr (output 1 of 1)
078:     <- Finished tree
078:     Progress: 856 trees processed; elapsed 5.74 h
111:         Output tree data at t=13.80 Gyr (output 1 of 1)
111:     <- Finished tree
001:     -> Evolving tree number 9103 {1}
111:     -> Evolving tree number 8737 {1}
066:         Output tree data at t=13.80 Gyr (output 1 of 1)
066:     <- Finished tree
078:     -> Evolving tree number 9026 {1}
032:     -> Evolving tree number 8944 {1}
095:     -> Evolving tree number 8881 {1}
066:     -> Evolving tree number 9038 {1}
047:         Output tree data at t=13.80 Gyr (output 1 of 1)
047:     <- Finished tree
105:         Output tree data at t=13.80 Gyr (output 1 of 1)
105:     <- Finished tree
011:         Output tree data at t=13.80 Gyr (output 1 of 1)
011:     <- Finished tree
011:     Progress: 861 trees processed; elapsed 5.76 h
105:     -> Evolving tree number 9127 {1}
058:         Output tree data at t=13.80 Gyr (output 1 of 1)
058:     <- Finished tree
047:     -> Evolving tree number 9313 {1}
019:         Output tree data at t=13.80 Gyr (output 1 of 1)
019:     <- Finished tree
011:     -> Evolving tree number 8965 {1}
081:         Output tree data at t=13.80 Gyr (output 1 of 1)
081:     <- Finished tree
015:         Output tree data at t=13.80 Gyr (output 1 of 1)
015:     <- Finished tree
015:     -> Evolving tree number 8961 {1}
081:     -> Evolving tree number 8895 {1}
004:         Output tree data at t=13.80 Gyr (output 1 of 1)
004:     <- Finished tree
037:         Output tree data at t=13.80 Gyr (output 1 of 1)
037:     <- Finished tree
037:     Progress: 867 trees processed; elapsed 5.78 h
037:     -> Evolving tree number 9067 {1}
058:     -> Evolving tree number 8918 {1}
067:         Output tree data at t=13.80 Gyr (output 1 of 1)
067:     <- Finished tree
113:         Output tree data at t=13.80 Gyr (output 1 of 1)
113:     <- Finished tree
113:     Progress: 869 trees processed; elapsed 5.80 h
079:         Output tree data at t=13.80 Gyr (output 1 of 1)
079:     <- Finished tree
019:     -> Evolving tree number 9085 {1}
079:     -> Evolving tree number 9153 {1}
113:     -> Evolving tree number 8991 {1}
112:         Output tree data at t=13.80 Gyr (output 1 of 1)
112:     <- Finished tree
004:     -> Evolving tree number 8844 {1}
112:     -> Evolving tree number 8864 {1}
067:     -> Evolving tree number 9293 {1}
089:         Output tree data at t=13.80 Gyr (output 1 of 1)
089:     <- Finished tree
061:         Output tree data at t=13.80 Gyr (output 1 of 1)
061:     <- Finished tree
061:     -> Evolving tree number 9043 {1}
050:         Output tree data at t=13.80 Gyr (output 1 of 1)
050:     <- Finished tree
050:     Progress: 874 trees processed; elapsed 5.82 h
118:         Output tree data at t=13.80 Gyr (output 1 of 1)
118:     <- Finished tree
068:         Output tree data at t=13.80 Gyr (output 1 of 1)
068:     <- Finished tree
118:     -> Evolving tree number 8986 {1}
050:     -> Evolving tree number 9182 {1}
092:         Output tree data at t=13.80 Gyr (output 1 of 1)
092:     <- Finished tree
089:     -> Evolving tree number 9015 {1}
068:     -> Evolving tree number 9036 {1}
116:         Output tree data at t=13.80 Gyr (output 1 of 1)
116:     <- Finished tree
085:         Output tree data at t=13.80 Gyr (output 1 of 1)
085:     <- Finished tree
043:         Output tree data at t=13.80 Gyr (output 1 of 1)
043:     <- Finished tree
085:     -> Evolving tree number 9147 {1}
005:         Output tree data at t=13.80 Gyr (output 1 of 1)
005:     <- Finished tree
005:     Progress: 881 trees processed; elapsed 5.83 h
043:     -> Evolving tree number 9061 {1}
005:     -> Evolving tree number 9099 {1}
082:         Output tree data at t=13.80 Gyr (output 1 of 1)
082:     <- Finished tree
116:     -> Evolving tree number 8988 {1}
124:         Output tree data at t=13.80 Gyr (output 1 of 1)
124:     <- Finished tree
002:         Output tree data at t=13.80 Gyr (output 1 of 1)
002:     <- Finished tree
124:     -> Evolving tree number 8852 {1}
092:     -> Evolving tree number 8628 {1}
127:         Output tree data at t=13.80 Gyr (output 1 of 1)
127:     <- Finished tree
127:     Progress: 885 trees processed; elapsed 5.86 h
099:         Output tree data at t=13.80 Gyr (output 1 of 1)
099:     <- Finished tree
082:     -> Evolving tree number 8894 {1}
099:     -> Evolving tree number 9133 {1}
127:     -> Evolving tree number 8721 {1}
096:         Output tree data at t=13.80 Gyr (output 1 of 1)
096:     <- Finished tree
096:     -> Evolving tree number 9008 {1}
017:         Output tree data at t=13.80 Gyr (output 1 of 1)
017:     <- Finished tree
024:         Output tree data at t=13.80 Gyr (output 1 of 1)
024:     <- Finished tree
024:     -> Evolving tree number 8824 {1}
002:     -> Evolving tree number 9102 {1}
017:     -> Evolving tree number 9215 {1}
102:         Output tree data at t=13.80 Gyr (output 1 of 1)
102:     <- Finished tree
102:     Progress: 890 trees processed; elapsed 5.89 h
122:         Output tree data at t=13.80 Gyr (output 1 of 1)
122:     <- Finished tree
122:     -> Evolving tree number 8726 {1}
102:     -> Evolving tree number 9258 {1}
100:         Output tree data at t=13.80 Gyr (output 1 of 1)
100:     <- Finished tree
100:     Progress: 892 trees processed; elapsed 5.91 h
109:         Output tree data at t=13.80 Gyr (output 1 of 1)
109:     <- Finished tree
039:         Output tree data at t=13.80 Gyr (output 1 of 1)
039:     <- Finished tree
109:     -> Evolving tree number 8995 {1}
106:         Output tree data at t=13.80 Gyr (output 1 of 1)
106:     <- Finished tree
014:         Output tree data at t=13.80 Gyr (output 1 of 1)
039:     -> Evolving tree number 8809 {1}
014:     <- Finished tree
100:     -> Evolving tree number 8748 {1}
106:     -> Evolving tree number 8870 {1}
028:         Output tree data at t=13.80 Gyr (output 1 of 1)
028:     <- Finished tree
028:     Progress: 897 trees processed; elapsed 5.93 h
014:     -> Evolving tree number 9090 {1}
028:     -> Evolving tree number 9076 {1}
020:         Output tree data at t=13.80 Gyr (output 1 of 1)
020:     <- Finished tree
020:     Progress: 898 trees processed; elapsed 5.96 h
045:         Output tree data at t=13.80 Gyr (output 1 of 1)
045:     <- Finished tree
020:     -> Evolving tree number 9084 {1}
052:         Output tree data at t=13.80 Gyr (output 1 of 1)
052:     <- Finished tree
059:         Output tree data at t=13.80 Gyr (output 1 of 1)
059:     <- Finished tree
031:         Output tree data at t=13.80 Gyr (output 1 of 1)
031:     <- Finished tree
031:     -> Evolving tree number 9073 {1}
084:         Output tree data at t=13.80 Gyr (output 1 of 1)
084:     <- Finished tree
084:     Progress: 903 trees processed; elapsed 5.98 h
010:         Output tree data at t=13.80 Gyr (output 1 of 1)
010:     <- Finished tree
084:     -> Evolving tree number 8892 {1}
064:         Output tree data at t=13.80 Gyr (output 1 of 1)
064:     <- Finished tree
045:     -> Evolving tree number 9059 {1}
010:     -> Evolving tree number 9222 {1}
052:     -> Evolving tree number 9052 {1}
059:     -> Evolving tree number 8789 {1}
051:         Output tree data at t=13.80 Gyr (output 1 of 1)
051:     <- Finished tree
051:     Progress: 906 trees processed; elapsed 6.02 h
104:         Output tree data at t=13.80 Gyr (output 1 of 1)
104:     <- Finished tree
013:         Output tree data at t=13.80 Gyr (output 1 of 1)
013:     <- Finished tree
104:     -> Evolving tree number 8744 {1}
021:         Output tree data at t=13.80 Gyr (output 1 of 1)
021:     <- Finished tree
013:     -> Evolving tree number 8835 {1}
064:     -> Evolving tree number 9040 {1}
021:     -> Evolving tree number 8955 {1}
022:         Output tree data at t=13.80 Gyr (output 1 of 1)
022:     <- Finished tree
022:     -> Evolving tree number 8826 {1}
051:     -> Evolving tree number 9181 {1}
009:         Output tree data at t=13.80 Gyr (output 1 of 1)
009:     <- Finished tree
009:     Progress: 911 trees processed; elapsed 6.05 h
026:         Output tree data at t=13.80 Gyr (output 1 of 1)
026:     <- Finished tree
108:         Output tree data at t=13.80 Gyr (output 1 of 1)
108:     <- Finished tree
016:         Output tree data at t=13.80 Gyr (output 1 of 1)
016:     <- Finished tree
040:         Output tree data at t=13.80 Gyr (output 1 of 1)
040:     <- Finished tree
026:     -> Evolving tree number 8950 {1}
016:     -> Evolving tree number 8960 {1}
108:     -> Evolving tree number 8868 {1}
040:     -> Evolving tree number 9192 {1}
077:         Output tree data at t=13.80 Gyr (output 1 of 1)
077:     <- Finished tree
077:     Progress: 916 trees processed; elapsed 6.07 h
025:         Output tree data at t=13.80 Gyr (output 1 of 1)
025:     <- Finished tree
009:     -> Evolving tree number 9095 {1}
025:     -> Evolving tree number 9207 {1}
077:     -> Evolving tree number 8899 {1}
081:         Output tree data at t=13.80 Gyr (output 1 of 1)
081:     <- Finished tree
081:     Progress: 918 trees processed; elapsed 6.09 h
111:         Output tree data at t=13.80 Gyr (output 1 of 1)
111:     <- Finished tree
071:         Output tree data at t=13.80 Gyr (output 1 of 1)
071:     <- Finished tree
071:     -> Evolving tree number 8905 {1}
032:         Output tree data at t=13.80 Gyr (output 1 of 1)
032:     <- Finished tree
032:     Progress: 921 trees processed; elapsed 6.12 h
038:         Output tree data at t=13.80 Gyr (output 1 of 1)
038:     <- Finished tree
121:         Output tree data at t=13.80 Gyr (output 1 of 1)
121:     <- Finished tree
111:     -> Evolving tree number 8609 {1}
038:     -> Evolving tree number 8938 {1}
081:     -> Evolving tree number 8767 {1}
007:         Output tree data at t=13.80 Gyr (output 1 of 1)
007:     <- Finished tree
007:     Progress: 924 trees processed; elapsed 6.15 h
070:         Output tree data at t=13.80 Gyr (output 1 of 1)
070:     <- Finished tree
070:     -> Evolving tree number 8778 {1}
076:         Output tree data at t=13.80 Gyr (output 1 of 1)
076:     <- Finished tree
030:         Output tree data at t=13.80 Gyr (output 1 of 1)
030:     <- Finished tree
033:         Output tree data at t=13.80 Gyr (output 1 of 1)
033:     <- Finished tree
121:     -> Evolving tree number 8599 {1}
032:     -> Evolving tree number 8816 {1}
076:     -> Evolving tree number 8900 {1}
033:     -> Evolving tree number 8943 {1}
007:     -> Evolving tree number 8841 {1}
030:     -> Evolving tree number 8818 {1}
112:         Output tree data at t=13.80 Gyr (output 1 of 1)
112:     <- Finished tree
112:     Progress: 929 trees processed; elapsed 6.17 h
112:     -> Evolving tree number 8736 {1}
023:         Output tree data at t=13.80 Gyr (output 1 of 1)
023:     <- Finished tree
073:         Output tree data at t=13.80 Gyr (output 1 of 1)
073:     <- Finished tree
101:         Output tree data at t=13.80 Gyr (output 1 of 1)
101:     <- Finished tree
093:         Output tree data at t=13.80 Gyr (output 1 of 1)
093:     <- Finished tree
023:     -> Evolving tree number 9081 {1}
101:     -> Evolving tree number 9003 {1}
073:     -> Evolving tree number 9031 {1}
072:         Output tree data at t=13.80 Gyr (output 1 of 1)
072:     <- Finished tree
072:     Progress: 934 trees processed; elapsed 6.19 h
093:     -> Evolving tree number 8627 {1}
054:         Output tree data at t=13.80 Gyr (output 1 of 1)
054:     <- Finished tree
072:     -> Evolving tree number 8904 {1}
054:     -> Evolving tree number 8922 {1}
049:         Output tree data at t=13.80 Gyr (output 1 of 1)
049:     <- Finished tree
049:     Progress: 936 trees processed; elapsed 6.21 h
049:     -> Evolving tree number 8927 {1}
063:         Output tree data at t=13.80 Gyr (output 1 of 1)
063:     <- Finished tree
063:     -> Evolving tree number 8913 {1}
125:         Output tree data at t=13.80 Gyr (output 1 of 1)
125:     <- Finished tree
125:     Progress: 938 trees processed; elapsed 6.23 h
006:         Output tree data at t=13.80 Gyr (output 1 of 1)
006:     <- Finished tree
091:         Output tree data at t=13.80 Gyr (output 1 of 1)
091:     <- Finished tree
125:     -> Evolving tree number 8723 {1}
006:     -> Evolving tree number 9098 {1}
056:         Output tree data at t=13.80 Gyr (output 1 of 1)
056:     <- Finished tree
041:         Output tree data at t=13.80 Gyr (output 1 of 1)
041:     <- Finished tree
056:     -> Evolving tree number 8920 {1}
091:     -> Evolving tree number 8757 {1}
018:         Output tree data at t=13.80 Gyr (output 1 of 1)
018:     <- Finished tree
018:     Progress: 943 trees processed; elapsed 6.25 h
035:         Output tree data at t=13.80 Gyr (output 1 of 1)
035:     <- Finished tree
041:     -> Evolving tree number 9063 {1}
035:     -> Evolving tree number 8813 {1}
018:     -> Evolving tree number 8830 {1}
065:         Output tree data at t=13.80 Gyr (output 1 of 1)
065:     <- Finished tree
105:         Output tree data at t=13.80 Gyr (output 1 of 1)
105:     <- Finished tree
065:     -> Evolving tree number 8655 {1}
105:     -> Evolving tree number 8999 {1}
090:         Output tree data at t=13.80 Gyr (output 1 of 1)
090:     <- Finished tree
090:     Progress: 947 trees processed; elapsed 6.28 h
090:     -> Evolving tree number 8886 {1}
097:         Output tree data at t=13.80 Gyr (output 1 of 1)
097:     <- Finished tree
097:     -> Evolving tree number 9135 {1}
114:         Output tree data at t=13.80 Gyr (output 1 of 1)
114:     <- Finished tree
114:     Progress: 949 trees processed; elapsed 6.30 h
103:         Output tree data at t=13.80 Gyr (output 1 of 1)
103:     <- Finished tree
060:         Output tree data at t=13.80 Gyr (output 1 of 1)
060:     <- Finished tree
060:     -> Evolving tree number 8788 {1}
114:     -> Evolving tree number 8862 {1}
103:     -> Evolving tree number 9129 {1}
003:         Output tree data at t=13.80 Gyr (output 1 of 1)
003:     <- Finished tree
120:         Output tree data at t=13.80 Gyr (output 1 of 1)
120:     <- Finished tree
120:     Progress: 953 trees processed; elapsed 6.31 h
057:         Output tree data at t=13.80 Gyr (output 1 of 1)
057:     <- Finished tree
075:         Output tree data at t=13.80 Gyr (output 1 of 1)
075:     <- Finished tree
120:     -> Evolving tree number 8728 {1}
075:     -> Evolving tree number 8901 {1}
003:     -> Evolving tree number 8845 {1}
057:     -> Evolving tree number 9047 {1}
113:         Output tree data at t=13.80 Gyr (output 1 of 1)
113:     <- Finished tree
067:         Output tree data at t=13.80 Gyr (output 1 of 1)
067:     <- Finished tree
067:     Progress: 957 trees processed; elapsed 6.33 h
113:     -> Evolving tree number 8863 {1}
067:     -> Evolving tree number 9165 {1}
047:         Output tree data at t=13.80 Gyr (output 1 of 1)
047:     <- Finished tree
122:         Output tree data at t=13.80 Gyr (output 1 of 1)
122:     <- Finished tree
047:     -> Evolving tree number 9185 {1}
122:     -> Evolving tree number 8598 {1}
088:         Output tree data at t=13.80 Gyr (output 1 of 1)
088:     <- Finished tree
088:     Progress: 960 trees processed; elapsed 6.38 h
088:     -> Evolving tree number 9144 {1}
053:         Output tree data at t=13.80 Gyr (output 1 of 1)
053:     <- Finished tree
053:     -> Evolving tree number 9051 {1}
050:         Output tree data at t=13.80 Gyr (output 1 of 1)
050:     <- Finished tree
012:         Output tree data at t=13.80 Gyr (output 1 of 1)
012:     <- Finished tree
050:     -> Evolving tree number 9054 {1}
012:     -> Evolving tree number 9220 {1}
123:         Output tree data at t=13.80 Gyr (output 1 of 1)
123:     <- Finished tree
123:     Progress: 964 trees processed; elapsed 6.40 h
123:     -> Evolving tree number 8853 {1}
119:         Output tree data at t=13.80 Gyr (output 1 of 1)
119:     <- Finished tree
119:     Progress: 965 trees processed; elapsed 6.41 h
119:     -> Evolving tree number 8985 {1}
126:         Output tree data at t=13.80 Gyr (output 1 of 1)
126:     <- Finished tree
042:         Output tree data at t=13.80 Gyr (output 1 of 1)
042:     <- Finished tree
042:     -> Evolving tree number 9062 {1}
126:     -> Evolving tree number 8978 {1}
127:         Output tree data at t=13.80 Gyr (output 1 of 1)
127:     <- Finished tree
127:     Progress: 968 trees processed; elapsed 6.43 h
110:         Output tree data at t=13.80 Gyr (output 1 of 1)
110:     <- Finished tree
127:     -> Evolving tree number 8593 {1}
004:         Output tree data at t=13.80 Gyr (output 1 of 1)
004:     <- Finished tree
110:     -> Evolving tree number 8866 {1}
017:         Output tree data at t=13.80 Gyr (output 1 of 1)
017:     <- Finished tree
004:     -> Evolving tree number 8716 {1}
017:     -> Evolving tree number 9087 {1}
095:         Output tree data at t=13.80 Gyr (output 1 of 1)
095:     <- Finished tree
095:     Progress: 972 trees processed; elapsed 6.46 h
024:         Output tree data at t=13.80 Gyr (output 1 of 1)
024:     <- Finished tree
024:     -> Evolving tree number 8696 {1}
028:         Output tree data at t=13.80 Gyr (output 1 of 1)
028:     <- Finished tree
095:     -> Evolving tree number 8753 {1}
028:     -> Evolving tree number 8948 {1}
083:         Output tree data at t=13.80 Gyr (output 1 of 1)
083:     <- Finished tree
083:     -> Evolving tree number 9021 {1}
098:         Output tree data at t=13.80 Gyr (output 1 of 1)
098:     <- Finished tree
098:     Progress: 976 trees processed; elapsed 6.48 h
089:         Output tree data at t=13.80 Gyr (output 1 of 1)
089:     <- Finished tree
115:         Output tree data at t=13.80 Gyr (output 1 of 1)
115:     <- Finished tree
089:     -> Evolving tree number 8887 {1}
062:         Output tree data at t=13.80 Gyr (output 1 of 1)
062:     <- Finished tree
098:     -> Evolving tree number 9006 {1}
062:     -> Evolving tree number 8914 {1}
115:     -> Evolving tree number 9117 {1}
086:         Output tree data at t=13.80 Gyr (output 1 of 1)
086:     <- Finished tree
058:         Output tree data at t=13.80 Gyr (output 1 of 1)
058:     <- Finished tree
118:         Output tree data at t=13.80 Gyr (output 1 of 1)
118:     <- Finished tree
118:     Progress: 982 trees processed; elapsed 6.50 h
058:     -> Evolving tree number 8790 {1}
086:     -> Evolving tree number 8762 {1}
092:         Output tree data at t=13.80 Gyr (output 1 of 1)
092:     <- Finished tree
055:         Output tree data at t=13.80 Gyr (output 1 of 1)
055:     <- Finished tree
118:     -> Evolving tree number 8858 {1}
055:     -> Evolving tree number 8921 {1}
000:         Output tree data at t=13.80 Gyr (output 1 of 1)
000:     <- Finished tree
092:     -> Evolving tree number 8500 {1}
015:         Output tree data at t=13.80 Gyr (output 1 of 1)
015:     <- Finished tree
000:     -> Evolving tree number 8848 {1}
015:     -> Evolving tree number 8833 {1}
069:         Output tree data at t=13.80 Gyr (output 1 of 1)
069:     <- Finished tree
007:         Output tree data at t=13.80 Gyr (output 1 of 1)
007:     <- Finished tree
007:     Progress: 988 trees processed; elapsed 6.53 h
069:     -> Evolving tree number 8779 {1}
011:         Output tree data at t=13.80 Gyr (output 1 of 1)
011:     <- Finished tree
011:     -> Evolving tree number 8837 {1}
007:     -> Evolving tree number 8713 {1}
048:         Output tree data at t=13.80 Gyr (output 1 of 1)
048:     <- Finished tree
048:     Progress: 990 trees processed; elapsed 6.56 h
048:     -> Evolving tree number 8800 {1}
076:         Output tree data at t=13.80 Gyr (output 1 of 1)
076:     <- Finished tree
031:         Output tree data at t=13.80 Gyr (output 1 of 1)
031:     <- Finished tree
031:     Progress: 992 trees processed; elapsed 6.58 h
076:     -> Evolving tree number 8772 {1}
031:     -> Evolving tree number 8945 {1}
116:         Output tree data at t=13.80 Gyr (output 1 of 1)
116:     <- Finished tree
013:         Output tree data at t=13.80 Gyr (output 1 of 1)
013:     <- Finished tree
116:     -> Evolving tree number 8860 {1}
013:     -> Evolving tree number 8707 {1}
039:         Output tree data at t=13.80 Gyr (output 1 of 1)
039:     <- Finished tree
039:     Progress: 995 trees processed; elapsed 6.62 h
021:         Output tree data at t=13.80 Gyr (output 1 of 1)
021:     <- Finished tree
039:     -> Evolving tree number 8681 {1}
021:     -> Evolving tree number 8827 {1}
032:         Output tree data at t=13.80 Gyr (output 1 of 1)
032:     <- Finished tree
032:     Progress: 997 trees processed; elapsed 6.65 h
020:         Output tree data at t=13.80 Gyr (output 1 of 1)
020:     <- Finished tree
094:         Output tree data at t=13.80 Gyr (output 1 of 1)
094:     <- Finished tree
034:         Output tree data at t=13.80 Gyr (output 1 of 1)
034:     <- Finished tree
032:     -> Evolving tree number 8688 {1}
094:     -> Evolving tree number 9010 {1}
020:     -> Evolving tree number 8956 {1}
026:         Output tree data at t=13.80 Gyr (output 1 of 1)
026:     <- Finished tree
034:     -> Evolving tree number 8942 {1}
026:     -> Evolving tree number 8822 {1}
117:         Output tree data at t=13.80 Gyr (output 1 of 1)
117:     <- Finished tree
117:     Progress: 1002 trees processed; elapsed 6.67 h
066:         Output tree data at t=13.80 Gyr (output 1 of 1)
066:     <- Finished tree
027:         Output tree data at t=13.80 Gyr (output 1 of 1)
027:     <- Finished tree
117:     -> Evolving tree number 8987 {1}
001:         Output tree data at t=13.80 Gyr (output 1 of 1)
001:     <- Finished tree
035:         Output tree data at t=13.80 Gyr (output 1 of 1)
035:     <- Finished tree
035:     Progress: 1006 trees processed; elapsed 6.69 h
027:     -> Evolving tree number 8949 {1}
001:     -> Evolving tree number 8975 {1}
066:     -> Evolving tree number 8910 {1}
080:         Output tree data at t=13.80 Gyr (output 1 of 1)
080:     <- Finished tree
107:         Output tree data at t=13.80 Gyr (output 1 of 1)
107:     <- Finished tree
080:     -> Evolving tree number 8768 {1}
035:     -> Evolving tree number 8685 {1}
061:         Output tree data at t=13.80 Gyr (output 1 of 1)
061:     <- Finished tree
061:     Progress: 1009 trees processed; elapsed 6.70 h
104:         Output tree data at t=13.80 Gyr (output 1 of 1)
104:     <- Finished tree
014:         Output tree data at t=13.80 Gyr (output 1 of 1)
014:     <- Finished tree
061:     -> Evolving tree number 8915 {1}
107:     -> Evolving tree number 8741 {1}
104:     -> Evolving tree number 8616 {1}
014:     -> Evolving tree number 8962 {1}
036:         Output tree data at t=13.80 Gyr (output 1 of 1)
036:     <- Finished tree
036:     -> Evolving tree number 8556 {1}
101:         Output tree data at t=13.80 Gyr (output 1 of 1)
101:     <- Finished tree
101:     Progress: 1013 trees processed; elapsed 6.73 h
033:         Output tree data at t=13.80 Gyr (output 1 of 1)
033:     <- Finished tree
099:         Output tree data at t=13.80 Gyr (output 1 of 1)
099:     <- Finished tree
101:     -> Evolving tree number 8875 {1}
087:         Output tree data at t=13.80 Gyr (output 1 of 1)
087:     <- Finished tree
033:     -> Evolving tree number 8815 {1}
099:     -> Evolving tree number 9005 {1}
045:         Output tree data at t=13.80 Gyr (output 1 of 1)
045:     <- Finished tree
046:         Output tree data at t=13.80 Gyr (output 1 of 1)
046:     <- Finished tree
023:         Output tree data at t=13.80 Gyr (output 1 of 1)
023:     <- Finished tree
112:         Output tree data at t=13.80 Gyr (output 1 of 1)
112:     <- Finished tree
112:     Progress: 1020 trees processed; elapsed 6.75 h
096:         Output tree data at t=13.80 Gyr (output 1 of 1)
096:     <- Finished tree
112:     -> Evolving tree number 8608 {1}
045:     -> Evolving tree number 8931 {1}
046:     -> Evolving tree number 8930 {1}
087:     -> Evolving tree number 9145 {1}
023:     -> Evolving tree number 8953 {1}
037:         Output tree data at t=13.80 Gyr (output 1 of 1)
037:     <- Finished tree
100:         Output tree data at t=13.80 Gyr (output 1 of 1)
100:     <- Finished tree
096:     -> Evolving tree number 8880 {1}
037:     -> Evolving tree number 8939 {1}
100:     -> Evolving tree number 8620 {1}
005:         Output tree data at t=13.80 Gyr (output 1 of 1)
005:     <- Finished tree
005:     Progress: 1024 trees processed; elapsed 6.78 h
085:         Output tree data at t=13.80 Gyr (output 1 of 1)
085:     <- Finished tree
005:     -> Evolving tree number 8971 {1}
085:     -> Evolving tree number 9019 {1}
038:         Output tree data at t=13.80 Gyr (output 1 of 1)
038:     <- Finished tree
038:     Progress: 1026 trees processed; elapsed 6.79 h
120:         Output tree data at t=13.80 Gyr (output 1 of 1)
120:     <- Finished tree
122:         Output tree data at t=13.80 Gyr (output 1 of 1)
122:     <- Finished tree
016:         Output tree data at t=13.80 Gyr (output 1 of 1)
016:     <- Finished tree
082:         Output tree data at t=13.80 Gyr (output 1 of 1)
082:     <- Finished tree
038:     -> Evolving tree number 8810 {1}
016:     -> Evolving tree number 8832 {1}
120:     -> Evolving tree number 8600 {1}
030:         Output tree data at t=13.80 Gyr (output 1 of 1)
030:     <- Finished tree
030:     Progress: 1031 trees processed; elapsed 6.82 h
082:     -> Evolving tree number 8766 {1}
008:         Output tree data at t=13.80 Gyr (output 1 of 1)
008:     <- Finished tree
030:     -> Evolving tree number 8690 {1}
122:     -> Evolving tree number 8470 {1}
079:         Output tree data at t=13.80 Gyr (output 1 of 1)
079:     <- Finished tree
008:     -> Evolving tree number 8968 {1}
079:     -> Evolving tree number 9025 {1}
109:         Output tree data at t=13.80 Gyr (output 1 of 1)
109:     <- Finished tree
109:     Progress: 1034 trees processed; elapsed 6.84 h
010:         Output tree data at t=13.80 Gyr (output 1 of 1)
010:     <- Finished tree
002:         Output tree data at t=13.80 Gyr (output 1 of 1)
002:     <- Finished tree
002:     -> Evolving tree number 8974 {1}
010:     -> Evolving tree number 9094 {1}
089:         Output tree data at t=13.80 Gyr (output 1 of 1)
089:     <- Finished tree
029:         Output tree data at t=13.80 Gyr (output 1 of 1)
029:     <- Finished tree
109:     -> Evolving tree number 8867 {1}
029:     -> Evolving tree number 9075 {1}
089:     -> Evolving tree number 8759 {1}
054:         Output tree data at t=13.80 Gyr (output 1 of 1)
054:     <- Finished tree
054:     Progress: 1039 trees processed; elapsed 6.86 h
054:     -> Evolving tree number 8794 {1}
074:         Output tree data at t=13.80 Gyr (output 1 of 1)
074:     <- Finished tree
074:     -> Evolving tree number 9030 {1}
071:         Output tree data at t=13.80 Gyr (output 1 of 1)
071:     <- Finished tree
071:     -> Evolving tree number 8777 {1}
064:         Output tree data at t=13.80 Gyr (output 1 of 1)
064:     <- Finished tree
064:     Progress: 1042 trees processed; elapsed 6.89 h
127:         Output tree data at t=13.80 Gyr (output 1 of 1)
127:     <- Finished tree
059:         Output tree data at t=13.80 Gyr (output 1 of 1)
059:     <- Finished tree
127:     -> Evolving tree number 8465 {1}
064:     -> Evolving tree number 8912 {1}
043:         Output tree data at t=13.80 Gyr (output 1 of 1)
043:     <- Finished tree
124:         Output tree data at t=13.80 Gyr (output 1 of 1)
124:     <- Finished tree
043:     -> Evolving tree number 8933 {1}
124:     -> Evolving tree number 8724 {1}
059:     -> Evolving tree number 8661 {1}
121:         Output tree data at t=13.80 Gyr (output 1 of 1)
121:     <- Finished tree
121:     Progress: 1047 trees processed; elapsed 6.92 h
121:     -> Evolving tree number 8471 {1}
113:         Output tree data at t=13.80 Gyr (output 1 of 1)
113:     <- Finished tree
078:         Output tree data at t=13.80 Gyr (output 1 of 1)
078:     <- Finished tree
070:         Output tree data at t=13.80 Gyr (output 1 of 1)
070:     <- Finished tree
113:     -> Evolving tree number 8735 {1}
070:     -> Evolving tree number 8650 {1}
065:         Output tree data at t=13.80 Gyr (output 1 of 1)
065:     <- Finished tree
065:     Progress: 1051 trees processed; elapsed 6.94 h
106:         Output tree data at t=13.80 Gyr (output 1 of 1)
106:     <- Finished tree
078:     -> Evolving tree number 8898 {1}
081:         Output tree data at t=13.80 Gyr (output 1 of 1)
081:     <- Finished tree
065:     -> Evolving tree number 8527 {1}
108:         Output tree data at t=13.80 Gyr (output 1 of 1)
108:     <- Finished tree
052:         Output tree data at t=13.80 Gyr (output 1 of 1)
052:     <- Finished tree
052:     -> Evolving tree number 8924 {1}
018:         Output tree data at t=13.80 Gyr (output 1 of 1)
018:     <- Finished tree
106:     -> Evolving tree number 8742 {1}
081:     -> Evolving tree number 8639 {1}
018:     -> Evolving tree number 8702 {1}
108:     -> Evolving tree number 8740 {1}
091:         Output tree data at t=13.80 Gyr (output 1 of 1)
091:     <- Finished tree
091:     Progress: 1057 trees processed; elapsed 6.96 h
068:         Output tree data at t=13.80 Gyr (output 1 of 1)
068:     <- Finished tree
068:     -> Evolving tree number 8908 {1}
093:         Output tree data at t=13.80 Gyr (output 1 of 1)
093:     <- Finished tree
077:         Output tree data at t=13.80 Gyr (output 1 of 1)
077:     <- Finished tree
091:     -> Evolving tree number 8629 {1}
093:     -> Evolving tree number 8499 {1}
077:     -> Evolving tree number 8771 {1}
111:         Output tree data at t=13.80 Gyr (output 1 of 1)
111:     <- Finished tree
111:     Progress: 1061 trees processed; elapsed 6.98 h
105:         Output tree data at t=13.80 Gyr (output 1 of 1)
105:     <- Finished tree
049:         Output tree data at t=13.80 Gyr (output 1 of 1)
049:     <- Finished tree
111:     -> Evolving tree number 8481 {1}
105:     -> Evolving tree number 8871 {1}
049:     -> Evolving tree number 8799 {1}
000:         Output tree data at t=13.80 Gyr (output 1 of 1)
000:     <- Finished tree
000:     Progress: 1064 trees processed; elapsed 7.01 h
000:     -> Evolving tree number 8720 {1}
051:         Output tree data at t=13.80 Gyr (output 1 of 1)
051:     <- Finished tree
006:         Output tree data at t=13.80 Gyr (output 1 of 1)
006:     <- Finished tree
006:     Progress: 1066 trees processed; elapsed 7.02 h
051:     -> Evolving tree number 9053 {1}
011:         Output tree data at t=13.80 Gyr (output 1 of 1)
011:     <- Finished tree
006:     -> Evolving tree number 8970 {1}
004:         Output tree data at t=13.80 Gyr (output 1 of 1)
004:     <- Finished tree
019:         Output tree data at t=13.80 Gyr (output 1 of 1)
019:     <- Finished tree
011:     -> Evolving tree number 8709 {1}
123:         Output tree data at t=13.80 Gyr (output 1 of 1)
123:     <- Finished tree
123:     Progress: 1070 trees processed; elapsed 7.04 h
004:     -> Evolving tree number 8588 {1}
019:     -> Evolving tree number 8957 {1}
123:     -> Evolving tree number 8725 {1}
022:         Output tree data at t=13.80 Gyr (output 1 of 1)
022:     <- Finished tree
022:     Progress: 1071 trees processed; elapsed 7.07 h
022:     -> Evolving tree number 8698 {1}
084:         Output tree data at t=13.80 Gyr (output 1 of 1)
084:     <- Finished tree
003:         Output tree data at t=13.80 Gyr (output 1 of 1)
003:     <- Finished tree
003:     Progress: 1073 trees processed; elapsed 7.09 h
084:     -> Evolving tree number 8764 {1}
044:         Output tree data at t=13.80 Gyr (output 1 of 1)
044:     <- Finished tree
003:     -> Evolving tree number 8717 {1}
044:     -> Evolving tree number 9060 {1}
009:         Output tree data at t=13.80 Gyr (output 1 of 1)
009:     <- Finished tree
009:     Progress: 1075 trees processed; elapsed 7.11 h
075:         Output tree data at t=13.80 Gyr (output 1 of 1)
075:     <- Finished tree
009:     -> Evolving tree number 8967 {1}
048:         Output tree data at t=13.80 Gyr (output 1 of 1)
048:     <- Finished tree
075:     -> Evolving tree number 8773 {1}
048:     -> Evolving tree number 8672 {1}
119:         Output tree data at t=13.80 Gyr (output 1 of 1)
119:     <- Finished tree
119:     -> Evolving tree number 8857 {1}
115:         Output tree data at t=13.80 Gyr (output 1 of 1)
115:     <- Finished tree
115:     Progress: 1079 trees processed; elapsed 7.13 h
028:         Output tree data at t=13.80 Gyr (output 1 of 1)
028:     <- Finished tree
115:     -> Evolving tree number 8989 {1}
028:     -> Evolving tree number 8820 {1}
102:         Output tree data at t=13.80 Gyr (output 1 of 1)
102:     <- Finished tree
092:         Output tree data at t=13.80 Gyr (output 1 of 1)
092:     <- Finished tree
092:     Progress: 1082 trees processed; elapsed 7.15 h
102:     -> Evolving tree number 9130 {1}
063:         Output tree data at t=13.80 Gyr (output 1 of 1)
063:     <- Finished tree
092:     -> Evolving tree number 8372 {1}
063:     -> Evolving tree number 8785 {1}
066:         Output tree data at t=13.80 Gyr (output 1 of 1)
066:     <- Finished tree
066:     -> Evolving tree number 8782 {1}
088:         Output tree data at t=13.80 Gyr (output 1 of 1)
088:     <- Finished tree
088:     Progress: 1085 trees processed; elapsed 7.18 h
088:     -> Evolving tree number 9016 {1}
118:         Output tree data at t=13.80 Gyr (output 1 of 1)
118:     <- Finished tree
103:         Output tree data at t=13.80 Gyr (output 1 of 1)
103:     <- Finished tree
095:         Output tree data at t=13.80 Gyr (output 1 of 1)
095:     <- Finished tree
095:     Progress: 1088 trees processed; elapsed 7.20 h
118:     -> Evolving tree number 8730 {1}
095:     -> Evolving tree number 8625 {1}
103:     -> Evolving tree number 9001 {1}
042:         Output tree data at t=13.80 Gyr (output 1 of 1)
042:     <- Finished tree
042:     -> Evolving tree number 8934 {1}
060:         Output tree data at t=13.80 Gyr (output 1 of 1)
060:     <- Finished tree
060:     Progress: 1090 trees processed; elapsed 7.23 h
060:     -> Evolving tree number 8660 {1}
026:         Output tree data at t=13.80 Gyr (output 1 of 1)
026:     <- Finished tree
037:         Output tree data at t=13.80 Gyr (output 1 of 1)
037:     <- Finished tree
026:     -> Evolving tree number 8694 {1}
037:     -> Evolving tree number 8811 {1}
041:         Output tree data at t=13.80 Gyr (output 1 of 1)
041:     <- Finished tree
041:     Progress: 1093 trees processed; elapsed 7.27 h
108:         Output tree data at t=13.80 Gyr (output 1 of 1)
108:     <- Finished tree
041:     -> Evolving tree number 8935 {1}
025:         Output tree data at t=13.80 Gyr (output 1 of 1)
025:     <- Finished tree
108:     -> Evolving tree number 8612 {1}
025:     -> Evolving tree number 9079 {1}
072:         Output tree data at t=13.80 Gyr (output 1 of 1)
072:     <- Finished tree
072:     Progress: 1096 trees processed; elapsed 7.29 h
015:         Output tree data at t=13.80 Gyr (output 1 of 1)
015:     <- Finished tree
120:         Output tree data at t=13.80 Gyr (output 1 of 1)
120:     <- Finished tree
040:         Output tree data at t=13.80 Gyr (output 1 of 1)
040:     <- Finished tree
072:     -> Evolving tree number 8776 {1}
015:     -> Evolving tree number 8705 {1}
120:     -> Evolving tree number 8472 {1}
040:     -> Evolving tree number 9064 {1}
086:         Output tree data at t=13.80 Gyr (output 1 of 1)
086:     <- Finished tree
094:         Output tree data at t=13.80 Gyr (output 1 of 1)
094:     <- Finished tree
094:     Progress: 1101 trees processed; elapsed 7.30 h
086:     -> Evolving tree number 8634 {1}
094:     -> Evolving tree number 8882 {1}
024:         Output tree data at t=13.80 Gyr (output 1 of 1)
024:     <- Finished tree
024:     Progress: 1102 trees processed; elapsed 7.33 h
027:         Output tree data at t=13.80 Gyr (output 1 of 1)
027:     <- Finished tree
024:     -> Evolving tree number 8568 {1}
013:         Output tree data at t=13.80 Gyr (output 1 of 1)
013:     <- Finished tree
055:         Output tree data at t=13.80 Gyr (output 1 of 1)
055:     <- Finished tree
027:     -> Evolving tree number 8821 {1}
013:     -> Evolving tree number 8579 {1}
055:     -> Evolving tree number 8793 {1}
036:         Output tree data at t=13.80 Gyr (output 1 of 1)
036:     <- Finished tree
036:     Progress: 1106 trees processed; elapsed 7.36 h
007:         Output tree data at t=13.80 Gyr (output 1 of 1)
007:     <- Finished tree
036:     -> Evolving tree number 8428 {1}
007:     -> Evolving tree number 8585 {1}
012:         Output tree data at t=13.80 Gyr (output 1 of 1)
012:     <- Finished tree
012:     Progress: 1108 trees processed; elapsed 7.37 h
038:         Output tree data at t=13.80 Gyr (output 1 of 1)
038:     <- Finished tree
053:         Output tree data at t=13.80 Gyr (output 1 of 1)
053:     <- Finished tree
038:     -> Evolving tree number 8682 {1}
012:     -> Evolving tree number 9092 {1}
053:     -> Evolving tree number 8923 {1}
067:         Output tree data at t=13.80 Gyr (output 1 of 1)
067:     <- Finished tree
067:     Progress: 1111 trees processed; elapsed 7.39 h
067:     -> Evolving tree number 9037 {1}
098:         Output tree data at t=13.80 Gyr (output 1 of 1)
098:     <- Finished tree
098:     -> Evolving tree number 8878 {1}
106:         Output tree data at t=13.80 Gyr (output 1 of 1)
106:     <- Finished tree
106:     Progress: 1113 trees processed; elapsed 7.42 h
106:     -> Evolving tree number 8614 {1}
050:         Output tree data at t=13.80 Gyr (output 1 of 1)
050:     <- Finished tree
069:         Output tree data at t=13.80 Gyr (output 1 of 1)
069:     <- Finished tree
122:         Output tree data at t=13.80 Gyr (output 1 of 1)
122:     <- Finished tree
122:     Progress: 1116 trees processed; elapsed 7.43 h
050:     -> Evolving tree number 8926 {1}
069:     -> Evolving tree number 8651 {1}
122:     -> Evolving tree number 8342 {1}
100:         Output tree data at t=13.80 Gyr (output 1 of 1)
100:     <- Finished tree
080:         Output tree data at t=13.80 Gyr (output 1 of 1)
080:     <- Finished tree
100:     -> Evolving tree number 8492 {1}
032:         Output tree data at t=13.80 Gyr (output 1 of 1)
032:     <- Finished tree
116:         Output tree data at t=13.80 Gyr (output 1 of 1)
116:     <- Finished tree
032:     -> Evolving tree number 8560 {1}
080:     -> Evolving tree number 8640 {1}
116:     -> Evolving tree number 8732 {1}
114:         Output tree data at t=13.80 Gyr (output 1 of 1)
114:     <- Finished tree
114:     Progress: 1121 trees processed; elapsed 7.46 h
000:         Output tree data at t=13.80 Gyr (output 1 of 1)
000:     <- Finished tree
076:         Output tree data at t=13.80 Gyr (output 1 of 1)
076:     <- Finished tree
114:     -> Evolving tree number 8734 {1}
000:     -> Evolving tree number 8592 {1}
099:         Output tree data at t=13.80 Gyr (output 1 of 1)
099:     <- Finished tree
076:     -> Evolving tree number 8644 {1}
112:         Output tree data at t=13.80 Gyr (output 1 of 1)
112:     <- Finished tree
112:     Progress: 1125 trees processed; elapsed 7.47 h
058:         Output tree data at t=13.80 Gyr (output 1 of 1)
058:     <- Finished tree
099:     -> Evolving tree number 8877 {1}
070:         Output tree data at t=13.80 Gyr (output 1 of 1)
070:     <- Finished tree
073:         Output tree data at t=13.80 Gyr (output 1 of 1)
073:     <- Finished tree
091:         Output tree data at t=13.80 Gyr (output 1 of 1)
091:     <- Finished tree
112:     -> Evolving tree number 8480 {1}
058:     -> Evolving tree number 8662 {1}
073:     -> Evolving tree number 8903 {1}
091:     -> Evolving tree number 8501 {1}
070:     -> Evolving tree number 8522 {1}
104:         Output tree data at t=13.80 Gyr (output 1 of 1)
104:     <- Finished tree
104:     Progress: 1130 trees processed; elapsed 7.51 h
121:         Output tree data at t=13.80 Gyr (output 1 of 1)
121:     <- Finished tree
034:         Output tree data at t=13.80 Gyr (output 1 of 1)
034:     <- Finished tree
104:     -> Evolving tree number 8488 {1}
034:     -> Evolving tree number 8814 {1}
121:     -> Evolving tree number 8343 {1}
031:         Output tree data at t=13.80 Gyr (output 1 of 1)
031:     <- Finished tree
031:     -> Evolving tree number 8817 {1}
071:         Output tree data at t=13.80 Gyr (output 1 of 1)
071:     <- Finished tree
071:     Progress: 1134 trees processed; elapsed 7.54 h
127:         Output tree data at t=13.80 Gyr (output 1 of 1)
127:     <- Finished tree
071:     -> Evolving tree number 8649 {1}
093:         Output tree data at t=13.80 Gyr (output 1 of 1)
093:     <- Finished tree
127:     -> Evolving tree number 8337 {1}
090:         Output tree data at t=13.80 Gyr (output 1 of 1)
090:     <- Finished tree
064:         Output tree data at t=13.80 Gyr (output 1 of 1)
064:     <- Finished tree
090:     -> Evolving tree number 8758 {1}
077:         Output tree data at t=13.80 Gyr (output 1 of 1)
077:     <- Finished tree
093:     -> Evolving tree number 8371 {1}
064:     -> Evolving tree number 8784 {1}
043:         Output tree data at t=13.80 Gyr (output 1 of 1)
043:     <- Finished tree
043:     Progress: 1140 trees processed; elapsed 7.57 h
077:     -> Evolving tree number 8643 {1}
046:         Output tree data at t=13.80 Gyr (output 1 of 1)
046:     <- Finished tree
039:         Output tree data at t=13.80 Gyr (output 1 of 1)
039:     <- Finished tree
120:         Output tree data at t=13.80 Gyr (output 1 of 1)
120:     <- Finished tree
043:     -> Evolving tree number 8805 {1}
056:         Output tree data at t=13.80 Gyr (output 1 of 1)
056:     <- Finished tree
039:     -> Evolving tree number 8553 {1}
046:     -> Evolving tree number 8802 {1}
120:     -> Evolving tree number 8344 {1}
030:         Output tree data at t=13.80 Gyr (output 1 of 1)
030:     <- Finished tree
030:     Progress: 1145 trees processed; elapsed 7.59 h
056:     -> Evolving tree number 8792 {1}
033:         Output tree data at t=13.80 Gyr (output 1 of 1)
033:     <- Finished tree
019:         Output tree data at t=13.80 Gyr (output 1 of 1)
019:     <- Finished tree
030:     -> Evolving tree number 8562 {1}
019:     -> Evolving tree number 8829 {1}
033:     -> Evolving tree number 8687 {1}
125:         Output tree data at t=13.80 Gyr (output 1 of 1)
125:     <- Finished tree
125:     Progress: 1148 trees processed; elapsed 7.62 h
052:         Output tree data at t=13.80 Gyr (output 1 of 1)
052:     <- Finished tree
016:         Output tree data at t=13.80 Gyr (output 1 of 1)
016:     <- Finished tree
125:     -> Evolving tree number 8595 {1}
016:     -> Evolving tree number 8704 {1}
052:     -> Evolving tree number 8796 {1}
097:         Output tree data at t=13.80 Gyr (output 1 of 1)
097:     <- Finished tree
097:     Progress: 1151 trees processed; elapsed 7.64 h
124:         Output tree data at t=13.80 Gyr (output 1 of 1)
124:     <- Finished tree
097:     -> Evolving tree number 9007 {1}
107:         Output tree data at t=13.80 Gyr (output 1 of 1)
107:     <- Finished tree
020:         Output tree data at t=13.80 Gyr (output 1 of 1)
020:     <- Finished tree
059:         Output tree data at t=13.80 Gyr (output 1 of 1)
059:     <- Finished tree
124:     -> Evolving tree number 8596 {1}
059:     -> Evolving tree number 8533 {1}
107:     -> Evolving tree number 8613 {1}
020:     -> Evolving tree number 8828 {1}
072:         Output tree data at t=13.80 Gyr (output 1 of 1)
072:     <- Finished tree
072:     Progress: 1156 trees processed; elapsed 7.66 h
089:         Output tree data at t=13.80 Gyr (output 1 of 1)
089:     <- Finished tree
083:         Output tree data at t=13.80 Gyr (output 1 of 1)
083:     <- Finished tree
072:     -> Evolving tree number 8648 {1}
047:         Output tree data at t=13.80 Gyr (output 1 of 1)
047:     <- Finished tree
089:     -> Evolving tree number 8631 {1}
047:     -> Evolving tree number 9057 {1}
083:     -> Evolving tree number 8893 {1}
017:         Output tree data at t=13.80 Gyr (output 1 of 1)
017:     <- Finished tree
017:     -> Evolving tree number 8959 {1}
035:         Output tree data at t=13.80 Gyr (output 1 of 1)
035:     <- Finished tree
035:     Progress: 1161 trees processed; elapsed 7.68 h
117:         Output tree data at t=13.80 Gyr (output 1 of 1)
117:     <- Finished tree
035:     -> Evolving tree number 8557 {1}
005:         Output tree data at t=13.80 Gyr (output 1 of 1)
005:     <- Finished tree
117:     -> Evolving tree number 8859 {1}
005:     -> Evolving tree number 8843 {1}
004:         Output tree data at t=13.80 Gyr (output 1 of 1)
004:     <- Finished tree
004:     Progress: 1164 trees processed; elapsed 7.71 h
054:         Output tree data at t=13.80 Gyr (output 1 of 1)
054:     <- Finished tree
004:     -> Evolving tree number 8460 {1}
065:         Output tree data at t=13.80 Gyr (output 1 of 1)
065:     <- Finished tree
054:     -> Evolving tree number 8666 {1}
065:     -> Evolving tree number 8399 {1}
081:         Output tree data at t=13.80 Gyr (output 1 of 1)
081:     <- Finished tree
081:     Progress: 1167 trees processed; elapsed 7.74 h
014:         Output tree data at t=13.80 Gyr (output 1 of 1)
014:     <- Finished tree
081:     -> Evolving tree number 8511 {1}
096:         Output tree data at t=13.80 Gyr (output 1 of 1)
096:     <- Finished tree
126:         Output tree data at t=13.80 Gyr (output 1 of 1)
126:     <- Finished tree
014:     -> Evolving tree number 8834 {1}
096:     -> Evolving tree number 8752 {1}
100:         Output tree data at t=13.80 Gyr (output 1 of 1)
100:     <- Finished tree
118:         Output tree data at t=13.80 Gyr (output 1 of 1)
118:     <- Finished tree
118:     Progress: 1172 trees processed; elapsed 7.76 h
010:         Output tree data at t=13.80 Gyr (output 1 of 1)
010:     <- Finished tree
109:         Output tree data at t=13.80 Gyr (output 1 of 1)
109:     <- Finished tree
126:     -> Evolving tree number 8850 {1}
010:     -> Evolving tree number 8966 {1}
085:         Output tree data at t=13.80 Gyr (output 1 of 1)
085:     <- Finished tree
100:     -> Evolving tree number 8364 {1}
118:     -> Evolving tree number 8602 {1}
109:     -> Evolving tree number 8739 {1}
085:     -> Evolving tree number 8891 {1}
063:         Output tree data at t=13.80 Gyr (output 1 of 1)
063:     <- Finished tree
063:     Progress: 1176 trees processed; elapsed 7.77 h
063:     -> Evolving tree number 8657 {1}
110:         Output tree data at t=13.80 Gyr (output 1 of 1)
110:     <- Finished tree
049:         Output tree data at t=13.80 Gyr (output 1 of 1)
049:     <- Finished tree
110:     -> Evolving tree number 8738 {1}
008:         Output tree data at t=13.80 Gyr (output 1 of 1)
008:     <- Finished tree
008:     Progress: 1179 trees processed; elapsed 7.79 h
049:     -> Evolving tree number 8671 {1}
045:         Output tree data at t=13.80 Gyr (output 1 of 1)
045:     <- Finished tree
115:         Output tree data at t=13.80 Gyr (output 1 of 1)
115:     <- Finished tree
008:     -> Evolving tree number 8840 {1}
045:     -> Evolving tree number 8803 {1}
026:         Output tree data at t=13.80 Gyr (output 1 of 1)
026:     <- Finished tree
082:         Output tree data at t=13.80 Gyr (output 1 of 1)
082:     <- Finished tree
115:     -> Evolving tree number 8861 {1}
082:     -> Evolving tree number 8638 {1}
026:     -> Evolving tree number 8566 {1}
094:         Output tree data at t=13.80 Gyr (output 1 of 1)
094:     <- Finished tree
094:     Progress: 1184 trees processed; elapsed 7.82 h
094:     -> Evolving tree number 8754 {1}
113:         Output tree data at t=13.80 Gyr (output 1 of 1)
113:     <- Finished tree
119:         Output tree data at t=13.80 Gyr (output 1 of 1)
119:     <- Finished tree
113:     -> Evolving tree number 8607 {1}
119:     -> Evolving tree number 8729 {1}
015:         Output tree data at t=13.80 Gyr (output 1 of 1)
015:     <- Finished tree
015:     Progress: 1187 trees processed; elapsed 7.84 h
015:     -> Evolving tree number 8577 {1}
123:         Output tree data at t=13.80 Gyr (output 1 of 1)
123:     <- Finished tree
092:         Output tree data at t=13.80 Gyr (output 1 of 1)
092:     <- Finished tree
123:     -> Evolving tree number 8597 {1}
075:         Output tree data at t=13.80 Gyr (output 1 of 1)
075:     <- Finished tree
075:     Progress: 1190 trees processed; elapsed 7.86 h
092:     -> Evolving tree number 8244 {1}
075:     -> Evolving tree number 8645 {1}
022:         Output tree data at t=13.80 Gyr (output 1 of 1)
022:     <- Finished tree
078:         Output tree data at t=13.80 Gyr (output 1 of 1)
078:     <- Finished tree
078:     Progress: 1192 trees processed; elapsed 7.88 h
101:         Output tree data at t=13.80 Gyr (output 1 of 1)
101:     <- Finished tree
022:     -> Evolving tree number 8570 {1}
101:     -> Evolving tree number 8747 {1}
078:     -> Evolving tree number 8770 {1}
088:         Output tree data at t=13.80 Gyr (output 1 of 1)
088:     <- Finished tree
088:     Progress: 1194 trees processed; elapsed 7.90 h
111:         Output tree data at t=13.80 Gyr (output 1 of 1)
111:     <- Finished tree
088:     -> Evolving tree number 8888 {1}
111:     -> Evolving tree number 8353 {1}
036:         Output tree data at t=13.80 Gyr (output 1 of 1)
036:     <- Finished tree
036:     Progress: 1196 trees processed; elapsed 7.92 h
105:         Output tree data at t=13.80 Gyr (output 1 of 1)
105:     <- Finished tree
036:     -> Evolving tree number 8300 {1}
105:     -> Evolving tree number 8743 {1}
057:         Output tree data at t=13.80 Gyr (output 1 of 1)
057:     <- Finished tree
057:     -> Evolving tree number 8919 {1}
062:         Output tree data at t=13.80 Gyr (output 1 of 1)
062:     <- Finished tree
062:     Progress: 1199 trees processed; elapsed 7.95 h
023:         Output tree data at t=13.80 Gyr (output 1 of 1)
023:     <- Finished tree
062:     -> Evolving tree number 8786 {1}
023:     -> Evolving tree number 8825 {1}
028:         Output tree data at t=13.80 Gyr (output 1 of 1)
028:     <- Finished tree
028:     -> Evolving tree number 8692 {1}
121:         Output tree data at t=13.80 Gyr (output 1 of 1)
121:     <- Finished tree
121:     Progress: 1202 trees processed; elapsed 7.98 h
068:         Output tree data at t=13.80 Gyr (output 1 of 1)
068:     <- Finished tree
044:         Output tree data at t=13.80 Gyr (output 1 of 1)
044:     <- Finished tree
064:         Output tree data at t=13.80 Gyr (output 1 of 1)
064:     <- Finished tree
044:     -> Evolving tree number 8932 {1}
068:     -> Evolving tree number 8780 {1}
000:         Output tree data at t=13.80 Gyr (output 1 of 1)
000:     <- Finished tree
121:     -> Evolving tree number 8215 {1}
000:     -> Evolving tree number 8464 {1}
064:     -> Evolving tree number 8656 {1}
011:         Output tree data at t=13.80 Gyr (output 1 of 1)
011:     <- Finished tree
011:     Progress: 1207 trees processed; elapsed 8.01 h
055:         Output tree data at t=13.80 Gyr (output 1 of 1)
055:     <- Finished tree
011:     -> Evolving tree number 8581 {1}
127:         Output tree data at t=13.80 Gyr (output 1 of 1)
127:     <- Finished tree
084:         Output tree data at t=13.80 Gyr (output 1 of 1)
084:     <- Finished tree
055:     -> Evolving tree number 8665 {1}
127:     -> Evolving tree number 8209 {1}
048:         Output tree data at t=13.80 Gyr (output 1 of 1)
048:     <- Finished tree
048:     Progress: 1211 trees processed; elapsed 8.02 h
013:         Output tree data at t=13.80 Gyr (output 1 of 1)
013:     <- Finished tree
084:     -> Evolving tree number 8636 {1}
029:         Output tree data at t=13.80 Gyr (output 1 of 1)
029:     <- Finished tree
051:         Output tree data at t=13.80 Gyr (output 1 of 1)
051:     <- Finished tree
048:     -> Evolving tree number 8544 {1}
013:     -> Evolving tree number 8451 {1}
029:     -> Evolving tree number 8947 {1}
051:     -> Evolving tree number 8925 {1}
070:         Output tree data at t=13.80 Gyr (output 1 of 1)
070:     <- Finished tree
070:     Progress: 1215 trees processed; elapsed 8.04 h
074:         Output tree data at t=13.80 Gyr (output 1 of 1)
074:     <- Finished tree
070:     -> Evolving tree number 8394 {1}
018:         Output tree data at t=13.80 Gyr (output 1 of 1)
018:     <- Finished tree
074:     -> Evolving tree number 8902 {1}
112:         Output tree data at t=13.80 Gyr (output 1 of 1)
112:     <- Finished tree
112:     Progress: 1218 trees processed; elapsed 8.06 h
095:         Output tree data at t=13.80 Gyr (output 1 of 1)
095:     <- Finished tree
018:     -> Evolving tree number 8574 {1}
095:     -> Evolving tree number 8497 {1}
112:     -> Evolving tree number 8352 {1}
108:         Output tree data at t=13.80 Gyr (output 1 of 1)
108:     <- Finished tree
108:     Progress: 1220 trees processed; elapsed 8.08 h
061:         Output tree data at t=13.80 Gyr (output 1 of 1)
061:     <- Finished tree
108:     -> Evolving tree number 8484 {1}
079:         Output tree data at t=13.80 Gyr (output 1 of 1)
079:     <- Finished tree
087:         Output tree data at t=13.80 Gyr (output 1 of 1)
087:     <- Finished tree
061:     -> Evolving tree number 8787 {1}
001:         Output tree data at t=13.80 Gyr (output 1 of 1)
001:     <- Finished tree
027:         Output tree data at t=13.80 Gyr (output 1 of 1)
027:     <- Finished tree
087:     -> Evolving tree number 9017 {1}
079:     -> Evolving tree number 8897 {1}
001:     -> Evolving tree number 8847 {1}
027:     -> Evolving tree number 8693 {1}
037:         Output tree data at t=13.80 Gyr (output 1 of 1)
037:     <- Finished tree
037:     Progress: 1226 trees processed; elapsed 8.11 h
080:         Output tree data at t=13.80 Gyr (output 1 of 1)
080:     <- Finished tree
037:     -> Evolving tree number 8683 {1}
080:     -> Evolving tree number 8512 {1}
021:         Output tree data at t=13.80 Gyr (output 1 of 1)
021:     <- Finished tree
021:     Progress: 1228 trees processed; elapsed 8.13 h
124:         Output tree data at t=13.80 Gyr (output 1 of 1)
073:         Output tree data at t=13.80 Gyr (output 1 of 1)
124:     <- Finished tree
073:     <- Finished tree
009:         Output tree data at t=13.80 Gyr (output 1 of 1)
009:     <- Finished tree
124:     -> Evolving tree number 8468 {1}
058:         Output tree data at t=13.80 Gyr (output 1 of 1)
058:     <- Finished tree
073:     -> Evolving tree number 8775 {1}
021:     -> Evolving tree number 8699 {1}
009:     -> Evolving tree number 8839 {1}
058:     -> Evolving tree number 8534 {1}
042:         Output tree data at t=13.80 Gyr (output 1 of 1)
042:     <- Finished tree
042:     Progress: 1233 trees processed; elapsed 8.16 h
114:         Output tree data at t=13.80 Gyr (output 1 of 1)
114:     <- Finished tree
042:     -> Evolving tree number 8806 {1}
114:     -> Evolving tree number 8606 {1}
069:         Output tree data at t=13.80 Gyr (output 1 of 1)
069:     <- Finished tree
002:         Output tree data at t=13.80 Gyr (output 1 of 1)
002:     <- Finished tree
002:     -> Evolving tree number 8846 {1}
069:     -> Evolving tree number 8523 {1}
103:         Output tree data at t=13.80 Gyr (output 1 of 1)
103:     <- Finished tree
103:     Progress: 1237 trees processed; elapsed 8.19 h
024:         Output tree data at t=13.80 Gyr (output 1 of 1)
024:     <- Finished tree
103:     -> Evolving tree number 8873 {1}
066:         Output tree data at t=13.80 Gyr (output 1 of 1)
066:     <- Finished tree
122:         Output tree data at t=13.80 Gyr (output 1 of 1)
122:     <- Finished tree
024:     -> Evolving tree number 8440 {1}
032:         Output tree data at t=13.80 Gyr (output 1 of 1)
032:     <- Finished tree
032:     Progress: 1241 trees processed; elapsed 8.21 h
122:     -> Evolving tree number 8214 {1}
066:     -> Evolving tree number 8654 {1}
038:         Output tree data at t=13.80 Gyr (output 1 of 1)
038:     <- Finished tree
076:         Output tree data at t=13.80 Gyr (output 1 of 1)
076:     <- Finished tree
032:     -> Evolving tree number 8432 {1}
054:         Output tree data at t=13.80 Gyr (output 1 of 1)
054:     <- Finished tree
038:     -> Evolving tree number 8554 {1}
091:         Output tree data at t=13.80 Gyr (output 1 of 1)
091:     <- Finished tree
054:     -> Evolving tree number 8538 {1}
116:         Output tree data at t=13.80 Gyr (output 1 of 1)
116:     <- Finished tree
116:     Progress: 1246 trees processed; elapsed 8.23 h
076:     -> Evolving tree number 8516 {1}
091:     -> Evolving tree number 8373 {1}
116:     -> Evolving tree number 8604 {1}
086:         Output tree data at t=13.80 Gyr (output 1 of 1)
086:     <- Finished tree
059:         Output tree data at t=13.80 Gyr (output 1 of 1)
059:     <- Finished tree
059:     Progress: 1248 trees processed; elapsed 8.26 h
052:         Output tree data at t=13.80 Gyr (output 1 of 1)
052:     <- Finished tree
086:     -> Evolving tree number 8506 {1}
059:     -> Evolving tree number 8405 {1}
052:     -> Evolving tree number 8668 {1}
003:         Output tree data at t=13.80 Gyr (output 1 of 1)
003:     <- Finished tree
039:         Output tree data at t=13.80 Gyr (output 1 of 1)
039:     <- Finished tree
006:         Output tree data at t=13.80 Gyr (output 1 of 1)
006:     <- Finished tree
067:         Output tree data at t=13.80 Gyr (output 1 of 1)
067:     <- Finished tree
030:         Output tree data at t=13.80 Gyr (output 1 of 1)
030:     <- Finished tree
003:     -> Evolving tree number 8589 {1}
039:     -> Evolving tree number 8425 {1}
089:         Output tree data at t=13.80 Gyr (output 1 of 1)
089:     <- Finished tree
089:     Progress: 1255 trees processed; elapsed 8.27 h
030:     -> Evolving tree number 8434 {1}
067:     -> Evolving tree number 8909 {1}
006:     -> Evolving tree number 8842 {1}
031:         Output tree data at t=13.80 Gyr (output 1 of 1)
031:     <- Finished tree
089:     -> Evolving tree number 8503 {1}
031:     -> Evolving tree number 8689 {1}
125:         Output tree data at t=13.80 Gyr (output 1 of 1)
125:     <- Finished tree
090:         Output tree data at t=13.80 Gyr (output 1 of 1)
090:     <- Finished tree
117:         Output tree data at t=13.80 Gyr (output 1 of 1)
117:     <- Finished tree
090:     -> Evolving tree number 8630 {1}
117:     -> Evolving tree number 8731 {1}
106:         Output tree data at t=13.80 Gyr (output 1 of 1)
106:     <- Finished tree
106:     Progress: 1260 trees processed; elapsed 8.29 h
125:     -> Evolving tree number 8467 {1}
106:     -> Evolving tree number 8486 {1}
082:         Output tree data at t=13.80 Gyr (output 1 of 1)
082:     <- Finished tree
082:     -> Evolving tree number 8510 {1}
040:         Output tree data at t=13.80 Gyr (output 1 of 1)
040:     <- Finished tree
040:     Progress: 1262 trees processed; elapsed 8.32 h
040:     -> Evolving tree number 8936 {1}
035:         Output tree data at t=13.80 Gyr (output 1 of 1)
035:     <- Finished tree
072:         Output tree data at t=13.80 Gyr (output 1 of 1)
072:     <- Finished tree
035:     -> Evolving tree number 8429 {1}
072:     -> Evolving tree number 8520 {1}
110:         Output tree data at t=13.80 Gyr (output 1 of 1)
110:     <- Finished tree
110:     Progress: 1265 trees processed; elapsed 8.35 h
004:         Output tree data at t=13.80 Gyr (output 1 of 1)
004:     <- Finished tree
041:         Output tree data at t=13.80 Gyr (output 1 of 1)
041:     <- Finished tree
071:         Output tree data at t=13.80 Gyr (output 1 of 1)
071:     <- Finished tree
110:     -> Evolving tree number 8610 {1}
034:         Output tree data at t=13.80 Gyr (output 1 of 1)
034:     <- Finished tree
041:     -> Evolving tree number 8807 {1}
004:     -> Evolving tree number 8332 {1}
081:         Output tree data at t=13.80 Gyr (output 1 of 1)
081:     <- Finished tree
034:     -> Evolving tree number 8686 {1}
071:     -> Evolving tree number 8521 {1}
081:     -> Evolving tree number 8383 {1}
025:         Output tree data at t=13.80 Gyr (output 1 of 1)
025:     <- Finished tree
025:     Progress: 1271 trees processed; elapsed 8.37 h
065:         Output tree data at t=13.80 Gyr (output 1 of 1)
065:     <- Finished tree
025:     -> Evolving tree number 8951 {1}
065:     -> Evolving tree number 8271 {1}
012:         Output tree data at t=13.80 Gyr (output 1 of 1)
012:     <- Finished tree
012:     -> Evolving tree number 8964 {1}
104:         Output tree data at t=13.80 Gyr (output 1 of 1)
104:     <- Finished tree
104:     Progress: 1274 trees processed; elapsed 8.39 h
104:     -> Evolving tree number 8360 {1}
043:         Output tree data at t=13.80 Gyr (output 1 of 1)
043:     <- Finished tree
043:     Progress: 1275 trees processed; elapsed 8.41 h
019:         Output tree data at t=13.80 Gyr (output 1 of 1)
019:     <- Finished tree
043:     -> Evolving tree number 8677 {1}
019:     -> Evolving tree number 8701 {1}
015:         Output tree data at t=13.80 Gyr (output 1 of 1)
015:     <- Finished tree
015:     -> Evolving tree number 8449 {1}
101:         Output tree data at t=13.80 Gyr (output 1 of 1)
101:     <- Finished tree
101:     Progress: 1278 trees processed; elapsed 8.44 h
101:     -> Evolving tree number 8619 {1}
053:         Output tree data at t=13.80 Gyr (output 1 of 1)
053:     <- Finished tree
053:     -> Evolving tree number 8795 {1}
098:         Output tree data at t=13.80 Gyr (output 1 of 1)
098:     <- Finished tree
098:     Progress: 1280 trees processed; elapsed 8.45 h
098:     -> Evolving tree number 8750 {1}
000:         Output tree data at t=13.80 Gyr (output 1 of 1)
000:     <- Finished tree
000:     Progress: 1281 trees processed; elapsed 8.50 h
007:         Output tree data at t=13.80 Gyr (output 1 of 1)
007:     <- Finished tree
060:         Output tree data at t=13.80 Gyr (output 1 of 1)
060:     <- Finished tree
000:     -> Evolving tree number 8336 {1}
007:     -> Evolving tree number 8457 {1}
046:         Output tree data at t=13.80 Gyr (output 1 of 1)
046:     <- Finished tree
096:         Output tree data at t=13.80 Gyr (output 1 of 1)
096:     <- Finished tree
046:     -> Evolving tree number 8674 {1}
118:         Output tree data at t=13.80 Gyr (output 1 of 1)
118:     <- Finished tree
096:     -> Evolving tree number 8624 {1}
060:     -> Evolving tree number 8532 {1}
092:         Output tree data at t=13.80 Gyr (output 1 of 1)
092:     <- Finished tree
092:     Progress: 1287 trees processed; elapsed 8.52 h
118:     -> Evolving tree number 8474 {1}
047:         Output tree data at t=13.80 Gyr (output 1 of 1)
047:     <- Finished tree
092:     -> Evolving tree number 8116 {1}
033:         Output tree data at t=13.80 Gyr (output 1 of 1)
033:     <- Finished tree
047:     -> Evolving tree number 8929 {1}
014:         Output tree data at t=13.80 Gyr (output 1 of 1)
014:     <- Finished tree
028:         Output tree data at t=13.80 Gyr (output 1 of 1)
028:     <- Finished tree
050:         Output tree data at t=13.80 Gyr (output 1 of 1)
050:     <- Finished tree
033:     -> Evolving tree number 8559 {1}
050:     -> Evolving tree number 8798 {1}
014:     -> Evolving tree number 8706 {1}
028:     -> Evolving tree number 8564 {1}
048:         Output tree data at t=13.80 Gyr (output 1 of 1)
048:     <- Finished tree
048:     Progress: 1293 trees processed; elapsed 8.54 h
048:     -> Evolving tree number 8416 {1}
094:         Output tree data at t=13.80 Gyr (output 1 of 1)
094:     <- Finished tree
094:     Progress: 1294 trees processed; elapsed 8.59 h
094:     -> Evolving tree number 8626 {1}
119:         Output tree data at t=13.80 Gyr (output 1 of 1)
119:     <- Finished tree
119:     Progress: 1295 trees processed; elapsed 8.60 h
119:     -> Evolving tree number 8601 {1}
011:         Output tree data at t=13.80 Gyr (output 1 of 1)
011:     <- Finished tree
016:         Output tree data at t=13.80 Gyr (output 1 of 1)
016:     <- Finished tree
011:     -> Evolving tree number 8453 {1}
016:     -> Evolving tree number 8576 {1}
121:         Output tree data at t=13.80 Gyr (output 1 of 1)
121:     <- Finished tree
121:     Progress: 1298 trees processed; elapsed 8.63 h
120:         Output tree data at t=13.80 Gyr (output 1 of 1)
120:     <- Finished tree
064:         Output tree data at t=13.80 Gyr (output 1 of 1)
064:     <- Finished tree
121:     -> Evolving tree number 8087 {1}
120:     -> Evolving tree number 8216 {1}
064:     -> Evolving tree number 8528 {1}
077:         Output tree data at t=13.80 Gyr (output 1 of 1)
077:     <- Finished tree
077:     Progress: 1301 trees processed; elapsed 8.64 h
077:     -> Evolving tree number 8515 {1}
111:         Output tree data at t=13.80 Gyr (output 1 of 1)
111:     <- Finished tree
111:     -> Evolving tree number 8225 {1}
102:         Output tree data at t=13.80 Gyr (output 1 of 1)
102:     <- Finished tree
102:     Progress: 1303 trees processed; elapsed 8.66 h
070:         Output tree data at t=13.80 Gyr (output 1 of 1)
070:     <- Finished tree
102:     -> Evolving tree number 9002 {1}
109:         Output tree data at t=13.80 Gyr (output 1 of 1)
109:     <- Finished tree
070:     -> Evolving tree number 8266 {1}
075:         Output tree data at t=13.80 Gyr (output 1 of 1)
075:     <- Finished tree
109:     -> Evolving tree number 8611 {1}
099:         Output tree data at t=13.80 Gyr (output 1 of 1)
099:     <- Finished tree
099:     Progress: 1307 trees processed; elapsed 8.68 h
075:     -> Evolving tree number 8517 {1}
099:     -> Evolving tree number 8749 {1}
105:         Output tree data at t=13.80 Gyr (output 1 of 1)
105:     <- Finished tree
105:     Progress: 1308 trees processed; elapsed 8.71 h
105:     -> Evolving tree number 8615 {1}
107:         Output tree data at t=13.80 Gyr (output 1 of 1)
107:     <- Finished tree
107:     Progress: 1309 trees processed; elapsed 8.73 h
026:         Output tree data at t=13.80 Gyr (output 1 of 1)
026:     <- Finished tree
107:     -> Evolving tree number 8485 {1}
026:     -> Evolving tree number 8438 {1}
010:         Output tree data at t=13.80 Gyr (output 1 of 1)
010:     <- Finished tree
123:         Output tree data at t=13.80 Gyr (output 1 of 1)
123:     <- Finished tree
045:         Output tree data at t=13.80 Gyr (output 1 of 1)
045:     <- Finished tree
010:     -> Evolving tree number 8838 {1}
008:         Output tree data at t=13.80 Gyr (output 1 of 1)
008:     <- Finished tree
008:     Progress: 1314 trees processed; elapsed 8.75 h
088:         Output tree data at t=13.80 Gyr (output 1 of 1)
088:     <- Finished tree
045:     -> Evolving tree number 8675 {1}
113:         Output tree data at t=13.80 Gyr (output 1 of 1)
113:     <- Finished tree
123:     -> Evolving tree number 8469 {1}
088:     -> Evolving tree number 8760 {1}
013:         Output tree data at t=13.80 Gyr (output 1 of 1)
013:     <- Finished tree
113:     -> Evolving tree number 8479 {1}
029:         Output tree data at t=13.80 Gyr (output 1 of 1)
029:     <- Finished tree
008:     -> Evolving tree number 8712 {1}
013:     -> Evolving tree number 8323 {1}
049:         Output tree data at t=13.80 Gyr (output 1 of 1)
049:     <- Finished tree
062:         Output tree data at t=13.80 Gyr (output 1 of 1)
062:     <- Finished tree
029:     -> Evolving tree number 8819 {1}
049:     -> Evolving tree number 8543 {1}
062:     -> Evolving tree number 8658 {1}
036:         Output tree data at t=13.80 Gyr (output 1 of 1)
036:     <- Finished tree
036:     Progress: 1321 trees processed; elapsed 8.77 h
005:         Output tree data at t=13.80 Gyr (output 1 of 1)
005:     <- Finished tree
112:         Output tree data at t=13.80 Gyr (output 1 of 1)
112:     <- Finished tree
036:     -> Evolving tree number 8172 {1}
005:     -> Evolving tree number 8715 {1}
085:         Output tree data at t=13.80 Gyr (output 1 of 1)
085:     <- Finished tree
078:         Output tree data at t=13.80 Gyr (output 1 of 1)
078:     <- Finished tree
112:     -> Evolving tree number 8224 {1}
085:     -> Evolving tree number 8763 {1}
078:     -> Evolving tree number 8642 {1}
117:         Output tree data at t=13.80 Gyr (output 1 of 1)
117:     <- Finished tree
117:     Progress: 1326 trees processed; elapsed 8.81 h
063:         Output tree data at t=13.80 Gyr (output 1 of 1)
063:     <- Finished tree
117:     -> Evolving tree number 8603 {1}
063:     -> Evolving tree number 8529 {1}
097:         Output tree data at t=13.80 Gyr (output 1 of 1)
097:     <- Finished tree
097:     Progress: 1328 trees processed; elapsed 8.83 h
122:         Output tree data at t=13.80 Gyr (output 1 of 1)
122:     <- Finished tree
097:     -> Evolving tree number 8879 {1}
084:         Output tree data at t=13.80 Gyr (output 1 of 1)
084:     <- Finished tree
122:     -> Evolving tree number 8086 {1}
057:         Output tree data at t=13.80 Gyr (output 1 of 1)
057:     <- Finished tree
022:         Output tree data at t=13.80 Gyr (output 1 of 1)
022:     <- Finished tree
084:     -> Evolving tree number 8508 {1}
022:     -> Evolving tree number 8442 {1}
057:     -> Evolving tree number 8791 {1}
115:         Output tree data at t=13.80 Gyr (output 1 of 1)
115:     <- Finished tree
115:     Progress: 1333 trees processed; elapsed 8.86 h
114:         Output tree data at t=13.80 Gyr (output 1 of 1)
114:     <- Finished tree
108:         Output tree data at t=13.80 Gyr (output 1 of 1)
108:     <- Finished tree
115:     -> Evolving tree number 8733 {1}
114:     -> Evolving tree number 8478 {1}
108:     -> Evolving tree number 8356 {1}
017:         Output tree data at t=13.80 Gyr (output 1 of 1)
017:     <- Finished tree
069:         Output tree data at t=13.80 Gyr (output 1 of 1)
069:     <- Finished tree
017:     -> Evolving tree number 8831 {1}
069:     -> Evolving tree number 8395 {1}
043:         Output tree data at t=13.80 Gyr (output 1 of 1)
043:     <- Finished tree
043:     Progress: 1338 trees processed; elapsed 8.90 h
024:         Output tree data at t=13.80 Gyr (output 1 of 1)
024:     <- Finished tree
021:         Output tree data at t=13.80 Gyr (output 1 of 1)
021:     <- Finished tree
124:         Output tree data at t=13.80 Gyr (output 1 of 1)
124:     <- Finished tree
024:     -> Evolving tree number 8312 {1}
021:     -> Evolving tree number 8571 {1}
043:     -> Evolving tree number 8549 {1}
124:     -> Evolving tree number 8340 {1}
041:         Output tree data at t=13.80 Gyr (output 1 of 1)
041:     <- Finished tree
041:     Progress: 1342 trees processed; elapsed 8.91 h
127:         Output tree data at t=13.80 Gyr (output 1 of 1)
127:     <- Finished tree
056:         Output tree data at t=13.80 Gyr (output 1 of 1)
056:     <- Finished tree
127:     -> Evolving tree number 8081 {1}
041:     -> Evolving tree number 8679 {1}
056:     -> Evolving tree number 8664 {1}
083:         Output tree data at t=13.80 Gyr (output 1 of 1)
083:     <- Finished tree
083:     Progress: 1345 trees processed; elapsed 8.94 h
083:     -> Evolving tree number 8765 {1}
001:         Output tree data at t=13.80 Gyr (output 1 of 1)
001:     <- Finished tree
058:         Output tree data at t=13.80 Gyr (output 1 of 1)
058:     <- Finished tree
015:         Output tree data at t=13.80 Gyr (output 1 of 1)
015:     <- Finished tree
015:     Progress: 1348 trees processed; elapsed 8.96 h
001:     -> Evolving tree number 8719 {1}
058:     -> Evolving tree number 8406 {1}
015:     -> Evolving tree number 8321 {1}
126:         Output tree data at t=13.80 Gyr (output 1 of 1)
126:     <- Finished tree
089:         Output tree data at t=13.80 Gyr (output 1 of 1)
089:     <- Finished tree
126:     -> Evolving tree number 8722 {1}
009:         Output tree data at t=13.80 Gyr (output 1 of 1)
009:     <- Finished tree
089:     -> Evolving tree number 8375 {1}
009:     -> Evolving tree number 8711 {1}
020:         Output tree data at t=13.80 Gyr (output 1 of 1)
020:     <- Finished tree
020:     Progress: 1352 trees processed; elapsed 8.98 h
080:         Output tree data at t=13.80 Gyr (output 1 of 1)
080:     <- Finished tree
020:     -> Evolving tree number 8700 {1}
006:         Output tree data at t=13.80 Gyr (output 1 of 1)
006:     <- Finished tree
027:         Output tree data at t=13.80 Gyr (output 1 of 1)
027:     <- Finished tree
080:     -> Evolving tree number 8384 {1}
006:     -> Evolving tree number 8714 {1}
027:     -> Evolving tree number 8565 {1}
019:         Output tree data at t=13.80 Gyr (output 1 of 1)
019:     <- Finished tree
019:     Progress: 1356 trees processed; elapsed 9.00 h
019:     -> Evolving tree number 8573 {1}
018:         Output tree data at t=13.80 Gyr (output 1 of 1)
018:     <- Finished tree
044:         Output tree data at t=13.80 Gyr (output 1 of 1)
044:     <- Finished tree
094:         Output tree data at t=13.80 Gyr (output 1 of 1)
094:     <- Finished tree
018:     -> Evolving tree number 8446 {1}
044:     -> Evolving tree number 8804 {1}
035:         Output tree data at t=13.80 Gyr (output 1 of 1)
035:     <- Finished tree
035:     Progress: 1360 trees processed; elapsed 9.02 h
094:     -> Evolving tree number 8498 {1}
039:         Output tree data at t=13.80 Gyr (output 1 of 1)
039:     <- Finished tree
035:     -> Evolving tree number 8301 {1}
104:         Output tree data at t=13.80 Gyr (output 1 of 1)
104:     <- Finished tree
039:     -> Evolving tree number 8297 {1}
095:         Output tree data at t=13.80 Gyr (output 1 of 1)
095:     <- Finished tree
095:     -> Evolving tree number 8369 {1}
104:     -> Evolving tree number 8232 {1}
003:         Output tree data at t=13.80 Gyr (output 1 of 1)
003:     <- Finished tree
003:     Progress: 1364 trees processed; elapsed 9.05 h
003:     -> Evolving tree number 8461 {1}
052:         Output tree data at t=13.80 Gyr (output 1 of 1)
052:     <- Finished tree
100:         Output tree data at t=13.80 Gyr (output 1 of 1)
100:     <- Finished tree
100:     Progress: 1366 trees processed; elapsed 9.07 h
052:     -> Evolving tree number 8540 {1}
093:         Output tree data at t=13.80 Gyr (output 1 of 1)
093:     <- Finished tree
100:     -> Evolving tree number 8236 {1}
093:     -> Evolving tree number 8243 {1}
082:         Output tree data at t=13.80 Gyr (output 1 of 1)
082:     <- Finished tree
082:     Progress: 1368 trees processed; elapsed 9.08 h
030:         Output tree data at t=13.80 Gyr (output 1 of 1)
030:     <- Finished tree
082:     -> Evolving tree number 8382 {1}
087:         Output tree data at t=13.80 Gyr (output 1 of 1)
087:     <- Finished tree
034:         Output tree data at t=13.80 Gyr (output 1 of 1)
034:     <- Finished tree
023:         Output tree data at t=13.80 Gyr (output 1 of 1)
023:     <- Finished tree
030:     -> Evolving tree number 8306 {1}
023:     -> Evolving tree number 8697 {1}
087:     -> Evolving tree number 8889 {1}
034:     -> Evolving tree number 8558 {1}
076:         Output tree data at t=13.80 Gyr (output 1 of 1)
076:     <- Finished tree
076:     Progress: 1373 trees processed; elapsed 9.10 h
073:         Output tree data at t=13.80 Gyr (output 1 of 1)
073:     <- Finished tree
076:     -> Evolving tree number 8388 {1}
073:     -> Evolving tree number 8647 {1}
055:         Output tree data at t=13.80 Gyr (output 1 of 1)
055:     <- Finished tree
055:     Progress: 1375 trees processed; elapsed 9.12 h
060:         Output tree data at t=13.80 Gyr (output 1 of 1)
060:     <- Finished tree
090:         Output tree data at t=13.80 Gyr (output 1 of 1)
090:     <- Finished tree
068:         Output tree data at t=13.80 Gyr (output 1 of 1)
068:     <- Finished tree
060:     -> Evolving tree number 8404 {1}
055:     -> Evolving tree number 8537 {1}
038:         Output tree data at t=13.80 Gyr (output 1 of 1)
038:     <- Finished tree
068:     -> Evolving tree number 8652 {1}
038:     -> Evolving tree number 8426 {1}
004:         Output tree data at t=13.80 Gyr (output 1 of 1)
004:     <- Finished tree
106:         Output tree data at t=13.80 Gyr (output 1 of 1)
106:     <- Finished tree
106:     Progress: 1381 trees processed; elapsed 9.14 h
090:     -> Evolving tree number 8502 {1}
106:     -> Evolving tree number 8358 {1}
016:         Output tree data at t=13.80 Gyr (output 1 of 1)
016:     <- Finished tree
004:     -> Evolving tree number 8204 {1}
091:         Output tree data at t=13.80 Gyr (output 1 of 1)
091:     <- Finished tree
121:         Output tree data at t=13.80 Gyr (output 1 of 1)
121:     <- Finished tree
016:     -> Evolving tree number 8448 {1}
091:     -> Evolving tree number 8245 {1}
121:     -> Evolving tree number 7959 {1}
032:         Output tree data at t=13.80 Gyr (output 1 of 1)
032:     <- Finished tree
032:     Progress: 1385 trees processed; elapsed 9.16 h
032:     -> Evolving tree number 8304 {1}
079:         Output tree data at t=13.80 Gyr (output 1 of 1)
079:     <- Finished tree
054:         Output tree data at t=13.80 Gyr (output 1 of 1)
054:     <- Finished tree
079:     -> Evolving tree number 8769 {1}
116:         Output tree data at t=13.80 Gyr (output 1 of 1)
116:     <- Finished tree
002:         Output tree data at t=13.80 Gyr (output 1 of 1)
002:     <- Finished tree
054:     -> Evolving tree number 8410 {1}
116:     -> Evolving tree number 8476 {1}
002:     -> Evolving tree number 8718 {1}
040:         Output tree data at t=13.80 Gyr (output 1 of 1)
040:     <- Finished tree
040:     Progress: 1390 trees processed; elapsed 9.19 h
040:     -> Evolving tree number 8808 {1}
061:         Output tree data at t=13.80 Gyr (output 1 of 1)
061:     <- Finished tree
061:     -> Evolving tree number 8659 {1}
037:         Output tree data at t=13.80 Gyr (output 1 of 1)
037:     <- Finished tree
037:     Progress: 1392 trees processed; elapsed 9.22 h
037:     -> Evolving tree number 8555 {1}
025:         Output tree data at t=13.80 Gyr (output 1 of 1)
025:     <- Finished tree
092:         Output tree data at t=13.80 Gyr (output 1 of 1)
092:     <- Finished tree
028:         Output tree data at t=13.80 Gyr (output 1 of 1)
028:     <- Finished tree
025:     -> Evolving tree number 8823 {1}
028:     -> Evolving tree number 8436 {1}
092:     -> Evolving tree number 7988 {1}
048:         Output tree data at t=13.80 Gyr (output 1 of 1)
048:     <- Finished tree
048:     Progress: 1396 trees processed; elapsed 9.25 h
059:         Output tree data at t=13.80 Gyr (output 1 of 1)
059:     <- Finished tree
072:         Output tree data at t=13.80 Gyr (output 1 of 1)
072:     <- Finished tree
086:         Output tree data at t=13.80 Gyr (output 1 of 1)
086:     <- Finished tree
059:     -> Evolving tree number 8277 {1}
103:         Output tree data at t=13.80 Gyr (output 1 of 1)
103:     <- Finished tree
086:     -> Evolving tree number 8378 {1}
048:     -> Evolving tree number 8288 {1}
119:         Output tree data at t=13.80 Gyr (output 1 of 1)
119:     <- Finished tree
112:         Output tree data at t=13.80 Gyr (output 1 of 1)
112:     <- Finished tree
103:     -> Evolving tree number 8745 {1}
072:     -> Evolving tree number 8392 {1}
119:     -> Evolving tree number 8473 {1}
112:     -> Evolving tree number 8096 {1}
042:         Output tree data at t=13.80 Gyr (output 1 of 1)
042:     <- Finished tree
042:     Progress: 1403 trees processed; elapsed 9.27 h
125:         Output tree data at t=13.80 Gyr (output 1 of 1)
125:     <- Finished tree
031:         Output tree data at t=13.80 Gyr (output 1 of 1)
031:     <- Finished tree
031:     Progress: 1405 trees processed; elapsed 9.30 h
074:         Output tree data at t=13.80 Gyr (output 1 of 1)
074:     <- Finished tree
117:         Output tree data at t=13.80 Gyr (output 1 of 1)
117:     <- Finished tree
042:     -> Evolving tree number 8678 {1}
081:         Output tree data at t=13.80 Gyr (output 1 of 1)
081:     <- Finished tree
117:     -> Evolving tree number 8475 {1}
101:         Output tree data at t=13.80 Gyr (output 1 of 1)
101:     <- Finished tree
081:     -> Evolving tree number 8255 {1}
031:     -> Evolving tree number 8561 {1}
125:     -> Evolving tree number 8339 {1}
074:     -> Evolving tree number 8774 {1}
101:     -> Evolving tree number 8491 {1}
066:         Output tree data at t=13.80 Gyr (output 1 of 1)
066:     <- Finished tree
124:         Output tree data at t=13.80 Gyr (output 1 of 1)
066:     Progress: 1410 trees processed; elapsed 9.34 h
124:     <- Finished tree
013:         Output tree data at t=13.80 Gyr (output 1 of 1)
013:     <- Finished tree
046:         Output tree data at t=13.80 Gyr (output 1 of 1)
046:     <- Finished tree
124:     -> Evolving tree number 8212 {1}
013:     -> Evolving tree number 8195 {1}
046:     -> Evolving tree number 8546 {1}
066:     -> Evolving tree number 8526 {1}
011:         Output tree data at t=13.80 Gyr (output 1 of 1)
011:     <- Finished tree
127:         Output tree data at t=13.80 Gyr (output 1 of 1)
127:     <- Finished tree
127:     Progress: 1415 trees processed; elapsed 9.36 h
011:     -> Evolving tree number 8325 {1}
127:     -> Evolving tree number 7953 {1}
096:         Output tree data at t=13.80 Gyr (output 1 of 1)
096:     <- Finished tree
096:     -> Evolving tree number 8496 {1}
007:         Output tree data at t=13.80 Gyr (output 1 of 1)
007:     <- Finished tree
007:     Progress: 1417 trees processed; elapsed 9.38 h
071:         Output tree data at t=13.80 Gyr (output 1 of 1)
071:     <- Finished tree
007:     -> Evolving tree number 8329 {1}
033:         Output tree data at t=13.80 Gyr (output 1 of 1)
033:     <- Finished tree
033:     Progress: 1419 trees processed; elapsed 9.40 h
021:         Output tree data at t=13.80 Gyr (output 1 of 1)
021:     <- Finished tree
033:     -> Evolving tree number 8431 {1}
057:         Output tree data at t=13.80 Gyr (output 1 of 1)
057:     <- Finished tree
021:     -> Evolving tree number 8443 {1}
057:     -> Evolving tree number 8663 {1}
071:     -> Evolving tree number 8393 {1}
026:         Output tree data at t=13.80 Gyr (output 1 of 1)
026:     <- Finished tree
099:         Output tree data at t=13.80 Gyr (output 1 of 1)
099:     <- Finished tree
099:     Progress: 1423 trees processed; elapsed 9.42 h
026:     -> Evolving tree number 8310 {1}
099:     -> Evolving tree number 8621 {1}
085:         Output tree data at t=13.80 Gyr (output 1 of 1)
085:     <- Finished tree
085:     -> Evolving tree number 8635 {1}
018:         Output tree data at t=13.80 Gyr (output 1 of 1)
018:     <- Finished tree
018:     Progress: 1425 trees processed; elapsed 9.44 h
095:         Output tree data at t=13.80 Gyr (output 1 of 1)
095:     <- Finished tree
018:     -> Evolving tree number 8318 {1}
095:     -> Evolving tree number 8241 {1}
114:         Output tree data at t=13.80 Gyr (output 1 of 1)
114:     <- Finished tree
010:         Output tree data at t=13.80 Gyr (output 1 of 1)
010:     <- Finished tree
114:     -> Evolving tree number 8350 {1}
010:     -> Evolving tree number 8710 {1}
069:         Output tree data at t=13.80 Gyr (output 1 of 1)
069:     <- Finished tree
069:     Progress: 1429 trees processed; elapsed 9.46 h
078:         Output tree data at t=13.80 Gyr (output 1 of 1)
078:     <- Finished tree
078:     -> Evolving tree number 8514 {1}
049:         Output tree data at t=13.80 Gyr (output 1 of 1)
049:     <- Finished tree
049:     -> Evolving tree number 8415 {1}
075:         Output tree data at t=13.80 Gyr (output 1 of 1)
075:     <- Finished tree
075:     Progress: 1432 trees processed; elapsed 9.49 h
075:     -> Evolving tree number 8389 {1}
069:     -> Evolving tree number 8267 {1}
008:         Output tree data at t=13.80 Gyr (output 1 of 1)
008:     <- Finished tree
008:     Progress: 1433 trees processed; elapsed 9.51 h
008:     -> Evolving tree number 8584 {1}
012:         Output tree data at t=13.80 Gyr (output 1 of 1)
012:     <- Finished tree
012:     Progress: 1434 trees processed; elapsed 9.53 h
012:     -> Evolving tree number 8836 {1}
043:         Output tree data at t=13.80 Gyr (output 1 of 1)
043:     <- Finished tree
070:         Output tree data at t=13.80 Gyr (output 1 of 1)
070:     <- Finished tree
043:     -> Evolving tree number 8421 {1}
051:         Output tree data at t=13.80 Gyr (output 1 of 1)
051:     <- Finished tree
070:     -> Evolving tree number 8138 {1}
110:         Output tree data at t=13.80 Gyr (output 1 of 1)
110:     <- Finished tree
022:         Output tree data at t=13.80 Gyr (output 1 of 1)
022:     <- Finished tree
065:         Output tree data at t=13.80 Gyr (output 1 of 1)
065:     <- Finished tree
051:     -> Evolving tree number 8797 {1}
110:     -> Evolving tree number 8482 {1}
022:     -> Evolving tree number 8314 {1}
064:         Output tree data at t=13.80 Gyr (output 1 of 1)
064:     <- Finished tree
064:     Progress: 1441 trees processed; elapsed 9.55 h
014:         Output tree data at t=13.80 Gyr (output 1 of 1)
014:     <- Finished tree
064:     -> Evolving tree number 8400 {1}
098:         Output tree data at t=13.80 Gyr (output 1 of 1)
098:     <- Finished tree
109:         Output tree data at t=13.80 Gyr (output 1 of 1)
109:     <- Finished tree
098:     -> Evolving tree number 8622 {1}
109:     -> Evolving tree number 8483 {1}
082:         Output tree data at t=13.80 Gyr (output 1 of 1)
082:     <- Finished tree
082:     -> Evolving tree number 8254 {1}
065:     -> Evolving tree number 8143 {1}
097:         Output tree data at t=13.80 Gyr (output 1 of 1)
097:     <- Finished tree
097:     Progress: 1446 trees processed; elapsed 9.58 h
097:     -> Evolving tree number 8751 {1}
014:     -> Evolving tree number 8578 {1}
024:         Output tree data at t=13.80 Gyr (output 1 of 1)
024:     <- Finished tree
067:         Output tree data at t=13.80 Gyr (output 1 of 1)
067:     <- Finished tree
024:     -> Evolving tree number 8184 {1}
067:     -> Evolving tree number 8781 {1}
113:         Output tree data at t=13.80 Gyr (output 1 of 1)
113:     <- Finished tree
113:     -> Evolving tree number 8351 {1}
045:         Output tree data at t=13.80 Gyr (output 1 of 1)
045:     <- Finished tree
045:     Progress: 1450 trees processed; elapsed 9.61 h
041:         Output tree data at t=13.80 Gyr (output 1 of 1)
041:     <- Finished tree
045:     -> Evolving tree number 8547 {1}
041:     -> Evolving tree number 8551 {1}
108:         Output tree data at t=13.80 Gyr (output 1 of 1)
108:     <- Finished tree
001:         Output tree data at t=13.80 Gyr (output 1 of 1)
001:     <- Finished tree
063:         Output tree data at t=13.80 Gyr (output 1 of 1)
063:     <- Finished tree
053:         Output tree data at t=13.80 Gyr (output 1 of 1)
053:     <- Finished tree
001:     -> Evolving tree number 8591 {1}
063:     -> Evolving tree number 8401 {1}
107:         Output tree data at t=13.80 Gyr (output 1 of 1)
107:     <- Finished tree
053:     -> Evolving tree number 8667 {1}
108:     -> Evolving tree number 8228 {1}
107:     -> Evolving tree number 8357 {1}
016:         Output tree data at t=13.80 Gyr (output 1 of 1)
016:     <- Finished tree
050:         Output tree data at t=13.80 Gyr (output 1 of 1)
050:     <- Finished tree
050:     Progress: 1458 trees processed; elapsed 9.62 h
016:     -> Evolving tree number 8320 {1}
017:         Output tree data at t=13.80 Gyr (output 1 of 1)
017:     <- Finished tree
050:     -> Evolving tree number 8670 {1}
017:     -> Evolving tree number 8703 {1}
054:         Output tree data at t=13.80 Gyr (output 1 of 1)
054:     <- Finished tree
088:         Output tree data at t=13.80 Gyr (output 1 of 1)
088:     <- Finished tree
088:     Progress: 1461 trees processed; elapsed 9.64 h
054:     -> Evolving tree number 8282 {1}
088:     -> Evolving tree number 8632 {1}
061:         Output tree data at t=13.80 Gyr (output 1 of 1)
061:     <- Finished tree
120:         Output tree data at t=13.80 Gyr (output 1 of 1)
120:     <- Finished tree
061:     -> Evolving tree number 8531 {1}
120:     -> Evolving tree number 8088 {1}
126:         Output tree data at t=13.80 Gyr (output 1 of 1)
126:     <- Finished tree
126:     -> Evolving tree number 8594 {1}
027:         Output tree data at t=13.80 Gyr (output 1 of 1)
027:     <- Finished tree
027:     Progress: 1465 trees processed; elapsed 9.67 h
027:     -> Evolving tree number 8437 {1}
023:         Output tree data at t=13.80 Gyr (output 1 of 1)
023:     <- Finished tree
030:         Output tree data at t=13.80 Gyr (output 1 of 1)
030:     <- Finished tree
106:         Output tree data at t=13.80 Gyr (output 1 of 1)
106:     <- Finished tree
106:     -> Evolving tree number 8230 {1}
030:     -> Evolving tree number 8178 {1}
023:     -> Evolving tree number 8569 {1}
117:         Output tree data at t=13.80 Gyr (output 1 of 1)
117:     <- Finished tree
117:     Progress: 1469 trees processed; elapsed 9.71 h
117:     -> Evolving tree number 8347 {1}
035:         Output tree data at t=13.80 Gyr (output 1 of 1)
035:     <- Finished tree
115:         Output tree data at t=13.80 Gyr (output 1 of 1)
115:     <- Finished tree
035:     -> Evolving tree number 8173 {1}
123:         Output tree data at t=13.80 Gyr (output 1 of 1)
123:     <- Finished tree
123:     Progress: 1472 trees processed; elapsed 9.72 h
084:         Output tree data at t=13.80 Gyr (output 1 of 1)
084:     <- Finished tree
009:         Output tree data at t=13.80 Gyr (output 1 of 1)
009:     <- Finished tree
084:     -> Evolving tree number 8380 {1}
056:         Output tree data at t=13.80 Gyr (output 1 of 1)
056:     <- Finished tree
123:     -> Evolving tree number 8341 {1}
060:         Output tree data at t=13.80 Gyr (output 1 of 1)
060:     <- Finished tree
056:     -> Evolving tree number 8536 {1}
060:     -> Evolving tree number 8276 {1}
047:         Output tree data at t=13.80 Gyr (output 1 of 1)
047:     <- Finished tree
036:         Output tree data at t=13.80 Gyr (output 1 of 1)
036:     <- Finished tree
047:     -> Evolving tree number 8801 {1}
020:         Output tree data at t=13.80 Gyr (output 1 of 1)
020:     <- Finished tree
020:     Progress: 1479 trees processed; elapsed 9.74 h
094:         Output tree data at t=13.80 Gyr (output 1 of 1)
094:     <- Finished tree
020:     -> Evolving tree number 8572 {1}
115:     -> Evolving tree number 8605 {1}
009:     -> Evolving tree number 8583 {1}
102:         Output tree data at t=13.80 Gyr (output 1 of 1)
102:     <- Finished tree
102:     -> Evolving tree number 8874 {1}
090:         Output tree data at t=13.80 Gyr (output 1 of 1)
090:     <- Finished tree
036:     -> Evolving tree number 8044 {1}
090:     -> Evolving tree number 8374 {1}
025:         Output tree data at t=13.80 Gyr (output 1 of 1)
025:     <- Finished tree
025:     Progress: 1483 trees processed; elapsed 9.76 h
094:     -> Evolving tree number 8370 {1}
032:         Output tree data at t=13.80 Gyr (output 1 of 1)
032:     <- Finished tree
089:         Output tree data at t=13.80 Gyr (output 1 of 1)
089:     <- Finished tree
025:     -> Evolving tree number 8695 {1}
032:     -> Evolving tree number 8176 {1}
058:         Output tree data at t=13.80 Gyr (output 1 of 1)
058:     <- Finished tree
058:     Progress: 1486 trees processed; elapsed 9.78 h
092:         Output tree data at t=13.80 Gyr (output 1 of 1)
092:     <- Finished tree
077:         Output tree data at t=13.80 Gyr (output 1 of 1)
077:     <- Finished tree
058:     -> Evolving tree number 8278 {1}
092:     -> Evolving tree number 7860 {1}
121:         Output tree data at t=13.80 Gyr (output 1 of 1)
121:     <- Finished tree
077:     -> Evolving tree number 8387 {1}
089:     -> Evolving tree number 8247 {1}
052:         Output tree data at t=13.80 Gyr (output 1 of 1)
052:     <- Finished tree
052:     -> Evolving tree number 8412 {1}
004:         Output tree data at t=13.80 Gyr (output 1 of 1)
004:     <- Finished tree
004:     Progress: 1491 trees processed; elapsed 9.81 h
004:     -> Evolving tree number 8076 {1}
080:         Output tree data at t=13.80 Gyr (output 1 of 1)
080:     <- Finished tree
111:         Output tree data at t=13.80 Gyr (output 1 of 1)
111:     <- Finished tree
073:         Output tree data at t=13.80 Gyr (output 1 of 1)
073:     <- Finished tree
080:     -> Evolving tree number 8256 {1}
116:         Output tree data at t=13.80 Gyr (output 1 of 1)
116:     <- Finished tree
121:     -> Evolving tree number 7831 {1}
111:     -> Evolving tree number 8097 {1}
116:     -> Evolving tree number 8348 {1}
073:     -> Evolving tree number 8519 {1}
118:         Output tree data at t=13.80 Gyr (output 1 of 1)
118:     <- Finished tree
118:     -> Evolving tree number 8346 {1}
122:         Output tree data at t=13.80 Gyr (output 1 of 1)
122:     <- Finished tree
122:     Progress: 1497 trees processed; elapsed 9.83 h
122:     -> Evolving tree number 7958 {1}
100:         Output tree data at t=13.80 Gyr (output 1 of 1)
100:     <- Finished tree
100:     Progress: 1498 trees processed; elapsed 9.85 h
103:         Output tree data at t=13.80 Gyr (output 1 of 1)
103:     <- Finished tree
100:     -> Evolving tree number 8108 {1}
083:         Output tree data at t=13.80 Gyr (output 1 of 1)
083:     <- Finished tree
127:         Output tree data at t=13.80 Gyr (output 1 of 1)
127:     <- Finished tree
083:     -> Evolving tree number 8637 {1}
103:     -> Evolving tree number 8617 {1}
127:     -> Evolving tree number 7825 {1}
101:         Output tree data at t=13.80 Gyr (output 1 of 1)
101:     <- Finished tree
101:     Progress: 1502 trees processed; elapsed 9.87 h
074:         Output tree data at t=13.80 Gyr (output 1 of 1)
074:     <- Finished tree
000:         Output tree data at t=13.80 Gyr (output 1 of 1)
000:     <- Finished tree
101:     -> Evolving tree number 8363 {1}
028:         Output tree data at t=13.80 Gyr (output 1 of 1)
028:     <- Finished tree
074:     -> Evolving tree number 8646 {1}
000:     -> Evolving tree number 8208 {1}
028:     -> Evolving tree number 8308 {1}
003:         Output tree data at t=13.80 Gyr (output 1 of 1)
003:     <- Finished tree
005:         Output tree data at t=13.80 Gyr (output 1 of 1)
005:     <- Finished tree
005:     Progress: 1507 trees processed; elapsed 9.89 h
104:         Output tree data at t=13.80 Gyr (output 1 of 1)
104:     <- Finished tree
003:     -> Evolving tree number 8333 {1}
104:     -> Evolving tree number 8104 {1}
055:         Output tree data at t=13.80 Gyr (output 1 of 1)
055:     <- Finished tree
055:     Progress: 1509 trees processed; elapsed 9.90 h
029:         Output tree data at t=13.80 Gyr (output 1 of 1)
029:     <- Finished tree
005:     -> Evolving tree number 8587 {1}
029:     -> Evolving tree number 8691 {1}
055:     -> Evolving tree number 8409 {1}
044:         Output tree data at t=13.80 Gyr (output 1 of 1)
044:     <- Finished tree
042:         Output tree data at t=13.80 Gyr (output 1 of 1)
042:     <- Finished tree
044:     -> Evolving tree number 8676 {1}
015:         Output tree data at t=13.80 Gyr (output 1 of 1)
015:     <- Finished tree
068:         Output tree data at t=13.80 Gyr (output 1 of 1)
068:     <- Finished tree
042:     -> Evolving tree number 8550 {1}
068:     -> Evolving tree number 8524 {1}
059:         Output tree data at t=13.80 Gyr (output 1 of 1)
059:     <- Finished tree
059:     Progress: 1515 trees processed; elapsed 9.92 h
066:         Output tree data at t=13.80 Gyr (output 1 of 1)
066:     <- Finished tree
066:     -> Evolving tree number 8398 {1}
059:     -> Evolving tree number 8149 {1}
040:         Output tree data at t=13.80 Gyr (output 1 of 1)
040:     <- Finished tree
040:     -> Evolving tree number 8680 {1}
081:         Output tree data at t=13.80 Gyr (output 1 of 1)
081:     <- Finished tree
081:     Progress: 1518 trees processed; elapsed 9.95 h
015:     -> Evolving tree number 8193 {1}
081:     -> Evolving tree number 8127 {1}
031:         Output tree data at t=13.80 Gyr (output 1 of 1)
031:     <- Finished tree
031:     Progress: 1519 trees processed; elapsed 9.96 h
031:     -> Evolving tree number 8433 {1}
112:         Output tree data at t=13.80 Gyr (output 1 of 1)
112:     <- Finished tree
086:         Output tree data at t=13.80 Gyr (output 1 of 1)
086:     <- Finished tree
062:         Output tree data at t=13.80 Gyr (output 1 of 1)
062:     <- Finished tree
112:     -> Evolving tree number 7968 {1}
062:     -> Evolving tree number 8530 {1}
022:         Output tree data at t=13.80 Gyr (output 1 of 1)
022:     <- Finished tree
022:     Progress: 1523 trees processed; elapsed 9.98 h
086:     -> Evolving tree number 8250 {1}
110:         Output tree data at t=13.80 Gyr (output 1 of 1)
110:     <- Finished tree
091:         Output tree data at t=13.80 Gyr (output 1 of 1)
091:     <- Finished tree
002:         Output tree data at t=13.80 Gyr (output 1 of 1)
002:     <- Finished tree
078:         Output tree data at t=13.80 Gyr (output 1 of 1)
078:     <- Finished tree
091:     -> Evolving tree number 8117 {1}
079:         Output tree data at t=13.80 Gyr (output 1 of 1)
079:     <- Finished tree
079:     Progress: 1528 trees processed; elapsed 10.00 h
078:     -> Evolving tree number 8386 {1}
105:         Output tree data at t=13.80 Gyr (output 1 of 1)
105:     <- Finished tree
002:     -> Evolving tree number 8590 {1}
079:     -> Evolving tree number 8641 {1}
093:         Output tree data at t=13.80 Gyr (output 1 of 1)
093:     <- Finished tree
034:         Output tree data at t=13.80 Gyr (output 1 of 1)
034:     <- Finished tree
048:         Output tree data at t=13.80 Gyr (output 1 of 1)
048:     <- Finished tree
110:     -> Evolving tree number 8354 {1}
022:     -> Evolving tree number 8186 {1}
034:     -> Evolving tree number 8430 {1}
026:         Output tree data at t=13.80 Gyr (output 1 of 1)
026:     <- Finished tree
026:     Progress: 1533 trees processed; elapsed 10.01 h
048:     -> Evolving tree number 8160 {1}
096:         Output tree data at t=13.80 Gyr (output 1 of 1)
096:     <- Finished tree
076:         Output tree data at t=13.80 Gyr (output 1 of 1)
076:     <- Finished tree
096:     -> Evolving tree number 8368 {1}
076:     -> Evolving tree number 8260 {1}
105:     -> Evolving tree number 8487 {1}
043:         Output tree data at t=13.80 Gyr (output 1 of 1)
043:     <- Finished tree
043:     Progress: 1536 trees processed; elapsed 10.03 h
093:     -> Evolving tree number 8115 {1}
114:         Output tree data at t=13.80 Gyr (output 1 of 1)
114:     <- Finished tree
014:         Output tree data at t=13.80 Gyr (output 1 of 1)
014:     <- Finished tree
114:     -> Evolving tree number 8222 {1}
072:         Output tree data at t=13.80 Gyr (output 1 of 1)
072:     <- Finished tree
026:     -> Evolving tree number 8182 {1}
043:     -> Evolving tree number 8293 {1}
072:     -> Evolving tree number 8264 {1}
014:     -> Evolving tree number 8450 {1}
006:         Output tree data at t=13.80 Gyr (output 1 of 1)
006:     <- Finished tree
006:     Progress: 1540 trees processed; elapsed 10.06 h
064:         Output tree data at t=13.80 Gyr (output 1 of 1)
064:     <- Finished tree
006:     -> Evolving tree number 8586 {1}
064:     -> Evolving tree number 8272 {1}
037:         Output tree data at t=13.80 Gyr (output 1 of 1)
037:     <- Finished tree
037:     Progress: 1542 trees processed; elapsed 10.08 h
119:         Output tree data at t=13.80 Gyr (output 1 of 1)
119:     <- Finished tree
011:         Output tree data at t=13.80 Gyr (output 1 of 1)
011:     <- Finished tree
037:     -> Evolving tree number 8427 {1}
119:     -> Evolving tree number 8345 {1}
011:     -> Evolving tree number 8197 {1}
024:         Output tree data at t=13.80 Gyr (output 1 of 1)
024:     <- Finished tree
024:     Progress: 1545 trees processed; elapsed 10.10 h
024:     -> Evolving tree number 8056 {1}
033:         Output tree data at t=13.80 Gyr (output 1 of 1)
033:     <- Finished tree
033:     -> Evolving tree number 8303 {1}
021:         Output tree data at t=13.80 Gyr (output 1 of 1)
021:     <- Finished tree
021:     Progress: 1547 trees processed; elapsed 10.13 h
021:     -> Evolving tree number 8315 {1}
019:         Output tree data at t=13.80 Gyr (output 1 of 1)
019:     <- Finished tree
087:         Output tree data at t=13.80 Gyr (output 1 of 1)
087:     <- Finished tree
087:     Progress: 1549 trees processed; elapsed 10.15 h
019:     -> Evolving tree number 8445 {1}
124:         Output tree data at t=13.80 Gyr (output 1 of 1)
124:     <- Finished tree
013:         Output tree data at t=13.80 Gyr (output 1 of 1)
013:     <- Finished tree
124:     -> Evolving tree number 8084 {1}
069:         Output tree data at t=13.80 Gyr (output 1 of 1)
069:     <- Finished tree
069:     Progress: 1552 trees processed; elapsed 10.17 h
054:         Output tree data at t=13.80 Gyr (output 1 of 1)
054:     <- Finished tree
054:     -> Evolving tree number 8154 {1}
069:     -> Evolving tree number 8139 {1}
122:         Output tree data at t=13.80 Gyr (output 1 of 1)
122:     <- Finished tree
087:     -> Evolving tree number 8761 {1}
004:         Output tree data at t=13.80 Gyr (output 1 of 1)
004:     <- Finished tree
004:     Progress: 1555 trees processed; elapsed 10.19 h
035:         Output tree data at t=13.80 Gyr (output 1 of 1)
035:     <- Finished tree
004:     -> Evolving tree number 7948 {1}
013:     -> Evolving tree number 8067 {1}
035:     -> Evolving tree number 8045 {1}
122:     -> Evolving tree number 7830 {1}
050:         Output tree data at t=13.80 Gyr (output 1 of 1)
050:     <- Finished tree
050:     Progress: 1557 trees processed; elapsed 10.22 h
038:         Output tree data at t=13.80 Gyr (output 1 of 1)
038:     <- Finished tree
085:         Output tree data at t=13.80 Gyr (output 1 of 1)
085:     <- Finished tree
038:     -> Evolving tree number 8298 {1}
085:     -> Evolving tree number 8507 {1}
098:         Output tree data at t=13.80 Gyr (output 1 of 1)
098:     <- Finished tree
098:     Progress: 1560 trees processed; elapsed 10.24 h
050:     -> Evolving tree number 8542 {1}
098:     -> Evolving tree number 8494 {1}
018:         Output tree data at t=13.80 Gyr (output 1 of 1)
018:     <- Finished tree
075:         Output tree data at t=13.80 Gyr (output 1 of 1)
075:     <- Finished tree
106:         Output tree data at t=13.80 Gyr (output 1 of 1)
106:     <- Finished tree
018:     -> Evolving tree number 8190 {1}
075:     -> Evolving tree number 8261 {1}
010:         Output tree data at t=13.80 Gyr (output 1 of 1)
010:     <- Finished tree
106:     -> Evolving tree number 8102 {1}
010:     -> Evolving tree number 8582 {1}
007:         Output tree data at t=13.80 Gyr (output 1 of 1)
007:     <- Finished tree
007:     -> Evolving tree number 8201 {1}
111:         Output tree data at t=13.80 Gyr (output 1 of 1)
111:     <- Finished tree
111:     Progress: 1566 trees processed; elapsed 10.26 h
126:         Output tree data at t=13.80 Gyr (output 1 of 1)
126:     <- Finished tree
000:         Output tree data at t=13.80 Gyr (output 1 of 1)
000:     <- Finished tree
111:     -> Evolving tree number 7969 {1}
016:         Output tree data at t=13.80 Gyr (output 1 of 1)
016:     <- Finished tree
000:     -> Evolving tree number 8080 {1}
016:     -> Evolving tree number 8192 {1}
113:         Output tree data at t=13.80 Gyr (output 1 of 1)
113:     <- Finished tree
113:     -> Evolving tree number 8223 {1}
125:         Output tree data at t=13.80 Gyr (output 1 of 1)
125:     <- Finished tree
125:     Progress: 1571 trees processed; elapsed 10.28 h
125:     -> Evolving tree number 8211 {1}
121:         Output tree data at t=13.80 Gyr (output 1 of 1)
121:     <- Finished tree
107:         Output tree data at t=13.80 Gyr (output 1 of 1)
107:     <- Finished tree
126:     -> Evolving tree number 8466 {1}
121:     -> Evolving tree number 7703 {1}
070:         Output tree data at t=13.80 Gyr (output 1 of 1)
070:     <- Finished tree
070:     Progress: 1574 trees processed; elapsed 10.30 h
009:         Output tree data at t=13.80 Gyr (output 1 of 1)
009:     <- Finished tree
070:     -> Evolving tree number 8010 {1}
107:     -> Evolving tree number 8229 {1}
009:     -> Evolving tree number 8455 {1}
095:         Output tree data at t=13.80 Gyr (output 1 of 1)
095:     <- Finished tree
095:     -> Evolving tree number 8113 {1}
118:         Output tree data at t=13.80 Gyr (output 1 of 1)
118:     <- Finished tree
118:     Progress: 1577 trees processed; elapsed 10.33 h
082:         Output tree data at t=13.80 Gyr (output 1 of 1)
082:     <- Finished tree
031:         Output tree data at t=13.80 Gyr (output 1 of 1)
031:     <- Finished tree
041:         Output tree data at t=13.80 Gyr (output 1 of 1)
041:     <- Finished tree
118:     -> Evolving tree number 8218 {1}
031:     -> Evolving tree number 8305 {1}
008:         Output tree data at t=13.80 Gyr (output 1 of 1)
041:     -> Evolving tree number 8423 {1}
008:     <- Finished tree
008:     -> Evolving tree number 8456 {1}
082:     -> Evolving tree number 8126 {1}
061:         Output tree data at t=13.80 Gyr (output 1 of 1)
061:     <- Finished tree
061:     Progress: 1582 trees processed; elapsed 10.35 h
061:     -> Evolving tree number 8403 {1}
108:         Output tree data at t=13.80 Gyr (output 1 of 1)
108:     <- Finished tree
108:     Progress: 1583 trees processed; elapsed 10.37 h
084:         Output tree data at t=13.80 Gyr (output 1 of 1)
084:     <- Finished tree
057:         Output tree data at t=13.80 Gyr (output 1 of 1)
057:     <- Finished tree
088:         Output tree data at t=13.80 Gyr (output 1 of 1)
088:     <- Finished tree
057:     -> Evolving tree number 8535 {1}
112:         Output tree data at t=13.80 Gyr (output 1 of 1)
112:     <- Finished tree
088:     -> Evolving tree number 8504 {1}
084:     -> Evolving tree number 8252 {1}
108:     -> Evolving tree number 8100 {1}
114:         Output tree data at t=13.80 Gyr (output 1 of 1)
114:     <- Finished tree
114:     Progress: 1588 trees processed; elapsed 10.39 h
046:         Output tree data at t=13.80 Gyr (output 1 of 1)
046:     <- Finished tree
114:     -> Evolving tree number 8094 {1}
027:         Output tree data at t=13.80 Gyr (output 1 of 1)
027:     <- Finished tree
112:     -> Evolving tree number 7840 {1}
027:     -> Evolving tree number 8309 {1}
090:         Output tree data at t=13.80 Gyr (output 1 of 1)
090:     <- Finished tree
116:         Output tree data at t=13.80 Gyr (output 1 of 1)
116:     <- Finished tree
116:     Progress: 1592 trees processed; elapsed 10.41 h
090:     -> Evolving tree number 8246 {1}
116:     -> Evolving tree number 8220 {1}
046:     -> Evolving tree number 8418 {1}
058:         Output tree data at t=13.80 Gyr (output 1 of 1)
058:     <- Finished tree
103:         Output tree data at t=13.80 Gyr (output 1 of 1)
103:     <- Finished tree
103:     Progress: 1594 trees processed; elapsed 10.43 h
093:         Output tree data at t=13.80 Gyr (output 1 of 1)
093:     <- Finished tree
028:         Output tree data at t=13.80 Gyr (output 1 of 1)
028:     <- Finished tree
103:     -> Evolving tree number 8489 {1}
099:         Output tree data at t=13.80 Gyr (output 1 of 1)
099:     <- Finished tree
058:     -> Evolving tree number 8150 {1}
099:     -> Evolving tree number 8493 {1}
117:         Output tree data at t=13.80 Gyr (output 1 of 1)
117:     <- Finished tree
032:         Output tree data at t=13.80 Gyr (output 1 of 1)
032:     <- Finished tree
081:         Output tree data at t=13.80 Gyr (output 1 of 1)
081:     <- Finished tree
032:     -> Evolving tree number 8048 {1}
127:         Output tree data at t=13.80 Gyr (output 1 of 1)
127:     <- Finished tree
097:         Output tree data at t=13.80 Gyr (output 1 of 1)
097:     <- Finished tree
097:     Progress: 1602 trees processed; elapsed 10.45 h
081:     -> Evolving tree number 7999 {1}
092:         Output tree data at t=13.80 Gyr (output 1 of 1)
092:     <- Finished tree
120:         Output tree data at t=13.80 Gyr (output 1 of 1)
120:     <- Finished tree
011:         Output tree data at t=13.80 Gyr (output 1 of 1)
011:     <- Finished tree
092:     -> Evolving tree number 7732 {1}
102:         Output tree data at t=13.80 Gyr (output 1 of 1)
102:     <- Finished tree
120:     -> Evolving tree number 7960 {1}
093:     -> Evolving tree number 7987 {1}
011:     -> Evolving tree number 8069 {1}
117:     -> Evolving tree number 8219 {1}
127:     -> Evolving tree number 7697 {1}
102:     -> Evolving tree number 8746 {1}
028:     -> Evolving tree number 8180 {1}
097:     -> Evolving tree number 8623 {1}
060:         Output tree data at t=13.80 Gyr (output 1 of 1)
060:     <- Finished tree
060:     Progress: 1607 trees processed; elapsed 10.48 h
039:         Output tree data at t=13.80 Gyr (output 1 of 1)
039:     <- Finished tree
056:         Output tree data at t=13.80 Gyr (output 1 of 1)
056:     <- Finished tree
060:     -> Evolving tree number 8148 {1}
039:     -> Evolving tree number 8169 {1}
056:     -> Evolving tree number 8408 {1}
042:         Output tree data at t=13.80 Gyr (output 1 of 1)
042:     <- Finished tree
026:         Output tree data at t=13.80 Gyr (output 1 of 1)
026:     <- Finished tree
026:     -> Evolving tree number 8054 {1}
042:     -> Evolving tree number 8422 {1}
109:         Output tree data at t=13.80 Gyr (output 1 of 1)
109:     <- Finished tree
109:     Progress: 1612 trees processed; elapsed 10.50 h
077:         Output tree data at t=13.80 Gyr (output 1 of 1)
077:     <- Finished tree
109:     -> Evolving tree number 8355 {1}
023:         Output tree data at t=13.80 Gyr (output 1 of 1)
023:     <- Finished tree
077:     -> Evolving tree number 8259 {1}
023:     -> Evolving tree number 8441 {1}
059:         Output tree data at t=13.80 Gyr (output 1 of 1)
059:     <- Finished tree
110:         Output tree data at t=13.80 Gyr (output 1 of 1)
110:     <- Finished tree
110:     Progress: 1616 trees processed; elapsed 10.51 h
059:     -> Evolving tree number 8021 {1}
110:     -> Evolving tree number 8226 {1}
015:         Output tree data at t=13.80 Gyr (output 1 of 1)
015:     <- Finished tree
012:         Output tree data at t=13.80 Gyr (output 1 of 1)
012:     <- Finished tree
012:     Progress: 1618 trees processed; elapsed 10.53 h
015:     -> Evolving tree number 8065 {1}
003:         Output tree data at t=13.80 Gyr (output 1 of 1)
003:     <- Finished tree
003:     -> Evolving tree number 8205 {1}
012:     -> Evolving tree number 8708 {1}
065:         Output tree data at t=13.80 Gyr (output 1 of 1)
065:     <- Finished tree
034:         Output tree data at t=13.80 Gyr (output 1 of 1)
034:     <- Finished tree
065:     -> Evolving tree number 8015 {1}
030:         Output tree data at t=13.80 Gyr (output 1 of 1)
030:     <- Finished tree
074:         Output tree data at t=13.80 Gyr (output 1 of 1)
074:     <- Finished tree
091:         Output tree data at t=13.80 Gyr (output 1 of 1)
091:     <- Finished tree
034:     -> Evolving tree number 8302 {1}
091:     -> Evolving tree number 7989 {1}
030:     -> Evolving tree number 8050 {1}
074:     -> Evolving tree number 8518 {1}
080:         Output tree data at t=13.80 Gyr (output 1 of 1)
080:     <- Finished tree
080:     Progress: 1625 trees processed; elapsed 10.56 h
051:         Output tree data at t=13.80 Gyr (output 1 of 1)
051:     <- Finished tree
080:     -> Evolving tree number 8128 {1}
125:         Output tree data at t=13.80 Gyr (output 1 of 1)
125:     <- Finished tree
071:         Output tree data at t=13.80 Gyr (output 1 of 1)
071:     <- Finished tree
071:     -> Evolving tree number 8265 {1}
125:     -> Evolving tree number 8083 {1}
036:         Output tree data at t=13.80 Gyr (output 1 of 1)
036:     <- Finished tree
036:     Progress: 1629 trees processed; elapsed 10.58 h
121:         Output tree data at t=13.80 Gyr (output 1 of 1)
121:     <- Finished tree
123:         Output tree data at t=13.80 Gyr (output 1 of 1)
123:     <- Finished tree
036:     -> Evolving tree number 7916 {1}
121:     -> Evolving tree number 7575 {1}
048:         Output tree data at t=13.80 Gyr (output 1 of 1)
048:     <- Finished tree
048:     -> Evolving tree number 8032 {1}
051:     -> Evolving tree number 8669 {1}
123:     -> Evolving tree number 8213 {1}
076:         Output tree data at t=13.80 Gyr (output 1 of 1)
076:     <- Finished tree
076:     Progress: 1633 trees processed; elapsed 10.62 h
076:     -> Evolving tree number 8132 {1}
068:         Output tree data at t=13.80 Gyr (output 1 of 1)
068:     <- Finished tree
068:     Progress: 1634 trees processed; elapsed 10.64 h
063:         Output tree data at t=13.80 Gyr (output 1 of 1)
063:     <- Finished tree
083:         Output tree data at t=13.80 Gyr (output 1 of 1)
083:     <- Finished tree
106:         Output tree data at t=13.80 Gyr (output 1 of 1)
106:     <- Finished tree
083:     -> Evolving tree number 8509 {1}
063:     -> Evolving tree number 8273 {1}
053:         Output tree data at t=13.80 Gyr (output 1 of 1)
053:     <- Finished tree
086:         Output tree data at t=13.80 Gyr (output 1 of 1)
086:     <- Finished tree
106:     -> Evolving tree number 7974 {1}
068:     -> Evolving tree number 8396 {1}
086:     -> Evolving tree number 8122 {1}
053:     -> Evolving tree number 8539 {1}
094:         Output tree data at t=13.80 Gyr (output 1 of 1)
094:     <- Finished tree
038:         Output tree data at t=13.80 Gyr (output 1 of 1)
038:     <- Finished tree
094:     -> Evolving tree number 8242 {1}
064:         Output tree data at t=13.80 Gyr (output 1 of 1)
064:     <- Finished tree
064:     Progress: 1642 trees processed; elapsed 10.66 h
119:         Output tree data at t=13.80 Gyr (output 1 of 1)
119:     <- Finished tree
004:         Output tree data at t=13.80 Gyr (output 1 of 1)
004:     <- Finished tree
004:     Progress: 1644 trees processed; elapsed 10.68 h
096:         Output tree data at t=13.80 Gyr (output 1 of 1)
096:     <- Finished tree
038:     -> Evolving tree number 8170 {1}
096:     -> Evolving tree number 8240 {1}
004:     -> Evolving tree number 7820 {1}
064:     -> Evolving tree number 8144 {1}
002:         Output tree data at t=13.80 Gyr (output 1 of 1)
002:     <- Finished tree
044:         Output tree data at t=13.80 Gyr (output 1 of 1)
044:     <- Finished tree
044:     Progress: 1647 trees processed; elapsed 10.70 h
049:         Output tree data at t=13.80 Gyr (output 1 of 1)
049:     <- Finished tree
119:     -> Evolving tree number 8217 {1}
052:         Output tree data at t=13.80 Gyr (output 1 of 1)
052:     <- Finished tree
044:     -> Evolving tree number 8548 {1}
070:         Output tree data at t=13.80 Gyr (output 1 of 1)
070:     <- Finished tree
002:     -> Evolving tree number 8462 {1}
070:     -> Evolving tree number 7882 {1}
062:         Output tree data at t=13.80 Gyr (output 1 of 1)
062:     <- Finished tree
062:     Progress: 1651 trees processed; elapsed 10.73 h
049:     -> Evolving tree number 8287 {1}
100:         Output tree data at t=13.80 Gyr (output 1 of 1)
100:     <- Finished tree
062:     -> Evolving tree number 8402 {1}
052:     -> Evolving tree number 8284 {1}
100:     -> Evolving tree number 7980 {1}
040:         Output tree data at t=13.80 Gyr (output 1 of 1)
040:     <- Finished tree
105:         Output tree data at t=13.80 Gyr (output 1 of 1)
105:     <- Finished tree
105:     Progress: 1654 trees processed; elapsed 10.75 h
040:     -> Evolving tree number 8552 {1}
016:         Output tree data at t=13.80 Gyr (output 1 of 1)
016:     <- Finished tree
105:     -> Evolving tree number 8359 {1}
016:     -> Evolving tree number 8064 {1}
054:         Output tree data at t=13.80 Gyr (output 1 of 1)
054:     <- Finished tree
054:     Progress: 1656 trees processed; elapsed 10.77 h
013:         Output tree data at t=13.80 Gyr (output 1 of 1)
013:     <- Finished tree
054:     -> Evolving tree number 8026 {1}
113:         Output tree data at t=13.80 Gyr (output 1 of 1)
113:     <- Finished tree
113:     Progress: 1658 trees processed; elapsed 10.78 h
113:     -> Evolving tree number 8095 {1}
013:     -> Evolving tree number 7939 {1}
005:         Output tree data at t=13.80 Gyr (output 1 of 1)
005:     <- Finished tree
055:         Output tree data at t=13.80 Gyr (output 1 of 1)
055:     <- Finished tree
005:     -> Evolving tree number 8459 {1}
014:         Output tree data at t=13.80 Gyr (output 1 of 1)
014:     <- Finished tree
014:     Progress: 1661 trees processed; elapsed 10.81 h
055:     -> Evolving tree number 8281 {1}
014:     -> Evolving tree number 8322 {1}
111:         Output tree data at t=13.80 Gyr (output 1 of 1)
111:     <- Finished tree
035:         Output tree data at t=13.80 Gyr (output 1 of 1)
035:     <- Finished tree
033:         Output tree data at t=13.80 Gyr (output 1 of 1)
033:     <- Finished tree
108:         Output tree data at t=13.80 Gyr (output 1 of 1)
108:     <- Finished tree
035:     -> Evolving tree number 7917 {1}
033:     -> Evolving tree number 8175 {1}
108:     -> Evolving tree number 7972 {1}
007:         Output tree data at t=13.80 Gyr (output 1 of 1)
007:     <- Finished tree
007:     Progress: 1666 trees processed; elapsed 10.84 h
045:         Output tree data at t=13.80 Gyr (output 1 of 1)
045:     <- Finished tree
007:     -> Evolving tree number 8073 {1}
006:         Output tree data at t=13.80 Gyr (output 1 of 1)
006:     <- Finished tree
045:     -> Evolving tree number 8419 {1}
075:         Output tree data at t=13.80 Gyr (output 1 of 1)
075:     <- Finished tree
075:     -> Evolving tree number 8133 {1}
006:     -> Evolving tree number 8458 {1}
111:     -> Evolving tree number 7841 {1}
069:         Output tree data at t=13.80 Gyr (output 1 of 1)
069:     <- Finished tree
069:     Progress: 1670 trees processed; elapsed 10.85 h
069:     -> Evolving tree number 8011 {1}
018:         Output tree data at t=13.80 Gyr (output 1 of 1)
018:     <- Finished tree
084:         Output tree data at t=13.80 Gyr (output 1 of 1)
084:     <- Finished tree
022:         Output tree data at t=13.80 Gyr (output 1 of 1)
022:     <- Finished tree
018:     -> Evolving tree number 8062 {1}
084:     -> Evolving tree number 8124 {1}
022:     -> Evolving tree number 8058 {1}
073:         Output tree data at t=13.80 Gyr (output 1 of 1)
073:     <- Finished tree
073:     Progress: 1674 trees processed; elapsed 10.88 h
050:         Output tree data at t=13.80 Gyr (output 1 of 1)
050:     <- Finished tree
073:     -> Evolving tree number 8391 {1}
092:         Output tree data at t=13.80 Gyr (output 1 of 1)
092:     <- Finished tree
092:     -> Evolving tree number 7604 {1}
020:         Output tree data at t=13.80 Gyr (output 1 of 1)
020:     <- Finished tree
020:     Progress: 1677 trees processed; elapsed 10.90 h
078:         Output tree data at t=13.80 Gyr (output 1 of 1)
078:     <- Finished tree
020:     -> Evolving tree number 8444 {1}
060:         Output tree data at t=13.80 Gyr (output 1 of 1)
060:     <- Finished tree
060:     Progress: 1679 trees processed; elapsed 10.91 h
050:     -> Evolving tree number 8414 {1}
060:     -> Evolving tree number 8020 {1}
078:     -> Evolving tree number 8258 {1}
066:         Output tree data at t=13.80 Gyr (output 1 of 1)
066:     <- Finished tree
104:         Output tree data at t=13.80 Gyr (output 1 of 1)
104:     <- Finished tree
026:         Output tree data at t=13.80 Gyr (output 1 of 1)
026:     <- Finished tree
127:         Output tree data at t=13.80 Gyr (output 1 of 1)
127:     <- Finished tree
104:     -> Evolving tree number 7976 {1}
066:     -> Evolving tree number 8270 {1}
127:     -> Evolving tree number 7569 {1}
122:         Output tree data at t=13.80 Gyr (output 1 of 1)
122:     <- Finished tree
122:     Progress: 1684 trees processed; elapsed 10.93 h
009:         Output tree data at t=13.80 Gyr (output 1 of 1)
009:     <- Finished tree
067:         Output tree data at t=13.80 Gyr (output 1 of 1)
067:     <- Finished tree
043:         Output tree data at t=13.80 Gyr (output 1 of 1)
043:     <- Finished tree
122:     -> Evolving tree number 7702 {1}
009:     -> Evolving tree number 8327 {1}
067:     -> Evolving tree number 8653 {1}
043:     -> Evolving tree number 8165 {1}
026:     -> Evolving tree number 7926 {1}
019:         Output tree data at t=13.80 Gyr (output 1 of 1)
019:     <- Finished tree
019:     -> Evolving tree number 8317 {1}
001:         Output tree data at t=13.80 Gyr (output 1 of 1)
001:     <- Finished tree
001:     -> Evolving tree number 8463 {1}
114:         Output tree data at t=13.80 Gyr (output 1 of 1)
114:     <- Finished tree
114:     Progress: 1690 trees processed; elapsed 10.95 h
114:     -> Evolving tree number 7966 {1}
118:         Output tree data at t=13.80 Gyr (output 1 of 1)
118:     <- Finished tree
098:         Output tree data at t=13.80 Gyr (output 1 of 1)
098:     <- Finished tree
091:         Output tree data at t=13.80 Gyr (output 1 of 1)
091:     <- Finished tree
089:         Output tree data at t=13.80 Gyr (output 1 of 1)
089:     <- Finished tree
118:     -> Evolving tree number 8090 {1}
089:     -> Evolving tree number 8119 {1}
091:     -> Evolving tree number 7861 {1}
030:         Output tree data at t=13.80 Gyr (output 1 of 1)
030:     <- Finished tree
030:     Progress: 1695 trees processed; elapsed 10.98 h
030:     -> Evolving tree number 7922 {1}
090:         Output tree data at t=13.80 Gyr (output 1 of 1)
090:     <- Finished tree
098:     -> Evolving tree number 8366 {1}
090:     -> Evolving tree number 8118 {1}
071:         Output tree data at t=13.80 Gyr (output 1 of 1)
071:     <- Finished tree
071:     Progress: 1697 trees processed; elapsed 11.00 h
071:     -> Evolving tree number 8137 {1}
081:         Output tree data at t=13.80 Gyr (output 1 of 1)
081:     <- Finished tree
081:     Progress: 1698 trees processed; elapsed 11.02 h
081:     -> Evolving tree number 7871 {1}
000:         Output tree data at t=13.80 Gyr (output 1 of 1)
000:     <- Finished tree
124:         Output tree data at t=13.80 Gyr (output 1 of 1)
124:     <- Finished tree
093:         Output tree data at t=13.80 Gyr (output 1 of 1)
093:     <- Finished tree
093:     Progress: 1701 trees processed; elapsed 11.04 h
000:     -> Evolving tree number 7952 {1}
068:         Output tree data at t=13.80 Gyr (output 1 of 1)
068:     <- Finished tree
058:         Output tree data at t=13.80 Gyr (output 1 of 1)
058:     <- Finished tree
037:         Output tree data at t=13.80 Gyr (output 1 of 1)
037:     <- Finished tree
027:         Output tree data at t=13.80 Gyr (output 1 of 1)
027:     <- Finished tree
093:     -> Evolving tree number 7859 {1}
027:     -> Evolving tree number 8181 {1}
037:     -> Evolving tree number 8299 {1}
058:     -> Evolving tree number 8022 {1}
068:     -> Evolving tree number 8268 {1}
024:         Output tree data at t=13.80 Gyr (output 1 of 1)
024:     <- Finished tree
024:     -> Evolving tree number 7928 {1}
032:         Output tree data at t=13.80 Gyr (output 1 of 1)
032:     <- Finished tree
032:     Progress: 1707 trees processed; elapsed 11.06 h
124:     -> Evolving tree number 7956 {1}
028:         Output tree data at t=13.80 Gyr (output 1 of 1)
028:     <- Finished tree
032:     -> Evolving tree number 7920 {1}
085:         Output tree data at t=13.80 Gyr (output 1 of 1)
085:     <- Finished tree
028:     -> Evolving tree number 8052 {1}
115:         Output tree data at t=13.80 Gyr (output 1 of 1)
115:     <- Finished tree
085:     -> Evolving tree number 8379 {1}
115:     -> Evolving tree number 8477 {1}
099:         Output tree data at t=13.80 Gyr (output 1 of 1)
099:     <- Finished tree
057:         Output tree data at t=13.80 Gyr (output 1 of 1)
057:     <- Finished tree
099:     -> Evolving tree number 8365 {1}
057:     -> Evolving tree number 8407 {1}
017:         Output tree data at t=13.80 Gyr (output 1 of 1)
017:     <- Finished tree
017:     Progress: 1713 trees processed; elapsed 11.08 h
041:         Output tree data at t=13.80 Gyr (output 1 of 1)
041:     <- Finished tree
017:     -> Evolving tree number 8575 {1}
041:     -> Evolving tree number 8295 {1}
117:         Output tree data at t=13.80 Gyr (output 1 of 1)
117:     <- Finished tree
117:     -> Evolving tree number 8091 {1}
011:         Output tree data at t=13.80 Gyr (output 1 of 1)
011:     <- Finished tree
011:     Progress: 1716 trees processed; elapsed 11.10 h
106:         Output tree data at t=13.80 Gyr (output 1 of 1)
106:     <- Finished tree
077:         Output tree data at t=13.80 Gyr (output 1 of 1)
077:     <- Finished tree
077:     -> Evolving tree number 8131 {1}
106:     -> Evolving tree number 7846 {1}
074:         Output tree data at t=13.80 Gyr (output 1 of 1)
074:     <- Finished tree
004:         Output tree data at t=13.80 Gyr (output 1 of 1)
004:     <- Finished tree
074:     -> Evolving tree number 8390 {1}
047:         Output tree data at t=13.80 Gyr (output 1 of 1)
047:     <- Finished tree
004:     -> Evolving tree number 7692 {1}
088:         Output tree data at t=13.80 Gyr (output 1 of 1)
088:     <- Finished tree
088:     Progress: 1722 trees processed; elapsed 11.12 h
047:     -> Evolving tree number 8673 {1}
011:     -> Evolving tree number 7941 {1}
088:     -> Evolving tree number 8376 {1}
086:         Output tree data at t=13.80 Gyr (output 1 of 1)
086:     <- Finished tree
112:         Output tree data at t=13.80 Gyr (output 1 of 1)
112:     <- Finished tree
112:     Progress: 1724 trees processed; elapsed 11.14 h
010:         Output tree data at t=13.80 Gyr (output 1 of 1)
010:     <- Finished tree
086:     -> Evolving tree number 7994 {1}
010:     -> Evolving tree number 8454 {1}
064:         Output tree data at t=13.80 Gyr (output 1 of 1)
064:     <- Finished tree
064:     Progress: 1726 trees processed; elapsed 11.15 h
121:         Output tree data at t=13.80 Gyr (output 1 of 1)
121:     <- Finished tree
056:         Output tree data at t=13.80 Gyr (output 1 of 1)
056:     <- Finished tree
121:     -> Evolving tree number 7447 {1}
112:     -> Evolving tree number 7712 {1}
064:     -> Evolving tree number 8016 {1}
052:         Output tree data at t=13.80 Gyr (output 1 of 1)
052:     <- Finished tree
015:         Output tree data at t=13.80 Gyr (output 1 of 1)
015:     <- Finished tree
063:         Output tree data at t=13.80 Gyr (output 1 of 1)
063:     <- Finished tree
053:         Output tree data at t=13.80 Gyr (output 1 of 1)
053:     <- Finished tree
052:     -> Evolving tree number 8156 {1}
053:     -> Evolving tree number 8411 {1}
015:     -> Evolving tree number 7937 {1}
116:         Output tree data at t=13.80 Gyr (output 1 of 1)
116:     <- Finished tree
116:     Progress: 1733 trees processed; elapsed 11.17 h
056:     -> Evolving tree number 8280 {1}
029:         Output tree data at t=13.80 Gyr (output 1 of 1)
029:     <- Finished tree
119:         Output tree data at t=13.80 Gyr (output 1 of 1)
119:     <- Finished tree
029:     -> Evolving tree number 8563 {1}
116:     -> Evolving tree number 8092 {1}
063:     -> Evolving tree number 8145 {1}
021:         Output tree data at t=13.80 Gyr (output 1 of 1)
021:     <- Finished tree
021:     Progress: 1736 trees processed; elapsed 11.19 h
065:         Output tree data at t=13.80 Gyr (output 1 of 1)
065:     <- Finished tree
126:         Output tree data at t=13.80 Gyr (output 1 of 1)
126:     <- Finished tree
021:     -> Evolving tree number 8187 {1}
065:     -> Evolving tree number 7887 {1}
101:         Output tree data at t=13.80 Gyr (output 1 of 1)
101:     <- Finished tree
126:     -> Evolving tree number 8338 {1}
059:         Output tree data at t=13.80 Gyr (output 1 of 1)
059:     <- Finished tree
051:         Output tree data at t=13.80 Gyr (output 1 of 1)
051:     <- Finished tree
051:     Progress: 1741 trees processed; elapsed 11.21 h
059:     -> Evolving tree number 7893 {1}
119:     -> Evolving tree number 8089 {1}
101:     -> Evolving tree number 8235 {1}
048:         Output tree data at t=13.80 Gyr (output 1 of 1)
048:     <- Finished tree
051:     -> Evolving tree number 8541 {1}
048:     -> Evolving tree number 7904 {1}
107:         Output tree data at t=13.80 Gyr (output 1 of 1)
107:     <- Finished tree
107:     -> Evolving tree number 8101 {1}
016:         Output tree data at t=13.80 Gyr (output 1 of 1)
016:     <- Finished tree
016:     Progress: 1744 trees processed; elapsed 11.23 h
082:         Output tree data at t=13.80 Gyr (output 1 of 1)
082:     <- Finished tree
008:         Output tree data at t=13.80 Gyr (output 1 of 1)
008:     <- Finished tree
031:         Output tree data at t=13.80 Gyr (output 1 of 1)
031:     <- Finished tree
008:     -> Evolving tree number 8328 {1}
016:     -> Evolving tree number 7936 {1}
125:         Output tree data at t=13.80 Gyr (output 1 of 1)
125:     <- Finished tree
031:     -> Evolving tree number 8177 {1}
125:     -> Evolving tree number 7955 {1}
082:     -> Evolving tree number 7998 {1}
036:         Output tree data at t=13.80 Gyr (output 1 of 1)
036:     <- Finished tree
036:     Progress: 1749 trees processed; elapsed 11.25 h
036:     -> Evolving tree number 7788 {1}
079:         Output tree data at t=13.80 Gyr (output 1 of 1)
079:     <- Finished tree
079:     Progress: 1750 trees processed; elapsed 11.27 h
072:         Output tree data at t=13.80 Gyr (output 1 of 1)
072:     <- Finished tree
092:         Output tree data at t=13.80 Gyr (output 1 of 1)
092:     <- Finished tree
092:     Progress: 1752 trees processed; elapsed 11.29 h
103:         Output tree data at t=13.80 Gyr (output 1 of 1)
103:     <- Finished tree
103:     -> Evolving tree number 8361 {1}
079:     -> Evolving tree number 8513 {1}
072:     -> Evolving tree number 8136 {1}
023:         Output tree data at t=13.80 Gyr (output 1 of 1)
023:     <- Finished tree
023:     -> Evolving tree number 8313 {1}
012:         Output tree data at t=13.80 Gyr (output 1 of 1)
012:     <- Finished tree
012:     Progress: 1755 trees processed; elapsed 11.31 h
012:     -> Evolving tree number 8580 {1}
113:         Output tree data at t=13.80 Gyr (output 1 of 1)
113:     <- Finished tree
092:     -> Evolving tree number 7476 {1}
113:     -> Evolving tree number 7967 {1}
061:         Output tree data at t=13.80 Gyr (output 1 of 1)
061:     <- Finished tree
061:     Progress: 1757 trees processed; elapsed 11.33 h
061:     -> Evolving tree number 8275 {1}
007:         Output tree data at t=13.80 Gyr (output 1 of 1)
007:     <- Finished tree
120:         Output tree data at t=13.80 Gyr (output 1 of 1)
120:     <- Finished tree
120:     Progress: 1759 trees processed; elapsed 11.35 h
069:         Output tree data at t=13.80 Gyr (output 1 of 1)
069:     <- Finished tree
007:     -> Evolving tree number 7945 {1}
069:     -> Evolving tree number 7883 {1}
076:         Output tree data at t=13.80 Gyr (output 1 of 1)
076:     <- Finished tree
111:         Output tree data at t=13.80 Gyr (output 1 of 1)
111:     <- Finished tree
038:         Output tree data at t=13.80 Gyr (output 1 of 1)
038:     <- Finished tree
111:     -> Evolving tree number 7713 {1}
038:     -> Evolving tree number 8042 {1}
120:     -> Evolving tree number 7832 {1}
034:         Output tree data at t=13.80 Gyr (output 1 of 1)
034:     <- Finished tree
034:     Progress: 1764 trees processed; elapsed 11.38 h
076:     -> Evolving tree number 8004 {1}
034:     -> Evolving tree number 8174 {1}
022:         Output tree data at t=13.80 Gyr (output 1 of 1)
022:     <- Finished tree
110:         Output tree data at t=13.80 Gyr (output 1 of 1)
110:     <- Finished tree
122:         Output tree data at t=13.80 Gyr (output 1 of 1)
122:     <- Finished tree
110:     -> Evolving tree number 8098 {1}
122:     -> Evolving tree number 7574 {1}
100:         Output tree data at t=13.80 Gyr (output 1 of 1)
100:     <- Finished tree
100:     Progress: 1768 trees processed; elapsed 11.40 h
054:         Output tree data at t=13.80 Gyr (output 1 of 1)
054:     <- Finished tree
091:         Output tree data at t=13.80 Gyr (output 1 of 1)
091:     <- Finished tree
100:     -> Evolving tree number 7852 {1}
070:         Output tree data at t=13.80 Gyr (output 1 of 1)
070:     <- Finished tree
054:     -> Evolving tree number 7898 {1}
033:         Output tree data at t=13.80 Gyr (output 1 of 1)
033:     <- Finished tree
091:     -> Evolving tree number 7733 {1}
022:     -> Evolving tree number 7930 {1}
070:     -> Evolving tree number 7754 {1}
033:     -> Evolving tree number 8047 {1}
102:         Output tree data at t=13.80 Gyr (output 1 of 1)
102:     <- Finished tree
000:         Output tree data at t=13.80 Gyr (output 1 of 1)
000:     <- Finished tree
102:     -> Evolving tree number 8618 {1}
000:     -> Evolving tree number 7824 {1}
062:         Output tree data at t=13.80 Gyr (output 1 of 1)
062:     <- Finished tree
062:     Progress: 1775 trees processed; elapsed 11.42 h
062:     -> Evolving tree number 8274 {1}
108:         Output tree data at t=13.80 Gyr (output 1 of 1)
108:     <- Finished tree
095:         Output tree data at t=13.80 Gyr (output 1 of 1)
095:     <- Finished tree
108:     -> Evolving tree number 7844 {1}
041:         Output tree data at t=13.80 Gyr (output 1 of 1)
041:     <- Finished tree
041:     Progress: 1778 trees processed; elapsed 11.44 h
003:         Output tree data at t=13.80 Gyr (output 1 of 1)
003:     <- Finished tree
024:         Output tree data at t=13.80 Gyr (output 1 of 1)
024:     <- Finished tree
004:         Output tree data at t=13.80 Gyr (output 1 of 1)
004:     <- Finished tree
003:     -> Evolving tree number 8077 {1}
004:     -> Evolving tree number 7564 {1}
041:     -> Evolving tree number 8167 {1}
024:     -> Evolving tree number 7800 {1}
083:         Output tree data at t=13.80 Gyr (output 1 of 1)
083:     <- Finished tree
095:     -> Evolving tree number 7985 {1}
066:         Output tree data at t=13.80 Gyr (output 1 of 1)
066:     <- Finished tree
083:     -> Evolving tree number 8381 {1}
087:         Output tree data at t=13.80 Gyr (output 1 of 1)
087:     <- Finished tree
087:     Progress: 1784 trees processed; elapsed 11.46 h
018:         Output tree data at t=13.80 Gyr (output 1 of 1)
018:     <- Finished tree
018:     -> Evolving tree number 7934 {1}
066:     -> Evolving tree number 8142 {1}
087:     -> Evolving tree number 8633 {1}
060:         Output tree data at t=13.80 Gyr (output 1 of 1)
060:     <- Finished tree
014:         Output tree data at t=13.80 Gyr (output 1 of 1)
014:     <- Finished tree
014:     Progress: 1787 trees processed; elapsed 11.48 h
060:     -> Evolving tree number 7892 {1}
081:         Output tree data at t=13.80 Gyr (output 1 of 1)
081:     <- Finished tree
071:         Output tree data at t=13.80 Gyr (output 1 of 1)
071:     <- Finished tree
071:     Progress: 1789 trees processed; elapsed 11.50 h
039:         Output tree data at t=13.80 Gyr (output 1 of 1)
039:     <- Finished tree
081:     -> Evolving tree number 7743 {1}
014:     -> Evolving tree number 8194 {1}
071:     -> Evolving tree number 8009 {1}
039:     -> Evolving tree number 8041 {1}
114:         Output tree data at t=13.80 Gyr (output 1 of 1)
114:     <- Finished tree
114:     Progress: 1791 trees processed; elapsed 11.52 h
114:     -> Evolving tree number 7838 {1}
030:         Output tree data at t=13.80 Gyr (output 1 of 1)
030:     <- Finished tree
030:     -> Evolving tree number 7794 {1}
105:         Output tree data at t=13.80 Gyr (output 1 of 1)
105:     <- Finished tree
105:     -> Evolving tree number 8231 {1}
032:         Output tree data at t=13.80 Gyr (output 1 of 1)
032:     <- Finished tree
032:     Progress: 1794 trees processed; elapsed 11.54 h
127:         Output tree data at t=13.80 Gyr (output 1 of 1)
127:     <- Finished tree
032:     -> Evolving tree number 7792 {1}
097:         Output tree data at t=13.80 Gyr (output 1 of 1)
097:     <- Finished tree
123:         Output tree data at t=13.80 Gyr (output 1 of 1)
123:     <- Finished tree
097:     -> Evolving tree number 8495 {1}
011:         Output tree data at t=13.80 Gyr (output 1 of 1)
011:     <- Finished tree
127:     -> Evolving tree number 7441 {1}
123:     -> Evolving tree number 8085 {1}
080:         Output tree data at t=13.80 Gyr (output 1 of 1)
080:     <- Finished tree
080:     Progress: 1799 trees processed; elapsed 11.56 h
025:         Output tree data at t=13.80 Gyr (output 1 of 1)
025:     <- Finished tree
084:         Output tree data at t=13.80 Gyr (output 1 of 1)
084:     <- Finished tree
080:     -> Evolving tree number 8000 {1}
013:         Output tree data at t=13.80 Gyr (output 1 of 1)
013:     <- Finished tree
058:         Output tree data at t=13.80 Gyr (output 1 of 1)
058:     <- Finished tree
013:     -> Evolving tree number 7811 {1}
025:     -> Evolving tree number 8567 {1}
084:     -> Evolving tree number 7996 {1}
026:         Output tree data at t=13.80 Gyr (output 1 of 1)
026:     <- Finished tree
011:     -> Evolving tree number 7813 {1}
042:         Output tree data at t=13.80 Gyr (output 1 of 1)
042:     <- Finished tree
042:     Progress: 1805 trees processed; elapsed 11.58 h
026:     -> Evolving tree number 7798 {1}
042:     -> Evolving tree number 8294 {1}
058:     -> Evolving tree number 7894 {1}
002:         Output tree data at t=13.80 Gyr (output 1 of 1)
002:     <- Finished tree
043:         Output tree data at t=13.80 Gyr (output 1 of 1)
043:     <- Finished tree
043:     -> Evolving tree number 8037 {1}
002:     -> Evolving tree number 8334 {1}
049:         Output tree data at t=13.80 Gyr (output 1 of 1)
049:     <- Finished tree
049:     Progress: 1808 trees processed; elapsed 11.60 h
049:     -> Evolving tree number 8159 {1}
045:         Output tree data at t=13.80 Gyr (output 1 of 1)
045:     <- Finished tree
098:         Output tree data at t=13.80 Gyr (output 1 of 1)
098:     <- Finished tree
098:     Progress: 1810 trees processed; elapsed 11.62 h
045:     -> Evolving tree number 8291 {1}
078:         Output tree data at t=13.80 Gyr (output 1 of 1)
078:     <- Finished tree
078:     Progress: 1811 trees processed; elapsed 11.64 h
046:         Output tree data at t=13.80 Gyr (output 1 of 1)
046:     <- Finished tree
046:     -> Evolving tree number 8290 {1}
098:     -> Evolving tree number 8238 {1}
044:         Output tree data at t=13.80 Gyr (output 1 of 1)
044:     <- Finished tree
044:     Progress: 1813 trees processed; elapsed 11.66 h
078:     -> Evolving tree number 8130 {1}
044:     -> Evolving tree number 8420 {1}
118:         Output tree data at t=13.80 Gyr (output 1 of 1)
118:     <- Finished tree
109:         Output tree data at t=13.80 Gyr (output 1 of 1)
109:     <- Finished tree
065:         Output tree data at t=13.80 Gyr (output 1 of 1)
065:     <- Finished tree
073:         Output tree data at t=13.80 Gyr (output 1 of 1)
073:     <- Finished tree
073:     -> Evolving tree number 8263 {1}
118:     -> Evolving tree number 7962 {1}
109:     -> Evolving tree number 8227 {1}
065:     -> Evolving tree number 7759 {1}
125:         Output tree data at t=13.80 Gyr (output 1 of 1)
125:     <- Finished tree
125:     Progress: 1818 trees processed; elapsed 11.68 h
077:         Output tree data at t=13.80 Gyr (output 1 of 1)
077:     <- Finished tree
125:     -> Evolving tree number 7827 {1}
104:         Output tree data at t=13.80 Gyr (output 1 of 1)
104:     <- Finished tree
104:     -> Evolving tree number 7848 {1}
077:     -> Evolving tree number 8003 {1}
035:         Output tree data at t=13.80 Gyr (output 1 of 1)
035:     <- Finished tree
035:     Progress: 1821 trees processed; elapsed 11.71 h
069:         Output tree data at t=13.80 Gyr (output 1 of 1)
069:     <- Finished tree
059:         Output tree data at t=13.80 Gyr (output 1 of 1)
059:     <- Finished tree
069:     -> Evolving tree number 7755 {1}
124:         Output tree data at t=13.80 Gyr (output 1 of 1)
124:     <- Finished tree
124:     Progress: 1824 trees processed; elapsed 11.73 h
059:     -> Evolving tree number 7765 {1}
035:     -> Evolving tree number 7789 {1}
124:     -> Evolving tree number 7828 {1}
122:         Output tree data at t=13.80 Gyr (output 1 of 1)
122:     <- Finished tree
115:         Output tree data at t=13.80 Gyr (output 1 of 1)
115:     <- Finished tree
050:         Output tree data at t=13.80 Gyr (output 1 of 1)
050:     <- Finished tree
115:     -> Evolving tree number 8349 {1}
112:         Output tree data at t=13.80 Gyr (output 1 of 1)
112:     <- Finished tree
112:     Progress: 1828 trees processed; elapsed 11.75 h
106:         Output tree data at t=13.80 Gyr (output 1 of 1)
106:     <- Finished tree
122:     -> Evolving tree number 7446 {1}
112:     -> Evolving tree number 7584 {1}
117:         Output tree data at t=13.80 Gyr (output 1 of 1)
117:     <- Finished tree
106:     -> Evolving tree number 7718 {1}
117:     -> Evolving tree number 7963 {1}
089:         Output tree data at t=13.80 Gyr (output 1 of 1)
089:     <- Finished tree
090:         Output tree data at t=13.80 Gyr (output 1 of 1)
090:     <- Finished tree
089:     -> Evolving tree number 7991 {1}
050:     -> Evolving tree number 8286 {1}
037:         Output tree data at t=13.80 Gyr (output 1 of 1)
037:     <- Finished tree
016:         Output tree data at t=13.80 Gyr (output 1 of 1)
016:     <- Finished tree
031:         Output tree data at t=13.80 Gyr (output 1 of 1)
031:     <- Finished tree
090:     -> Evolving tree number 7990 {1}
016:     -> Evolving tree number 7808 {1}
031:     -> Evolving tree number 8049 {1}
037:     -> Evolving tree number 8171 {1}
096:         Output tree data at t=13.80 Gyr (output 1 of 1)
096:     <- Finished tree
096:     Progress: 1836 trees processed; elapsed 11.79 h
094:         Output tree data at t=13.80 Gyr (output 1 of 1)
094:     <- Finished tree
055:         Output tree data at t=13.80 Gyr (output 1 of 1)
055:     <- Finished tree
096:     -> Evolving tree number 8112 {1}
094:     -> Evolving tree number 8114 {1}
120:         Output tree data at t=13.80 Gyr (output 1 of 1)
120:     <- Finished tree
093:         Output tree data at t=13.80 Gyr (output 1 of 1)
093:     <- Finished tree
019:         Output tree data at t=13.80 Gyr (output 1 of 1)
019:     <- Finished tree
120:     -> Evolving tree number 7704 {1}
019:     -> Evolving tree number 8189 {1}
056:         Output tree data at t=13.80 Gyr (output 1 of 1)
056:     <- Finished tree
056:     Progress: 1842 trees processed; elapsed 11.80 h
093:     -> Evolving tree number 7731 {1}
091:         Output tree data at t=13.80 Gyr (output 1 of 1)
091:     <- Finished tree
063:         Output tree data at t=13.80 Gyr (output 1 of 1)
063:     <- Finished tree
056:     -> Evolving tree number 8152 {1}
055:     -> Evolving tree number 8153 {1}
020:         Output tree data at t=13.80 Gyr (output 1 of 1)
020:     <- Finished tree
020:     Progress: 1845 trees processed; elapsed 11.82 h
009:         Output tree data at t=13.80 Gyr (output 1 of 1)
009:     <- Finished tree
040:         Output tree data at t=13.80 Gyr (output 1 of 1)
040:     <- Finished tree
075:         Output tree data at t=13.80 Gyr (output 1 of 1)
064:         Output tree data at t=13.80 Gyr (output 1 of 1)
075:     <- Finished tree
064:     <- Finished tree
040:     -> Evolving tree number 8424 {1}
020:     -> Evolving tree number 8316 {1}
092:         Output tree data at t=13.80 Gyr (output 1 of 1)
092:     <- Finished tree
075:     -> Evolving tree number 8005 {1}
092:     -> Evolving tree number 7348 {1}
091:     -> Evolving tree number 7605 {1}
063:     -> Evolving tree number 8017 {1}
009:     -> Evolving tree number 8199 {1}
064:     -> Evolving tree number 7888 {1}
015:         Output tree data at t=13.80 Gyr (output 1 of 1)
015:     <- Finished tree
015:     Progress: 1851 trees processed; elapsed 11.86 h
005:         Output tree data at t=13.80 Gyr (output 1 of 1)
005:     <- Finished tree
074:         Output tree data at t=13.80 Gyr (output 1 of 1)
074:     <- Finished tree
006:         Output tree data at t=13.80 Gyr (output 1 of 1)
006:     <- Finished tree
005:     -> Evolving tree number 8331 {1}
006:     -> Evolving tree number 8330 {1}
061:         Output tree data at t=13.80 Gyr (output 1 of 1)
061:     <- Finished tree
061:     Progress: 1855 trees processed; elapsed 11.89 h
015:     -> Evolving tree number 7809 {1}
074:     -> Evolving tree number 8262 {1}
061:     -> Evolving tree number 8147 {1}
057:         Output tree data at t=13.80 Gyr (output 1 of 1)
057:     <- Finished tree
082:         Output tree data at t=13.80 Gyr (output 1 of 1)
082:     <- Finished tree
082:     Progress: 1857 trees processed; elapsed 11.91 h
057:     -> Evolving tree number 8279 {1}
048:         Output tree data at t=13.80 Gyr (output 1 of 1)
048:     <- Finished tree
116:         Output tree data at t=13.80 Gyr (output 1 of 1)
116:     <- Finished tree
082:     -> Evolving tree number 7870 {1}
048:     -> Evolving tree number 7776 {1}
033:         Output tree data at t=13.80 Gyr (output 1 of 1)
033:     <- Finished tree
116:     -> Evolving tree number 7964 {1}
033:     -> Evolving tree number 7919 {1}
068:         Output tree data at t=13.80 Gyr (output 1 of 1)
068:     <- Finished tree
068:     Progress: 1861 trees processed; elapsed 11.93 h
111:         Output tree data at t=13.80 Gyr (output 1 of 1)
111:     <- Finished tree
111:     -> Evolving tree number 7585 {1}
047:         Output tree data at t=13.80 Gyr (output 1 of 1)
047:     <- Finished tree
101:         Output tree data at t=13.80 Gyr (output 1 of 1)
101:     <- Finished tree
047:     -> Evolving tree number 8545 {1}
099:         Output tree data at t=13.80 Gyr (output 1 of 1)
099:     <- Finished tree
099:     Progress: 1865 trees processed; elapsed 11.95 h
086:         Output tree data at t=13.80 Gyr (output 1 of 1)
086:     <- Finished tree
101:     -> Evolving tree number 8107 {1}
099:     -> Evolving tree number 8237 {1}
086:     -> Evolving tree number 7866 {1}
068:     -> Evolving tree number 8140 {1}
041:         Output tree data at t=13.80 Gyr (output 1 of 1)
041:     <- Finished tree
041:     Progress: 1867 trees processed; elapsed 11.97 h
036:         Output tree data at t=13.80 Gyr (output 1 of 1)
036:     <- Finished tree
041:     -> Evolving tree number 8039 {1}
021:         Output tree data at t=13.80 Gyr (output 1 of 1)
021:     <- Finished tree
010:         Output tree data at t=13.80 Gyr (output 1 of 1)
010:     <- Finished tree
010:     Progress: 1870 trees processed; elapsed 11.99 h
013:         Output tree data at t=13.80 Gyr (output 1 of 1)
013:     <- Finished tree
012:         Output tree data at t=13.80 Gyr (output 1 of 1)
012:     <- Finished tree
013:     -> Evolving tree number 7683 {1}
010:     -> Evolving tree number 8326 {1}
012:     -> Evolving tree number 8452 {1}
023:         Output tree data at t=13.80 Gyr (output 1 of 1)
023:     <- Finished tree
021:     -> Evolving tree number 8059 {1}
036:     -> Evolving tree number 7660 {1}
027:         Output tree data at t=13.80 Gyr (output 1 of 1)
027:     <- Finished tree
018:         Output tree data at t=13.80 Gyr (output 1 of 1)
018:     <- Finished tree
027:     -> Evolving tree number 8053 {1}
028:         Output tree data at t=13.80 Gyr (output 1 of 1)
028:     <- Finished tree
028:     Progress: 1876 trees processed; elapsed 12.01 h
124:         Output tree data at t=13.80 Gyr (output 1 of 1)
124:     <- Finished tree
119:         Output tree data at t=13.80 Gyr (output 1 of 1)
119:     <- Finished tree
081:         Output tree data at t=13.80 Gyr (output 1 of 1)
081:     <- Finished tree
119:     -> Evolving tree number 7961 {1}
018:     -> Evolving tree number 7806 {1}
028:     -> Evolving tree number 7924 {1}
124:     -> Evolving tree number 7700 {1}
081:     -> Evolving tree number 7615 {1}
023:     -> Evolving tree number 8185 {1}
127:         Output tree data at t=13.80 Gyr (output 1 of 1)
127:     <- Finished tree
127:     Progress: 1880 trees processed; elapsed 12.03 h
029:         Output tree data at t=13.80 Gyr (output 1 of 1)
029:     <- Finished tree
022:         Output tree data at t=13.80 Gyr (output 1 of 1)
022:     <- Finished tree
038:         Output tree data at t=13.80 Gyr (output 1 of 1)
038:     <- Finished tree
022:     -> Evolving tree number 7802 {1}
038:     -> Evolving tree number 7914 {1}
029:     -> Evolving tree number 8435 {1}
127:     -> Evolving tree number 7313 {1}
085:         Output tree data at t=13.80 Gyr (output 1 of 1)
085:     <- Finished tree
085:     Progress: 1884 trees processed; elapsed 12.05 h
085:     -> Evolving tree number 8251 {1}
110:         Output tree data at t=13.80 Gyr (output 1 of 1)
110:     <- Finished tree
052:         Output tree data at t=13.80 Gyr (output 1 of 1)
052:     <- Finished tree
043:         Output tree data at t=13.80 Gyr (output 1 of 1)
043:     <- Finished tree
032:         Output tree data at t=13.80 Gyr (output 1 of 1)
032:     <- Finished tree
052:     -> Evolving tree number 8028 {1}
000:         Output tree data at t=13.80 Gyr (output 1 of 1)
000:     <- Finished tree
000:     Progress: 1889 trees processed; elapsed 12.07 h
043:     -> Evolving tree number 7909 {1}
110:     -> Evolving tree number 7970 {1}
108:         Output tree data at t=13.80 Gyr (output 1 of 1)
108:     <- Finished tree
000:     -> Evolving tree number 7696 {1}
032:     -> Evolving tree number 7664 {1}
108:     -> Evolving tree number 7716 {1}
076:         Output tree data at t=13.80 Gyr (output 1 of 1)
076:     <- Finished tree
076:     Progress: 1891 trees processed; elapsed 12.08 h
066:         Output tree data at t=13.80 Gyr (output 1 of 1)
066:     <- Finished tree
100:         Output tree data at t=13.80 Gyr (output 1 of 1)
100:     <- Finished tree
100:     Progress: 1893 trees processed; elapsed 12.11 h
066:     -> Evolving tree number 8014 {1}
017:         Output tree data at t=13.80 Gyr (output 1 of 1)
017:     <- Finished tree
076:     -> Evolving tree number 7876 {1}
017:     -> Evolving tree number 8447 {1}
100:     -> Evolving tree number 7724 {1}
054:         Output tree data at t=13.80 Gyr (output 1 of 1)
054:     <- Finished tree
054:     Progress: 1895 trees processed; elapsed 12.13 h
088:         Output tree data at t=13.80 Gyr (output 1 of 1)
088:     <- Finished tree
054:     -> Evolving tree number 7770 {1}
088:     -> Evolving tree number 8248 {1}
114:         Output tree data at t=13.80 Gyr (output 1 of 1)
114:     <- Finished tree
114:     -> Evolving tree number 7710 {1}
103:         Output tree data at t=13.80 Gyr (output 1 of 1)
103:     <- Finished tree
103:     Progress: 1898 trees processed; elapsed 12.16 h
001:         Output tree data at t=13.80 Gyr (output 1 of 1)
001:     <- Finished tree
024:         Output tree data at t=13.80 Gyr (output 1 of 1)
024:     <- Finished tree
034:         Output tree data at t=13.80 Gyr (output 1 of 1)
034:     <- Finished tree
103:     -> Evolving tree number 8233 {1}
095:         Output tree data at t=13.80 Gyr (output 1 of 1)
095:     <- Finished tree
024:     -> Evolving tree number 7672 {1}
034:     -> Evolving tree number 8046 {1}
105:         Output tree data at t=13.80 Gyr (output 1 of 1)
105:     <- Finished tree
105:     Progress: 1903 trees processed; elapsed 12.17 h
001:     -> Evolving tree number 8335 {1}
007:         Output tree data at t=13.80 Gyr (output 1 of 1)
007:     <- Finished tree
042:         Output tree data at t=13.80 Gyr (output 1 of 1)
042:     <- Finished tree
105:     -> Evolving tree number 8103 {1}
121:         Output tree data at t=13.80 Gyr (output 1 of 1)
121:     <- Finished tree
095:     -> Evolving tree number 7857 {1}
121:     -> Evolving tree number 7319 {1}
007:     -> Evolving tree number 7817 {1}
039:         Output tree data at t=13.80 Gyr (output 1 of 1)
039:     <- Finished tree
039:     Progress: 1907 trees processed; elapsed 12.19 h
070:         Output tree data at t=13.80 Gyr (output 1 of 1)
070:     <- Finished tree
039:     -> Evolving tree number 7913 {1}
042:     -> Evolving tree number 8166 {1}
102:         Output tree data at t=13.80 Gyr (output 1 of 1)
102:     <- Finished tree
125:         Output tree data at t=13.80 Gyr (output 1 of 1)
125:     <- Finished tree
102:     -> Evolving tree number 8490 {1}
125:     -> Evolving tree number 7699 {1}
058:         Output tree data at t=13.80 Gyr (output 1 of 1)
058:     <- Finished tree
058:     Progress: 1911 trees processed; elapsed 12.22 h
070:     -> Evolving tree number 7626 {1}
002:         Output tree data at t=13.80 Gyr (output 1 of 1)
002:     <- Finished tree
071:         Output tree data at t=13.80 Gyr (output 1 of 1)
071:     <- Finished tree
058:     -> Evolving tree number 7766 {1}
002:     -> Evolving tree number 8206 {1}
067:         Output tree data at t=13.80 Gyr (output 1 of 1)
067:     <- Finished tree
072:         Output tree data at t=13.80 Gyr (output 1 of 1)
072:     <- Finished tree
071:     -> Evolving tree number 7881 {1}
030:         Output tree data at t=13.80 Gyr (output 1 of 1)
030:     <- Finished tree
067:     -> Evolving tree number 8525 {1}
072:     -> Evolving tree number 8008 {1}
004:         Output tree data at t=13.80 Gyr (output 1 of 1)
004:     <- Finished tree
004:     Progress: 1917 trees processed; elapsed 12.23 h
026:         Output tree data at t=13.80 Gyr (output 1 of 1)
026:     <- Finished tree
030:     -> Evolving tree number 7666 {1}
026:     -> Evolving tree number 7670 {1}
003:         Output tree data at t=13.80 Gyr (output 1 of 1)
003:     <- Finished tree
004:     -> Evolving tree number 7436 {1}
003:     -> Evolving tree number 7949 {1}
106:         Output tree data at t=13.80 Gyr (output 1 of 1)
106:     <- Finished tree
106:     -> Evolving tree number 7590 {1}
053:         Output tree data at t=13.80 Gyr (output 1 of 1)
053:     <- Finished tree
053:     Progress: 1921 trees processed; elapsed 12.27 h
035:         Output tree data at t=13.80 Gyr (output 1 of 1)
035:     <- Finished tree
016:         Output tree data at t=13.80 Gyr (output 1 of 1)
016:     <- Finished tree
053:     -> Evolving tree number 8283 {1}
016:     -> Evolving tree number 7680 {1}
081:         Output tree data at t=13.80 Gyr (output 1 of 1)
081:     <- Finished tree
035:     -> Evolving tree number 7661 {1}
081:     -> Evolving tree number 7487 {1}
118:         Output tree data at t=13.80 Gyr (output 1 of 1)
118:     <- Finished tree
118:     -> Evolving tree number 7834 {1}
122:         Output tree data at t=13.80 Gyr (output 1 of 1)
122:     <- Finished tree
122:     Progress: 1926 trees processed; elapsed 12.29 h
011:         Output tree data at t=13.80 Gyr (output 1 of 1)
011:     <- Finished tree
059:         Output tree data at t=13.80 Gyr (output 1 of 1)
059:     <- Finished tree
011:     -> Evolving tree number 7685 {1}
122:     -> Evolving tree number 7318 {1}
059:     -> Evolving tree number 7637 {1}
107:         Output tree data at t=13.80 Gyr (output 1 of 1)
107:     <- Finished tree
107:     Progress: 1929 trees processed; elapsed 12.32 h
069:         Output tree data at t=13.80 Gyr (output 1 of 1)
069:     <- Finished tree
107:     -> Evolving tree number 7973 {1}
069:     -> Evolving tree number 7627 {1}
060:         Output tree data at t=13.80 Gyr (output 1 of 1)
060:     <- Finished tree
093:         Output tree data at t=13.80 Gyr (output 1 of 1)
093:     <- Finished tree
060:     -> Evolving tree number 7764 {1}
093:     -> Evolving tree number 7603 {1}
087:         Output tree data at t=13.80 Gyr (output 1 of 1)
087:     <- Finished tree
014:         Output tree data at t=13.80 Gyr (output 1 of 1)
014:     <- Finished tree
014:     Progress: 1934 trees processed; elapsed 12.35 h
062:         Output tree data at t=13.80 Gyr (output 1 of 1)
062:     <- Finished tree
080:         Output tree data at t=13.80 Gyr (output 1 of 1)
080:     <- Finished tree
014:     -> Evolving tree number 8066 {1}
126:         Output tree data at t=13.80 Gyr (output 1 of 1)
126:     <- Finished tree
062:     -> Evolving tree number 8146 {1}
019:         Output tree data at t=13.80 Gyr (output 1 of 1)
019:     <- Finished tree
104:         Output tree data at t=13.80 Gyr (output 1 of 1)
104:     <- Finished tree
087:     -> Evolving tree number 8505 {1}
104:     -> Evolving tree number 7720 {1}
065:         Output tree data at t=13.80 Gyr (output 1 of 1)
065:     <- Finished tree
055:         Output tree data at t=13.80 Gyr (output 1 of 1)
055:     <- Finished tree
055:     Progress: 1941 trees processed; elapsed 12.37 h
065:     -> Evolving tree number 7631 {1}
126:     -> Evolving tree number 8210 {1}
080:     -> Evolving tree number 7872 {1}
055:     -> Evolving tree number 8025 {1}
019:     -> Evolving tree number 8061 {1}
036:         Output tree data at t=13.80 Gyr (output 1 of 1)
036:     <- Finished tree
092:         Output tree data at t=13.80 Gyr (output 1 of 1)
092:     <- Finished tree
092:     Progress: 1943 trees processed; elapsed 12.39 h
090:         Output tree data at t=13.80 Gyr (output 1 of 1)
090:     <- Finished tree
092:     -> Evolving tree number 7220 {1}
096:         Output tree data at t=13.80 Gyr (output 1 of 1)
096:     <- Finished tree
036:     -> Evolving tree number 7532 {1}
008:         Output tree data at t=13.80 Gyr (output 1 of 1)
008:     <- Finished tree
096:     -> Evolving tree number 7984 {1}
090:     -> Evolving tree number 7862 {1}
008:     -> Evolving tree number 8200 {1}
113:         Output tree data at t=13.80 Gyr (output 1 of 1)
113:     <- Finished tree
113:     Progress: 1947 trees processed; elapsed 12.40 h
013:         Output tree data at t=13.80 Gyr (output 1 of 1)
013:     <- Finished tree
113:     -> Evolving tree number 7839 {1}
013:     -> Evolving tree number 7555 {1}
123:         Output tree data at t=13.80 Gyr (output 1 of 1)
123:     <- Finished tree
038:         Output tree data at t=13.80 Gyr (output 1 of 1)
038:     <- Finished tree
109:         Output tree data at t=13.80 Gyr (output 1 of 1)
109:     <- Finished tree
111:         Output tree data at t=13.80 Gyr (output 1 of 1)
111:     <- Finished tree
123:     -> Evolving tree number 7957 {1}
038:     -> Evolving tree number 7786 {1}
075:         Output tree data at t=13.80 Gyr (output 1 of 1)
075:     <- Finished tree
109:     -> Evolving tree number 8099 {1}
025:         Output tree data at t=13.80 Gyr (output 1 of 1)
025:     <- Finished tree
025:     Progress: 1954 trees processed; elapsed 12.42 h
025:     -> Evolving tree number 8439 {1}
028:         Output tree data at t=13.80 Gyr (output 1 of 1)
028:     <- Finished tree
028:     -> Evolving tree number 7796 {1}
075:     -> Evolving tree number 7877 {1}
084:         Output tree data at t=13.80 Gyr (output 1 of 1)
084:     <- Finished tree
084:     Progress: 1956 trees processed; elapsed 12.44 h
098:         Output tree data at t=13.80 Gyr (output 1 of 1)
098:     <- Finished tree
111:     -> Evolving tree number 7457 {1}
098:     -> Evolving tree number 8110 {1}
083:         Output tree data at t=13.80 Gyr (output 1 of 1)
083:     <- Finished tree
000:         Output tree data at t=13.80 Gyr (output 1 of 1)
000:     <- Finished tree
000:     Progress: 1959 trees processed; elapsed 12.46 h
091:         Output tree data at t=13.80 Gyr (output 1 of 1)
091:     <- Finished tree
083:     -> Evolving tree number 8253 {1}
117:         Output tree data at t=13.80 Gyr (output 1 of 1)
117:     <- Finished tree
000:     -> Evolving tree number 7568 {1}
046:         Output tree data at t=13.80 Gyr (output 1 of 1)
046:     <- Finished tree
120:         Output tree data at t=13.80 Gyr (output 1 of 1)
120:     <- Finished tree
120:     -> Evolving tree number 7576 {1}
046:     -> Evolving tree number 8162 {1}
084:     -> Evolving tree number 7868 {1}
051:         Output tree data at t=13.80 Gyr (output 1 of 1)
051:     <- Finished tree
091:     -> Evolving tree number 7477 {1}
051:     -> Evolving tree number 8413 {1}
117:     -> Evolving tree number 7835 {1}
012:         Output tree data at t=13.80 Gyr (output 1 of 1)
012:     <- Finished tree
012:     Progress: 1965 trees processed; elapsed 12.48 h
086:         Output tree data at t=13.80 Gyr (output 1 of 1)
086:     <- Finished tree
012:     -> Evolving tree number 8324 {1}
086:     -> Evolving tree number 7738 {1}
064:         Output tree data at t=13.80 Gyr (output 1 of 1)
064:     <- Finished tree
031:         Output tree data at t=13.80 Gyr (output 1 of 1)
031:     <- Finished tree
031:     Progress: 1968 trees processed; elapsed 12.50 h
022:         Output tree data at t=13.80 Gyr (output 1 of 1)
022:     <- Finished tree
040:         Output tree data at t=13.80 Gyr (output 1 of 1)
040:     <- Finished tree
024:         Output tree data at t=13.80 Gyr (output 1 of 1)
024:     <- Finished tree
064:     -> Evolving tree number 7760 {1}
040:     -> Evolving tree number 8296 {1}
024:     -> Evolving tree number 7544 {1}
022:     -> Evolving tree number 7674 {1}
031:     -> Evolving tree number 7921 {1}
112:         Output tree data at t=13.80 Gyr (output 1 of 1)
112:     <- Finished tree
112:     Progress: 1972 trees processed; elapsed 12.52 h
112:     -> Evolving tree number 7456 {1}
094:         Output tree data at t=13.80 Gyr (output 1 of 1)
094:     <- Finished tree
094:     -> Evolving tree number 7986 {1}
063:         Output tree data at t=13.80 Gyr (output 1 of 1)
063:     <- Finished tree
063:     Progress: 1974 trees processed; elapsed 12.56 h
063:     -> Evolving tree number 7889 {1}
050:         Output tree data at t=13.80 Gyr (output 1 of 1)
050:     <- Finished tree
050:     Progress: 1975 trees processed; elapsed 12.58 h
050:     -> Evolving tree number 8158 {1}
108:         Output tree data at t=13.80 Gyr (output 1 of 1)
108:     <- Finished tree
061:         Output tree data at t=13.80 Gyr (output 1 of 1)
061:     <- Finished tree
061:     Progress: 1977 trees processed; elapsed 12.60 h
061:     -> Evolving tree number 8019 {1}
044:         Output tree data at t=13.80 Gyr (output 1 of 1)
044:     <- Finished tree
006:         Output tree data at t=13.80 Gyr (output 1 of 1)
006:     <- Finished tree
108:     -> Evolving tree number 7588 {1}
006:     -> Evolving tree number 8202 {1}
044:     -> Evolving tree number 8292 {1}
043:         Output tree data at t=13.80 Gyr (output 1 of 1)
043:     <- Finished tree
043:     Progress: 1980 trees processed; elapsed 12.63 h
121:         Output tree data at t=13.80 Gyr (output 1 of 1)
121:     <- Finished tree
034:         Output tree data at t=13.80 Gyr (output 1 of 1)
034:     <- Finished tree
121:     -> Evolving tree number 7191 {1}
033:         Output tree data at t=13.80 Gyr (output 1 of 1)
033:     <- Finished tree
033:     -> Evolving tree number 7791 {1}
066:         Output tree data at t=13.80 Gyr (output 1 of 1)
066:     <- Finished tree
034:     -> Evolving tree number 7918 {1}
066:     -> Evolving tree number 7886 {1}
043:     -> Evolving tree number 7781 {1}
069:         Output tree data at t=13.80 Gyr (output 1 of 1)
069:     <- Finished tree
069:     Progress: 1985 trees processed; elapsed 12.66 h
018:         Output tree data at t=13.80 Gyr (output 1 of 1)
018:     <- Finished tree
032:         Output tree data at t=13.80 Gyr (output 1 of 1)
032:     <- Finished tree
037:         Output tree data at t=13.80 Gyr (output 1 of 1)
037:     <- Finished tree
069:     -> Evolving tree number 7499 {1}
037:     -> Evolving tree number 8043 {1}
032:     -> Evolving tree number 7536 {1}
056:         Output tree data at t=13.80 Gyr (output 1 of 1)
056:     <- Finished tree
077:         Output tree data at t=13.80 Gyr (output 1 of 1)
077:     <- Finished tree
119:         Output tree data at t=13.80 Gyr (output 1 of 1)
119:     <- Finished tree
018:     -> Evolving tree number 7678 {1}
056:     -> Evolving tree number 8024 {1}
077:     -> Evolving tree number 7875 {1}
045:         Output tree data at t=13.80 Gyr (output 1 of 1)
045:     <- Finished tree
045:     Progress: 1992 trees processed; elapsed 12.69 h
119:     -> Evolving tree number 7833 {1}
026:         Output tree data at t=13.80 Gyr (output 1 of 1)
026:     <- Finished tree
045:     -> Evolving tree number 8163 {1}
124:         Output tree data at t=13.80 Gyr (output 1 of 1)
124:     <- Finished tree
026:     -> Evolving tree number 7542 {1}
127:         Output tree data at t=13.80 Gyr (output 1 of 1)
127:     <- Finished tree
124:     -> Evolving tree number 7572 {1}
015:         Output tree data at t=13.80 Gyr (output 1 of 1)
015:     <- Finished tree
029:         Output tree data at t=13.80 Gyr (output 1 of 1)
029:     <- Finished tree
127:     -> Evolving tree number 7185 {1}
015:     -> Evolving tree number 7681 {1}
089:         Output tree data at t=13.80 Gyr (output 1 of 1)
089:     <- Finished tree
089:     -> Evolving tree number 7863 {1}
029:     -> Evolving tree number 8307 {1}
057:         Output tree data at t=13.80 Gyr (output 1 of 1)
057:     <- Finished tree
057:     Progress: 1999 trees processed; elapsed 12.72 h
010:         Output tree data at t=13.80 Gyr (output 1 of 1)
010:     <- Finished tree
078:         Output tree data at t=13.80 Gyr (output 1 of 1)
078:     <- Finished tree
010:     -> Evolving tree number 8198 {1}
057:     -> Evolving tree number 8151 {1}
078:     -> Evolving tree number 8002 {1}
082:         Output tree data at t=13.80 Gyr (output 1 of 1)
082:     <- Finished tree
082:     Progress: 2002 trees processed; elapsed 12.74 h
081:         Output tree data at t=13.80 Gyr (output 1 of 1)
081:     <- Finished tree
082:     -> Evolving tree number 7742 {1}
081:     -> Evolving tree number 7359 {1}
068:         Output tree data at t=13.80 Gyr (output 1 of 1)
068:     <- Finished tree
068:     Progress: 2004 trees processed; elapsed 12.76 h
035:         Output tree data at t=13.80 Gyr (output 1 of 1)
035:     <- Finished tree
068:     -> Evolving tree number 8012 {1}
035:     -> Evolving tree number 7533 {1}
009:         Output tree data at t=13.80 Gyr (output 1 of 1)
009:     <- Finished tree
009:     Progress: 2006 trees processed; elapsed 12.79 h
073:         Output tree data at t=13.80 Gyr (output 1 of 1)
073:     <- Finished tree
009:     -> Evolving tree number 8071 {1}
011:         Output tree data at t=13.80 Gyr (output 1 of 1)
011:     <- Finished tree
011:     -> Evolving tree number 7557 {1}
073:     -> Evolving tree number 8135 {1}
079:         Output tree data at t=13.80 Gyr (output 1 of 1)
079:     <- Finished tree
079:     -> Evolving tree number 8385 {1}
048:         Output tree data at t=13.80 Gyr (output 1 of 1)
048:     <- Finished tree
048:     Progress: 2010 trees processed; elapsed 12.80 h
048:     -> Evolving tree number 7648 {1}
054:         Output tree data at t=13.80 Gyr (output 1 of 1)
054:     <- Finished tree
054:     -> Evolving tree number 7642 {1}
114:         Output tree data at t=13.80 Gyr (output 1 of 1)
114:     <- Finished tree
114:     Progress: 2012 trees processed; elapsed 12.82 h
004:         Output tree data at t=13.80 Gyr (output 1 of 1)
004:     <- Finished tree
004:     Progress: 2013 trees processed; elapsed 12.84 h
016:         Output tree data at t=13.80 Gyr (output 1 of 1)
016:     <- Finished tree
114:     -> Evolving tree number 7582 {1}
099:         Output tree data at t=13.80 Gyr (output 1 of 1)
099:     <- Finished tree
016:     -> Evolving tree number 7552 {1}
099:     -> Evolving tree number 8109 {1}
004:     -> Evolving tree number 7308 {1}
110:         Output tree data at t=13.80 Gyr (output 1 of 1)
110:     <- Finished tree
110:     Progress: 2016 trees processed; elapsed 12.86 h
111:         Output tree data at t=13.80 Gyr (output 1 of 1)
111:     <- Finished tree
110:     -> Evolving tree number 7842 {1}
049:         Output tree data at t=13.80 Gyr (output 1 of 1)
049:     <- Finished tree
049:     -> Evolving tree number 8031 {1}
100:         Output tree data at t=13.80 Gyr (output 1 of 1)
100:     <- Finished tree
100:     Progress: 2019 trees processed; elapsed 12.88 h
111:     -> Evolving tree number 7329 {1}
100:     -> Evolving tree number 7596 {1}
071:         Output tree data at t=13.80 Gyr (output 1 of 1)
071:     <- Finished tree
106:         Output tree data at t=13.80 Gyr (output 1 of 1)
106:     <- Finished tree
071:     -> Evolving tree number 7753 {1}
106:     -> Evolving tree number 7462 {1}
118:         Output tree data at t=13.80 Gyr (output 1 of 1)
118:     <- Finished tree
118:     Progress: 2022 trees processed; elapsed 12.90 h
060:         Output tree data at t=13.80 Gyr (output 1 of 1)
060:     <- Finished tree
118:     -> Evolving tree number 7706 {1}
123:         Output tree data at t=13.80 Gyr (output 1 of 1)
123:     <- Finished tree
074:         Output tree data at t=13.80 Gyr (output 1 of 1)
074:     <- Finished tree
060:     -> Evolving tree number 7636 {1}
074:     -> Evolving tree number 8134 {1}
123:     -> Evolving tree number 7829 {1}
030:         Output tree data at t=13.80 Gyr (output 1 of 1)
030:     <- Finished tree
058:         Output tree data at t=13.80 Gyr (output 1 of 1)
058:     <- Finished tree
058:     Progress: 2027 trees processed; elapsed 12.92 h
005:         Output tree data at t=13.80 Gyr (output 1 of 1)
005:     <- Finished tree
062:         Output tree data at t=13.80 Gyr (output 1 of 1)
062:     <- Finished tree
030:     -> Evolving tree number 7538 {1}
062:     -> Evolving tree number 8018 {1}
058:     -> Evolving tree number 7638 {1}
070:         Output tree data at t=13.80 Gyr (output 1 of 1)
070:     <- Finished tree
046:         Output tree data at t=13.80 Gyr (output 1 of 1)
046:     <- Finished tree
039:         Output tree data at t=13.80 Gyr (output 1 of 1)
039:     <- Finished tree
070:     -> Evolving tree number 7498 {1}
046:     -> Evolving tree number 8034 {1}
039:     -> Evolving tree number 7785 {1}
092:         Output tree data at t=13.80 Gyr (output 1 of 1)
092:     <- Finished tree
092:     Progress: 2033 trees processed; elapsed 12.94 h
036:         Output tree data at t=13.80 Gyr (output 1 of 1)
036:     <- Finished tree
036:     -> Evolving tree number 7404 {1}
090:         Output tree data at t=13.80 Gyr (output 1 of 1)
090:     <- Finished tree
047:         Output tree data at t=13.80 Gyr (output 1 of 1)
047:     <- Finished tree
092:     -> Evolving tree number 7092 {1}
005:     -> Evolving tree number 8203 {1}
090:     -> Evolving tree number 7734 {1}
041:         Output tree data at t=13.80 Gyr (output 1 of 1)
041:     <- Finished tree
041:     -> Evolving tree number 7911 {1}
067:         Output tree data at t=13.80 Gyr (output 1 of 1)
067:     <- Finished tree
067:     Progress: 2038 trees processed; elapsed 12.96 h
075:         Output tree data at t=13.80 Gyr (output 1 of 1)
075:     <- Finished tree
075:     -> Evolving tree number 7749 {1}
067:     -> Evolving tree number 8397 {1}
115:         Output tree data at t=13.80 Gyr (output 1 of 1)
115:     <- Finished tree
001:         Output tree data at t=13.80 Gyr (output 1 of 1)
001:     <- Finished tree
001:     Progress: 2041 trees processed; elapsed 12.98 h
115:     -> Evolving tree number 8221 {1}
047:     -> Evolving tree number 8417 {1}
001:     -> Evolving tree number 8207 {1}
116:         Output tree data at t=13.80 Gyr (output 1 of 1)
116:     <- Finished tree
038:         Output tree data at t=13.80 Gyr (output 1 of 1)
038:     <- Finished tree
096:         Output tree data at t=13.80 Gyr (output 1 of 1)
096:     <- Finished tree
116:     -> Evolving tree number 7836 {1}
038:     -> Evolving tree number 7658 {1}
096:     -> Evolving tree number 7856 {1}
028:         Output tree data at t=13.80 Gyr (output 1 of 1)
028:     <- Finished tree
028:     Progress: 2045 trees processed; elapsed 13.00 h
028:     -> Evolving tree number 7668 {1}
013:         Output tree data at t=13.80 Gyr (output 1 of 1)
013:     <- Finished tree
085:         Output tree data at t=13.80 Gyr (output 1 of 1)
085:     <- Finished tree
095:         Output tree data at t=13.80 Gyr (output 1 of 1)
095:     <- Finished tree
085:     -> Evolving tree number 8123 {1}
095:     -> Evolving tree number 7729 {1}
007:         Output tree data at t=13.80 Gyr (output 1 of 1)
007:     <- Finished tree
007:     Progress: 2049 trees processed; elapsed 13.02 h
013:     -> Evolving tree number 7427 {1}
007:     -> Evolving tree number 7689 {1}
122:         Output tree data at t=13.80 Gyr (output 1 of 1)
122:     <- Finished tree
097:         Output tree data at t=13.80 Gyr (output 1 of 1)
097:     <- Finished tree
101:         Output tree data at t=13.80 Gyr (output 1 of 1)
101:     <- Finished tree
122:     -> Evolving tree number 7190 {1}
097:     -> Evolving tree number 8367 {1}
101:     -> Evolving tree number 7979 {1}
088:         Output tree data at t=13.80 Gyr (output 1 of 1)
088:     <- Finished tree
088:     Progress: 2053 trees processed; elapsed 13.04 h
002:         Output tree data at t=13.80 Gyr (output 1 of 1)
002:     <- Finished tree
088:     -> Evolving tree number 8120 {1}
002:     -> Evolving tree number 8078 {1}
072:         Output tree data at t=13.80 Gyr (output 1 of 1)
072:     <- Finished tree
072:     -> Evolving tree number 7880 {1}
055:         Output tree data at t=13.80 Gyr (output 1 of 1)
055:     <- Finished tree
055:     Progress: 2056 trees processed; elapsed 13.06 h
055:     -> Evolving tree number 7897 {1}
125:         Output tree data at t=13.80 Gyr (output 1 of 1)
125:     <- Finished tree
076:         Output tree data at t=13.80 Gyr (output 1 of 1)
076:     <- Finished tree
017:         Output tree data at t=13.80 Gyr (output 1 of 1)
017:     <- Finished tree
125:     -> Evolving tree number 7571 {1}
093:         Output tree data at t=13.80 Gyr (output 1 of 1)
093:     <- Finished tree
094:         Output tree data at t=13.80 Gyr (output 1 of 1)
094:     <- Finished tree
017:     -> Evolving tree number 8319 {1}
102:         Output tree data at t=13.80 Gyr (output 1 of 1)
102:     <- Finished tree
065:         Output tree data at t=13.80 Gyr (output 1 of 1)
065:     <- Finished tree
094:     -> Evolving tree number 7858 {1}
093:     -> Evolving tree number 7475 {1}
102:     -> Evolving tree number 8362 {1}
103:         Output tree data at t=13.80 Gyr (output 1 of 1)
103:     <- Finished tree
103:     Progress: 2064 trees processed; elapsed 13.07 h
103:     -> Evolving tree number 8105 {1}
098:         Output tree data at t=13.80 Gyr (output 1 of 1)
098:     <- Finished tree
076:     -> Evolving tree number 7748 {1}
105:         Output tree data at t=13.80 Gyr (output 1 of 1)
105:     <- Finished tree
065:     -> Evolving tree number 7503 {1}
033:         Output tree data at t=13.80 Gyr (output 1 of 1)
033:     <- Finished tree
033:     Progress: 2067 trees processed; elapsed 13.10 h
021:         Output tree data at t=13.80 Gyr (output 1 of 1)
021:     <- Finished tree
098:     -> Evolving tree number 7982 {1}
033:     -> Evolving tree number 7663 {1}
021:     -> Evolving tree number 7931 {1}
020:         Output tree data at t=13.80 Gyr (output 1 of 1)
020:     <- Finished tree
105:     -> Evolving tree number 7975 {1}
020:     -> Evolving tree number 8188 {1}
109:         Output tree data at t=13.80 Gyr (output 1 of 1)
109:     <- Finished tree
109:     -> Evolving tree number 7971 {1}
027:         Output tree data at t=13.80 Gyr (output 1 of 1)
027:     <- Finished tree
027:     Progress: 2071 trees processed; elapsed 13.12 h
063:         Output tree data at t=13.80 Gyr (output 1 of 1)
063:     <- Finished tree
027:     -> Evolving tree number 7925 {1}
063:     -> Evolving tree number 7761 {1}
019:         Output tree data at t=13.80 Gyr (output 1 of 1)
019:     <- Finished tree
019:     Progress: 2073 trees processed; elapsed 13.14 h
019:     -> Evolving tree number 7933 {1}
026:         Output tree data at t=13.80 Gyr (output 1 of 1)
026:     <- Finished tree
012:         Output tree data at t=13.80 Gyr (output 1 of 1)
012:     <- Finished tree
026:     -> Evolving tree number 7414 {1}
113:         Output tree data at t=13.80 Gyr (output 1 of 1)
113:     <- Finished tree
012:     -> Evolving tree number 8196 {1}
061:         Output tree data at t=13.80 Gyr (output 1 of 1)
061:     <- Finished tree
061:     Progress: 2077 trees processed; elapsed 13.17 h
061:     -> Evolving tree number 7891 {1}
059:         Output tree data at t=13.80 Gyr (output 1 of 1)
059:     <- Finished tree
059:     -> Evolving tree number 7509 {1}
084:         Output tree data at t=13.80 Gyr (output 1 of 1)
084:     <- Finished tree
084:     Progress: 2079 trees processed; elapsed 13.18 h
113:     -> Evolving tree number 7711 {1}
084:     -> Evolving tree number 7740 {1}
024:         Output tree data at t=13.80 Gyr (output 1 of 1)
024:     <- Finished tree
023:         Output tree data at t=13.80 Gyr (output 1 of 1)
023:     <- Finished tree
104:         Output tree data at t=13.80 Gyr (output 1 of 1)
104:     <- Finished tree
120:         Output tree data at t=13.80 Gyr (output 1 of 1)
120:     <- Finished tree
024:     -> Evolving tree number 7416 {1}
023:     -> Evolving tree number 8057 {1}
120:     -> Evolving tree number 7448 {1}
068:         Output tree data at t=13.80 Gyr (output 1 of 1)
068:     <- Finished tree
068:     Progress: 2084 trees processed; elapsed 13.20 h
104:     -> Evolving tree number 7592 {1}
008:         Output tree data at t=13.80 Gyr (output 1 of 1)
008:     <- Finished tree
124:         Output tree data at t=13.80 Gyr (output 1 of 1)
124:     <- Finished tree
068:     -> Evolving tree number 7884 {1}
000:         Output tree data at t=13.80 Gyr (output 1 of 1)
000:     <- Finished tree
008:     -> Evolving tree number 8072 {1}
081:         Output tree data at t=13.80 Gyr (output 1 of 1)
081:     <- Finished tree
124:     -> Evolving tree number 7444 {1}
003:         Output tree data at t=13.80 Gyr (output 1 of 1)
003:     <- Finished tree
081:     -> Evolving tree number 7231 {1}
050:         Output tree data at t=13.80 Gyr (output 1 of 1)
050:     <- Finished tree
000:     -> Evolving tree number 7440 {1}
003:     -> Evolving tree number 7821 {1}
112:         Output tree data at t=13.80 Gyr (output 1 of 1)
112:     <- Finished tree
112:     Progress: 2091 trees processed; elapsed 13.22 h
050:     -> Evolving tree number 8030 {1}
112:     -> Evolving tree number 7328 {1}
107:         Output tree data at t=13.80 Gyr (output 1 of 1)
107:     <- Finished tree
069:         Output tree data at t=13.80 Gyr (output 1 of 1)
069:     <- Finished tree
107:     -> Evolving tree number 7845 {1}
051:         Output tree data at t=13.80 Gyr (output 1 of 1)
051:     <- Finished tree
051:     Progress: 2094 trees processed; elapsed 13.24 h
069:     -> Evolving tree number 7371 {1}
091:         Output tree data at t=13.80 Gyr (output 1 of 1)
091:     <- Finished tree
051:     -> Evolving tree number 8285 {1}
053:         Output tree data at t=13.80 Gyr (output 1 of 1)
053:     <- Finished tree
053:     -> Evolving tree number 8155 {1}
052:         Output tree data at t=13.80 Gyr (output 1 of 1)
052:     <- Finished tree
052:     Progress: 2097 trees processed; elapsed 13.26 h
091:     -> Evolving tree number 7349 {1}
056:         Output tree data at t=13.80 Gyr (output 1 of 1)
056:     <- Finished tree
014:         Output tree data at t=13.80 Gyr (output 1 of 1)
014:     <- Finished tree
015:         Output tree data at t=13.80 Gyr (output 1 of 1)
015:     <- Finished tree
014:     -> Evolving tree number 7938 {1}
043:         Output tree data at t=13.80 Gyr (output 1 of 1)
043:     <- Finished tree
119:         Output tree data at t=13.80 Gyr (output 1 of 1)
119:     <- Finished tree
043:     -> Evolving tree number 7653 {1}
054:         Output tree data at t=13.80 Gyr (output 1 of 1)
054:     <- Finished tree
054:     Progress: 2103 trees processed; elapsed 13.28 h
052:     -> Evolving tree number 7900 {1}
119:     -> Evolving tree number 7705 {1}
054:     -> Evolving tree number 7514 {1}
018:         Output tree data at t=13.80 Gyr (output 1 of 1)
018:     <- Finished tree
056:     -> Evolving tree number 7896 {1}
018:     -> Evolving tree number 7550 {1}
015:     -> Evolving tree number 7553 {1}
089:         Output tree data at t=13.80 Gyr (output 1 of 1)
089:     <- Finished tree
016:         Output tree data at t=13.80 Gyr (output 1 of 1)
016:     <- Finished tree
016:     Progress: 2106 trees processed; elapsed 13.30 h
087:         Output tree data at t=13.80 Gyr (output 1 of 1)
087:     <- Finished tree
108:         Output tree data at t=13.80 Gyr (output 1 of 1)
108:     <- Finished tree
100:         Output tree data at t=13.80 Gyr (output 1 of 1)
100:     <- Finished tree
121:         Output tree data at t=13.80 Gyr (output 1 of 1)
121:     <- Finished tree
087:     -> Evolving tree number 8377 {1}
121:     -> Evolving tree number 7063 {1}
016:     -> Evolving tree number 7424 {1}
100:     -> Evolving tree number 7468 {1}
032:         Output tree data at t=13.80 Gyr (output 1 of 1)
032:     <- Finished tree
032:     Progress: 2111 trees processed; elapsed 13.32 h
022:         Output tree data at t=13.80 Gyr (output 1 of 1)
022:     <- Finished tree
032:     -> Evolving tree number 7408 {1}
089:     -> Evolving tree number 7735 {1}
040:         Output tree data at t=13.80 Gyr (output 1 of 1)
040:     <- Finished tree
022:     -> Evolving tree number 7546 {1}
030:         Output tree data at t=13.80 Gyr (output 1 of 1)
030:     <- Finished tree
117:         Output tree data at t=13.80 Gyr (output 1 of 1)
117:     <- Finished tree
086:         Output tree data at t=13.80 Gyr (output 1 of 1)
086:     <- Finished tree
111:         Output tree data at t=13.80 Gyr (output 1 of 1)
111:     <- Finished tree
030:     -> Evolving tree number 7410 {1}
108:     -> Evolving tree number 7460 {1}
111:     -> Evolving tree number 7201 {1}
086:     -> Evolving tree number 7610 {1}
117:     -> Evolving tree number 7707 {1}
074:         Output tree data at t=13.80 Gyr (output 1 of 1)
074:     <- Finished tree
074:     Progress: 2118 trees processed; elapsed 13.34 h
040:     -> Evolving tree number 8168 {1}
078:         Output tree data at t=13.80 Gyr (output 1 of 1)
078:     <- Finished tree
082:         Output tree data at t=13.80 Gyr (output 1 of 1)
082:     <- Finished tree
064:         Output tree data at t=13.80 Gyr (output 1 of 1)
064:     <- Finished tree
078:     -> Evolving tree number 7874 {1}
064:     -> Evolving tree number 7632 {1}
082:     -> Evolving tree number 7614 {1}
048:         Output tree data at t=13.80 Gyr (output 1 of 1)
048:     <- Finished tree
048:     Progress: 2122 trees processed; elapsed 13.35 h
011:         Output tree data at t=13.80 Gyr (output 1 of 1)
011:     <- Finished tree
074:     -> Evolving tree number 8006 {1}
011:     -> Evolving tree number 7429 {1}
114:         Output tree data at t=13.80 Gyr (output 1 of 1)
114:     <- Finished tree
035:         Output tree data at t=13.80 Gyr (output 1 of 1)
035:     <- Finished tree
037:         Output tree data at t=13.80 Gyr (output 1 of 1)
037:     <- Finished tree
037:     Progress: 2126 trees processed; elapsed 13.37 h
127:         Output tree data at t=13.80 Gyr (output 1 of 1)
127:     <- Finished tree
037:     -> Evolving tree number 7915 {1}
127:     -> Evolving tree number 7057 {1}
004:         Output tree data at t=13.80 Gyr (output 1 of 1)
004:     <- Finished tree
114:     -> Evolving tree number 7454 {1}
048:     -> Evolving tree number 7520 {1}
004:     -> Evolving tree number 7180 {1}
077:         Output tree data at t=13.80 Gyr (output 1 of 1)
077:     <- Finished tree
077:     -> Evolving tree number 7747 {1}
115:         Output tree data at t=13.80 Gyr (output 1 of 1)
115:     <- Finished tree
115:     Progress: 2130 trees processed; elapsed 13.39 h
035:     -> Evolving tree number 7405 {1}
075:         Output tree data at t=13.80 Gyr (output 1 of 1)
075:     <- Finished tree
115:     -> Evolving tree number 8093 {1}
075:     -> Evolving tree number 7621 {1}
042:         Output tree data at t=13.80 Gyr (output 1 of 1)
042:     <- Finished tree
062:         Output tree data at t=13.80 Gyr (output 1 of 1)
062:     <- Finished tree
062:     Progress: 2133 trees processed; elapsed 13.41 h
042:     -> Evolving tree number 8038 {1}
062:     -> Evolving tree number 7890 {1}
031:         Output tree data at t=13.80 Gyr (output 1 of 1)
031:     <- Finished tree
083:         Output tree data at t=13.80 Gyr (output 1 of 1)
083:     <- Finished tree
031:     -> Evolving tree number 7793 {1}
083:     -> Evolving tree number 8125 {1}
080:         Output tree data at t=13.80 Gyr (output 1 of 1)
080:     <- Finished tree
080:     Progress: 2136 trees processed; elapsed 13.46 h
006:         Output tree data at t=13.80 Gyr (output 1 of 1)
006:     <- Finished tree
006:     -> Evolving tree number 8074 {1}
066:         Output tree data at t=13.80 Gyr (output 1 of 1)
066:     <- Finished tree
080:     -> Evolving tree number 7744 {1}
066:     -> Evolving tree number 7758 {1}
013:         Output tree data at t=13.80 Gyr (output 1 of 1)
013:     <- Finished tree
013:     Progress: 2139 trees processed; elapsed 13.49 h
038:         Output tree data at t=13.80 Gyr (output 1 of 1)
038:     <- Finished tree
013:     -> Evolving tree number 7299 {1}
045:         Output tree data at t=13.80 Gyr (output 1 of 1)
045:     <- Finished tree
038:     -> Evolving tree number 7530 {1}
045:     -> Evolving tree number 8035 {1}
125:         Output tree data at t=13.80 Gyr (output 1 of 1)
125:     <- Finished tree
125:     Progress: 2142 trees processed; elapsed 13.51 h
093:         Output tree data at t=13.80 Gyr (output 1 of 1)
093:     <- Finished tree
110:         Output tree data at t=13.80 Gyr (output 1 of 1)
110:     <- Finished tree
090:         Output tree data at t=13.80 Gyr (output 1 of 1)
090:     <- Finished tree
110:     -> Evolving tree number 7714 {1}
125:     -> Evolving tree number 7443 {1}
090:     -> Evolving tree number 7606 {1}
093:     -> Evolving tree number 7347 {1}
126:         Output tree data at t=13.80 Gyr (output 1 of 1)
126:     <- Finished tree
126:     Progress: 2146 trees processed; elapsed 13.53 h
126:     -> Evolving tree number 8082 {1}
009:         Output tree data at t=13.80 Gyr (output 1 of 1)
009:     <- Finished tree
046:         Output tree data at t=13.80 Gyr (output 1 of 1)
046:     <- Finished tree
009:     -> Evolving tree number 7943 {1}
044:         Output tree data at t=13.80 Gyr (output 1 of 1)
044:     <- Finished tree
058:         Output tree data at t=13.80 Gyr (output 1 of 1)
058:     <- Finished tree
044:     -> Evolving tree number 8164 {1}
046:     -> Evolving tree number 7906 {1}
058:     -> Evolving tree number 7510 {1}
025:         Output tree data at t=13.80 Gyr (output 1 of 1)
025:     <- Finished tree
025:     Progress: 2151 trees processed; elapsed 13.55 h
025:     -> Evolving tree number 8311 {1}
029:         Output tree data at t=13.80 Gyr (output 1 of 1)
029:     <- Finished tree
070:         Output tree data at t=13.80 Gyr (output 1 of 1)
070:     <- Finished tree
029:     -> Evolving tree number 8179 {1}
070:     -> Evolving tree number 7370 {1}
036:         Output tree data at t=13.80 Gyr (output 1 of 1)
036:     <- Finished tree
036:     Progress: 2154 trees processed; elapsed 13.57 h
096:         Output tree data at t=13.80 Gyr (output 1 of 1)
096:     <- Finished tree
057:         Output tree data at t=13.80 Gyr (output 1 of 1)
057:     <- Finished tree
096:     -> Evolving tree number 7728 {1}
057:     -> Evolving tree number 8023 {1}
036:     -> Evolving tree number 7276 {1}
039:         Output tree data at t=13.80 Gyr (output 1 of 1)
039:     <- Finished tree
073:         Output tree data at t=13.80 Gyr (output 1 of 1)
073:     <- Finished tree
073:     Progress: 2158 trees processed; elapsed 13.59 h
041:         Output tree data at t=13.80 Gyr (output 1 of 1)
041:     <- Finished tree
073:     -> Evolving tree number 8007 {1}
039:     -> Evolving tree number 7657 {1}
041:     -> Evolving tree number 7783 {1}
069:         Output tree data at t=13.80 Gyr (output 1 of 1)
069:     <- Finished tree
069:     Progress: 2160 trees processed; elapsed 13.61 h
069:     -> Evolving tree number 7243 {1}
056:         Output tree data at t=13.80 Gyr (output 1 of 1)
056:     <- Finished tree
118:         Output tree data at t=13.80 Gyr (output 1 of 1)
118:     <- Finished tree
118:     Progress: 2162 trees processed; elapsed 13.63 h
099:         Output tree data at t=13.80 Gyr (output 1 of 1)
099:     <- Finished tree
099:     -> Evolving tree number 7981 {1}
118:     -> Evolving tree number 7578 {1}
049:         Output tree data at t=13.80 Gyr (output 1 of 1)
049:     <- Finished tree
049:     -> Evolving tree number 7903 {1}
105:         Output tree data at t=13.80 Gyr (output 1 of 1)
105:     <- Finished tree
071:         Output tree data at t=13.80 Gyr (output 1 of 1)
071:     <- Finished tree
124:         Output tree data at t=13.80 Gyr (output 1 of 1)
124:     <- Finished tree
056:     -> Evolving tree number 7768 {1}
071:     -> Evolving tree number 7625 {1}
124:     -> Evolving tree number 7316 {1}
010:         Output tree data at t=13.80 Gyr (output 1 of 1)
010:     <- Finished tree
010:     Progress: 2168 trees processed; elapsed 13.65 h
010:     -> Evolving tree number 8070 {1}
095:         Output tree data at t=13.80 Gyr (output 1 of 1)
095:     <- Finished tree
095:     -> Evolving tree number 7601 {1}
105:     -> Evolving tree number 7847 {1}
098:         Output tree data at t=13.80 Gyr (output 1 of 1)
098:     <- Finished tree
098:     Progress: 2170 trees processed; elapsed 13.68 h
098:     -> Evolving tree number 7854 {1}
094:         Output tree data at t=13.80 Gyr (output 1 of 1)
034:         Output tree data at t=13.80 Gyr (output 1 of 1)
094:     <- Finished tree
034:     <- Finished tree
094:     -> Evolving tree number 7730 {1}
014:         Output tree data at t=13.80 Gyr (output 1 of 1)
014:     <- Finished tree
014:     Progress: 2173 trees processed; elapsed 13.69 h
014:     -> Evolving tree number 7810 {1}
120:         Output tree data at t=13.80 Gyr (output 1 of 1)
120:     <- Finished tree
034:     -> Evolving tree number 7790 {1}
120:     -> Evolving tree number 7320 {1}
067:         Output tree data at t=13.80 Gyr (output 1 of 1)
067:     <- Finished tree
067:     Progress: 2175 trees processed; elapsed 13.71 h
018:         Output tree data at t=13.80 Gyr (output 1 of 1)
018:     <- Finished tree
106:         Output tree data at t=13.80 Gyr (output 1 of 1)
106:     <- Finished tree
091:         Output tree data at t=13.80 Gyr (output 1 of 1)
091:     <- Finished tree
106:     -> Evolving tree number 7334 {1}
027:         Output tree data at t=13.80 Gyr (output 1 of 1)
027:     <- Finished tree
021:         Output tree data at t=13.80 Gyr (output 1 of 1)
021:     <- Finished tree
026:         Output tree data at t=13.80 Gyr (output 1 of 1)
026:     <- Finished tree
059:         Output tree data at t=13.80 Gyr (output 1 of 1)
059:     <- Finished tree
091:     -> Evolving tree number 7221 {1}
017:         Output tree data at t=13.80 Gyr (output 1 of 1)
017:     <- Finished tree
027:     -> Evolving tree number 7797 {1}
021:     -> Evolving tree number 7803 {1}
026:     -> Evolving tree number 7286 {1}
111:         Output tree data at t=13.80 Gyr (output 1 of 1)
111:     <- Finished tree
059:     -> Evolving tree number 7381 {1}
017:     -> Evolving tree number 8191 {1}
000:         Output tree data at t=13.80 Gyr (output 1 of 1)
000:     <- Finished tree
122:         Output tree data at t=13.80 Gyr (output 1 of 1)
122:     <- Finished tree
122:     Progress: 2186 trees processed; elapsed 13.73 h
111:     -> Evolving tree number 7073 {1}
000:     -> Evolving tree number 7312 {1}
018:     -> Evolving tree number 7422 {1}
122:     -> Evolving tree number 7062 {1}
067:     -> Evolving tree number 8269 {1}
024:         Output tree data at t=13.80 Gyr (output 1 of 1)
024:     <- Finished tree
092:         Output tree data at t=13.80 Gyr (output 1 of 1)
092:     <- Finished tree
068:         Output tree data at t=13.80 Gyr (output 1 of 1)
068:     <- Finished tree
092:     -> Evolving tree number 6964 {1}
123:         Output tree data at t=13.80 Gyr (output 1 of 1)
123:     <- Finished tree
123:     Progress: 2190 trees processed; elapsed 13.75 h
123:     -> Evolving tree number 7701 {1}
081:         Output tree data at t=13.80 Gyr (output 1 of 1)
081:     <- Finished tree
068:     -> Evolving tree number 7756 {1}
081:     -> Evolving tree number 7103 {1}
084:         Output tree data at t=13.80 Gyr (output 1 of 1)
084:     <- Finished tree
084:     -> Evolving tree number 7612 {1}
024:     -> Evolving tree number 7288 {1}
121:         Output tree data at t=13.80 Gyr (output 1 of 1)
121:     <- Finished tree
121:     Progress: 2193 trees processed; elapsed 13.78 h
005:         Output tree data at t=13.80 Gyr (output 1 of 1)
005:     <- Finished tree
001:         Output tree data at t=13.80 Gyr (output 1 of 1)
001:     <- Finished tree
121:     -> Evolving tree number 6935 {1}
005:     -> Evolving tree number 8075 {1}
085:         Output tree data at t=13.80 Gyr (output 1 of 1)
085:     <- Finished tree
030:         Output tree data at t=13.80 Gyr (output 1 of 1)
030:     <- Finished tree
085:     -> Evolving tree number 7995 {1}
060:         Output tree data at t=13.80 Gyr (output 1 of 1)
060:     <- Finished tree
060:     Progress: 2198 trees processed; elapsed 13.80 h
030:     -> Evolving tree number 7282 {1}
001:     -> Evolving tree number 8079 {1}
064:         Output tree data at t=13.80 Gyr (output 1 of 1)
064:     <- Finished tree
060:     -> Evolving tree number 7508 {1}
033:         Output tree data at t=13.80 Gyr (output 1 of 1)
033:     <- Finished tree
033:     -> Evolving tree number 7535 {1}
104:         Output tree data at t=13.80 Gyr (output 1 of 1)
104:     <- Finished tree
028:         Output tree data at t=13.80 Gyr (output 1 of 1)
028:     <- Finished tree
043:         Output tree data at t=13.80 Gyr (output 1 of 1)
043:     <- Finished tree
043:     -> Evolving tree number 7525 {1}
104:     -> Evolving tree number 7464 {1}
016:         Output tree data at t=13.80 Gyr (output 1 of 1)
016:     <- Finished tree
016:     Progress: 2204 trees processed; elapsed 13.82 h
016:     -> Evolving tree number 7296 {1}
065:         Output tree data at t=13.80 Gyr (output 1 of 1)
065:     <- Finished tree
028:     -> Evolving tree number 7540 {1}
064:     -> Evolving tree number 7504 {1}
065:     -> Evolving tree number 7375 {1}
031:         Output tree data at t=13.80 Gyr (output 1 of 1)
031:     <- Finished tree
031:     Progress: 2206 trees processed; elapsed 13.84 h
031:     -> Evolving tree number 7665 {1}
101:         Output tree data at t=13.80 Gyr (output 1 of 1)
101:     <- Finished tree
038:         Output tree data at t=13.80 Gyr (output 1 of 1)
038:     <- Finished tree
101:     -> Evolving tree number 7851 {1}
038:     -> Evolving tree number 7402 {1}
032:         Output tree data at t=13.80 Gyr (output 1 of 1)
032:     <- Finished tree
032:     Progress: 2209 trees processed; elapsed 13.86 h
062:         Output tree data at t=13.80 Gyr (output 1 of 1)
062:     <- Finished tree
032:     -> Evolving tree number 7280 {1}
062:     -> Evolving tree number 7762 {1}
047:         Output tree data at t=13.80 Gyr (output 1 of 1)
047:     <- Finished tree
007:         Output tree data at t=13.80 Gyr (output 1 of 1)
007:     <- Finished tree
047:     -> Evolving tree number 8289 {1}
061:         Output tree data at t=13.80 Gyr (output 1 of 1)
061:     <- Finished tree
061:     -> Evolving tree number 7763 {1}
076:         Output tree data at t=13.80 Gyr (output 1 of 1)
076:     <- Finished tree
076:     Progress: 2214 trees processed; elapsed 13.89 h
088:         Output tree data at t=13.80 Gyr (output 1 of 1)
088:     <- Finished tree
007:     -> Evolving tree number 7561 {1}
088:     -> Evolving tree number 7992 {1}
055:         Output tree data at t=13.80 Gyr (output 1 of 1)
055:     <- Finished tree
020:         Output tree data at t=13.80 Gyr (output 1 of 1)
020:     <- Finished tree
055:     -> Evolving tree number 7769 {1}
076:     -> Evolving tree number 7620 {1}
127:         Output tree data at t=13.80 Gyr (output 1 of 1)
127:     <- Finished tree
127:     Progress: 2218 trees processed; elapsed 13.92 h
048:         Output tree data at t=13.80 Gyr (output 1 of 1)
048:     <- Finished tree
020:     -> Evolving tree number 8060 {1}
072:         Output tree data at t=13.80 Gyr (output 1 of 1)
072:     <- Finished tree
103:         Output tree data at t=13.80 Gyr (output 1 of 1)
103:     <- Finished tree
048:     -> Evolving tree number 7392 {1}
127:     -> Evolving tree number 6929 {1}
103:     -> Evolving tree number 7977 {1}
072:     -> Evolving tree number 7752 {1}
086:         Output tree data at t=13.80 Gyr (output 1 of 1)
086:     <- Finished tree
086:     Progress: 2222 trees processed; elapsed 13.95 h
089:         Output tree data at t=13.80 Gyr (output 1 of 1)
089:     <- Finished tree
086:     -> Evolving tree number 7482 {1}
108:         Output tree data at t=13.80 Gyr (output 1 of 1)
108:     <- Finished tree
015:         Output tree data at t=13.80 Gyr (output 1 of 1)
015:     <- Finished tree
008:         Output tree data at t=13.80 Gyr (output 1 of 1)
008:     <- Finished tree
108:     -> Evolving tree number 7332 {1}
008:     -> Evolving tree number 7944 {1}
117:         Output tree data at t=13.80 Gyr (output 1 of 1)
117:     <- Finished tree
015:     -> Evolving tree number 7425 {1}
117:     -> Evolving tree number 7579 {1}
109:         Output tree data at t=13.80 Gyr (output 1 of 1)
109:     <- Finished tree
116:         Output tree data at t=13.80 Gyr (output 1 of 1)
116:     <- Finished tree
082:         Output tree data at t=13.80 Gyr (output 1 of 1)
082:     <- Finished tree
109:     -> Evolving tree number 7843 {1}
116:     -> Evolving tree number 7708 {1}
003:         Output tree data at t=13.80 Gyr (output 1 of 1)
003:     <- Finished tree
003:     Progress: 2231 trees processed; elapsed 13.97 h
089:     -> Evolving tree number 7607 {1}
082:     -> Evolving tree number 7486 {1}
003:     -> Evolving tree number 7693 {1}
083:         Output tree data at t=13.80 Gyr (output 1 of 1)
083:     <- Finished tree
083:     Progress: 2232 trees processed; elapsed 13.99 h
075:         Output tree data at t=13.80 Gyr (output 1 of 1)
075:     <- Finished tree
083:     -> Evolving tree number 7997 {1}
050:         Output tree data at t=13.80 Gyr (output 1 of 1)
050:     <- Finished tree
050:     -> Evolving tree number 7902 {1}
037:         Output tree data at t=13.80 Gyr (output 1 of 1)
037:     <- Finished tree
037:     Progress: 2235 trees processed; elapsed 14.01 h
022:         Output tree data at t=13.80 Gyr (output 1 of 1)
022:     <- Finished tree
022:     -> Evolving tree number 7418 {1}
075:     -> Evolving tree number 7493 {1}
039:         Output tree data at t=13.80 Gyr (output 1 of 1)
039:     <- Finished tree
039:     Progress: 2237 trees processed; elapsed 14.02 h
037:     -> Evolving tree number 7787 {1}
100:         Output tree data at t=13.80 Gyr (output 1 of 1)
100:     <- Finished tree
052:         Output tree data at t=13.80 Gyr (output 1 of 1)
052:     <- Finished tree
039:     -> Evolving tree number 7529 {1}
100:     -> Evolving tree number 7340 {1}
052:     -> Evolving tree number 7772 {1}
004:         Output tree data at t=13.80 Gyr (output 1 of 1)
004:     <- Finished tree
074:         Output tree data at t=13.80 Gyr (output 1 of 1)
074:     <- Finished tree
074:     Progress: 2241 trees processed; elapsed 14.04 h
013:         Output tree data at t=13.80 Gyr (output 1 of 1)
013:     <- Finished tree
004:     -> Evolving tree number 7052 {1}
013:     -> Evolving tree number 7171 {1}
074:     -> Evolving tree number 7878 {1}
090:         Output tree data at t=13.80 Gyr (output 1 of 1)
090:     <- Finished tree
035:         Output tree data at t=13.80 Gyr (output 1 of 1)
035:     <- Finished tree
035:     -> Evolving tree number 7277 {1}
090:     -> Evolving tree number 7478 {1}
063:         Output tree data at t=13.80 Gyr (output 1 of 1)
063:     <- Finished tree
063:     Progress: 2245 trees processed; elapsed 14.07 h
063:     -> Evolving tree number 7633 {1}
112:         Output tree data at t=13.80 Gyr (output 1 of 1)
112:     <- Finished tree
112:     -> Evolving tree number 7200 {1}
097:         Output tree data at t=13.80 Gyr (output 1 of 1)
097:     <- Finished tree
097:     -> Evolving tree number 8239 {1}
113:         Output tree data at t=13.80 Gyr (output 1 of 1)
113:     <- Finished tree
113:     Progress: 2248 trees processed; elapsed 14.09 h
093:         Output tree data at t=13.80 Gyr (output 1 of 1)
093:     <- Finished tree
000:         Output tree data at t=13.80 Gyr (output 1 of 1)
000:     <- Finished tree
000:     -> Evolving tree number 7184 {1}
120:         Output tree data at t=13.80 Gyr (output 1 of 1)
120:     <- Finished tree
120:     -> Evolving tree number 7192 {1}
093:     -> Evolving tree number 7219 {1}
113:     -> Evolving tree number 7583 {1}
006:         Output tree data at t=13.80 Gyr (output 1 of 1)
006:     <- Finished tree
006:     Progress: 2252 trees processed; elapsed 14.14 h
107:         Output tree data at t=13.80 Gyr (output 1 of 1)
107:     <- Finished tree
006:     -> Evolving tree number 7946 {1}
014:         Output tree data at t=13.80 Gyr (output 1 of 1)
014:     <- Finished tree
107:     -> Evolving tree number 7717 {1}
059:         Output tree data at t=13.80 Gyr (output 1 of 1)
059:     <- Finished tree
014:     -> Evolving tree number 7682 {1}
041:         Output tree data at t=13.80 Gyr (output 1 of 1)
041:     <- Finished tree
059:     -> Evolving tree number 7253 {1}
102:         Output tree data at t=13.80 Gyr (output 1 of 1)
102:     <- Finished tree
102:     Progress: 2257 trees processed; elapsed 14.16 h
041:     -> Evolving tree number 7655 {1}
102:     -> Evolving tree number 8234 {1}
092:         Output tree data at t=13.80 Gyr (output 1 of 1)
092:     <- Finished tree
023:         Output tree data at t=13.80 Gyr (output 1 of 1)
023:     <- Finished tree
092:     -> Evolving tree number 6836 {1}
118:         Output tree data at t=13.80 Gyr (output 1 of 1)
118:     <- Finished tree
064:         Output tree data at t=13.80 Gyr (output 1 of 1)
064:     <- Finished tree
064:     Progress: 2261 trees processed; elapsed 14.18 h
099:         Output tree data at t=13.80 Gyr (output 1 of 1)
099:     <- Finished tree
064:     -> Evolving tree number 7376 {1}
023:     -> Evolving tree number 7929 {1}
118:     -> Evolving tree number 7450 {1}
124:         Output tree data at t=13.80 Gyr (output 1 of 1)
124:     <- Finished tree
124:     Progress: 2263 trees processed; elapsed 14.20 h
099:     -> Evolving tree number 7853 {1}
026:         Output tree data at t=13.80 Gyr (output 1 of 1)
026:     <- Finished tree
081:         Output tree data at t=13.80 Gyr (output 1 of 1)
081:     <- Finished tree
091:         Output tree data at t=13.80 Gyr (output 1 of 1)
091:     <- Finished tree
016:         Output tree data at t=13.80 Gyr (output 1 of 1)
016:     <- Finished tree
081:     -> Evolving tree number 6975 {1}
091:     -> Evolving tree number 7093 {1}
124:     -> Evolving tree number 7188 {1}
016:     -> Evolving tree number 7168 {1}
026:     -> Evolving tree number 7158 {1}
029:         Output tree data at t=13.80 Gyr (output 1 of 1)
029:     <- Finished tree
111:         Output tree data at t=13.80 Gyr (output 1 of 1)
111:     <- Finished tree
111:     Progress: 2269 trees processed; elapsed 14.22 h
051:         Output tree data at t=13.80 Gyr (output 1 of 1)
051:     <- Finished tree
111:     -> Evolving tree number 6945 {1}
051:     -> Evolving tree number 8157 {1}
044:         Output tree data at t=13.80 Gyr (output 1 of 1)
044:     <- Finished tree
046:         Output tree data at t=13.80 Gyr (output 1 of 1)
046:     <- Finished tree
125:         Output tree data at t=13.80 Gyr (output 1 of 1)
125:     <- Finished tree
044:     -> Evolving tree number 8036 {1}
125:     -> Evolving tree number 7315 {1}
029:     -> Evolving tree number 8051 {1}
011:         Output tree data at t=13.80 Gyr (output 1 of 1)
011:     <- Finished tree
024:         Output tree data at t=13.80 Gyr (output 1 of 1)
024:     <- Finished tree
011:     -> Evolving tree number 7301 {1}
119:         Output tree data at t=13.80 Gyr (output 1 of 1)
119:     <- Finished tree
119:     Progress: 2276 trees processed; elapsed 14.23 h
024:     -> Evolving tree number 7160 {1}
019:         Output tree data at t=13.80 Gyr (output 1 of 1)
019:     <- Finished tree
087:         Output tree data at t=13.80 Gyr (output 1 of 1)
087:     <- Finished tree
019:     -> Evolving tree number 7805 {1}
087:     -> Evolving tree number 8249 {1}
119:     -> Evolving tree number 7577 {1}
123:         Output tree data at t=13.80 Gyr (output 1 of 1)
123:     <- Finished tree
040:         Output tree data at t=13.80 Gyr (output 1 of 1)
040:     <- Finished tree
057:         Output tree data at t=13.80 Gyr (output 1 of 1)
057:     <- Finished tree
123:     -> Evolving tree number 7573 {1}
077:         Output tree data at t=13.80 Gyr (output 1 of 1)
077:     <- Finished tree
046:     -> Evolving tree number 7778 {1}
040:     -> Evolving tree number 8040 {1}
057:     -> Evolving tree number 7895 {1}
056:         Output tree data at t=13.80 Gyr (output 1 of 1)
056:     <- Finished tree
066:         Output tree data at t=13.80 Gyr (output 1 of 1)
056:     -> Evolving tree number 7640 {1}
066:     <- Finished tree
066:     Progress: 2284 trees processed; elapsed 14.26 h
066:     -> Evolving tree number 7630 {1}
077:     -> Evolving tree number 7619 {1}
079:         Output tree data at t=13.80 Gyr (output 1 of 1)
079:     <- Finished tree
073:         Output tree data at t=13.80 Gyr (output 1 of 1)
073:     <- Finished tree
079:     -> Evolving tree number 8257 {1}
084:         Output tree data at t=13.80 Gyr (output 1 of 1)
084:     <- Finished tree
025:         Output tree data at t=13.80 Gyr (output 1 of 1)
025:     <- Finished tree
114:         Output tree data at t=13.80 Gyr (output 1 of 1)
114:     <- Finished tree
036:         Output tree data at t=13.80 Gyr (output 1 of 1)
036:     <- Finished tree
073:     -> Evolving tree number 7879 {1}
036:     -> Evolving tree number 7148 {1}
084:     -> Evolving tree number 7484 {1}
114:     -> Evolving tree number 7326 {1}
096:         Output tree data at t=13.80 Gyr (output 1 of 1)
096:     <- Finished tree
025:     -> Evolving tree number 8183 {1}
096:     -> Evolving tree number 7600 {1}
033:         Output tree data at t=13.80 Gyr (output 1 of 1)
033:     <- Finished tree
033:     Progress: 2292 trees processed; elapsed 14.28 h
033:     -> Evolving tree number 7407 {1}
080:         Output tree data at t=13.80 Gyr (output 1 of 1)
080:     <- Finished tree
080:     -> Evolving tree number 7616 {1}
115:         Output tree data at t=13.80 Gyr (output 1 of 1)
115:     <- Finished tree
071:         Output tree data at t=13.80 Gyr (output 1 of 1)
071:     <- Finished tree
071:     Progress: 2295 trees processed; elapsed 14.30 h
115:     -> Evolving tree number 7965 {1}
071:     -> Evolving tree number 7497 {1}
054:         Output tree data at t=13.80 Gyr (output 1 of 1)
054:     <- Finished tree
054:     Progress: 2296 trees processed; elapsed 14.32 h
054:     -> Evolving tree number 7386 {1}
122:         Output tree data at t=13.80 Gyr (output 1 of 1)
122:     <- Finished tree
018:         Output tree data at t=13.80 Gyr (output 1 of 1)
018:     <- Finished tree
122:     -> Evolving tree number 6934 {1}
009:         Output tree data at t=13.80 Gyr (output 1 of 1)
009:     <- Finished tree
061:         Output tree data at t=13.80 Gyr (output 1 of 1)
061:     <- Finished tree
061:     Progress: 2300 trees processed; elapsed 14.34 h
078:         Output tree data at t=13.80 Gyr (output 1 of 1)
078:     <- Finished tree
018:     -> Evolving tree number 7294 {1}
022:         Output tree data at t=13.80 Gyr (output 1 of 1)
022:     <- Finished tree
032:         Output tree data at t=13.80 Gyr (output 1 of 1)
032:     <- Finished tree
069:         Output tree data at t=13.80 Gyr (output 1 of 1)
069:     <- Finished tree
078:     -> Evolving tree number 7746 {1}
032:     -> Evolving tree number 7152 {1}
061:     -> Evolving tree number 7635 {1}
065:         Output tree data at t=13.80 Gyr (output 1 of 1)
065:     <- Finished tree
069:     -> Evolving tree number 7115 {1}
009:     -> Evolving tree number 7815 {1}
065:     -> Evolving tree number 7247 {1}
038:         Output tree data at t=13.80 Gyr (output 1 of 1)
038:     <- Finished tree
038:     Progress: 2306 trees processed; elapsed 14.36 h
095:         Output tree data at t=13.80 Gyr (output 1 of 1)
095:     <- Finished tree
070:         Output tree data at t=13.80 Gyr (output 1 of 1)
070:     <- Finished tree
095:     -> Evolving tree number 7473 {1}
105:         Output tree data at t=13.80 Gyr (output 1 of 1)
105:     <- Finished tree
022:     -> Evolving tree number 7290 {1}
030:         Output tree data at t=13.80 Gyr (output 1 of 1)
030:     <- Finished tree
105:     -> Evolving tree number 7719 {1}
070:     -> Evolving tree number 7242 {1}
012:         Output tree data at t=13.80 Gyr (output 1 of 1)
012:     <- Finished tree
038:     -> Evolving tree number 7274 {1}
030:     -> Evolving tree number 7154 {1}
012:     -> Evolving tree number 8068 {1}
042:         Output tree data at t=13.80 Gyr (output 1 of 1)
042:     <- Finished tree
042:     Progress: 2312 trees processed; elapsed 14.39 h
110:         Output tree data at t=13.80 Gyr (output 1 of 1)
110:     <- Finished tree
042:     -> Evolving tree number 7910 {1}
121:         Output tree data at t=13.80 Gyr (output 1 of 1)
121:     <- Finished tree
121:     Progress: 2314 trees processed; elapsed 14.41 h
110:     -> Evolving tree number 7586 {1}
001:         Output tree data at t=13.80 Gyr (output 1 of 1)
001:     <- Finished tree
121:     -> Evolving tree number 6807 {1}
104:         Output tree data at t=13.80 Gyr (output 1 of 1)
104:     <- Finished tree
104:     Progress: 2316 trees processed; elapsed 14.43 h
043:         Output tree data at t=13.80 Gyr (output 1 of 1)
043:     <- Finished tree
094:         Output tree data at t=13.80 Gyr (output 1 of 1)
094:     <- Finished tree
049:         Output tree data at t=13.80 Gyr (output 1 of 1)
049:     <- Finished tree
028:         Output tree data at t=13.80 Gyr (output 1 of 1)
028:     <- Finished tree
001:     -> Evolving tree number 7951 {1}
049:     -> Evolving tree number 7775 {1}
028:     -> Evolving tree number 7412 {1}
043:     -> Evolving tree number 7397 {1}
094:     -> Evolving tree number 7602 {1}
002:         Output tree data at t=13.80 Gyr (output 1 of 1)
002:     <- Finished tree
002:     -> Evolving tree number 7950 {1}
053:         Output tree data at t=13.80 Gyr (output 1 of 1)
053:     <- Finished tree
083:         Output tree data at t=13.80 Gyr (output 1 of 1)
083:     <- Finished tree
083:     Progress: 2323 trees processed; elapsed 14.45 h
104:     -> Evolving tree number 7336 {1}
004:         Output tree data at t=13.80 Gyr (output 1 of 1)
004:     <- Finished tree
083:     -> Evolving tree number 7869 {1}
004:     -> Evolving tree number 6924 {1}
126:         Output tree data at t=13.80 Gyr (output 1 of 1)
126:     <- Finished tree
053:     -> Evolving tree number 8027 {1}
072:         Output tree data at t=13.80 Gyr (output 1 of 1)
072:     <- Finished tree
126:     -> Evolving tree number 7954 {1}
072:     -> Evolving tree number 7624 {1}
098:         Output tree data at t=13.80 Gyr (output 1 of 1)
098:     <- Finished tree
098:     Progress: 2327 trees processed; elapsed 14.47 h
008:         Output tree data at t=13.80 Gyr (output 1 of 1)
008:     <- Finished tree
008:     -> Evolving tree number 7816 {1}
007:         Output tree data at t=13.80 Gyr (output 1 of 1)
007:     <- Finished tree
098:     -> Evolving tree number 7726 {1}
027:         Output tree data at t=13.80 Gyr (output 1 of 1)
027:     <- Finished tree
007:     -> Evolving tree number 7433 {1}
027:     -> Evolving tree number 7669 {1}
089:         Output tree data at t=13.80 Gyr (output 1 of 1)
089:     <- Finished tree
089:     Progress: 2331 trees processed; elapsed 14.49 h
003:         Output tree data at t=13.80 Gyr (output 1 of 1)
003:     <- Finished tree
089:     -> Evolving tree number 7479 {1}
017:         Output tree data at t=13.80 Gyr (output 1 of 1)
017:     <- Finished tree
062:         Output tree data at t=13.80 Gyr (output 1 of 1)
062:     <- Finished tree
062:     Progress: 2334 trees processed; elapsed 14.51 h
086:         Output tree data at t=13.80 Gyr (output 1 of 1)
086:     <- Finished tree
086:     -> Evolving tree number 7354 {1}
062:     -> Evolving tree number 7634 {1}
017:     -> Evolving tree number 8063 {1}
003:     -> Evolving tree number 7565 {1}
067:         Output tree data at t=13.80 Gyr (output 1 of 1)
067:     <- Finished tree
127:         Output tree data at t=13.80 Gyr (output 1 of 1)
127:     <- Finished tree
109:         Output tree data at t=13.80 Gyr (output 1 of 1)
109:     <- Finished tree
067:     -> Evolving tree number 8141 {1}
088:         Output tree data at t=13.80 Gyr (output 1 of 1)
088:     <- Finished tree
127:     -> Evolving tree number 6801 {1}
109:     -> Evolving tree number 7715 {1}
088:     -> Evolving tree number 7864 {1}
090:         Output tree data at t=13.80 Gyr (output 1 of 1)
090:     <- Finished tree
090:     Progress: 2340 trees processed; elapsed 14.53 h
117:         Output tree data at t=13.80 Gyr (output 1 of 1)
117:     <- Finished tree
090:     -> Evolving tree number 7350 {1}
117:     -> Evolving tree number 7451 {1}
108:         Output tree data at t=13.80 Gyr (output 1 of 1)
108:     <- Finished tree
108:     -> Evolving tree number 7204 {1}
068:         Output tree data at t=13.80 Gyr (output 1 of 1)
068:     <- Finished tree
045:         Output tree data at t=13.80 Gyr (output 1 of 1)
045:     <- Finished tree
068:     -> Evolving tree number 7628 {1}
045:     -> Evolving tree number 7907 {1}
010:         Output tree data at t=13.80 Gyr (output 1 of 1)
010:     <- Finished tree
010:     Progress: 2345 trees processed; elapsed 14.55 h
010:     -> Evolving tree number 7942 {1}
100:         Output tree data at t=13.80 Gyr (output 1 of 1)
100:     <- Finished tree
100:     -> Evolving tree number 7212 {1}
101:         Output tree data at t=13.80 Gyr (output 1 of 1)
101:     <- Finished tree
097:         Output tree data at t=13.80 Gyr (output 1 of 1)
097:     <- Finished tree
060:         Output tree data at t=13.80 Gyr (output 1 of 1)
060:     <- Finished tree
101:     -> Evolving tree number 7723 {1}
097:     -> Evolving tree number 8111 {1}
060:     -> Evolving tree number 7380 {1}
085:         Output tree data at t=13.80 Gyr (output 1 of 1)
085:     <- Finished tree
085:     Progress: 2350 trees processed; elapsed 14.57 h
085:     -> Evolving tree number 7867 {1}
034:         Output tree data at t=13.80 Gyr (output 1 of 1)
034:     <- Finished tree
034:     -> Evolving tree number 7662 {1}
021:         Output tree data at t=13.80 Gyr (output 1 of 1)
021:     <- Finished tree
021:     Progress: 2352 trees processed; elapsed 14.60 h
021:     -> Evolving tree number 7675 {1}
059:         Output tree data at t=13.80 Gyr (output 1 of 1)
059:     <- Finished tree
059:     Progress: 2353 trees processed; elapsed 14.61 h
039:         Output tree data at t=13.80 Gyr (output 1 of 1)
039:     <- Finished tree
120:         Output tree data at t=13.80 Gyr (output 1 of 1)
120:     <- Finished tree
039:     -> Evolving tree number 7401 {1}
103:         Output tree data at t=13.80 Gyr (output 1 of 1)
103:     <- Finished tree
120:     -> Evolving tree number 7064 {1}
103:     -> Evolving tree number 7849 {1}
048:         Output tree data at t=13.80 Gyr (output 1 of 1)
048:     <- Finished tree
050:         Output tree data at t=13.80 Gyr (output 1 of 1)
050:     <- Finished tree
050:     Progress: 2358 trees processed; elapsed 14.63 h
059:     -> Evolving tree number 7125 {1}
048:     -> Evolving tree number 7264 {1}
050:     -> Evolving tree number 7774 {1}
077:         Output tree data at t=13.80 Gyr (output 1 of 1)
077:     <- Finished tree
106:         Output tree data at t=13.80 Gyr (output 1 of 1)
106:     <- Finished tree
106:     Progress: 2360 trees processed; elapsed 14.66 h
106:     -> Evolving tree number 7206 {1}
047:         Output tree data at t=13.80 Gyr (output 1 of 1)
047:     <- Finished tree
077:     -> Evolving tree number 7491 {1}
047:     -> Evolving tree number 8161 {1}
056:         Output tree data at t=13.80 Gyr (output 1 of 1)
056:     <- Finished tree
056:     Progress: 2362 trees processed; elapsed 14.69 h
031:         Output tree data at t=13.80 Gyr (output 1 of 1)
031:     <- Finished tree
056:     -> Evolving tree number 7512 {1}
058:         Output tree data at t=13.80 Gyr (output 1 of 1)
058:     <- Finished tree
091:         Output tree data at t=13.80 Gyr (output 1 of 1)
091:     <- Finished tree
091:     -> Evolving tree number 6965 {1}
074:         Output tree data at t=13.80 Gyr (output 1 of 1)
074:     <- Finished tree
074:     Progress: 2366 trees processed; elapsed 14.71 h
031:     -> Evolving tree number 7537 {1}
074:     -> Evolving tree number 7750 {1}
058:     -> Evolving tree number 7382 {1}
116:         Output tree data at t=13.80 Gyr (output 1 of 1)
116:     <- Finished tree
116:     -> Evolving tree number 7580 {1}
084:         Output tree data at t=13.80 Gyr (output 1 of 1)
084:     <- Finished tree
084:     Progress: 2368 trees processed; elapsed 14.74 h
084:     -> Evolving tree number 7356 {1}
115:         Output tree data at t=13.80 Gyr (output 1 of 1)
115:     <- Finished tree
037:         Output tree data at t=13.80 Gyr (output 1 of 1)
037:     <- Finished tree
037:     Progress: 2370 trees processed; elapsed 14.75 h
115:     -> Evolving tree number 7837 {1}
092:         Output tree data at t=13.80 Gyr (output 1 of 1)
092:     <- Finished tree
092:     Progress: 2371 trees processed; elapsed 14.77 h
063:         Output tree data at t=13.80 Gyr (output 1 of 1)
063:     <- Finished tree
092:     -> Evolving tree number 6708 {1}
018:         Output tree data at t=13.80 Gyr (output 1 of 1)
018:     <- Finished tree
000:         Output tree data at t=13.80 Gyr (output 1 of 1)
000:     <- Finished tree
024:         Output tree data at t=13.80 Gyr (output 1 of 1)
024:     <- Finished tree
018:     -> Evolving tree number 7166 {1}
093:         Output tree data at t=13.80 Gyr (output 1 of 1)
093:     <- Finished tree
000:     -> Evolving tree number 7056 {1}
024:     -> Evolving tree number 7032 {1}
063:     -> Evolving tree number 7505 {1}
093:     -> Evolving tree number 7091 {1}
037:     -> Evolving tree number 7659 {1}
028:         Output tree data at t=13.80 Gyr (output 1 of 1)
028:     <- Finished tree
028:     -> Evolving tree number 7284 {1}
013:         Output tree data at t=13.80 Gyr (output 1 of 1)
013:     <- Finished tree
013:     Progress: 2378 trees processed; elapsed 14.79 h
013:     -> Evolving tree number 7043 {1}
081:         Output tree data at t=13.80 Gyr (output 1 of 1)
081:     <- Finished tree
075:         Output tree data at t=13.80 Gyr (output 1 of 1)
075:     <- Finished tree
019:         Output tree data at t=13.80 Gyr (output 1 of 1)
019:     <- Finished tree
073:         Output tree data at t=13.80 Gyr (output 1 of 1)
073:     <- Finished tree
019:     -> Evolving tree number 7677 {1}
075:     -> Evolving tree number 7365 {1}
079:         Output tree data at t=13.80 Gyr (output 1 of 1)
079:     <- Finished tree
079:     Progress: 2383 trees processed; elapsed 14.82 h
081:     -> Evolving tree number 6847 {1}
125:         Output tree data at t=13.80 Gyr (output 1 of 1)
125:     <- Finished tree
073:     -> Evolving tree number 7751 {1}
035:         Output tree data at t=13.80 Gyr (output 1 of 1)
035:     <- Finished tree
079:     -> Evolving tree number 8129 {1}
112:         Output tree data at t=13.80 Gyr (output 1 of 1)
112:     <- Finished tree
016:         Output tree data at t=13.80 Gyr (output 1 of 1)
016:     <- Finished tree
125:     -> Evolving tree number 7187 {1}
112:     -> Evolving tree number 7072 {1}
016:     -> Evolving tree number 7040 {1}
035:     -> Evolving tree number 7149 {1}
026:         Output tree data at t=13.80 Gyr (output 1 of 1)
026:     <- Finished tree
026:     -> Evolving tree number 7030 {1}
033:         Output tree data at t=13.80 Gyr (output 1 of 1)
033:     <- Finished tree
033:     Progress: 2389 trees processed; elapsed 14.84 h
015:         Output tree data at t=13.80 Gyr (output 1 of 1)
015:     <- Finished tree
015:     -> Evolving tree number 7297 {1}
033:     -> Evolving tree number 7279 {1}
055:         Output tree data at t=13.80 Gyr (output 1 of 1)
055:     <- Finished tree
099:         Output tree data at t=13.80 Gyr (output 1 of 1)
099:     <- Finished tree
055:     -> Evolving tree number 7641 {1}
036:         Output tree data at t=13.80 Gyr (output 1 of 1)
036:     <- Finished tree
043:         Output tree data at t=13.80 Gyr (output 1 of 1)
043:     <- Finished tree
043:     Progress: 2394 trees processed; elapsed 14.86 h
099:     -> Evolving tree number 7725 {1}
111:         Output tree data at t=13.80 Gyr (output 1 of 1)
111:     <- Finished tree
111:     -> Evolving tree number 6817 {1}
043:     -> Evolving tree number 7269 {1}
046:         Output tree data at t=13.80 Gyr (output 1 of 1)
046:     <- Finished tree
036:     -> Evolving tree number 7020 {1}
030:         Output tree data at t=13.80 Gyr (output 1 of 1)
030:     <- Finished tree
030:     Progress: 2397 trees processed; elapsed 14.88 h
027:         Output tree data at t=13.80 Gyr (output 1 of 1)
027:     <- Finished tree
027:     -> Evolving tree number 7541 {1}
121:         Output tree data at t=13.80 Gyr (output 1 of 1)
121:     <- Finished tree
121:     -> Evolving tree number 6679 {1}
107:         Output tree data at t=13.80 Gyr (output 1 of 1)
107:     <- Finished tree
107:     Progress: 2400 trees processed; elapsed 14.90 h
054:         Output tree data at t=13.80 Gyr (output 1 of 1)
054:     <- Finished tree
049:         Output tree data at t=13.80 Gyr (output 1 of 1)
049:     <- Finished tree
046:     -> Evolving tree number 7650 {1}
076:         Output tree data at t=13.80 Gyr (output 1 of 1)
076:     <- Finished tree
030:     -> Evolving tree number 7026 {1}
076:     -> Evolving tree number 7492 {1}
069:         Output tree data at t=13.80 Gyr (output 1 of 1)
069:     <- Finished tree
049:     -> Evolving tree number 7647 {1}
054:     -> Evolving tree number 7258 {1}
107:     -> Evolving tree number 7589 {1}
069:     -> Evolving tree number 6987 {1}
052:         Output tree data at t=13.80 Gyr (output 1 of 1)
052:     <- Finished tree
065:         Output tree data at t=13.80 Gyr (output 1 of 1)
065:     <- Finished tree
065:     Progress: 2406 trees processed; elapsed 14.91 h
052:     -> Evolving tree number 7644 {1}
094:         Output tree data at t=13.80 Gyr (output 1 of 1)
094:     <- Finished tree
020:         Output tree data at t=13.80 Gyr (output 1 of 1)
020:     <- Finished tree
051:         Output tree data at t=13.80 Gyr (output 1 of 1)
051:     <- Finished tree
094:     -> Evolving tree number 7474 {1}
065:     -> Evolving tree number 7119 {1}
051:     -> Evolving tree number 8029 {1}
064:         Output tree data at t=13.80 Gyr (output 1 of 1)
064:     <- Finished tree
020:     -> Evolving tree number 7932 {1}
064:     -> Evolving tree number 7248 {1}
001:         Output tree data at t=13.80 Gyr (output 1 of 1)
001:     <- Finished tree
001:     Progress: 2411 trees processed; elapsed 14.94 h
066:         Output tree data at t=13.80 Gyr (output 1 of 1)
066:     <- Finished tree
066:     -> Evolving tree number 7502 {1}
001:     -> Evolving tree number 7823 {1}
040:         Output tree data at t=13.80 Gyr (output 1 of 1)
040:     <- Finished tree
007:         Output tree data at t=13.80 Gyr (output 1 of 1)
007:     <- Finished tree
040:     -> Evolving tree number 7912 {1}
007:     -> Evolving tree number 7305 {1}
014:         Output tree data at t=13.80 Gyr (output 1 of 1)
014:     <- Finished tree
014:     Progress: 2415 trees processed; elapsed 14.96 h
119:         Output tree data at t=13.80 Gyr (output 1 of 1)
119:     <- Finished tree
082:         Output tree data at t=13.80 Gyr (output 1 of 1)
082:     <- Finished tree
119:     -> Evolving tree number 7449 {1}
061:         Output tree data at t=13.80 Gyr (output 1 of 1)
061:     <- Finished tree
122:         Output tree data at t=13.80 Gyr (output 1 of 1)
122:     <- Finished tree
082:     -> Evolving tree number 7358 {1}
014:     -> Evolving tree number 7554 {1}
061:     -> Evolving tree number 7507 {1}
034:         Output tree data at t=13.80 Gyr (output 1 of 1)
034:     <- Finished tree
034:     -> Evolving tree number 7534 {1}
042:         Output tree data at t=13.80 Gyr (output 1 of 1)
042:     <- Finished tree
042:     Progress: 2421 trees processed; elapsed 14.98 h
042:     -> Evolving tree number 7782 {1}
122:     -> Evolving tree number 6806 {1}
044:         Output tree data at t=13.80 Gyr (output 1 of 1)
044:     <- Finished tree
044:     Progress: 2422 trees processed; elapsed 15.00 h
017:         Output tree data at t=13.80 Gyr (output 1 of 1)
017:     <- Finished tree
062:         Output tree data at t=13.80 Gyr (output 1 of 1)
062:     <- Finished tree
105:         Output tree data at t=13.80 Gyr (output 1 of 1)
105:     <- Finished tree
044:     -> Evolving tree number 7908 {1}
113:         Output tree data at t=13.80 Gyr (output 1 of 1)
113:     <- Finished tree
102:         Output tree data at t=13.80 Gyr (output 1 of 1)
102:     <- Finished tree
105:     -> Evolving tree number 7591 {1}
017:     -> Evolving tree number 7935 {1}
113:     -> Evolving tree number 7455 {1}
102:     -> Evolving tree number 8106 {1}
089:         Output tree data at t=13.80 Gyr (output 1 of 1)
089:     <- Finished tree
124:         Output tree data at t=13.80 Gyr (output 1 of 1)
124:     <- Finished tree
124:     Progress: 2429 trees processed; elapsed 15.03 h
062:     -> Evolving tree number 7506 {1}
032:         Output tree data at t=13.80 Gyr (output 1 of 1)
032:     <- Finished tree
032:     -> Evolving tree number 7024 {1}
124:     -> Evolving tree number 7060 {1}
029:         Output tree data at t=13.80 Gyr (output 1 of 1)
029:     <- Finished tree
053:         Output tree data at t=13.80 Gyr (output 1 of 1)
053:     <- Finished tree
006:         Output tree data at t=13.80 Gyr (output 1 of 1)
006:     <- Finished tree
029:     -> Evolving tree number 7923 {1}
089:     -> Evolving tree number 7351 {1}
053:     -> Evolving tree number 7899 {1}
005:         Output tree data at t=13.80 Gyr (output 1 of 1)
005:     <- Finished tree
005:     Progress: 2434 trees processed; elapsed 15.05 h
123:         Output tree data at t=13.80 Gyr (output 1 of 1)
123:     <- Finished tree
011:         Output tree data at t=13.80 Gyr (output 1 of 1)
011:     <- Finished tree
123:     -> Evolving tree number 7445 {1}
011:     -> Evolving tree number 7173 {1}
004:         Output tree data at t=13.80 Gyr (output 1 of 1)
004:     <- Finished tree
070:         Output tree data at t=13.80 Gyr (output 1 of 1)
070:     <- Finished tree
070:     Progress: 2438 trees processed; elapsed 15.07 h
006:     -> Evolving tree number 7818 {1}
118:         Output tree data at t=13.80 Gyr (output 1 of 1)
118:     <- Finished tree
004:     -> Evolving tree number 6796 {1}
070:     -> Evolving tree number 7114 {1}
118:     -> Evolving tree number 7322 {1}
100:         Output tree data at t=13.80 Gyr (output 1 of 1)
100:     <- Finished tree
005:     -> Evolving tree number 7947 {1}
100:     -> Evolving tree number 7084 {1}
071:         Output tree data at t=13.80 Gyr (output 1 of 1)
071:     <- Finished tree
022:         Output tree data at t=13.80 Gyr (output 1 of 1)
022:     <- Finished tree
126:         Output tree data at t=13.80 Gyr (output 1 of 1)
126:     <- Finished tree
071:     -> Evolving tree number 7369 {1}
003:         Output tree data at t=13.80 Gyr (output 1 of 1)
003:     <- Finished tree
003:     -> Evolving tree number 7437 {1}
078:         Output tree data at t=13.80 Gyr (output 1 of 1)
078:     <- Finished tree
078:     Progress: 2445 trees processed; elapsed 15.09 h
038:         Output tree data at t=13.80 Gyr (output 1 of 1)
038:     <- Finished tree
012:         Output tree data at t=13.80 Gyr (output 1 of 1)
012:     <- Finished tree
080:         Output tree data at t=13.80 Gyr (output 1 of 1)
080:     <- Finished tree
012:     -> Evolving tree number 7940 {1}
038:     -> Evolving tree number 7146 {1}
080:     -> Evolving tree number 7488 {1}
126:     -> Evolving tree number 7826 {1}
022:     -> Evolving tree number 7162 {1}
078:     -> Evolving tree number 7618 {1}
050:         Output tree data at t=13.80 Gyr (output 1 of 1)
050:     <- Finished tree
050:     Progress: 2449 trees processed; elapsed 15.11 h
127:         Output tree data at t=13.80 Gyr (output 1 of 1)
127:     <- Finished tree
050:     -> Evolving tree number 7646 {1}
127:     -> Evolving tree number 6673 {1}
086:         Output tree data at t=13.80 Gyr (output 1 of 1)
086:     <- Finished tree
086:     -> Evolving tree number 7226 {1}
084:         Output tree data at t=13.80 Gyr (output 1 of 1)
084:     <- Finished tree
084:     Progress: 2452 trees processed; elapsed 15.13 h
098:         Output tree data at t=13.80 Gyr (output 1 of 1)
098:     <- Finished tree
091:         Output tree data at t=13.80 Gyr (output 1 of 1)
091:     <- Finished tree
091:     -> Evolving tree number 6837 {1}
009:         Output tree data at t=13.80 Gyr (output 1 of 1)
009:     <- Finished tree
023:         Output tree data at t=13.80 Gyr (output 1 of 1)
023:     <- Finished tree
120:         Output tree data at t=13.80 Gyr (output 1 of 1)
120:     <- Finished tree
009:     -> Evolving tree number 7687 {1}
092:         Output tree data at t=13.80 Gyr (output 1 of 1)
092:     <- Finished tree
023:     -> Evolving tree number 7801 {1}
120:     -> Evolving tree number 6936 {1}
103:         Output tree data at t=13.80 Gyr (output 1 of 1)
103:     <- Finished tree
103:     Progress: 2459 trees processed; elapsed 15.15 h
075:         Output tree data at t=13.80 Gyr (output 1 of 1)
075:     <- Finished tree
057:         Output tree data at t=13.80 Gyr (output 1 of 1)
057:     <- Finished tree
075:     -> Evolving tree number 7237 {1}
084:     -> Evolving tree number 7228 {1}
092:     -> Evolving tree number 6580 {1}
098:     -> Evolving tree number 7598 {1}
096:         Output tree data at t=13.80 Gyr (output 1 of 1)
096:     <- Finished tree
096:     Progress: 2462 trees processed; elapsed 15.19 h
096:     -> Evolving tree number 7472 {1}
103:     -> Evolving tree number 7721 {1}
057:     -> Evolving tree number 7767 {1}
028:         Output tree data at t=13.80 Gyr (output 1 of 1)
028:     <- Finished tree
028:     Progress: 2463 trees processed; elapsed 15.21 h
041:         Output tree data at t=13.80 Gyr (output 1 of 1)
041:     <- Finished tree
077:         Output tree data at t=13.80 Gyr (output 1 of 1)
077:     <- Finished tree
010:         Output tree data at t=13.80 Gyr (output 1 of 1)
010:     <- Finished tree
088:         Output tree data at t=13.80 Gyr (output 1 of 1)
088:     <- Finished tree
088:     -> Evolving tree number 7736 {1}
010:     -> Evolving tree number 7814 {1}
041:     -> Evolving tree number 7527 {1}
090:         Output tree data at t=13.80 Gyr (output 1 of 1)
090:     <- Finished tree
090:     Progress: 2468 trees processed; elapsed 15.23 h
059:         Output tree data at t=13.80 Gyr (output 1 of 1)
059:     <- Finished tree
090:     -> Evolving tree number 7222 {1}
077:     -> Evolving tree number 7363 {1}
059:     -> Evolving tree number 6997 {1}
028:     -> Evolving tree number 7156 {1}
087:         Output tree data at t=13.80 Gyr (output 1 of 1)
087:     <- Finished tree
087:     Progress: 2470 trees processed; elapsed 15.26 h
025:         Output tree data at t=13.80 Gyr (output 1 of 1)
025:     <- Finished tree
087:     -> Evolving tree number 8121 {1}
048:         Output tree data at t=13.80 Gyr (output 1 of 1)
048:     <- Finished tree
119:         Output tree data at t=13.80 Gyr (output 1 of 1)
119:     <- Finished tree
048:     -> Evolving tree number 7136 {1}
083:         Output tree data at t=13.80 Gyr (output 1 of 1)
083:     <- Finished tree
018:         Output tree data at t=13.80 Gyr (output 1 of 1)
018:     <- Finished tree
018:     Progress: 2475 trees processed; elapsed 15.28 h
018:     -> Evolving tree number 7038 {1}
024:         Output tree data at t=13.80 Gyr (output 1 of 1)
024:     <- Finished tree
074:         Output tree data at t=13.80 Gyr (output 1 of 1)
074:     <- Finished tree
025:     -> Evolving tree number 8055 {1}
000:         Output tree data at t=13.80 Gyr (output 1 of 1)
000:     <- Finished tree
000:     Progress: 2478 trees processed; elapsed 15.30 h
119:     -> Evolving tree number 7321 {1}
083:     -> Evolving tree number 7741 {1}
000:     -> Evolving tree number 6928 {1}
035:         Output tree data at t=13.80 Gyr (output 1 of 1)
035:     <- Finished tree
021:         Output tree data at t=13.80 Gyr (output 1 of 1)
021:     <- Finished tree
074:     -> Evolving tree number 7622 {1}
035:     -> Evolving tree number 7021 {1}
097:         Output tree data at t=13.80 Gyr (output 1 of 1)
097:     <- Finished tree
097:     -> Evolving tree number 7983 {1}
116:         Output tree data at t=13.80 Gyr (output 1 of 1)
116:     <- Finished tree
095:         Output tree data at t=13.80 Gyr (output 1 of 1)
095:     <- Finished tree
095:     Progress: 2483 trees processed; elapsed 15.31 h
085:         Output tree data at t=13.80 Gyr (output 1 of 1)
085:     <- Finished tree
109:         Output tree data at t=13.80 Gyr (output 1 of 1)
109:     <- Finished tree
024:     -> Evolving tree number 6904 {1}
109:     -> Evolving tree number 7587 {1}
111:         Output tree data at t=13.80 Gyr (output 1 of 1)
111:     <- Finished tree
016:         Output tree data at t=13.80 Gyr (output 1 of 1)
016:     <- Finished tree
110:         Output tree data at t=13.80 Gyr (output 1 of 1)
110:     <- Finished tree
110:     Progress: 2488 trees processed; elapsed 15.33 h
036:         Output tree data at t=13.80 Gyr (output 1 of 1)
036:     <- Finished tree
021:     -> Evolving tree number 7547 {1}
036:     -> Evolving tree number 6892 {1}
007:         Output tree data at t=13.80 Gyr (output 1 of 1)
007:     <- Finished tree
116:     -> Evolving tree number 7452 {1}
032:         Output tree data at t=13.80 Gyr (output 1 of 1)
032:     <- Finished tree
032:     Progress: 2491 trees processed; elapsed 15.36 h
007:     -> Evolving tree number 7177 {1}
085:     -> Evolving tree number 7739 {1}
060:         Output tree data at t=13.80 Gyr (output 1 of 1)
060:     <- Finished tree
095:     -> Evolving tree number 7345 {1}
016:     -> Evolving tree number 6912 {1}
111:     -> Evolving tree number 6689 {1}
110:     -> Evolving tree number 7458 {1}
032:     -> Evolving tree number 6896 {1}
060:     -> Evolving tree number 7252 {1}
069:         Output tree data at t=13.80 Gyr (output 1 of 1)
069:     <- Finished tree
069:     Progress: 2493 trees processed; elapsed 15.38 h
069:     -> Evolving tree number 6859 {1}
124:         Output tree data at t=13.80 Gyr (output 1 of 1)
124:     <- Finished tree
117:         Output tree data at t=13.80 Gyr (output 1 of 1)
117:     <- Finished tree
124:     -> Evolving tree number 6932 {1}
065:         Output tree data at t=13.80 Gyr (output 1 of 1)
065:     <- Finished tree
065:     -> Evolving tree number 6991 {1}
117:     -> Evolving tree number 7323 {1}
072:         Output tree data at t=13.80 Gyr (output 1 of 1)
072:     <- Finished tree
072:     Progress: 2497 trees processed; elapsed 15.39 h
015:         Output tree data at t=13.80 Gyr (output 1 of 1)
015:     <- Finished tree
104:         Output tree data at t=13.80 Gyr (output 1 of 1)
104:     <- Finished tree
072:     -> Evolving tree number 7496 {1}
015:     -> Evolving tree number 7169 {1}
104:     -> Evolving tree number 7208 {1}
106:         Output tree data at t=13.80 Gyr (output 1 of 1)
106:     <- Finished tree
030:         Output tree data at t=13.80 Gyr (output 1 of 1)
030:     <- Finished tree
106:     -> Evolving tree number 7078 {1}
030:     -> Evolving tree number 6898 {1}
013:         Output tree data at t=13.80 Gyr (output 1 of 1)
013:     <- Finished tree
013:     Progress: 2502 trees processed; elapsed 15.42 h
071:         Output tree data at t=13.80 Gyr (output 1 of 1)
071:     <- Finished tree
064:         Output tree data at t=13.80 Gyr (output 1 of 1)
064:     <- Finished tree
071:     -> Evolving tree number 7241 {1}
108:         Output tree data at t=13.80 Gyr (output 1 of 1)
108:     <- Finished tree
066:         Output tree data at t=13.80 Gyr (output 1 of 1)
066:     <- Finished tree
066:     Progress: 2506 trees processed; elapsed 15.44 h
002:         Output tree data at t=13.80 Gyr (output 1 of 1)
002:     <- Finished tree
101:         Output tree data at t=13.80 Gyr (output 1 of 1)
101:     <- Finished tree
004:         Output tree data at t=13.80 Gyr (output 1 of 1)
004:     <- Finished tree
061:         Output tree data at t=13.80 Gyr (output 1 of 1)
061:     <- Finished tree
004:     -> Evolving tree number 6668 {1}
066:     -> Evolving tree number 7374 {1}
061:     -> Evolving tree number 7379 {1}
067:         Output tree data at t=13.80 Gyr (output 1 of 1)
067:     <- Finished tree
067:     Progress: 2511 trees processed; elapsed 15.46 h
008:         Output tree data at t=13.80 Gyr (output 1 of 1)
008:     <- Finished tree
118:         Output tree data at t=13.80 Gyr (output 1 of 1)
118:     <- Finished tree
013:     -> Evolving tree number 6915 {1}
064:     -> Evolving tree number 7120 {1}
008:     -> Evolving tree number 7688 {1}
118:     -> Evolving tree number 7194 {1}
101:     -> Evolving tree number 7595 {1}
067:     -> Evolving tree number 8013 {1}
089:         Output tree data at t=13.80 Gyr (output 1 of 1)
089:     <- Finished tree
002:     -> Evolving tree number 7822 {1}
089:     -> Evolving tree number 7223 {1}
108:     -> Evolving tree number 7076 {1}
114:         Output tree data at t=13.80 Gyr (output 1 of 1)
114:     <- Finished tree
114:     -> Evolving tree number 7198 {1}
054:         Output tree data at t=13.80 Gyr (output 1 of 1)
054:     <- Finished tree
054:     Progress: 2516 trees processed; elapsed 15.49 h
054:     -> Evolving tree number 7130 {1}
099:         Output tree data at t=13.80 Gyr (output 1 of 1)
099:     <- Finished tree
099:     Progress: 2517 trees processed; elapsed 15.51 h
079:         Output tree data at t=13.80 Gyr (output 1 of 1)
079:     <- Finished tree
079:     -> Evolving tree number 8001 {1}
039:         Output tree data at t=13.80 Gyr (output 1 of 1)
039:     <- Finished tree
039:     -> Evolving tree number 7273 {1}
125:         Output tree data at t=13.80 Gyr (output 1 of 1)
125:     <- Finished tree
125:     Progress: 2520 trees processed; elapsed 15.53 h
033:         Output tree data at t=13.80 Gyr (output 1 of 1)
033:     <- Finished tree
099:     -> Evolving tree number 7597 {1}
033:     -> Evolving tree number 7151 {1}
125:     -> Evolving tree number 7059 {1}
037:         Output tree data at t=13.80 Gyr (output 1 of 1)
037:     <- Finished tree
037:     -> Evolving tree number 7531 {1}
107:         Output tree data at t=13.80 Gyr (output 1 of 1)
107:     <- Finished tree
107:     Progress: 2523 trees processed; elapsed 15.56 h
055:         Output tree data at t=13.80 Gyr (output 1 of 1)
055:     <- Finished tree
055:     -> Evolving tree number 7513 {1}
121:         Output tree data at t=13.80 Gyr (output 1 of 1)
121:     <- Finished tree
107:     -> Evolving tree number 7461 {1}
121:     -> Evolving tree number 6551 {1}
020:         Output tree data at t=13.80 Gyr (output 1 of 1)
020:     <- Finished tree
047:         Output tree data at t=13.80 Gyr (output 1 of 1)
047:     <- Finished tree
047:     Progress: 2527 trees processed; elapsed 15.59 h
027:         Output tree data at t=13.80 Gyr (output 1 of 1)
027:     <- Finished tree
020:     -> Evolving tree number 7804 {1}
047:     -> Evolving tree number 8033 {1}
073:         Output tree data at t=13.80 Gyr (output 1 of 1)
073:     <- Finished tree
073:     -> Evolving tree number 7623 {1}
027:     -> Evolving tree number 7413 {1}
056:         Output tree data at t=13.80 Gyr (output 1 of 1)
056:     <- Finished tree
056:     -> Evolving tree number 7384 {1}
127:         Output tree data at t=13.80 Gyr (output 1 of 1)
127:     <- Finished tree
127:     Progress: 2531 trees processed; elapsed 15.62 h
068:         Output tree data at t=13.80 Gyr (output 1 of 1)
068:     <- Finished tree
046:         Output tree data at t=13.80 Gyr (output 1 of 1)
046:     <- Finished tree
068:     -> Evolving tree number 7500 {1}
084:         Output tree data at t=13.80 Gyr (output 1 of 1)
084:     <- Finished tree
084:     Progress: 2534 trees processed; elapsed 15.64 h
046:     -> Evolving tree number 7522 {1}
044:         Output tree data at t=13.80 Gyr (output 1 of 1)
044:     <- Finished tree
084:     -> Evolving tree number 7100 {1}
112:         Output tree data at t=13.80 Gyr (output 1 of 1)
112:     <- Finished tree
006:         Output tree data at t=13.80 Gyr (output 1 of 1)
006:     <- Finished tree
058:         Output tree data at t=13.80 Gyr (output 1 of 1)
058:     <- Finished tree
058:     -> Evolving tree number 7254 {1}
115:         Output tree data at t=13.80 Gyr (output 1 of 1)
115:     <- Finished tree
115:     Progress: 2539 trees processed; elapsed 15.66 h
127:     -> Evolving tree number 6545 {1}
115:     -> Evolving tree number 7709 {1}
112:     -> Evolving tree number 6944 {1}
093:         Output tree data at t=13.80 Gyr (output 1 of 1)
093:     <- Finished tree
029:         Output tree data at t=13.80 Gyr (output 1 of 1)
029:     <- Finished tree
029:     -> Evolving tree number 7795 {1}
044:     -> Evolving tree number 7780 {1}
100:         Output tree data at t=13.80 Gyr (output 1 of 1)
100:     <- Finished tree
100:     Progress: 2542 trees processed; elapsed 15.69 h
100:     -> Evolving tree number 6956 {1}
006:     -> Evolving tree number 7690 {1}
003:         Output tree data at t=13.80 Gyr (output 1 of 1)
003:     <- Finished tree
003:     -> Evolving tree number 7309 {1}
081:         Output tree data at t=13.80 Gyr (output 1 of 1)
081:     <- Finished tree
081:     Progress: 2544 trees processed; elapsed 15.71 h
090:         Output tree data at t=13.80 Gyr (output 1 of 1)
090:     <- Finished tree
059:         Output tree data at t=13.80 Gyr (output 1 of 1)
059:     <- Finished tree
093:     -> Evolving tree number 6963 {1}
081:     -> Evolving tree number 6719 {1}
090:     -> Evolving tree number 7094 {1}
086:         Output tree data at t=13.80 Gyr (output 1 of 1)
086:     <- Finished tree
059:     -> Evolving tree number 6869 {1}
086:     -> Evolving tree number 7098 {1}
017:         Output tree data at t=13.80 Gyr (output 1 of 1)
017:     <- Finished tree
017:     -> Evolving tree number 7807 {1}
011:         Output tree data at t=13.80 Gyr (output 1 of 1)
011:     <- Finished tree
011:     Progress: 2549 trees processed; elapsed 15.73 h
043:         Output tree data at t=13.80 Gyr (output 1 of 1)
043:     <- Finished tree
011:     -> Evolving tree number 7045 {1}
063:         Output tree data at t=13.80 Gyr (output 1 of 1)
063:     <- Finished tree
063:     -> Evolving tree number 7377 {1}
043:     -> Evolving tree number 7141 {1}
122:         Output tree data at t=13.80 Gyr (output 1 of 1)
122:     <- Finished tree
018:         Output tree data at t=13.80 Gyr (output 1 of 1)
018:     <- Finished tree
070:         Output tree data at t=13.80 Gyr (output 1 of 1)
070:     <- Finished tree
076:         Output tree data at t=13.80 Gyr (output 1 of 1)
076:     <- Finished tree
076:     Progress: 2555 trees processed; elapsed 15.75 h
070:     -> Evolving tree number 6986 {1}
076:     -> Evolving tree number 7364 {1}
094:         Output tree data at t=13.80 Gyr (output 1 of 1)
094:     <- Finished tree
018:     -> Evolving tree number 6910 {1}
082:         Output tree data at t=13.80 Gyr (output 1 of 1)
082:     <- Finished tree
040:         Output tree data at t=13.80 Gyr (output 1 of 1)
040:     <- Finished tree
082:     -> Evolving tree number 7230 {1}
045:         Output tree data at t=13.80 Gyr (output 1 of 1)
045:     <- Finished tree
122:     -> Evolving tree number 6678 {1}
016:         Output tree data at t=13.80 Gyr (output 1 of 1)
016:     <- Finished tree
016:     Progress: 2560 trees processed; elapsed 15.78 h
103:         Output tree data at t=13.80 Gyr (output 1 of 1)
103:     <- Finished tree
016:     -> Evolving tree number 6784 {1}
019:         Output tree data at t=13.80 Gyr (output 1 of 1)
019:     <- Finished tree
094:     -> Evolving tree number 7346 {1}
103:     -> Evolving tree number 7593 {1}
019:     -> Evolving tree number 7549 {1}
052:         Output tree data at t=13.80 Gyr (output 1 of 1)
052:     <- Finished tree
040:     -> Evolving tree number 7784 {1}
045:     -> Evolving tree number 7779 {1}
000:         Output tree data at t=13.80 Gyr (output 1 of 1)
000:     <- Finished tree
123:         Output tree data at t=13.80 Gyr (output 1 of 1)
123:     <- Finished tree
123:     Progress: 2565 trees processed; elapsed 15.80 h
000:     -> Evolving tree number 6800 {1}
014:         Output tree data at t=13.80 Gyr (output 1 of 1)
014:     <- Finished tree
123:     -> Evolving tree number 7317 {1}
088:         Output tree data at t=13.80 Gyr (output 1 of 1)
088:     <- Finished tree
088:     Progress: 2567 trees processed; elapsed 15.83 h
052:     -> Evolving tree number 7516 {1}
031:         Output tree data at t=13.80 Gyr (output 1 of 1)
031:     <- Finished tree
050:         Output tree data at t=13.80 Gyr (output 1 of 1)
050:     <- Finished tree
008:         Output tree data at t=13.80 Gyr (output 1 of 1)
008:     <- Finished tree
108:         Output tree data at t=13.80 Gyr (output 1 of 1)
108:     <- Finished tree
031:     -> Evolving tree number 7409 {1}
088:     -> Evolving tree number 7608 {1}
108:     -> Evolving tree number 6948 {1}
008:     -> Evolving tree number 7560 {1}
014:     -> Evolving tree number 7426 {1}
062:         Output tree data at t=13.80 Gyr (output 1 of 1)
062:     <- Finished tree
050:     -> Evolving tree number 7518 {1}
062:     -> Evolving tree number 7378 {1}
024:         Output tree data at t=13.80 Gyr (output 1 of 1)
024:     <- Finished tree
092:         Output tree data at t=13.80 Gyr (output 1 of 1)
092:     <- Finished tree
092:     Progress: 2574 trees processed; elapsed 15.85 h
092:     -> Evolving tree number 6452 {1}
098:         Output tree data at t=13.80 Gyr (output 1 of 1)
098:     <- Finished tree
098:     -> Evolving tree number 7470 {1}
024:     -> Evolving tree number 6776 {1}
078:         Output tree data at t=13.80 Gyr (output 1 of 1)
078:     <- Finished tree
060:         Output tree data at t=13.80 Gyr (output 1 of 1)
060:     <- Finished tree
060:     Progress: 2577 trees processed; elapsed 15.86 h
034:         Output tree data at t=13.80 Gyr (output 1 of 1)
034:     <- Finished tree
078:     -> Evolving tree number 7490 {1}
038:         Output tree data at t=13.80 Gyr (output 1 of 1)
038:     <- Finished tree
051:         Output tree data at t=13.80 Gyr (output 1 of 1)
051:     <- Finished tree
060:     -> Evolving tree number 7124 {1}
034:     -> Evolving tree number 7406 {1}
038:     -> Evolving tree number 7018 {1}
077:         Output tree data at t=13.80 Gyr (output 1 of 1)
077:     <- Finished tree
049:         Output tree data at t=13.80 Gyr (output 1 of 1)
049:     <- Finished tree
077:     -> Evolving tree number 7235 {1}
053:         Output tree data at t=13.80 Gyr (output 1 of 1)
053:     <- Finished tree
041:         Output tree data at t=13.80 Gyr (output 1 of 1)
041:     <- Finished tree
041:     Progress: 2584 trees processed; elapsed 15.88 h
041:     -> Evolving tree number 7399 {1}
065:         Output tree data at t=13.80 Gyr (output 1 of 1)
065:     <- Finished tree
049:     -> Evolving tree number 7519 {1}
065:     -> Evolving tree number 6863 {1}
053:     -> Evolving tree number 7771 {1}
051:     -> Evolving tree number 7901 {1}
080:         Output tree data at t=13.80 Gyr (output 1 of 1)
080:     <- Finished tree
080:     Progress: 2586 trees processed; elapsed 15.91 h
012:         Output tree data at t=13.80 Gyr (output 1 of 1)
012:     <- Finished tree
080:     -> Evolving tree number 7360 {1}
101:         Output tree data at t=13.80 Gyr (output 1 of 1)
101:     <- Finished tree
012:     -> Evolving tree number 7812 {1}
091:         Output tree data at t=13.80 Gyr (output 1 of 1)
091:     <- Finished tree
101:     -> Evolving tree number 7467 {1}
091:     -> Evolving tree number 6709 {1}
035:         Output tree data at t=13.80 Gyr (output 1 of 1)
035:     <- Finished tree
007:         Output tree data at t=13.80 Gyr (output 1 of 1)
007:     <- Finished tree
120:         Output tree data at t=13.80 Gyr (output 1 of 1)
120:     <- Finished tree
120:     Progress: 2592 trees processed; elapsed 15.92 h
022:         Output tree data at t=13.80 Gyr (output 1 of 1)
022:     <- Finished tree
120:     -> Evolving tree number 6808 {1}
054:         Output tree data at t=13.80 Gyr (output 1 of 1)
054:     <- Finished tree
022:     -> Evolving tree number 7034 {1}
054:     -> Evolving tree number 7002 {1}
105:         Output tree data at t=13.80 Gyr (output 1 of 1)
105:     <- Finished tree
001:         Output tree data at t=13.80 Gyr (output 1 of 1)
001:     <- Finished tree
102:         Output tree data at t=13.80 Gyr (output 1 of 1)
102:     <- Finished tree
102:     Progress: 2597 trees processed; elapsed 15.94 h
032:         Output tree data at t=13.80 Gyr (output 1 of 1)
032:     <- Finished tree
105:     -> Evolving tree number 7463 {1}
026:         Output tree data at t=13.80 Gyr (output 1 of 1)
026:     <- Finished tree
032:     -> Evolving tree number 6768 {1}
075:         Output tree data at t=13.80 Gyr (output 1 of 1)
075:     <- Finished tree
057:         Output tree data at t=13.80 Gyr (output 1 of 1)
057:     <- Finished tree
061:         Output tree data at t=13.80 Gyr (output 1 of 1)
061:     <- Finished tree
075:     -> Evolving tree number 7109 {1}
113:         Output tree data at t=13.80 Gyr (output 1 of 1)
113:     <- Finished tree
113:     Progress: 2603 trees processed; elapsed 15.96 h
061:     -> Evolving tree number 7251 {1}
007:     -> Evolving tree number 7049 {1}
001:     -> Evolving tree number 7695 {1}
113:     -> Evolving tree number 7327 {1}
035:     -> Evolving tree number 6893 {1}
005:         Output tree data at t=13.80 Gyr (output 1 of 1)
005:     <- Finished tree
102:     -> Evolving tree number 7978 {1}
005:     -> Evolving tree number 7819 {1}
026:     -> Evolving tree number 6902 {1}
073:         Output tree data at t=13.80 Gyr (output 1 of 1)
073:     <- Finished tree
073:     Progress: 2605 trees processed; elapsed 15.98 h
057:     -> Evolving tree number 7639 {1}
110:         Output tree data at t=13.80 Gyr (output 1 of 1)
110:     <- Finished tree
110:     Progress: 2606 trees processed; elapsed 16.00 h
073:     -> Evolving tree number 7495 {1}
013:         Output tree data at t=13.80 Gyr (output 1 of 1)
013:     <- Finished tree
111:         Output tree data at t=13.80 Gyr (output 1 of 1)
111:     <- Finished tree
013:     -> Evolving tree number 6787 {1}
119:         Output tree data at t=13.80 Gyr (output 1 of 1)
119:     <- Finished tree
119:     Progress: 2609 trees processed; elapsed 16.02 h
028:         Output tree data at t=13.80 Gyr (output 1 of 1)
028:     <- Finished tree
111:     -> Evolving tree number 6561 {1}
110:     -> Evolving tree number 7330 {1}
106:         Output tree data at t=13.80 Gyr (output 1 of 1)
106:     <- Finished tree
106:     Progress: 2611 trees processed; elapsed 16.03 h
028:     -> Evolving tree number 7028 {1}
119:     -> Evolving tree number 7193 {1}
106:     -> Evolving tree number 6950 {1}
083:         Output tree data at t=13.80 Gyr (output 1 of 1)
083:     <- Finished tree
083:     Progress: 2612 trees processed; elapsed 16.07 h
064:         Output tree data at t=13.80 Gyr (output 1 of 1)
064:     <- Finished tree
083:     -> Evolving tree number 7613 {1}
071:         Output tree data at t=13.80 Gyr (output 1 of 1)
071:     <- Finished tree
064:     -> Evolving tree number 6992 {1}
099:         Output tree data at t=13.80 Gyr (output 1 of 1)
099:     <- Finished tree
071:     -> Evolving tree number 7113 {1}
016:         Output tree data at t=13.80 Gyr (output 1 of 1)
016:     <- Finished tree
016:     -> Evolving tree number 6656 {1}
089:         Output tree data at t=13.80 Gyr (output 1 of 1)
089:     <- Finished tree
023:         Output tree data at t=13.80 Gyr (output 1 of 1)
023:     <- Finished tree
023:     Progress: 2618 trees processed; elapsed 16.09 h
069:         Output tree data at t=13.80 Gyr (output 1 of 1)
069:     <- Finished tree
096:         Output tree data at t=13.80 Gyr (output 1 of 1)
096:     <- Finished tree
048:         Output tree data at t=13.80 Gyr (output 1 of 1)
048:     <- Finished tree
099:     -> Evolving tree number 7469 {1}
069:     -> Evolving tree number 6731 {1}
089:     -> Evolving tree number 7095 {1}
096:     -> Evolving tree number 7344 {1}
087:         Output tree data at t=13.80 Gyr (output 1 of 1)
087:     <- Finished tree
087:     Progress: 2622 trees processed; elapsed 16.11 h
117:         Output tree data at t=13.80 Gyr (output 1 of 1)
117:     <- Finished tree
003:         Output tree data at t=13.80 Gyr (output 1 of 1)
003:     <- Finished tree
048:     -> Evolving tree number 7008 {1}
030:         Output tree data at t=13.80 Gyr (output 1 of 1)
030:     <- Finished tree
117:     -> Evolving tree number 7195 {1}
003:     -> Evolving tree number 7181 {1}
042:         Output tree data at t=13.80 Gyr (output 1 of 1)
042:     <- Finished tree
030:     -> Evolving tree number 6770 {1}
023:     -> Evolving tree number 7673 {1}
042:     -> Evolving tree number 7654 {1}
058:         Output tree data at t=13.80 Gyr (output 1 of 1)
058:     <- Finished tree
058:     Progress: 2627 trees processed; elapsed 16.13 h
058:     -> Evolving tree number 7126 {1}
070:         Output tree data at t=13.80 Gyr (output 1 of 1)
070:     <- Finished tree
087:     -> Evolving tree number 7993 {1}
121:         Output tree data at t=13.80 Gyr (output 1 of 1)
121:     <- Finished tree
020:         Output tree data at t=13.80 Gyr (output 1 of 1)
020:     <- Finished tree
020:     Progress: 2630 trees processed; elapsed 16.15 h
124:         Output tree data at t=13.80 Gyr (output 1 of 1)
124:     <- Finished tree
020:     -> Evolving tree number 7676 {1}
124:     -> Evolving tree number 6804 {1}
108:         Output tree data at t=13.80 Gyr (output 1 of 1)
108:     <- Finished tree
121:     -> Evolving tree number 6423 {1}
070:     -> Evolving tree number 6858 {1}
011:         Output tree data at t=13.80 Gyr (output 1 of 1)
011:     <- Finished tree
011:     Progress: 2633 trees processed; elapsed 16.17 h
004:         Output tree data at t=13.80 Gyr (output 1 of 1)
004:     <- Finished tree
118:         Output tree data at t=13.80 Gyr (output 1 of 1)
118:     <- Finished tree
043:         Output tree data at t=13.80 Gyr (output 1 of 1)
043:     <- Finished tree
011:     -> Evolving tree number 6917 {1}
009:         Output tree data at t=13.80 Gyr (output 1 of 1)
009:     <- Finished tree
043:     -> Evolving tree number 7013 {1}
009:     Progress: 2637 trees processed; elapsed 16.19 h
018:         Output tree data at t=13.80 Gyr (output 1 of 1)
018:     <- Finished tree
004:     -> Evolving tree number 6540 {1}
009:     -> Evolving tree number 7559 {1}
118:     -> Evolving tree number 7066 {1}
015:         Output tree data at t=13.80 Gyr (output 1 of 1)
015:     <- Finished tree
018:     -> Evolving tree number 6782 {1}
108:     -> Evolving tree number 6820 {1}
015:     -> Evolving tree number 7041 {1}
082:         Output tree data at t=13.80 Gyr (output 1 of 1)
082:     <- Finished tree
082:     -> Evolving tree number 7102 {1}
038:         Output tree data at t=13.80 Gyr (output 1 of 1)
038:     <- Finished tree
025:         Output tree data at t=13.80 Gyr (output 1 of 1)
025:     <- Finished tree
038:     -> Evolving tree number 6890 {1}
046:         Output tree data at t=13.80 Gyr (output 1 of 1)
046:     <- Finished tree
046:     Progress: 2643 trees processed; elapsed 16.21 h
046:     -> Evolving tree number 7394 {1}
072:         Output tree data at t=13.80 Gyr (output 1 of 1)
072:     <- Finished tree
072:     Progress: 2644 trees processed; elapsed 16.23 h
025:     -> Evolving tree number 7927 {1}
072:     -> Evolving tree number 7368 {1}
116:         Output tree data at t=13.80 Gyr (output 1 of 1)
116:     <- Finished tree
107:         Output tree data at t=13.80 Gyr (output 1 of 1)
107:     <- Finished tree
037:         Output tree data at t=13.80 Gyr (output 1 of 1)
037:     <- Finished tree
116:     -> Evolving tree number 7324 {1}
037:     -> Evolving tree number 7403 {1}
090:         Output tree data at t=13.80 Gyr (output 1 of 1)
090:     <- Finished tree
090:     Progress: 2648 trees processed; elapsed 16.26 h
033:         Output tree data at t=13.80 Gyr (output 1 of 1)
033:     <- Finished tree
033:     -> Evolving tree number 7023 {1}
085:         Output tree data at t=13.80 Gyr (output 1 of 1)
085:     <- Finished tree
085:     Progress: 2650 trees processed; elapsed 16.28 h
085:     -> Evolving tree number 7611 {1}
107:     -> Evolving tree number 7333 {1}
021:         Output tree data at t=13.80 Gyr (output 1 of 1)
021:     <- Finished tree
000:         Output tree data at t=13.80 Gyr (output 1 of 1)
000:     <- Finished tree
021:     -> Evolving tree number 7419 {1}
000:     -> Evolving tree number 6672 {1}
063:         Output tree data at t=13.80 Gyr (output 1 of 1)
063:     <- Finished tree
063:     -> Evolving tree number 7249 {1}
024:         Output tree data at t=13.80 Gyr (output 1 of 1)
024:     <- Finished tree
090:     -> Evolving tree number 6966 {1}
103:         Output tree data at t=13.80 Gyr (output 1 of 1)
103:     <- Finished tree
103:     Progress: 2655 trees processed; elapsed 16.30 h
103:     -> Evolving tree number 7465 {1}
002:         Output tree data at t=13.80 Gyr (output 1 of 1)
002:     <- Finished tree
007:         Output tree data at t=13.80 Gyr (output 1 of 1)
007:     <- Finished tree
002:     -> Evolving tree number 7694 {1}
122:         Output tree data at t=13.80 Gyr (output 1 of 1)
122:     <- Finished tree
074:         Output tree data at t=13.80 Gyr (output 1 of 1)
074:     <- Finished tree
074:     Progress: 2659 trees processed; elapsed 16.32 h
007:     -> Evolving tree number 6921 {1}
074:     -> Evolving tree number 7494 {1}
104:         Output tree data at t=13.80 Gyr (output 1 of 1)
104:     <- Finished tree
104:     -> Evolving tree number 7080 {1}
122:     -> Evolving tree number 6550 {1}
024:     -> Evolving tree number 6648 {1}
112:         Output tree data at t=13.80 Gyr (output 1 of 1)
112:     <- Finished tree
068:         Output tree data at t=13.80 Gyr (output 1 of 1)
068:     <- Finished tree
068:     -> Evolving tree number 7372 {1}
112:     -> Evolving tree number 6816 {1}
097:         Output tree data at t=13.80 Gyr (output 1 of 1)
097:     <- Finished tree
097:     Progress: 2663 trees processed; elapsed 16.35 h
125:         Output tree data at t=13.80 Gyr (output 1 of 1)
125:     <- Finished tree
114:         Output tree data at t=13.80 Gyr (output 1 of 1)
114:     <- Finished tree
059:         Output tree data at t=13.80 Gyr (output 1 of 1)
059:     <- Finished tree
067:         Output tree data at t=13.80 Gyr (output 1 of 1)
067:     <- Finished tree
097:     -> Evolving tree number 7855 {1}
059:     -> Evolving tree number 6741 {1}
067:     -> Evolving tree number 7885 {1}
125:     -> Evolving tree number 6931 {1}
114:     -> Evolving tree number 7070 {1}
095:         Output tree data at t=13.80 Gyr (output 1 of 1)
095:     <- Finished tree
095:     Progress: 2668 trees processed; elapsed 16.38 h
050:         Output tree data at t=13.80 Gyr (output 1 of 1)
050:     <- Finished tree
095:     -> Evolving tree number 7217 {1}
040:         Output tree data at t=13.80 Gyr (output 1 of 1)
040:     <- Finished tree
075:         Output tree data at t=13.80 Gyr (output 1 of 1)
075:     <- Finished tree
075:     Progress: 2671 trees processed; elapsed 16.41 h
109:         Output tree data at t=13.80 Gyr (output 1 of 1)
109:     <- Finished tree
075:     -> Evolving tree number 6981 {1}
056:         Output tree data at t=13.80 Gyr (output 1 of 1)
056:     <- Finished tree
017:         Output tree data at t=13.80 Gyr (output 1 of 1)
017:     <- Finished tree
050:     -> Evolving tree number 7390 {1}
056:     -> Evolving tree number 7256 {1}
017:     -> Evolving tree number 7679 {1}
065:         Output tree data at t=13.80 Gyr (output 1 of 1)
065:     <- Finished tree
065:     Progress: 2675 trees processed; elapsed 16.44 h
040:     -> Evolving tree number 7656 {1}
065:     -> Evolving tree number 6735 {1}
010:         Output tree data at t=13.80 Gyr (output 1 of 1)
010:     <- Finished tree
115:         Output tree data at t=13.80 Gyr (output 1 of 1)
115:     <- Finished tree
010:     -> Evolving tree number 7686 {1}
109:     -> Evolving tree number 7459 {1}
115:     -> Evolving tree number 7581 {1}
047:         Output tree data at t=13.80 Gyr (output 1 of 1)
047:     <- Finished tree
036:         Output tree data at t=13.80 Gyr (output 1 of 1)
036:     <- Finished tree
047:     -> Evolving tree number 7905 {1}
092:         Output tree data at t=13.80 Gyr (output 1 of 1)
092:     <- Finished tree
092:     Progress: 2680 trees processed; elapsed 16.46 h
078:         Output tree data at t=13.80 Gyr (output 1 of 1)
078:     <- Finished tree
078:     -> Evolving tree number 7362 {1}
092:     -> Evolving tree number 6324 {1}
004:         Output tree data at t=13.80 Gyr (output 1 of 1)
004:     <- Finished tree
051:         Output tree data at t=13.80 Gyr (output 1 of 1)
051:     <- Finished tree
051:     Progress: 2683 trees processed; elapsed 16.48 h
004:     -> Evolving tree number 6412 {1}
086:         Output tree data at t=13.80 Gyr (output 1 of 1)
086:     <- Finished tree
036:     -> Evolving tree number 6764 {1}
086:     -> Evolving tree number 6970 {1}
066:         Output tree data at t=13.80 Gyr (output 1 of 1)
066:     <- Finished tree
016:         Output tree data at t=13.80 Gyr (output 1 of 1)
016:     <- Finished tree
066:     -> Evolving tree number 7246 {1}
016:     -> Evolving tree number 6528 {1}
120:         Output tree data at t=13.80 Gyr (output 1 of 1)
120:     <- Finished tree
120:     Progress: 2687 trees processed; elapsed 16.50 h
027:         Output tree data at t=13.80 Gyr (output 1 of 1)
027:     <- Finished tree
084:         Output tree data at t=13.80 Gyr (output 1 of 1)
084:     <- Finished tree
051:     -> Evolving tree number 7773 {1}
084:     -> Evolving tree number 6972 {1}
127:         Output tree data at t=13.80 Gyr (output 1 of 1)
127:     <- Finished tree
127:     -> Evolving tree number 6417 {1}
079:         Output tree data at t=13.80 Gyr (output 1 of 1)
079:     <- Finished tree
039:         Output tree data at t=13.80 Gyr (output 1 of 1)
039:     <- Finished tree
111:         Output tree data at t=13.80 Gyr (output 1 of 1)
111:     <- Finished tree
034:         Output tree data at t=13.80 Gyr (output 1 of 1)
034:     <- Finished tree
039:     -> Evolving tree number 7145 {1}
027:     -> Evolving tree number 7285 {1}
111:     -> Evolving tree number 6433 {1}
100:         Output tree data at t=13.80 Gyr (output 1 of 1)
100:     <- Finished tree
100:     Progress: 2695 trees processed; elapsed 16.53 h
079:     -> Evolving tree number 7873 {1}
035:         Output tree data at t=13.80 Gyr (output 1 of 1)
035:     <- Finished tree
100:     -> Evolving tree number 6828 {1}
120:     -> Evolving tree number 6680 {1}
081:         Output tree data at t=13.80 Gyr (output 1 of 1)
081:     <- Finished tree
060:         Output tree data at t=13.80 Gyr (output 1 of 1)
060:     <- Finished tree
069:         Output tree data at t=13.80 Gyr (output 1 of 1)
069:     <- Finished tree
081:     -> Evolving tree number 6591 {1}
035:     -> Evolving tree number 6765 {1}
034:     -> Evolving tree number 7278 {1}
060:     -> Evolving tree number 6996 {1}
121:         Output tree data at t=13.80 Gyr (output 1 of 1)
121:     <- Finished tree
121:     Progress: 2700 trees processed; elapsed 16.56 h
032:         Output tree data at t=13.80 Gyr (output 1 of 1)
032:     <- Finished tree
069:     -> Evolving tree number 6603 {1}
121:     -> Evolving tree number 6295 {1}
032:     -> Evolving tree number 6640 {1}
123:         Output tree data at t=13.80 Gyr (output 1 of 1)
123:     <- Finished tree
101:         Output tree data at t=13.80 Gyr (output 1 of 1)
101:     <- Finished tree
117:         Output tree data at t=13.80 Gyr (output 1 of 1)
117:     <- Finished tree
117:     Progress: 2704 trees processed; elapsed 16.58 h
071:         Output tree data at t=13.80 Gyr (output 1 of 1)
071:     <- Finished tree
091:         Output tree data at t=13.80 Gyr (output 1 of 1)
091:     <- Finished tree
058:         Output tree data at t=13.80 Gyr (output 1 of 1)
058:     <- Finished tree
091:     -> Evolving tree number 6581 {1}
044:         Output tree data at t=13.80 Gyr (output 1 of 1)
044:     <- Finished tree
044:     Progress: 2708 trees processed; elapsed 16.60 h
028:         Output tree data at t=13.80 Gyr (output 1 of 1)
028:     <- Finished tree
044:     -> Evolving tree number 7652 {1}
013:         Output tree data at t=13.80 Gyr (output 1 of 1)
013:     <- Finished tree
123:     -> Evolving tree number 7189 {1}
101:     -> Evolving tree number 7339 {1}
013:     -> Evolving tree number 6659 {1}
093:         Output tree data at t=13.80 Gyr (output 1 of 1)
093:     <- Finished tree
082:         Output tree data at t=13.80 Gyr (output 1 of 1)
082:     <- Finished tree
093:     -> Evolving tree number 6835 {1}
105:         Output tree data at t=13.80 Gyr (output 1 of 1)
105:     <- Finished tree
105:     Progress: 2713 trees processed; elapsed 16.61 h
043:         Output tree data at t=13.80 Gyr (output 1 of 1)
043:     <- Finished tree
071:     -> Evolving tree number 6985 {1}
082:     -> Evolving tree number 6974 {1}
058:     -> Evolving tree number 6998 {1}
089:         Output tree data at t=13.80 Gyr (output 1 of 1)
089:     <- Finished tree
117:     -> Evolving tree number 7067 {1}
113:         Output tree data at t=13.80 Gyr (output 1 of 1)
113:     <- Finished tree
006:         Output tree data at t=13.80 Gyr (output 1 of 1)
006:     <- Finished tree
043:     -> Evolving tree number 6885 {1}
028:     -> Evolving tree number 6900 {1}
055:         Output tree data at t=13.80 Gyr (output 1 of 1)
055:     <- Finished tree
014:         Output tree data at t=13.80 Gyr (output 1 of 1)
014:     <- Finished tree
006:     -> Evolving tree number 7562 {1}
062:         Output tree data at t=13.80 Gyr (output 1 of 1)
062:     <- Finished tree
089:     -> Evolving tree number 6967 {1}
024:         Output tree data at t=13.80 Gyr (output 1 of 1)
024:     <- Finished tree
113:     -> Evolving tree number 7199 {1}
024:     -> Evolving tree number 6520 {1}
077:         Output tree data at t=13.80 Gyr (output 1 of 1)
077:     <- Finished tree
077:     Progress: 2722 trees processed; elapsed 16.63 h
000:         Output tree data at t=13.80 Gyr (output 1 of 1)
000:     <- Finished tree
000:     -> Evolving tree number 6544 {1}
026:         Output tree data at t=13.80 Gyr (output 1 of 1)
026:     <- Finished tree
018:         Output tree data at t=13.80 Gyr (output 1 of 1)
018:     <- Finished tree
105:     -> Evolving tree number 7335 {1}
055:     -> Evolving tree number 7385 {1}
023:         Output tree data at t=13.80 Gyr (output 1 of 1)
023:     <- Finished tree
018:     -> Evolving tree number 6654 {1}
023:     -> Evolving tree number 7545 {1}
002:         Output tree data at t=13.80 Gyr (output 1 of 1)
002:     <- Finished tree
002:     Progress: 2727 trees processed; elapsed 16.66 h
014:     -> Evolving tree number 7298 {1}
026:     -> Evolving tree number 6774 {1}
062:     -> Evolving tree number 7250 {1}
019:         Output tree data at t=13.80 Gyr (output 1 of 1)
019:     <- Finished tree
077:     -> Evolving tree number 7107 {1}
019:     -> Evolving tree number 7421 {1}
061:         Output tree data at t=13.80 Gyr (output 1 of 1)
061:     <- Finished tree
002:     -> Evolving tree number 7566 {1}
061:     -> Evolving tree number 7123 {1}
076:         Output tree data at t=13.80 Gyr (output 1 of 1)
076:     <- Finished tree
124:         Output tree data at t=13.80 Gyr (output 1 of 1)
124:     <- Finished tree
045:         Output tree data at t=13.80 Gyr (output 1 of 1)
045:     <- Finished tree
076:     -> Evolving tree number 7236 {1}
008:         Output tree data at t=13.80 Gyr (output 1 of 1)
008:     <- Finished tree
008:     Progress: 2733 trees processed; elapsed 16.70 h
029:         Output tree data at t=13.80 Gyr (output 1 of 1)
029:     <- Finished tree
008:     -> Evolving tree number 7432 {1}
045:     -> Evolving tree number 7651 {1}
029:     -> Evolving tree number 7667 {1}
080:         Output tree data at t=13.80 Gyr (output 1 of 1)
080:     <- Finished tree
059:         Output tree data at t=13.80 Gyr (output 1 of 1)
059:     <- Finished tree
124:     -> Evolving tree number 6676 {1}
080:     -> Evolving tree number 7232 {1}
126:         Output tree data at t=13.80 Gyr (output 1 of 1)
126:     <- Finished tree
126:     Progress: 2737 trees processed; elapsed 16.72 h
126:     -> Evolving tree number 7698 {1}
054:         Output tree data at t=13.80 Gyr (output 1 of 1)
054:     <- Finished tree
046:         Output tree data at t=13.80 Gyr (output 1 of 1)
046:     <- Finished tree
059:     -> Evolving tree number 6613 {1}
046:     -> Evolving tree number 7266 {1}
005:         Output tree data at t=13.80 Gyr (output 1 of 1)
005:     <- Finished tree
054:     -> Evolving tree number 6874 {1}
041:         Output tree data at t=13.80 Gyr (output 1 of 1)
041:     <- Finished tree
041:     Progress: 2741 trees processed; elapsed 16.74 h
106:         Output tree data at t=13.80 Gyr (output 1 of 1)
106:     <- Finished tree
005:     -> Evolving tree number 7691 {1}
106:     -> Evolving tree number 6822 {1}
001:         Output tree data at t=13.80 Gyr (output 1 of 1)
001:     <- Finished tree
001:     Progress: 2743 trees processed; elapsed 16.76 h
048:         Output tree data at t=13.80 Gyr (output 1 of 1)
048:     <- Finished tree
007:         Output tree data at t=13.80 Gyr (output 1 of 1)
007:     <- Finished tree
048:     -> Evolving tree number 6880 {1}
041:     -> Evolving tree number 7271 {1}
007:     -> Evolving tree number 6793 {1}
001:     -> Evolving tree number 7567 {1}
011:         Output tree data at t=13.80 Gyr (output 1 of 1)
011:     <- Finished tree
011:     Progress: 2746 trees processed; elapsed 16.79 h
042:         Output tree data at t=13.80 Gyr (output 1 of 1)
042:     <- Finished tree
031:         Output tree data at t=13.80 Gyr (output 1 of 1)
031:     <- Finished tree
011:     -> Evolving tree number 6789 {1}
031:     -> Evolving tree number 7281 {1}
119:         Output tree data at t=13.80 Gyr (output 1 of 1)
119:     <- Finished tree
049:         Output tree data at t=13.80 Gyr (output 1 of 1)
049:     <- Finished tree
099:         Output tree data at t=13.80 Gyr (output 1 of 1)
099:     <- Finished tree
030:         Output tree data at t=13.80 Gyr (output 1 of 1)
030:     <- Finished tree
119:     -> Evolving tree number 7065 {1}
049:     -> Evolving tree number 7391 {1}
108:         Output tree data at t=13.80 Gyr (output 1 of 1)
108:     <- Finished tree
030:     -> Evolving tree number 6642 {1}
042:     -> Evolving tree number 7526 {1}
099:     -> Evolving tree number 7341 {1}
108:     -> Evolving tree number 6692 {1}
064:         Output tree data at t=13.80 Gyr (output 1 of 1)
064:     <- Finished tree
064:     Progress: 2754 trees processed; elapsed 16.82 h
064:     -> Evolving tree number 6864 {1}
096:         Output tree data at t=13.80 Gyr (output 1 of 1)
096:     <- Finished tree
096:     -> Evolving tree number 7216 {1}
038:         Output tree data at t=13.80 Gyr (output 1 of 1)
038:     <- Finished tree
038:     Progress: 2756 trees processed; elapsed 16.85 h
110:         Output tree data at t=13.80 Gyr (output 1 of 1)
110:     <- Finished tree
038:     -> Evolving tree number 6762 {1}
070:         Output tree data at t=13.80 Gyr (output 1 of 1)
070:     <- Finished tree
022:         Output tree data at t=13.80 Gyr (output 1 of 1)
022:     <- Finished tree
022:     -> Evolving tree number 6906 {1}
070:     -> Evolving tree number 6730 {1}
037:         Output tree data at t=13.80 Gyr (output 1 of 1)
037:     <- Finished tree
098:         Output tree data at t=13.80 Gyr (output 1 of 1)
098:     <- Finished tree
110:     -> Evolving tree number 7202 {1}
037:     -> Evolving tree number 7275 {1}
098:     -> Evolving tree number 7342 {1}
121:         Output tree data at t=13.80 Gyr (output 1 of 1)
121:     <- Finished tree
121:     Progress: 2762 trees processed; elapsed 16.88 h
085:         Output tree data at t=13.80 Gyr (output 1 of 1)
085:     <- Finished tree
121:     -> Evolving tree number 6167 {1}
085:     -> Evolving tree number 7483 {1}
103:         Output tree data at t=13.80 Gyr (output 1 of 1)
103:     <- Finished tree
072:         Output tree data at t=13.80 Gyr (output 1 of 1)
072:     <- Finished tree
072:     Progress: 2765 trees processed; elapsed 16.90 h
015:         Output tree data at t=13.80 Gyr (output 1 of 1)
015:     <- Finished tree
072:     -> Evolving tree number 7240 {1}
015:     -> Evolving tree number 6913 {1}
107:         Output tree data at t=13.80 Gyr (output 1 of 1)
107:     <- Finished tree
107:     Progress: 2767 trees processed; elapsed 16.92 h
004:         Output tree data at t=13.80 Gyr (output 1 of 1)
004:     <- Finished tree
103:     -> Evolving tree number 7337 {1}
094:         Output tree data at t=13.80 Gyr (output 1 of 1)
094:     <- Finished tree
094:     Progress: 2769 trees processed; elapsed 16.94 h
025:         Output tree data at t=13.80 Gyr (output 1 of 1)
025:     <- Finished tree
107:     -> Evolving tree number 7205 {1}
025:     -> Evolving tree number 7799 {1}
047:         Output tree data at t=13.80 Gyr (output 1 of 1)
047:     <- Finished tree
004:     -> Evolving tree number 6284 {1}
047:     -> Evolving tree number 7777 {1}
090:         Output tree data at t=13.80 Gyr (output 1 of 1)
090:     <- Finished tree
016:         Output tree data at t=13.80 Gyr (output 1 of 1)
016:     <- Finished tree
118:         Output tree data at t=13.80 Gyr (output 1 of 1)
118:     <- Finished tree
094:     -> Evolving tree number 7218 {1}
118:     -> Evolving tree number 6938 {1}
033:         Output tree data at t=13.80 Gyr (output 1 of 1)
033:     <- Finished tree
033:     Progress: 2775 trees processed; elapsed 16.96 h
120:         Output tree data at t=13.80 Gyr (output 1 of 1)
120:     <- Finished tree
120:     -> Evolving tree number 6552 {1}
112:         Output tree data at t=13.80 Gyr (output 1 of 1)
112:     <- Finished tree
090:     -> Evolving tree number 6838 {1}
016:     -> Evolving tree number 6400 {1}
053:         Output tree data at t=13.80 Gyr (output 1 of 1)
053:     <- Finished tree
053:     Progress: 2778 trees processed; elapsed 16.99 h
053:     -> Evolving tree number 7643 {1}
017:         Output tree data at t=13.80 Gyr (output 1 of 1)
017:     <- Finished tree
039:         Output tree data at t=13.80 Gyr (output 1 of 1)
039:     <- Finished tree
033:     -> Evolving tree number 6895 {1}
039:     -> Evolving tree number 7017 {1}
112:     -> Evolving tree number 6688 {1}
017:     -> Evolving tree number 7551 {1}
093:         Output tree data at t=13.80 Gyr (output 1 of 1)
093:     <- Finished tree
093:     Progress: 2781 trees processed; elapsed 17.02 h
056:         Output tree data at t=13.80 Gyr (output 1 of 1)
056:     <- Finished tree
052:         Output tree data at t=13.80 Gyr (output 1 of 1)
052:     <- Finished tree
116:         Output tree data at t=13.80 Gyr (output 1 of 1)
116:     <- Finished tree
122:         Output tree data at t=13.80 Gyr (output 1 of 1)
122:     <- Finished tree
122:     Progress: 2785 trees processed; elapsed 17.05 h
056:     -> Evolving tree number 7128 {1}
093:     -> Evolving tree number 6707 {1}
116:     -> Evolving tree number 7196 {1}
122:     -> Evolving tree number 6422 {1}
003:         Output tree data at t=13.80 Gyr (output 1 of 1)
003:     <- Finished tree
052:     -> Evolving tree number 7388 {1}
003:     -> Evolving tree number 7053 {1}
057:         Output tree data at t=13.80 Gyr (output 1 of 1)
057:     <- Finished tree
057:     -> Evolving tree number 7511 {1}
125:         Output tree data at t=13.80 Gyr (output 1 of 1)
125:     <- Finished tree
102:         Output tree data at t=13.80 Gyr (output 1 of 1)
102:     <- Finished tree
102:     Progress: 2789 trees processed; elapsed 17.07 h
065:         Output tree data at t=13.80 Gyr (output 1 of 1)
065:     <- Finished tree
022:         Output tree data at t=13.80 Gyr (output 1 of 1)
022:     <- Finished tree
022:     Progress: 2791 trees processed; elapsed 17.09 h
066:         Output tree data at t=13.80 Gyr (output 1 of 1)
066:     <- Finished tree
065:     -> Evolving tree number 6607 {1}
074:         Output tree data at t=13.80 Gyr (output 1 of 1)
074:     <- Finished tree
088:         Output tree data at t=13.80 Gyr (output 1 of 1)
088:     <- Finished tree
074:     -> Evolving tree number 7366 {1}
022:     -> Evolving tree number 6778 {1}
058:         Output tree data at t=13.80 Gyr (output 1 of 1)
058:     <- Finished tree
069:         Output tree data at t=13.80 Gyr (output 1 of 1)
069:     <- Finished tree
058:     -> Evolving tree number 6870 {1}
125:     -> Evolving tree number 6803 {1}
102:     -> Evolving tree number 7850 {1}
066:     -> Evolving tree number 7118 {1}
043:         Output tree data at t=13.80 Gyr (output 1 of 1)
043:     <- Finished tree
043:     Progress: 2797 trees processed; elapsed 17.12 h
106:         Output tree data at t=13.80 Gyr (output 1 of 1)
106:     <- Finished tree
032:         Output tree data at t=13.80 Gyr (output 1 of 1)
032:     <- Finished tree
109:         Output tree data at t=13.80 Gyr (output 1 of 1)
109:     <- Finished tree
088:     -> Evolving tree number 7480 {1}
109:     -> Evolving tree number 7331 {1}
106:     -> Evolving tree number 6694 {1}
026:         Output tree data at t=13.80 Gyr (output 1 of 1)
026:     <- Finished tree
069:     -> Evolving tree number 6475 {1}
124:         Output tree data at t=13.80 Gyr (output 1 of 1)
124:     <- Finished tree
124:     Progress: 2802 trees processed; elapsed 17.14 h
026:     -> Evolving tree number 6646 {1}
043:     -> Evolving tree number 6757 {1}
050:         Output tree data at t=13.80 Gyr (output 1 of 1)
050:     <- Finished tree
000:         Output tree data at t=13.80 Gyr (output 1 of 1)
000:     <- Finished tree
124:     -> Evolving tree number 6548 {1}
111:         Output tree data at t=13.80 Gyr (output 1 of 1)
111:     <- Finished tree
111:     -> Evolving tree number 6305 {1}
000:     -> Evolving tree number 6416 {1}
032:     -> Evolving tree number 6512 {1}
095:         Output tree data at t=13.80 Gyr (output 1 of 1)
095:     <- Finished tree
095:     Progress: 2806 trees processed; elapsed 17.17 h
073:         Output tree data at t=13.80 Gyr (output 1 of 1)
073:     <- Finished tree
050:     -> Evolving tree number 7262 {1}
114:         Output tree data at t=13.80 Gyr (output 1 of 1)
114:     <- Finished tree
060:         Output tree data at t=13.80 Gyr (output 1 of 1)
060:     <- Finished tree
095:     -> Evolving tree number 7089 {1}
060:     -> Evolving tree number 6868 {1}
013:         Output tree data at t=13.80 Gyr (output 1 of 1)
013:     <- Finished tree
013:     Progress: 2810 trees processed; elapsed 17.19 h
114:     -> Evolving tree number 6942 {1}
123:         Output tree data at t=13.80 Gyr (output 1 of 1)
123:     <- Finished tree
081:         Output tree data at t=13.80 Gyr (output 1 of 1)
081:     <- Finished tree
123:     -> Evolving tree number 7061 {1}
081:     -> Evolving tree number 6463 {1}
092:         Output tree data at t=13.80 Gyr (output 1 of 1)
092:     <- Finished tree
092:     Progress: 2813 trees processed; elapsed 17.21 h
073:     -> Evolving tree number 7367 {1}
013:     -> Evolving tree number 6531 {1}
040:         Output tree data at t=13.80 Gyr (output 1 of 1)
040:     <- Finished tree
092:     -> Evolving tree number 6196 {1}
082:         Output tree data at t=13.80 Gyr (output 1 of 1)
082:     <- Finished tree
040:     -> Evolving tree number 7528 {1}
082:     -> Evolving tree number 6846 {1}
030:         Output tree data at t=13.80 Gyr (output 1 of 1)
030:     <- Finished tree
030:     Progress: 2816 trees processed; elapsed 17.23 h
030:     -> Evolving tree number 6514 {1}
084:         Output tree data at t=13.80 Gyr (output 1 of 1)
084:     <- Finished tree
020:         Output tree data at t=13.80 Gyr (output 1 of 1)
020:     <- Finished tree
089:         Output tree data at t=13.80 Gyr (output 1 of 1)
089:     <- Finished tree
091:         Output tree data at t=13.80 Gyr (output 1 of 1)
091:     <- Finished tree
020:     -> Evolving tree number 7548 {1}
091:     -> Evolving tree number 6453 {1}
037:         Output tree data at t=13.80 Gyr (output 1 of 1)
037:     <- Finished tree
037:     Progress: 2821 trees processed; elapsed 17.26 h
048:         Output tree data at t=13.80 Gyr (output 1 of 1)
048:     <- Finished tree
075:         Output tree data at t=13.80 Gyr (output 1 of 1)
075:     <- Finished tree
048:     -> Evolving tree number 6752 {1}
075:     -> Evolving tree number 6853 {1}
023:         Output tree data at t=13.80 Gyr (output 1 of 1)
023:     <- Finished tree
035:         Output tree data at t=13.80 Gyr (output 1 of 1)
035:     <- Finished tree
023:     -> Evolving tree number 7417 {1}
127:         Output tree data at t=13.80 Gyr (output 1 of 1)
127:     <- Finished tree
127:     Progress: 2826 trees processed; elapsed 17.28 h
084:     -> Evolving tree number 6844 {1}
089:     -> Evolving tree number 6839 {1}
063:         Output tree data at t=13.80 Gyr (output 1 of 1)
063:     <- Finished tree
034:         Output tree data at t=13.80 Gyr (output 1 of 1)
034:     <- Finished tree
068:         Output tree data at t=13.80 Gyr (output 1 of 1)
068:     <- Finished tree
035:     -> Evolving tree number 6637 {1}
068:     -> Evolving tree number 7244 {1}
044:         Output tree data at t=13.80 Gyr (output 1 of 1)
044:     <- Finished tree
054:         Output tree data at t=13.80 Gyr (output 1 of 1)
054:     <- Finished tree
044:     -> Evolving tree number 7524 {1}
034:     -> Evolving tree number 7150 {1}
010:         Output tree data at t=13.80 Gyr (output 1 of 1)
010:     <- Finished tree
054:     -> Evolving tree number 6746 {1}
104:         Output tree data at t=13.80 Gyr (output 1 of 1)
104:     <- Finished tree
104:     Progress: 2833 trees processed; elapsed 17.30 h
046:         Output tree data at t=13.80 Gyr (output 1 of 1)
046:     <- Finished tree
037:     -> Evolving tree number 7147 {1}
063:     -> Evolving tree number 7121 {1}
046:     -> Evolving tree number 7138 {1}
104:     -> Evolving tree number 6952 {1}
006:         Output tree data at t=13.80 Gyr (output 1 of 1)
006:     <- Finished tree
010:     -> Evolving tree number 7558 {1}
055:         Output tree data at t=13.80 Gyr (output 1 of 1)
055:     <- Finished tree
127:     -> Evolving tree number 6289 {1}
006:     -> Evolving tree number 7434 {1}
055:     -> Evolving tree number 7257 {1}
009:         Output tree data at t=13.80 Gyr (output 1 of 1)
009:     <- Finished tree
113:         Output tree data at t=13.80 Gyr (output 1 of 1)
113:     <- Finished tree
027:         Output tree data at t=13.80 Gyr (output 1 of 1)
027:     <- Finished tree
071:         Output tree data at t=13.80 Gyr (output 1 of 1)
071:     <- Finished tree
087:         Output tree data at t=13.80 Gyr (output 1 of 1)
087:     <- Finished tree
087:     Progress: 2841 trees processed; elapsed 17.32 h
027:     -> Evolving tree number 7157 {1}
087:     -> Evolving tree number 7865 {1}
119:         Output tree data at t=13.80 Gyr (output 1 of 1)
119:     <- Finished tree
080:         Output tree data at t=13.80 Gyr (output 1 of 1)
080:     <- Finished tree
061:         Output tree data at t=13.80 Gyr (output 1 of 1)
061:     <- Finished tree
080:     -> Evolving tree number 7104 {1}
119:     -> Evolving tree number 6937 {1}
118:         Output tree data at t=13.80 Gyr (output 1 of 1)
118:     <- Finished tree
015:         Output tree data at t=13.80 Gyr (output 1 of 1)
015:     <- Finished tree
118:     -> Evolving tree number 6810 {1}
021:         Output tree data at t=13.80 Gyr (output 1 of 1)
021:     <- Finished tree
021:     Progress: 2847 trees processed; elapsed 17.34 h
038:         Output tree data at t=13.80 Gyr (output 1 of 1)
038:     <- Finished tree
009:     -> Evolving tree number 7431 {1}
096:         Output tree data at t=13.80 Gyr (output 1 of 1)
096:     <- Finished tree
113:     -> Evolving tree number 7071 {1}
096:     -> Evolving tree number 7088 {1}
071:     -> Evolving tree number 6857 {1}
076:         Output tree data at t=13.80 Gyr (output 1 of 1)
076:     <- Finished tree
093:         Output tree data at t=13.80 Gyr (output 1 of 1)
093:     <- Finished tree
093:     Progress: 2851 trees processed; elapsed 17.36 h
076:     -> Evolving tree number 7108 {1}
041:         Output tree data at t=13.80 Gyr (output 1 of 1)
041:     <- Finished tree
093:     -> Evolving tree number 6579 {1}
041:     -> Evolving tree number 7143 {1}
061:     -> Evolving tree number 6995 {1}
059:         Output tree data at t=13.80 Gyr (output 1 of 1)
059:     <- Finished tree
062:         Output tree data at t=13.80 Gyr (output 1 of 1)
062:     <- Finished tree
059:     -> Evolving tree number 6485 {1}
021:     -> Evolving tree number 7291 {1}
015:     -> Evolving tree number 6785 {1}
062:     -> Evolving tree number 7122 {1}
018:         Output tree data at t=13.80 Gyr (output 1 of 1)
018:     <- Finished tree
097:         Output tree data at t=13.80 Gyr (output 1 of 1)
097:     <- Finished tree
018:     -> Evolving tree number 6526 {1}
097:     -> Evolving tree number 7727 {1}
053:         Output tree data at t=13.80 Gyr (output 1 of 1)
053:     <- Finished tree
053:     Progress: 2857 trees processed; elapsed 17.39 h
038:     -> Evolving tree number 6634 {1}
053:     -> Evolving tree number 7515 {1}
126:         Output tree data at t=13.80 Gyr (output 1 of 1)
126:     <- Finished tree
070:         Output tree data at t=13.80 Gyr (output 1 of 1)
070:     <- Finished tree
028:         Output tree data at t=13.80 Gyr (output 1 of 1)
028:     <- Finished tree
028:     Progress: 2860 trees processed; elapsed 17.41 h
028:     -> Evolving tree number 6772 {1}
002:         Output tree data at t=13.80 Gyr (output 1 of 1)
002:     <- Finished tree
126:     -> Evolving tree number 7570 {1}
002:     -> Evolving tree number 7438 {1}
090:         Output tree data at t=13.80 Gyr (output 1 of 1)
090:     <- Finished tree
090:     -> Evolving tree number 6710 {1}
083:         Output tree data at t=13.80 Gyr (output 1 of 1)
083:     <- Finished tree
115:         Output tree data at t=13.80 Gyr (output 1 of 1)
115:     <- Finished tree
083:     -> Evolving tree number 7485 {1}
007:         Output tree data at t=13.80 Gyr (output 1 of 1)
007:     <- Finished tree
007:     -> Evolving tree number 6665 {1}
067:         Output tree data at t=13.80 Gyr (output 1 of 1)
067:     <- Finished tree
067:     Progress: 2866 trees processed; elapsed 17.44 h
110:         Output tree data at t=13.80 Gyr (output 1 of 1)
110:     <- Finished tree
064:         Output tree data at t=13.80 Gyr (output 1 of 1)
064:     <- Finished tree
070:     -> Evolving tree number 6602 {1}
064:     -> Evolving tree number 6736 {1}
108:         Output tree data at t=13.80 Gyr (output 1 of 1)
108:     <- Finished tree
077:         Output tree data at t=13.80 Gyr (output 1 of 1)
077:     <- Finished tree
108:     -> Evolving tree number 6564 {1}
086:         Output tree data at t=13.80 Gyr (output 1 of 1)
086:     <- Finished tree
024:         Output tree data at t=13.80 Gyr (output 1 of 1)
024:     <- Finished tree
016:         Output tree data at t=13.80 Gyr (output 1 of 1)
016:     <- Finished tree
112:         Output tree data at t=13.80 Gyr (output 1 of 1)
112:     <- Finished tree
024:     -> Evolving tree number 6392 {1}
016:     -> Evolving tree number 6272 {1}
115:     -> Evolving tree number 7453 {1}
112:     -> Evolving tree number 6560 {1}
077:     -> Evolving tree number 6979 {1}
110:     -> Evolving tree number 7074 {1}
086:     -> Evolving tree number 6842 {1}
067:     -> Evolving tree number 7757 {1}
036:         Output tree data at t=13.80 Gyr (output 1 of 1)
036:     <- Finished tree
036:     Progress: 2875 trees processed; elapsed 17.46 h
117:         Output tree data at t=13.80 Gyr (output 1 of 1)
117:     <- Finished tree
001:         Output tree data at t=13.80 Gyr (output 1 of 1)
001:     <- Finished tree
001:     Progress: 2877 trees processed; elapsed 17.48 h
121:         Output tree data at t=13.80 Gyr (output 1 of 1)
121:     <- Finished tree
098:         Output tree data at t=13.80 Gyr (output 1 of 1)
098:     <- Finished tree
121:     -> Evolving tree number 6039 {1}
026:         Output tree data at t=13.80 Gyr (output 1 of 1)
026:     <- Finished tree
098:     -> Evolving tree number 7214 {1}
026:     -> Evolving tree number 6518 {1}
117:     -> Evolving tree number 6939 {1}
036:     -> Evolving tree number 6636 {1}
122:         Output tree data at t=13.80 Gyr (output 1 of 1)
122:     <- Finished tree
122:     Progress: 2881 trees processed; elapsed 17.50 h
078:         Output tree data at t=13.80 Gyr (output 1 of 1)
078:     <- Finished tree
011:         Output tree data at t=13.80 Gyr (output 1 of 1)
011:     <- Finished tree
085:         Output tree data at t=13.80 Gyr (output 1 of 1)
085:     <- Finished tree
078:     -> Evolving tree number 7234 {1}
085:     -> Evolving tree number 7355 {1}
122:     -> Evolving tree number 6294 {1}
051:         Output tree data at t=13.80 Gyr (output 1 of 1)
051:     <- Finished tree
051:     Progress: 2885 trees processed; elapsed 17.52 h
001:     -> Evolving tree number 7439 {1}
019:         Output tree data at t=13.80 Gyr (output 1 of 1)
019:     <- Finished tree
051:     -> Evolving tree number 7645 {1}
019:     -> Evolving tree number 7293 {1}
092:         Output tree data at t=13.80 Gyr (output 1 of 1)
092:     <- Finished tree
092:     Progress: 2887 trees processed; elapsed 17.54 h
092:     -> Evolving tree number 6068 {1}
011:     -> Evolving tree number 6661 {1}
004:         Output tree data at t=13.80 Gyr (output 1 of 1)
004:     <- Finished tree
004:     -> Evolving tree number 6156 {1}
008:         Output tree data at t=13.80 Gyr (output 1 of 1)
008:     <- Finished tree
008:     Progress: 2889 trees processed; elapsed 17.56 h
120:         Output tree data at t=13.80 Gyr (output 1 of 1)
120:     <- Finished tree
008:     -> Evolving tree number 7304 {1}
124:         Output tree data at t=13.80 Gyr (output 1 of 1)
124:     <- Finished tree
042:         Output tree data at t=13.80 Gyr (output 1 of 1)
042:     <- Finished tree
042:     Progress: 2892 trees processed; elapsed 17.58 h
107:         Output tree data at t=13.80 Gyr (output 1 of 1)
107:     <- Finished tree
101:         Output tree data at t=13.80 Gyr (output 1 of 1)
101:     <- Finished tree
107:     -> Evolving tree number 7077 {1}
101:     -> Evolving tree number 7211 {1}
079:         Output tree data at t=13.80 Gyr (output 1 of 1)
079:     <- Finished tree
079:     Progress: 2895 trees processed; elapsed 17.60 h
079:     -> Evolving tree number 7745 {1}
050:         Output tree data at t=13.80 Gyr (output 1 of 1)
050:     <- Finished tree
120:     -> Evolving tree number 6424 {1}
124:     -> Evolving tree number 6420 {1}
125:         Output tree data at t=13.80 Gyr (output 1 of 1)
125:     <- Finished tree
125:     -> Evolving tree number 6675 {1}
058:         Output tree data at t=13.80 Gyr (output 1 of 1)
058:     <- Finished tree
058:     Progress: 2898 trees processed; elapsed 17.62 h
014:         Output tree data at t=13.80 Gyr (output 1 of 1)
014:     <- Finished tree
042:     -> Evolving tree number 7398 {1}
014:     -> Evolving tree number 7170 {1}
012:         Output tree data at t=13.80 Gyr (output 1 of 1)
012:     <- Finished tree
105:         Output tree data at t=13.80 Gyr (output 1 of 1)
105:     <- Finished tree
050:     -> Evolving tree number 7134 {1}
012:     -> Evolving tree number 7684 {1}
058:     -> Evolving tree number 6742 {1}
031:         Output tree data at t=13.80 Gyr (output 1 of 1)
031:     <- Finished tree
005:         Output tree data at t=13.80 Gyr (output 1 of 1)
005:     <- Finished tree
005:     Progress: 2903 trees processed; elapsed 17.64 h
031:     -> Evolving tree number 7153 {1}
049:         Output tree data at t=13.80 Gyr (output 1 of 1)
049:     <- Finished tree
105:     -> Evolving tree number 7207 {1}
099:         Output tree data at t=13.80 Gyr (output 1 of 1)
099:     <- Finished tree
049:     -> Evolving tree number 7263 {1}
099:     -> Evolving tree number 7213 {1}
030:         Output tree data at t=13.80 Gyr (output 1 of 1)
030:     <- Finished tree
072:         Output tree data at t=13.80 Gyr (output 1 of 1)
072:     <- Finished tree
072:     Progress: 2907 trees processed; elapsed 17.66 h
000:         Output tree data at t=13.80 Gyr (output 1 of 1)
000:     <- Finished tree
100:         Output tree data at t=13.80 Gyr (output 1 of 1)
100:     <- Finished tree
030:     -> Evolving tree number 6386 {1}
100:     -> Evolving tree number 6700 {1}
000:     -> Evolving tree number 6288 {1}
072:     -> Evolving tree number 7112 {1}
005:     -> Evolving tree number 7563 {1}
035:         Output tree data at t=13.80 Gyr (output 1 of 1)
035:     <- Finished tree
035:     Progress: 2910 trees processed; elapsed 17.69 h
065:         Output tree data at t=13.80 Gyr (output 1 of 1)
065:     <- Finished tree
065:     Progress: 2911 trees processed; elapsed 17.71 h
022:         Output tree data at t=13.80 Gyr (output 1 of 1)
022:     <- Finished tree
035:     -> Evolving tree number 6509 {1}
065:     -> Evolving tree number 6479 {1}
114:         Output tree data at t=13.80 Gyr (output 1 of 1)
114:     <- Finished tree
114:     Progress: 2913 trees processed; elapsed 17.74 h
090:         Output tree data at t=13.80 Gyr (output 1 of 1)
090:     <- Finished tree
114:     -> Evolving tree number 6814 {1}
104:         Output tree data at t=13.80 Gyr (output 1 of 1)
104:     <- Finished tree
022:     -> Evolving tree number 6650 {1}
094:         Output tree data at t=13.80 Gyr (output 1 of 1)
094:     <- Finished tree
104:     -> Evolving tree number 6824 {1}
081:         Output tree data at t=13.80 Gyr (output 1 of 1)
081:     <- Finished tree
090:     -> Evolving tree number 6582 {1}
081:     -> Evolving tree number 6335 {1}
094:     -> Evolving tree number 7090 {1}
034:         Output tree data at t=13.80 Gyr (output 1 of 1)
034:     <- Finished tree
034:     Progress: 2918 trees processed; elapsed 17.76 h
033:         Output tree data at t=13.80 Gyr (output 1 of 1)
033:     <- Finished tree
013:         Output tree data at t=13.80 Gyr (output 1 of 1)
013:     <- Finished tree
013:     -> Evolving tree number 6403 {1}
039:         Output tree data at t=13.80 Gyr (output 1 of 1)
039:     <- Finished tree
123:         Output tree data at t=13.80 Gyr (output 1 of 1)
123:     <- Finished tree
033:     -> Evolving tree number 6767 {1}
088:         Output tree data at t=13.80 Gyr (output 1 of 1)
088:     <- Finished tree
062:         Output tree data at t=13.80 Gyr (output 1 of 1)
062:     <- Finished tree
039:     -> Evolving tree number 6889 {1}
062:     -> Evolving tree number 6994 {1}
088:     -> Evolving tree number 7352 {1}
034:     -> Evolving tree number 7022 {1}
037:         Output tree data at t=13.80 Gyr (output 1 of 1)
037:     <- Finished tree
037:     Progress: 2925 trees processed; elapsed 17.78 h
127:         Output tree data at t=13.80 Gyr (output 1 of 1)
127:     <- Finished tree
057:         Output tree data at t=13.80 Gyr (output 1 of 1)
057:     <- Finished tree
024:         Output tree data at t=13.80 Gyr (output 1 of 1)
024:     <- Finished tree
127:     -> Evolving tree number 6161 {1}
102:         Output tree data at t=13.80 Gyr (output 1 of 1)
102:     <- Finished tree
091:         Output tree data at t=13.80 Gyr (output 1 of 1)
091:     <- Finished tree
089:         Output tree data at t=13.80 Gyr (output 1 of 1)
089:     <- Finished tree
102:     -> Evolving tree number 7722 {1}
069:         Output tree data at t=13.80 Gyr (output 1 of 1)
069:     <- Finished tree
123:     -> Evolving tree number 6933 {1}
091:     -> Evolving tree number 6325 {1}
024:     -> Evolving tree number 6264 {1}
069:     -> Evolving tree number 6347 {1}
056:         Output tree data at t=13.80 Gyr (output 1 of 1)
056:     <- Finished tree
056:     Progress: 2933 trees processed; elapsed 17.81 h
037:     -> Evolving tree number 7019 {1}
056:     -> Evolving tree number 7000 {1}
089:     -> Evolving tree number 6711 {1}
057:     -> Evolving tree number 7383 {1}
080:         Output tree data at t=13.80 Gyr (output 1 of 1)
080:     <- Finished tree
054:         Output tree data at t=13.80 Gyr (output 1 of 1)
054:     <- Finished tree
054:     Progress: 2935 trees processed; elapsed 17.83 h
096:         Output tree data at t=13.80 Gyr (output 1 of 1)
096:     <- Finished tree
080:     -> Evolving tree number 6976 {1}
054:     -> Evolving tree number 6618 {1}
096:     -> Evolving tree number 6960 {1}
073:         Output tree data at t=13.80 Gyr (output 1 of 1)
073:     <- Finished tree
073:     -> Evolving tree number 7239 {1}
060:         Output tree data at t=13.80 Gyr (output 1 of 1)
060:     <- Finished tree
082:         Output tree data at t=13.80 Gyr (output 1 of 1)
082:     <- Finished tree
082:     Progress: 2939 trees processed; elapsed 17.85 h
046:         Output tree data at t=13.80 Gyr (output 1 of 1)
046:     <- Finished tree
044:         Output tree data at t=13.80 Gyr (output 1 of 1)
044:     <- Finished tree
093:         Output tree data at t=13.80 Gyr (output 1 of 1)
093:     <- Finished tree
093:     -> Evolving tree number 6451 {1}
040:         Output tree data at t=13.80 Gyr (output 1 of 1)
040:     <- Finished tree
040:     -> Evolving tree number 7400 {1}
046:     -> Evolving tree number 7010 {1}
060:     -> Evolving tree number 6740 {1}
082:     -> Evolving tree number 6718 {1}
119:         Output tree data at t=13.80 Gyr (output 1 of 1)
119:     <- Finished tree
119:     Progress: 2944 trees processed; elapsed 17.88 h
047:         Output tree data at t=13.80 Gyr (output 1 of 1)
047:     <- Finished tree
068:         Output tree data at t=13.80 Gyr (output 1 of 1)
068:     <- Finished tree
043:         Output tree data at t=13.80 Gyr (output 1 of 1)
043:     <- Finished tree
108:         Output tree data at t=13.80 Gyr (output 1 of 1)
108:     <- Finished tree
044:     -> Evolving tree number 7396 {1}
068:     -> Evolving tree number 7116 {1}
061:         Output tree data at t=13.80 Gyr (output 1 of 1)
061:     <- Finished tree
047:     -> Evolving tree number 7649 {1}
061:     -> Evolving tree number 6867 {1}
016:         Output tree data at t=13.80 Gyr (output 1 of 1)
016:     <- Finished tree
108:     -> Evolving tree number 6436 {1}
119:     -> Evolving tree number 6809 {1}
118:         Output tree data at t=13.80 Gyr (output 1 of 1)
118:     <- Finished tree
043:     -> Evolving tree number 6629 {1}
118:     -> Evolving tree number 6682 {1}
077:         Output tree data at t=13.80 Gyr (output 1 of 1)
077:     <- Finished tree
077:     Progress: 2952 trees processed; elapsed 17.90 h
016:     -> Evolving tree number 6144 {1}
110:         Output tree data at t=13.80 Gyr (output 1 of 1)
110:     <- Finished tree
045:         Output tree data at t=13.80 Gyr (output 1 of 1)
045:     <- Finished tree
038:         Output tree data at t=13.80 Gyr (output 1 of 1)
038:     <- Finished tree
103:         Output tree data at t=13.80 Gyr (output 1 of 1)
103:     <- Finished tree
110:     -> Evolving tree number 6946 {1}
038:     -> Evolving tree number 6506 {1}
103:     -> Evolving tree number 7209 {1}
064:         Output tree data at t=13.80 Gyr (output 1 of 1)
064:     <- Finished tree
064:     Progress: 2957 trees processed; elapsed 17.92 h
077:     -> Evolving tree number 6851 {1}
029:         Output tree data at t=13.80 Gyr (output 1 of 1)
029:     <- Finished tree
066:         Output tree data at t=13.80 Gyr (output 1 of 1)
066:     <- Finished tree
007:         Output tree data at t=13.80 Gyr (output 1 of 1)
007:     <- Finished tree
011:         Output tree data at t=13.80 Gyr (output 1 of 1)
011:     <- Finished tree
066:     -> Evolving tree number 6990 {1}
007:     -> Evolving tree number 6537 {1}
017:         Output tree data at t=13.80 Gyr (output 1 of 1)
017:     <- Finished tree
011:     -> Evolving tree number 6533 {1}
017:     -> Evolving tree number 7423 {1}
018:         Output tree data at t=13.80 Gyr (output 1 of 1)
018:     <- Finished tree
018:     Progress: 2963 trees processed; elapsed 17.94 h
052:         Output tree data at t=13.80 Gyr (output 1 of 1)
052:     <- Finished tree
052:     -> Evolving tree number 7260 {1}
018:     -> Evolving tree number 6398 {1}
045:     -> Evolving tree number 7523 {1}
032:         Output tree data at t=13.80 Gyr (output 1 of 1)
032:     <- Finished tree
048:         Output tree data at t=13.80 Gyr (output 1 of 1)
048:     <- Finished tree
032:     -> Evolving tree number 6384 {1}
112:         Output tree data at t=13.80 Gyr (output 1 of 1)
112:     <- Finished tree
048:     -> Evolving tree number 6624 {1}
020:         Output tree data at t=13.80 Gyr (output 1 of 1)
020:     <- Finished tree
020:     Progress: 2968 trees processed; elapsed 17.96 h
064:     -> Evolving tree number 6608 {1}
112:     -> Evolving tree number 6432 {1}
029:     -> Evolving tree number 7539 {1}
020:     -> Evolving tree number 7420 {1}
111:         Output tree data at t=13.80 Gyr (output 1 of 1)
111:     <- Finished tree
111:     -> Evolving tree number 6177 {1}
036:         Output tree data at t=13.80 Gyr (output 1 of 1)
036:     <- Finished tree
101:         Output tree data at t=13.80 Gyr (output 1 of 1)
101:     <- Finished tree
101:     Progress: 2971 trees processed; elapsed 17.99 h
070:         Output tree data at t=13.80 Gyr (output 1 of 1)
070:     <- Finished tree
070:     -> Evolving tree number 6474 {1}
106:         Output tree data at t=13.80 Gyr (output 1 of 1)
106:     <- Finished tree
028:         Output tree data at t=13.80 Gyr (output 1 of 1)
028:     <- Finished tree
036:     -> Evolving tree number 6508 {1}
101:     -> Evolving tree number 7083 {1}
028:     -> Evolving tree number 6644 {1}
116:         Output tree data at t=13.80 Gyr (output 1 of 1)
116:     <- Finished tree
116:     Progress: 2975 trees processed; elapsed 18.01 h
116:     -> Evolving tree number 7068 {1}
071:         Output tree data at t=13.80 Gyr (output 1 of 1)
071:     <- Finished tree
071:     -> Evolving tree number 6729 {1}
106:     -> Evolving tree number 6566 {1}
105:         Output tree data at t=13.80 Gyr (output 1 of 1)
105:     <- Finished tree
105:     Progress: 2977 trees processed; elapsed 18.03 h
105:     -> Evolving tree number 7079 {1}
095:         Output tree data at t=13.80 Gyr (output 1 of 1)
095:     <- Finished tree
003:         Output tree data at t=13.80 Gyr (output 1 of 1)
003:     <- Finished tree
095:     -> Evolving tree number 6961 {1}
003:     -> Evolving tree number 6925 {1}
059:         Output tree data at t=13.80 Gyr (output 1 of 1)
059:     <- Finished tree
059:     Progress: 2980 trees processed; elapsed 18.05 h
055:         Output tree data at t=13.80 Gyr (output 1 of 1)
055:     <- Finished tree
120:         Output tree data at t=13.80 Gyr (output 1 of 1)
120:     <- Finished tree
083:         Output tree data at t=13.80 Gyr (output 1 of 1)
083:     <- Finished tree
055:     -> Evolving tree number 7129 {1}
083:     -> Evolving tree number 7357 {1}
025:         Output tree data at t=13.80 Gyr (output 1 of 1)
025:     <- Finished tree
025:     Progress: 2984 trees processed; elapsed 18.07 h
059:     -> Evolving tree number 6357 {1}
025:     -> Evolving tree number 7671 {1}
109:         Output tree data at t=13.80 Gyr (output 1 of 1)
109:     <- Finished tree
027:         Output tree data at t=13.80 Gyr (output 1 of 1)
027:     <- Finished tree
120:     -> Evolving tree number 6296 {1}
027:     -> Evolving tree number 7029 {1}
015:         Output tree data at t=13.80 Gyr (output 1 of 1)
015:     <- Finished tree
074:         Output tree data at t=13.80 Gyr (output 1 of 1)
074:     <- Finished tree
074:     -> Evolving tree number 7238 {1}
015:     -> Evolving tree number 6657 {1}
109:     -> Evolving tree number 7203 {1}
084:         Output tree data at t=13.80 Gyr (output 1 of 1)
084:     <- Finished tree
084:     Progress: 2989 trees processed; elapsed 18.09 h
075:         Output tree data at t=13.80 Gyr (output 1 of 1)
075:     <- Finished tree
075:     Progress: 2990 trees processed; elapsed 18.12 h
075:     -> Evolving tree number 6725 {1}
023:         Output tree data at t=13.80 Gyr (output 1 of 1)
023:     <- Finished tree
000:         Output tree data at t=13.80 Gyr (output 1 of 1)
000:     <- Finished tree
023:     -> Evolving tree number 7289 {1}
124:         Output tree data at t=13.80 Gyr (output 1 of 1)
124:     <- Finished tree
084:     -> Evolving tree number 6716 {1}
124:     -> Evolving tree number 6292 {1}
000:     -> Evolving tree number 6160 {1}
002:         Output tree data at t=13.80 Gyr (output 1 of 1)
002:     <- Finished tree
002:     Progress: 2994 trees processed; elapsed 18.15 h
010:         Output tree data at t=13.80 Gyr (output 1 of 1)
010:     <- Finished tree
100:         Output tree data at t=13.80 Gyr (output 1 of 1)
100:     <- Finished tree
121:         Output tree data at t=13.80 Gyr (output 1 of 1)
121:     <- Finished tree
026:         Output tree data at t=13.80 Gyr (output 1 of 1)
026:     <- Finished tree
121:     -> Evolving tree number 5911 {1}
113:         Output tree data at t=13.80 Gyr (output 1 of 1)
113:     <- Finished tree
010:     -> Evolving tree number 7430 {1}
026:     -> Evolving tree number 6390 {1}
002:     -> Evolving tree number 7310 {1}
008:         Output tree data at t=13.80 Gyr (output 1 of 1)
008:     <- Finished tree
008:     Progress: 3000 trees processed; elapsed 18.18 h
113:     -> Evolving tree number 6943 {1}
122:         Output tree data at t=13.80 Gyr (output 1 of 1)
122:     <- Finished tree
008:     -> Evolving tree number 7176 {1}
034:         Output tree data at t=13.80 Gyr (output 1 of 1)
034:     <- Finished tree
122:     -> Evolving tree number 6166 {1}
034:     -> Evolving tree number 6894 {1}
100:     -> Evolving tree number 6572 {1}
085:         Output tree data at t=13.80 Gyr (output 1 of 1)
085:     <- Finished tree
085:     Progress: 3003 trees processed; elapsed 18.20 h
125:         Output tree data at t=13.80 Gyr (output 1 of 1)
125:     <- Finished tree
125:     -> Evolving tree number 6547 {1}
114:         Output tree data at t=13.80 Gyr (output 1 of 1)
114:     <- Finished tree
126:         Output tree data at t=13.80 Gyr (output 1 of 1)
126:     <- Finished tree
114:     -> Evolving tree number 6686 {1}
078:         Output tree data at t=13.80 Gyr (output 1 of 1)
078:     <- Finished tree
078:     -> Evolving tree number 7106 {1}
126:     -> Evolving tree number 7442 {1}
085:     -> Evolving tree number 7227 {1}
115:         Output tree data at t=13.80 Gyr (output 1 of 1)
115:     <- Finished tree
115:     Progress: 3008 trees processed; elapsed 18.24 h
115:     -> Evolving tree number 7325 {1}
080:         Output tree data at t=13.80 Gyr (output 1 of 1)
080:     <- Finished tree
004:         Output tree data at t=13.80 Gyr (output 1 of 1)
004:     <- Finished tree
056:         Output tree data at t=13.80 Gyr (output 1 of 1)
056:     <- Finished tree
076:         Output tree data at t=13.80 Gyr (output 1 of 1)
076:     <- Finished tree
004:     -> Evolving tree number 6028 {1}
076:     -> Evolving tree number 6980 {1}
001:         Output tree data at t=13.80 Gyr (output 1 of 1)
001:     <- Finished tree
056:     -> Evolving tree number 6872 {1}
001:     -> Evolving tree number 7311 {1}
036:         Output tree data at t=13.80 Gyr (output 1 of 1)
036:     <- Finished tree
036:     Progress: 3014 trees processed; elapsed 18.26 h
092:         Output tree data at t=13.80 Gyr (output 1 of 1)
092:     <- Finished tree
036:     -> Evolving tree number 6380 {1}
092:     -> Evolving tree number 5940 {1}
046:         Output tree data at t=13.80 Gyr (output 1 of 1)
046:     <- Finished tree
080:     -> Evolving tree number 6848 {1}
021:         Output tree data at t=13.80 Gyr (output 1 of 1)
021:     <- Finished tree
035:         Output tree data at t=13.80 Gyr (output 1 of 1)
035:     <- Finished tree
021:     -> Evolving tree number 7163 {1}
046:     -> Evolving tree number 6882 {1}
090:         Output tree data at t=13.80 Gyr (output 1 of 1)
090:     <- Finished tree
090:     Progress: 3019 trees processed; elapsed 18.29 h
012:         Output tree data at t=13.80 Gyr (output 1 of 1)
012:     <- Finished tree
005:         Output tree data at t=13.80 Gyr (output 1 of 1)
005:     <- Finished tree
012:     -> Evolving tree number 7556 {1}
090:     -> Evolving tree number 6454 {1}
005:     -> Evolving tree number 7435 {1}
024:         Output tree data at t=13.80 Gyr (output 1 of 1)
024:     <- Finished tree
014:         Output tree data at t=13.80 Gyr (output 1 of 1)
014:     <- Finished tree
014:     -> Evolving tree number 7042 {1}
035:     -> Evolving tree number 6381 {1}
011:         Output tree data at t=13.80 Gyr (output 1 of 1)
011:     <- Finished tree
011:     Progress: 3024 trees processed; elapsed 18.31 h
011:     -> Evolving tree number 6405 {1}
024:     -> Evolving tree number 6136 {1}
013:         Output tree data at t=13.80 Gyr (output 1 of 1)
013:     <- Finished tree
117:         Output tree data at t=13.80 Gyr (output 1 of 1)
117:     <- Finished tree
089:         Output tree data at t=13.80 Gyr (output 1 of 1)
089:     <- Finished tree
030:         Output tree data at t=13.80 Gyr (output 1 of 1)
030:     <- Finished tree
030:     -> Evolving tree number 6258 {1}
117:     -> Evolving tree number 6811 {1}
018:         Output tree data at t=13.80 Gyr (output 1 of 1)
018:     <- Finished tree
018:     Progress: 3029 trees processed; elapsed 18.33 h
013:     -> Evolving tree number 6275 {1}
018:     -> Evolving tree number 6270 {1}
104:         Output tree data at t=13.80 Gyr (output 1 of 1)
104:     <- Finished tree
086:         Output tree data at t=13.80 Gyr (output 1 of 1)
086:     <- Finished tree
032:         Output tree data at t=13.80 Gyr (output 1 of 1)
032:     <- Finished tree
086:     -> Evolving tree number 6714 {1}
118:         Output tree data at t=13.80 Gyr (output 1 of 1)
118:     <- Finished tree
104:     -> Evolving tree number 6696 {1}
007:         Output tree data at t=13.80 Gyr (output 1 of 1)
007:     <- Finished tree
107:         Output tree data at t=13.80 Gyr (output 1 of 1)
107:     <- Finished tree
107:     Progress: 3035 trees processed; elapsed 18.35 h
007:     -> Evolving tree number 6409 {1}
089:     -> Evolving tree number 6583 {1}
118:     -> Evolving tree number 6554 {1}
097:         Output tree data at t=13.80 Gyr (output 1 of 1)
097:     <- Finished tree
049:         Output tree data at t=13.80 Gyr (output 1 of 1)
049:     <- Finished tree
097:     -> Evolving tree number 7599 {1}
112:         Output tree data at t=13.80 Gyr (output 1 of 1)
112:     <- Finished tree
112:     -> Evolving tree number 6304 {1}
016:         Output tree data at t=13.80 Gyr (output 1 of 1)
016:     <- Finished tree
016:     Progress: 3039 trees processed; elapsed 18.37 h
087:         Output tree data at t=13.80 Gyr (output 1 of 1)
087:     <- Finished tree
049:     -> Evolving tree number 7135 {1}
066:         Output tree data at t=13.80 Gyr (output 1 of 1)
066:     <- Finished tree
087:     -> Evolving tree number 7737 {1}
016:     -> Evolving tree number 6016 {1}
009:         Output tree data at t=13.80 Gyr (output 1 of 1)
009:     <- Finished tree
039:         Output tree data at t=13.80 Gyr (output 1 of 1)
039:     <- Finished tree
050:         Output tree data at t=13.80 Gyr (output 1 of 1)
050:     <- Finished tree
009:     -> Evolving tree number 7303 {1}
066:     -> Evolving tree number 6862 {1}
032:     -> Evolving tree number 6256 {1}
050:     -> Evolving tree number 7006 {1}
028:         Output tree data at t=13.80 Gyr (output 1 of 1)
028:     <- Finished tree
038:         Output tree data at t=13.80 Gyr (output 1 of 1)
038:     <- Finished tree
038:     Progress: 3046 trees processed; elapsed 18.39 h
038:     -> Evolving tree number 6378 {1}
107:     -> Evolving tree number 6949 {1}
077:         Output tree data at t=13.80 Gyr (output 1 of 1)
077:     <- Finished tree
060:         Output tree data at t=13.80 Gyr (output 1 of 1)
060:     <- Finished tree
077:     -> Evolving tree number 6723 {1}
060:     -> Evolving tree number 6612 {1}
039:     -> Evolving tree number 6761 {1}
127:         Output tree data at t=13.80 Gyr (output 1 of 1)
127:     <- Finished tree
127:     Progress: 3049 trees processed; elapsed 18.41 h
127:     -> Evolving tree number 6033 {1}
098:         Output tree data at t=13.80 Gyr (output 1 of 1)
098:     <- Finished tree
028:     -> Evolving tree number 6516 {1}
098:     -> Evolving tree number 7086 {1}
116:         Output tree data at t=13.80 Gyr (output 1 of 1)
116:     <- Finished tree
116:     Progress: 3051 trees processed; elapsed 18.43 h
020:         Output tree data at t=13.80 Gyr (output 1 of 1)
020:     <- Finished tree
120:         Output tree data at t=13.80 Gyr (output 1 of 1)
120:     <- Finished tree
020:     -> Evolving tree number 7292 {1}
120:     -> Evolving tree number 6168 {1}
017:         Output tree data at t=13.80 Gyr (output 1 of 1)
017:     <- Finished tree
017:     Progress: 3054 trees processed; elapsed 18.45 h
017:     -> Evolving tree number 7295 {1}
096:         Output tree data at t=13.80 Gyr (output 1 of 1)
096:     <- Finished tree
043:         Output tree data at t=13.80 Gyr (output 1 of 1)
043:     <- Finished tree
006:         Output tree data at t=13.80 Gyr (output 1 of 1)
006:     <- Finished tree
043:     -> Evolving tree number 6501 {1}
096:     -> Evolving tree number 6832 {1}
063:         Output tree data at t=13.80 Gyr (output 1 of 1)
063:     <- Finished tree
051:         Output tree data at t=13.80 Gyr (output 1 of 1)
051:     <- Finished tree
101:         Output tree data at t=13.80 Gyr (output 1 of 1)
101:     <- Finished tree
006:     -> Evolving tree number 7306 {1}
116:     -> Evolving tree number 6940 {1}
063:     -> Evolving tree number 6993 {1}
051:     -> Evolving tree number 7517 {1}
022:         Output tree data at t=13.80 Gyr (output 1 of 1)
022:     <- Finished tree
022:     Progress: 3061 trees processed; elapsed 18.48 h
065:         Output tree data at t=13.80 Gyr (output 1 of 1)
065:     <- Finished tree
091:         Output tree data at t=13.80 Gyr (output 1 of 1)
091:     <- Finished tree
022:     -> Evolving tree number 6522 {1}
065:     -> Evolving tree number 6351 {1}
033:         Output tree data at t=13.80 Gyr (output 1 of 1)
033:     <- Finished tree
044:         Output tree data at t=13.80 Gyr (output 1 of 1)
044:     <- Finished tree
091:     -> Evolving tree number 6197 {1}
106:         Output tree data at t=13.80 Gyr (output 1 of 1)
106:     <- Finished tree
033:     -> Evolving tree number 6639 {1}
106:     -> Evolving tree number 6438 {1}
101:     -> Evolving tree number 6955 {1}
071:         Output tree data at t=13.80 Gyr (output 1 of 1)
071:     <- Finished tree
071:     Progress: 3067 trees processed; elapsed 18.50 h
044:     -> Evolving tree number 7268 {1}
071:     -> Evolving tree number 6601 {1}
094:         Output tree data at t=13.80 Gyr (output 1 of 1)
094:     <- Finished tree
094:     -> Evolving tree number 6962 {1}
031:         Output tree data at t=13.80 Gyr (output 1 of 1)
031:     <- Finished tree
031:     Progress: 3069 trees processed; elapsed 18.52 h
069:         Output tree data at t=13.80 Gyr (output 1 of 1)
069:     <- Finished tree
054:         Output tree data at t=13.80 Gyr (output 1 of 1)
054:     <- Finished tree
031:     -> Evolving tree number 7025 {1}
069:     -> Evolving tree number 6219 {1}
082:         Output tree data at t=13.80 Gyr (output 1 of 1)
082:     <- Finished tree
054:     -> Evolving tree number 6490 {1}
082:     -> Evolving tree number 6590 {1}
083:         Output tree data at t=13.80 Gyr (output 1 of 1)
083:     <- Finished tree
084:         Output tree data at t=13.80 Gyr (output 1 of 1)
084:     <- Finished tree
084:     Progress: 3074 trees processed; elapsed 18.53 h
015:         Output tree data at t=13.80 Gyr (output 1 of 1)
015:     <- Finished tree
015:     -> Evolving tree number 6529 {1}
084:     -> Evolving tree number 6588 {1}
058:         Output tree data at t=13.80 Gyr (output 1 of 1)
058:     <- Finished tree
068:         Output tree data at t=13.80 Gyr (output 1 of 1)
068:     <- Finished tree
068:     -> Evolving tree number 6988 {1}
058:     -> Evolving tree number 6614 {1}
048:         Output tree data at t=13.80 Gyr (output 1 of 1)
048:     <- Finished tree
048:     Progress: 3078 trees processed; elapsed 18.55 h
083:     -> Evolving tree number 7229 {1}
042:         Output tree data at t=13.80 Gyr (output 1 of 1)
042:     <- Finished tree
119:         Output tree data at t=13.80 Gyr (output 1 of 1)
119:     <- Finished tree
048:     -> Evolving tree number 6496 {1}
119:     -> Evolving tree number 6681 {1}
108:         Output tree data at t=13.80 Gyr (output 1 of 1)
108:     <- Finished tree
108:     Progress: 3081 trees processed; elapsed 18.57 h
019:         Output tree data at t=13.80 Gyr (output 1 of 1)
019:     <- Finished tree
109:         Output tree data at t=13.80 Gyr (output 1 of 1)
109:     <- Finished tree
108:     -> Evolving tree number 6308 {1}
019:     -> Evolving tree number 7165 {1}
109:     -> Evolving tree number 7075 {1}
125:         Output tree data at t=13.80 Gyr (output 1 of 1)
125:     <- Finished tree
042:     -> Evolving tree number 7270 {1}
110:         Output tree data at t=13.80 Gyr (output 1 of 1)
110:     <- Finished tree
114:         Output tree data at t=13.80 Gyr (output 1 of 1)
114:     <- Finished tree
114:     Progress: 3086 trees processed; elapsed 18.59 h
110:     -> Evolving tree number 6818 {1}
125:     -> Evolving tree number 6419 {1}
111:         Output tree data at t=13.80 Gyr (output 1 of 1)
111:     <- Finished tree
041:         Output tree data at t=13.80 Gyr (output 1 of 1)
041:     <- Finished tree
111:     -> Evolving tree number 6049 {1}
041:     -> Evolving tree number 7015 {1}
000:         Output tree data at t=13.80 Gyr (output 1 of 1)
000:     <- Finished tree
000:     Progress: 3089 trees processed; elapsed 18.61 h
114:     -> Evolving tree number 6558 {1}
057:         Output tree data at t=13.80 Gyr (output 1 of 1)
057:     <- Finished tree
000:     -> Evolving tree number 6032 {1}
057:     -> Evolving tree number 7255 {1}
064:         Output tree data at t=13.80 Gyr (output 1 of 1)
064:     <- Finished tree
064:     -> Evolving tree number 6480 {1}
062:         Output tree data at t=13.80 Gyr (output 1 of 1)
062:     <- Finished tree
062:     -> Evolving tree number 6866 {1}
004:         Output tree data at t=13.80 Gyr (output 1 of 1)
004:     <- Finished tree
004:     Progress: 3093 trees processed; elapsed 18.64 h
037:         Output tree data at t=13.80 Gyr (output 1 of 1)
037:     <- Finished tree
004:     -> Evolving tree number 5900 {1}
070:         Output tree data at t=13.80 Gyr (output 1 of 1)
070:     <- Finished tree
070:     -> Evolving tree number 6346 {1}
037:     -> Evolving tree number 6891 {1}
105:         Output tree data at t=13.80 Gyr (output 1 of 1)
105:     <- Finished tree
105:     Progress: 3096 trees processed; elapsed 18.69 h
008:         Output tree data at t=13.80 Gyr (output 1 of 1)
008:     <- Finished tree
008:     -> Evolving tree number 7048 {1}
007:         Output tree data at t=13.80 Gyr (output 1 of 1)
007:     <- Finished tree
059:         Output tree data at t=13.80 Gyr (output 1 of 1)
059:     <- Finished tree
059:     Progress: 3099 trees processed; elapsed 18.71 h
081:         Output tree data at t=13.80 Gyr (output 1 of 1)
081:     <- Finished tree
040:         Output tree data at t=13.80 Gyr (output 1 of 1)
040:     <- Finished tree
059:     -> Evolving tree number 6229 {1}
040:     -> Evolving tree number 7272 {1}
081:     -> Evolving tree number 6207 {1}
093:         Output tree data at t=13.80 Gyr (output 1 of 1)
093:     <- Finished tree
105:     -> Evolving tree number 6951 {1}
036:         Output tree data at t=13.80 Gyr (output 1 of 1)
036:     <- Finished tree
007:     -> Evolving tree number 6281 {1}
093:     -> Evolving tree number 6323 {1}
036:     -> Evolving tree number 6252 {1}
011:         Output tree data at t=13.80 Gyr (output 1 of 1)
011:     <- Finished tree
011:     Progress: 3104 trees processed; elapsed 18.73 h
121:         Output tree data at t=13.80 Gyr (output 1 of 1)
121:     <- Finished tree
073:         Output tree data at t=13.80 Gyr (output 1 of 1)
073:     <- Finished tree
011:     -> Evolving tree number 6277 {1}
121:     -> Evolving tree number 5783 {1}
073:     -> Evolving tree number 7111 {1}
052:         Output tree data at t=13.80 Gyr (output 1 of 1)
098:         Output tree data at t=13.80 Gyr (output 1 of 1)
052:     <- Finished tree
098:     <- Finished tree
072:         Output tree data at t=13.80 Gyr (output 1 of 1)
072:     <- Finished tree
072:     Progress: 3109 trees processed; elapsed 18.75 h
052:     -> Evolving tree number 7132 {1}
098:     -> Evolving tree number 6958 {1}
072:     -> Evolving tree number 6984 {1}
053:         Output tree data at t=13.80 Gyr (output 1 of 1)
053:     <- Finished tree
074:         Output tree data at t=13.80 Gyr (output 1 of 1)
074:     <- Finished tree
122:         Output tree data at t=13.80 Gyr (output 1 of 1)
122:     <- Finished tree
122:     Progress: 3112 trees processed; elapsed 18.76 h
074:     -> Evolving tree number 7110 {1}
122:     -> Evolving tree number 6038 {1}
045:         Output tree data at t=13.80 Gyr (output 1 of 1)
045:     <- Finished tree
045:     -> Evolving tree number 7395 {1}
099:         Output tree data at t=13.80 Gyr (output 1 of 1)
099:     <- Finished tree
112:         Output tree data at t=13.80 Gyr (output 1 of 1)
112:     <- Finished tree
075:         Output tree data at t=13.80 Gyr (output 1 of 1)
075:     <- Finished tree
075:     Progress: 3116 trees processed; elapsed 18.78 h
112:     -> Evolving tree number 6176 {1}
075:     -> Evolving tree number 6597 {1}
120:         Output tree data at t=13.80 Gyr (output 1 of 1)
120:     <- Finished tree
099:     -> Evolving tree number 7085 {1}
021:         Output tree data at t=13.80 Gyr (output 1 of 1)
021:     <- Finished tree
053:     -> Evolving tree number 7387 {1}
021:     -> Evolving tree number 7035 {1}
047:         Output tree data at t=13.80 Gyr (output 1 of 1)
047:     <- Finished tree
047:     Progress: 3119 trees processed; elapsed 18.80 h
050:         Output tree data at t=13.80 Gyr (output 1 of 1)
050:     <- Finished tree
050:     -> Evolving tree number 6878 {1}
056:         Output tree data at t=13.80 Gyr (output 1 of 1)
056:     <- Finished tree
115:         Output tree data at t=13.80 Gyr (output 1 of 1)
115:     <- Finished tree
056:     -> Evolving tree number 6744 {1}
120:     -> Evolving tree number 6040 {1}
047:     -> Evolving tree number 7521 {1}
124:         Output tree data at t=13.80 Gyr (output 1 of 1)
124:     <- Finished tree
124:     Progress: 3123 trees processed; elapsed 18.82 h
115:     -> Evolving tree number 7197 {1}
016:         Output tree data at t=13.80 Gyr (output 1 of 1)
016:     <- Finished tree
124:     -> Evolving tree number 6164 {1}
061:         Output tree data at t=13.80 Gyr (output 1 of 1)
061:     <- Finished tree
061:     -> Evolving tree number 6739 {1}
100:         Output tree data at t=13.80 Gyr (output 1 of 1)
100:     <- Finished tree
100:     Progress: 3126 trees processed; elapsed 18.84 h
123:         Output tree data at t=13.80 Gyr (output 1 of 1)
123:     <- Finished tree
100:     -> Evolving tree number 6444 {1}
102:         Output tree data at t=13.80 Gyr (output 1 of 1)
102:     <- Finished tree
016:     -> Evolving tree number 5888 {1}
090:         Output tree data at t=13.80 Gyr (output 1 of 1)
090:     <- Finished tree
024:         Output tree data at t=13.80 Gyr (output 1 of 1)
024:     <- Finished tree
065:         Output tree data at t=13.80 Gyr (output 1 of 1)
065:     <- Finished tree
065:     Progress: 3131 trees processed; elapsed 18.85 h
102:     -> Evolving tree number 7594 {1}
065:     -> Evolving tree number 6223 {1}
024:     -> Evolving tree number 6008 {1}
067:         Output tree data at t=13.80 Gyr (output 1 of 1)
067:     <- Finished tree
018:         Output tree data at t=13.80 Gyr (output 1 of 1)
018:     <- Finished tree
123:     -> Evolving tree number 6805 {1}
018:     -> Evolving tree number 6142 {1}
090:     -> Evolving tree number 6326 {1}
027:         Output tree data at t=13.80 Gyr (output 1 of 1)
027:     <- Finished tree
027:     Progress: 3134 trees processed; elapsed 18.89 h
067:     -> Evolving tree number 7629 {1}
058:         Output tree data at t=13.80 Gyr (output 1 of 1)
058:     <- Finished tree
027:     -> Evolving tree number 6901 {1}
026:         Output tree data at t=13.80 Gyr (output 1 of 1)
026:     <- Finished tree
058:     -> Evolving tree number 6486 {1}
026:     -> Evolving tree number 6262 {1}
095:         Output tree data at t=13.80 Gyr (output 1 of 1)
095:     <- Finished tree
039:         Output tree data at t=13.80 Gyr (output 1 of 1)
039:     <- Finished tree
039:     Progress: 3138 trees processed; elapsed 18.92 h
095:     -> Evolving tree number 6833 {1}
039:     -> Evolving tree number 6633 {1}
097:         Output tree data at t=13.80 Gyr (output 1 of 1)
097:     <- Finished tree
002:         Output tree data at t=13.80 Gyr (output 1 of 1)
002:     <- Finished tree
097:     -> Evolving tree number 7471 {1}
002:     -> Evolving tree number 7182 {1}
003:         Output tree data at t=13.80 Gyr (output 1 of 1)
003:     <- Finished tree
003:     Progress: 3141 trees processed; elapsed 18.94 h
106:         Output tree data at t=13.80 Gyr (output 1 of 1)
106:     <- Finished tree
080:         Output tree data at t=13.80 Gyr (output 1 of 1)
080:     <- Finished tree
106:     -> Evolving tree number 6310 {1}
048:         Output tree data at t=13.80 Gyr (output 1 of 1)
048:     <- Finished tree
032:         Output tree data at t=13.80 Gyr (output 1 of 1)
032:     <- Finished tree
005:         Output tree data at t=13.80 Gyr (output 1 of 1)
005:     <- Finished tree
048:     -> Evolving tree number 6368 {1}
080:     -> Evolving tree number 6720 {1}
003:     -> Evolving tree number 6797 {1}
005:     -> Evolving tree number 7307 {1}
015:         Output tree data at t=13.80 Gyr (output 1 of 1)
015:     <- Finished tree
015:     Progress: 3147 trees processed; elapsed 18.97 h
032:     -> Evolving tree number 6128 {1}
015:     -> Evolving tree number 6401 {1}
035:         Output tree data at t=13.80 Gyr (output 1 of 1)
035:     <- Finished tree
088:         Output tree data at t=13.80 Gyr (output 1 of 1)
088:     <- Finished tree
035:     -> Evolving tree number 6253 {1}
004:         Output tree data at t=13.80 Gyr (output 1 of 1)
004:     <- Finished tree
088:     -> Evolving tree number 7224 {1}
126:         Output tree data at t=13.80 Gyr (output 1 of 1)
126:     <- Finished tree
091:         Output tree data at t=13.80 Gyr (output 1 of 1)
091:     <- Finished tree
091:     Progress: 3152 trees processed; elapsed 19.00 h
117:         Output tree data at t=13.80 Gyr (output 1 of 1)
117:     <- Finished tree
030:         Output tree data at t=13.80 Gyr (output 1 of 1)
030:     <- Finished tree
117:     -> Evolving tree number 6683 {1}
091:     -> Evolving tree number 6069 {1}
030:     -> Evolving tree number 6130 {1}
025:         Output tree data at t=13.80 Gyr (output 1 of 1)
025:     <- Finished tree
004:     -> Evolving tree number 5772 {1}
111:         Output tree data at t=13.80 Gyr (output 1 of 1)
111:     <- Finished tree
025:     -> Evolving tree number 7543 {1}
111:     -> Evolving tree number 5921 {1}
028:         Output tree data at t=13.80 Gyr (output 1 of 1)
028:     <- Finished tree
028:     -> Evolving tree number 6388 {1}
126:     -> Evolving tree number 7314 {1}
033:         Output tree data at t=13.80 Gyr (output 1 of 1)
033:     <- Finished tree
033:     Progress: 3158 trees processed; elapsed 19.03 h
007:         Output tree data at t=13.80 Gyr (output 1 of 1)
007:     <- Finished tree
049:         Output tree data at t=13.80 Gyr (output 1 of 1)
049:     <- Finished tree
054:         Output tree data at t=13.80 Gyr (output 1 of 1)
054:     <- Finished tree
007:     -> Evolving tree number 6153 {1}
049:     -> Evolving tree number 7007 {1}
054:     -> Evolving tree number 6362 {1}
108:         Output tree data at t=13.80 Gyr (output 1 of 1)
108:     <- Finished tree
034:         Output tree data at t=13.80 Gyr (output 1 of 1)
034:     <- Finished tree
079:         Output tree data at t=13.80 Gyr (output 1 of 1)
079:     <- Finished tree
079:     Progress: 3164 trees processed; elapsed 19.05 h
033:     -> Evolving tree number 6511 {1}
108:     -> Evolving tree number 6180 {1}
023:         Output tree data at t=13.80 Gyr (output 1 of 1)
023:     <- Finished tree
023:     Progress: 3165 trees processed; elapsed 19.06 h
114:         Output tree data at t=13.80 Gyr (output 1 of 1)
114:     <- Finished tree
079:     -> Evolving tree number 7617 {1}
023:     -> Evolving tree number 7161 {1}
114:     -> Evolving tree number 6430 {1}
077:         Output tree data at t=13.80 Gyr (output 1 of 1)
077:     <- Finished tree
034:     -> Evolving tree number 6766 {1}
013:         Output tree data at t=13.80 Gyr (output 1 of 1)
013:     <- Finished tree
013:     Progress: 3168 trees processed; elapsed 19.08 h
077:     -> Evolving tree number 6595 {1}
036:         Output tree data at t=13.80 Gyr (output 1 of 1)
036:     <- Finished tree
064:         Output tree data at t=13.80 Gyr (output 1 of 1)
064:     <- Finished tree
041:         Output tree data at t=13.80 Gyr (output 1 of 1)
041:     <- Finished tree
066:         Output tree data at t=13.80 Gyr (output 1 of 1)
066:     <- Finished tree
036:     -> Evolving tree number 6124 {1}
064:     -> Evolving tree number 6352 {1}
013:     -> Evolving tree number 6147 {1}
066:     -> Evolving tree number 6734 {1}
029:         Output tree data at t=13.80 Gyr (output 1 of 1)
029:     <- Finished tree
113:         Output tree data at t=13.80 Gyr (output 1 of 1)
113:     <- Finished tree
113:     Progress: 3174 trees processed; elapsed 19.10 h
029:     -> Evolving tree number 7411 {1}
085:         Output tree data at t=13.80 Gyr (output 1 of 1)
085:     <- Finished tree
113:     -> Evolving tree number 6815 {1}
069:         Output tree data at t=13.80 Gyr (output 1 of 1)
069:     <- Finished tree
069:     -> Evolving tree number 6091 {1}
096:         Output tree data at t=13.80 Gyr (output 1 of 1)
096:     <- Finished tree
119:         Output tree data at t=13.80 Gyr (output 1 of 1)
119:     <- Finished tree
076:         Output tree data at t=13.80 Gyr (output 1 of 1)
076:     <- Finished tree
076:     Progress: 3179 trees processed; elapsed 19.12 h
089:         Output tree data at t=13.80 Gyr (output 1 of 1)
089:     <- Finished tree
041:     -> Evolving tree number 6887 {1}
119:     -> Evolving tree number 6553 {1}
096:     -> Evolving tree number 6704 {1}
089:     -> Evolving tree number 6455 {1}
092:         Output tree data at t=13.80 Gyr (output 1 of 1)
092:     <- Finished tree
076:     -> Evolving tree number 6852 {1}
038:         Output tree data at t=13.80 Gyr (output 1 of 1)
038:     <- Finished tree
078:         Output tree data at t=13.80 Gyr (output 1 of 1)
078:     <- Finished tree
085:     -> Evolving tree number 7099 {1}
022:         Output tree data at t=13.80 Gyr (output 1 of 1)
022:     <- Finished tree
022:     Progress: 3184 trees processed; elapsed 19.14 h
038:     -> Evolving tree number 6250 {1}
022:     -> Evolving tree number 6394 {1}
078:     -> Evolving tree number 6978 {1}
017:         Output tree data at t=13.80 Gyr (output 1 of 1)
017:     <- Finished tree
009:         Output tree data at t=13.80 Gyr (output 1 of 1)
009:     <- Finished tree
009:     -> Evolving tree number 7175 {1}
017:     -> Evolving tree number 7167 {1}
092:     -> Evolving tree number 5812 {1}
094:         Output tree data at t=13.80 Gyr (output 1 of 1)
094:     <- Finished tree
094:     Progress: 3187 trees processed; elapsed 19.16 h
118:         Output tree data at t=13.80 Gyr (output 1 of 1)
118:     <- Finished tree
086:         Output tree data at t=13.80 Gyr (output 1 of 1)
086:     <- Finished tree
094:     -> Evolving tree number 6834 {1}
071:         Output tree data at t=13.80 Gyr (output 1 of 1)
071:     <- Finished tree
118:     -> Evolving tree number 6426 {1}
071:     -> Evolving tree number 6473 {1}
127:         Output tree data at t=13.80 Gyr (output 1 of 1)
127:     <- Finished tree
086:     -> Evolving tree number 6586 {1}
127:     -> Evolving tree number 5905 {1}
104:         Output tree data at t=13.80 Gyr (output 1 of 1)
104:     <- Finished tree
104:     Progress: 3192 trees processed; elapsed 19.18 h
056:         Output tree data at t=13.80 Gyr (output 1 of 1)
056:     <- Finished tree
082:         Output tree data at t=13.80 Gyr (output 1 of 1)
082:     <- Finished tree
057:         Output tree data at t=13.80 Gyr (output 1 of 1)
057:     <- Finished tree
056:     -> Evolving tree number 6616 {1}
010:         Output tree data at t=13.80 Gyr (output 1 of 1)
010:     <- Finished tree
107:         Output tree data at t=13.80 Gyr (output 1 of 1)
107:     <- Finished tree
107:     Progress: 3197 trees processed; elapsed 19.20 h
057:     -> Evolving tree number 7127 {1}
082:     -> Evolving tree number 6462 {1}
010:     -> Evolving tree number 7302 {1}
104:     -> Evolving tree number 6568 {1}
014:         Output tree data at t=13.80 Gyr (output 1 of 1)
014:     <- Finished tree
058:         Output tree data at t=13.80 Gyr (output 1 of 1)
058:     <- Finished tree
103:         Output tree data at t=13.80 Gyr (output 1 of 1)
103:     <- Finished tree
103:     Progress: 3200 trees processed; elapsed 19.22 h
008:         Output tree data at t=13.80 Gyr (output 1 of 1)
008:     <- Finished tree
014:     -> Evolving tree number 6914 {1}
103:     -> Evolving tree number 7081 {1}
107:     -> Evolving tree number 6821 {1}
012:         Output tree data at t=13.80 Gyr (output 1 of 1)
012:     <- Finished tree
058:     -> Evolving tree number 6358 {1}
008:     -> Evolving tree number 6920 {1}
116:         Output tree data at t=13.80 Gyr (output 1 of 1)
116:     <- Finished tree
116:     Progress: 3203 trees processed; elapsed 19.24 h
122:         Output tree data at t=13.80 Gyr (output 1 of 1)
122:     <- Finished tree
084:         Output tree data at t=13.80 Gyr (output 1 of 1)
084:     <- Finished tree
012:     -> Evolving tree number 7428 {1}
122:     -> Evolving tree number 5910 {1}
116:     -> Evolving tree number 6812 {1}
084:     -> Evolving tree number 6460 {1}
060:         Output tree data at t=13.80 Gyr (output 1 of 1)
060:     <- Finished tree
105:         Output tree data at t=13.80 Gyr (output 1 of 1)
105:     <- Finished tree
105:     Progress: 3207 trees processed; elapsed 19.26 h
060:     -> Evolving tree number 6484 {1}
105:     -> Evolving tree number 6823 {1}
055:         Output tree data at t=13.80 Gyr (output 1 of 1)
055:     <- Finished tree
031:         Output tree data at t=13.80 Gyr (output 1 of 1)
031:     <- Finished tree
055:     -> Evolving tree number 7001 {1}
031:     -> Evolving tree number 6897 {1}
018:         Output tree data at t=13.80 Gyr (output 1 of 1)
018:     <- Finished tree
101:         Output tree data at t=13.80 Gyr (output 1 of 1)
101:     <- Finished tree
101:     Progress: 3211 trees processed; elapsed 19.28 h
000:         Output tree data at t=13.80 Gyr (output 1 of 1)
000:     <- Finished tree
000:     -> Evolving tree number 5904 {1}
019:         Output tree data at t=13.80 Gyr (output 1 of 1)
019:     <- Finished tree
019:     -> Evolving tree number 7037 {1}
125:         Output tree data at t=13.80 Gyr (output 1 of 1)
125:     <- Finished tree
125:     Progress: 3214 trees processed; elapsed 19.30 h
075:         Output tree data at t=13.80 Gyr (output 1 of 1)
075:     <- Finished tree
018:     -> Evolving tree number 6014 {1}
125:     -> Evolving tree number 6291 {1}
075:     -> Evolving tree number 6469 {1}
046:         Output tree data at t=13.80 Gyr (output 1 of 1)
046:     <- Finished tree
101:     -> Evolving tree number 6827 {1}
046:     -> Evolving tree number 6754 {1}
044:         Output tree data at t=13.80 Gyr (output 1 of 1)
044:     <- Finished tree
044:     -> Evolving tree number 7140 {1}
043:         Output tree data at t=13.80 Gyr (output 1 of 1)
043:     <- Finished tree
043:     Progress: 3218 trees processed; elapsed 19.33 h
110:         Output tree data at t=13.80 Gyr (output 1 of 1)
110:     <- Finished tree
021:         Output tree data at t=13.80 Gyr (output 1 of 1)
021:     <- Finished tree
110:     -> Evolving tree number 6690 {1}
081:         Output tree data at t=13.80 Gyr (output 1 of 1)
081:     <- Finished tree
087:         Output tree data at t=13.80 Gyr (output 1 of 1)
087:     <- Finished tree
021:     -> Evolving tree number 6907 {1}
070:         Output tree data at t=13.80 Gyr (output 1 of 1)
070:     <- Finished tree
087:     -> Evolving tree number 7609 {1}
043:     -> Evolving tree number 6373 {1}
081:     -> Evolving tree number 6079 {1}
070:     -> Evolving tree number 6218 {1}
100:         Output tree data at t=13.80 Gyr (output 1 of 1)
100:     <- Finished tree
100:     Progress: 3224 trees processed; elapsed 19.36 h
026:         Output tree data at t=13.80 Gyr (output 1 of 1)
026:     <- Finished tree
112:         Output tree data at t=13.80 Gyr (output 1 of 1)
112:     <- Finished tree
036:         Output tree data at t=13.80 Gyr (output 1 of 1)
036:     <- Finished tree
100:     -> Evolving tree number 6316 {1}
026:     -> Evolving tree number 6134 {1}
036:     -> Evolving tree number 5996 {1}
112:     -> Evolving tree number 6048 {1}
121:         Output tree data at t=13.80 Gyr (output 1 of 1)
121:     <- Finished tree
024:         Output tree data at t=13.80 Gyr (output 1 of 1)
024:     <- Finished tree
024:     Progress: 3229 trees processed; elapsed 19.38 h
121:     -> Evolving tree number 5655 {1}
024:     -> Evolving tree number 5880 {1}
042:         Output tree data at t=13.80 Gyr (output 1 of 1)
042:     <- Finished tree
042:     Progress: 3230 trees processed; elapsed 19.40 h
042:     -> Evolving tree number 7142 {1}
093:         Output tree data at t=13.80 Gyr (output 1 of 1)
093:     <- Finished tree
093:     -> Evolving tree number 6195 {1}
090:         Output tree data at t=13.80 Gyr (output 1 of 1)
090:     <- Finished tree
090:     Progress: 3232 trees processed; elapsed 19.42 h
050:         Output tree data at t=13.80 Gyr (output 1 of 1)
050:     <- Finished tree
077:         Output tree data at t=13.80 Gyr (output 1 of 1)
077:     <- Finished tree
050:     -> Evolving tree number 6750 {1}
073:         Output tree data at t=13.80 Gyr (output 1 of 1)
073:     <- Finished tree
077:     -> Evolving tree number 6467 {1}
072:         Output tree data at t=13.80 Gyr (output 1 of 1)
072:     <- Finished tree
072:     Progress: 3236 trees processed; elapsed 19.44 h
073:     -> Evolving tree number 6983 {1}
069:         Output tree data at t=13.80 Gyr (output 1 of 1)
069:     <- Finished tree
072:     -> Evolving tree number 6856 {1}
069:     -> Evolving tree number 5963 {1}
090:     -> Evolving tree number 6198 {1}
111:         Output tree data at t=13.80 Gyr (output 1 of 1)
111:     <- Finished tree
111:     Progress: 3238 trees processed; elapsed 19.46 h
091:         Output tree data at t=13.80 Gyr (output 1 of 1)
091:     <- Finished tree
091:     Progress: 3239 trees processed; elapsed 19.48 h
097:         Output tree data at t=13.80 Gyr (output 1 of 1)
097:     <- Finished tree
091:     -> Evolving tree number 5941 {1}
097:     -> Evolving tree number 7343 {1}
124:         Output tree data at t=13.80 Gyr (output 1 of 1)
124:     <- Finished tree
054:         Output tree data at t=13.80 Gyr (output 1 of 1)
054:     <- Finished tree
028:         Output tree data at t=13.80 Gyr (output 1 of 1)
028:     <- Finished tree
054:     -> Evolving tree number 6234 {1}
111:     -> Evolving tree number 5793 {1}
092:         Output tree data at t=13.80 Gyr (output 1 of 1)
092:     <- Finished tree
035:         Output tree data at t=13.80 Gyr (output 1 of 1)
035:     <- Finished tree
048:         Output tree data at t=13.80 Gyr (output 1 of 1)
048:     <- Finished tree
124:     -> Evolving tree number 6036 {1}
035:     -> Evolving tree number 6125 {1}
048:     -> Evolving tree number 6240 {1}
051:         Output tree data at t=13.80 Gyr (output 1 of 1)
051:     <- Finished tree
123:         Output tree data at t=13.80 Gyr (output 1 of 1)
123:     <- Finished tree
115:         Output tree data at t=13.80 Gyr (output 1 of 1)
115:     <- Finished tree
115:     Progress: 3249 trees processed; elapsed 19.50 h
004:         Output tree data at t=13.80 Gyr (output 1 of 1)
004:     <- Finished tree
123:     -> Evolving tree number 6677 {1}
028:     -> Evolving tree number 6260 {1}
115:     -> Evolving tree number 7069 {1}
092:     -> Evolving tree number 5684 {1}
059:         Output tree data at t=13.80 Gyr (output 1 of 1)
059:     <- Finished tree
059:     -> Evolving tree number 6101 {1}
062:         Output tree data at t=13.80 Gyr (output 1 of 1)
062:     <- Finished tree
004:     -> Evolving tree number 5644 {1}
062:     -> Evolving tree number 6738 {1}
098:         Output tree data at t=13.80 Gyr (output 1 of 1)
098:     <- Finished tree
015:         Output tree data at t=13.80 Gyr (output 1 of 1)
015:     <- Finished tree
098:     -> Evolving tree number 6830 {1}
051:     -> Evolving tree number 7389 {1}
102:         Output tree data at t=13.80 Gyr (output 1 of 1)
102:     <- Finished tree
102:     Progress: 3255 trees processed; elapsed 19.52 h
120:         Output tree data at t=13.80 Gyr (output 1 of 1)
120:     <- Finished tree
102:     -> Evolving tree number 7466 {1}
063:         Output tree data at t=13.80 Gyr (output 1 of 1)
063:     <- Finished tree
033:         Output tree data at t=13.80 Gyr (output 1 of 1)
033:     <- Finished tree
015:     -> Evolving tree number 6273 {1}
109:         Output tree data at t=13.80 Gyr (output 1 of 1)
109:     <- Finished tree
109:     Progress: 3259 trees processed; elapsed 19.55 h
027:         Output tree data at t=13.80 Gyr (output 1 of 1)
027:     <- Finished tree
120:     -> Evolving tree number 5912 {1}
027:     -> Evolving tree number 6773 {1}
053:         Output tree data at t=13.80 Gyr (output 1 of 1)
053:     <- Finished tree
063:     -> Evolving tree number 6865 {1}
033:     -> Evolving tree number 6383 {1}
109:     -> Evolving tree number 6947 {1}
119:         Output tree data at t=13.80 Gyr (output 1 of 1)
119:     <- Finished tree
119:     Progress: 3262 trees processed; elapsed 19.57 h
119:     -> Evolving tree number 6425 {1}
003:         Output tree data at t=13.80 Gyr (output 1 of 1)
003:     <- Finished tree
016:         Output tree data at t=13.80 Gyr (output 1 of 1)
016:     <- Finished tree
003:     -> Evolving tree number 6669 {1}
117:         Output tree data at t=13.80 Gyr (output 1 of 1)
117:     <- Finished tree
053:     -> Evolving tree number 7259 {1}
117:     -> Evolving tree number 6555 {1}
016:     -> Evolving tree number 5760 {1}
052:         Output tree data at t=13.80 Gyr (output 1 of 1)
052:     <- Finished tree
052:     Progress: 3266 trees processed; elapsed 19.59 h
007:         Output tree data at t=13.80 Gyr (output 1 of 1)
007:     <- Finished tree
032:         Output tree data at t=13.80 Gyr (output 1 of 1)
032:     <- Finished tree
074:         Output tree data at t=13.80 Gyr (output 1 of 1)
074:     <- Finished tree
074:     Progress: 3269 trees processed; elapsed 19.61 h
052:     -> Evolving tree number 7004 {1}
099:         Output tree data at t=13.80 Gyr (output 1 of 1)
099:     <- Finished tree
099:     -> Evolving tree number 6957 {1}
096:         Output tree data at t=13.80 Gyr (output 1 of 1)
096:     <- Finished tree
022:         Output tree data at t=13.80 Gyr (output 1 of 1)
022:     <- Finished tree
118:         Output tree data at t=13.80 Gyr (output 1 of 1)
118:     <- Finished tree
096:     -> Evolving tree number 6576 {1}
061:         Output tree data at t=13.80 Gyr (output 1 of 1)
061:     <- Finished tree
022:     -> Evolving tree number 6266 {1}
061:     -> Evolving tree number 6611 {1}
108:         Output tree data at t=13.80 Gyr (output 1 of 1)
108:     <- Finished tree
108:     Progress: 3275 trees processed; elapsed 19.63 h
083:         Output tree data at t=13.80 Gyr (output 1 of 1)
083:     <- Finished tree
007:     -> Evolving tree number 6025 {1}
108:     -> Evolving tree number 6052 {1}
107:         Output tree data at t=13.80 Gyr (output 1 of 1)
107:     <- Finished tree
083:     -> Evolving tree number 7101 {1}
095:         Output tree data at t=13.80 Gyr (output 1 of 1)
095:     <- Finished tree
032:     -> Evolving tree number 6000 {1}
074:     -> Evolving tree number 6982 {1}
095:     -> Evolving tree number 6705 {1}
065:         Output tree data at t=13.80 Gyr (output 1 of 1)
065:     <- Finished tree
065:     Progress: 3279 trees processed; elapsed 19.65 h
106:         Output tree data at t=13.80 Gyr (output 1 of 1)
106:     <- Finished tree
038:         Output tree data at t=13.80 Gyr (output 1 of 1)
038:     <- Finished tree
106:     -> Evolving tree number 6182 {1}
118:     -> Evolving tree number 6298 {1}
065:     -> Evolving tree number 6095 {1}
068:         Output tree data at t=13.80 Gyr (output 1 of 1)
068:     <- Finished tree
011:         Output tree data at t=13.80 Gyr (output 1 of 1)
011:     <- Finished tree
107:     -> Evolving tree number 6693 {1}
013:         Output tree data at t=13.80 Gyr (output 1 of 1)
013:     <- Finished tree
011:     -> Evolving tree number 6149 {1}
026:         Output tree data at t=13.80 Gyr (output 1 of 1)
026:     <- Finished tree
026:     Progress: 3285 trees processed; elapsed 19.67 h
038:     -> Evolving tree number 6122 {1}
026:     -> Evolving tree number 6006 {1}
001:         Output tree data at t=13.80 Gyr (output 1 of 1)
001:     <- Finished tree
104:         Output tree data at t=13.80 Gyr (output 1 of 1)
104:     <- Finished tree
039:         Output tree data at t=13.80 Gyr (output 1 of 1)
039:     <- Finished tree
068:     -> Evolving tree number 6860 {1}
001:     -> Evolving tree number 7183 {1}
013:     -> Evolving tree number 6019 {1}
104:     -> Evolving tree number 6440 {1}
039:     -> Evolving tree number 6505 {1}
017:         Output tree data at t=13.80 Gyr (output 1 of 1)
017:     <- Finished tree
017:     Progress: 3289 trees processed; elapsed 19.72 h
017:     -> Evolving tree number 7039 {1}
067:         Output tree data at t=13.80 Gyr (output 1 of 1)
067:     <- Finished tree
122:         Output tree data at t=13.80 Gyr (output 1 of 1)
122:     <- Finished tree
066:         Output tree data at t=13.80 Gyr (output 1 of 1)
066:     <- Finished tree
067:     -> Evolving tree number 7501 {1}
020:         Output tree data at t=13.80 Gyr (output 1 of 1)
020:     <- Finished tree
020:     Progress: 3293 trees processed; elapsed 19.75 h
122:     -> Evolving tree number 5782 {1}
114:         Output tree data at t=13.80 Gyr (output 1 of 1)
114:     <- Finished tree
126:         Output tree data at t=13.80 Gyr (output 1 of 1)
126:     <- Finished tree
020:     -> Evolving tree number 7164 {1}
114:     -> Evolving tree number 6302 {1}
071:         Output tree data at t=13.80 Gyr (output 1 of 1)
071:     <- Finished tree
066:     -> Evolving tree number 6606 {1}
126:     -> Evolving tree number 7186 {1}
081:         Output tree data at t=13.80 Gyr (output 1 of 1)
081:     <- Finished tree
081:     Progress: 3297 trees processed; elapsed 19.77 h
040:         Output tree data at t=13.80 Gyr (output 1 of 1)
040:     <- Finished tree
030:         Output tree data at t=13.80 Gyr (output 1 of 1)
030:     <- Finished tree
071:     -> Evolving tree number 6345 {1}
081:     -> Evolving tree number 5951 {1}
030:     -> Evolving tree number 6002 {1}
040:     -> Evolving tree number 7144 {1}
080:         Output tree data at t=13.80 Gyr (output 1 of 1)
080:     <- Finished tree
046:         Output tree data at t=13.80 Gyr (output 1 of 1)
046:     <- Finished tree
080:     -> Evolving tree number 6592 {1}
046:     -> Evolving tree number 6626 {1}
101:         Output tree data at t=13.80 Gyr (output 1 of 1)
101:     <- Finished tree
101:     Progress: 3302 trees processed; elapsed 19.80 h
023:         Output tree data at t=13.80 Gyr (output 1 of 1)
023:     <- Finished tree
101:     -> Evolving tree number 6699 {1}
045:         Output tree data at t=13.80 Gyr (output 1 of 1)
045:     <- Finished tree
023:     -> Evolving tree number 7033 {1}
073:         Output tree data at t=13.80 Gyr (output 1 of 1)
073:     <- Finished tree
073:     -> Evolving tree number 6855 {1}
056:         Output tree data at t=13.80 Gyr (output 1 of 1)
056:     <- Finished tree
056:     Progress: 3306 trees processed; elapsed 19.82 h
082:         Output tree data at t=13.80 Gyr (output 1 of 1)
082:     <- Finished tree
056:     -> Evolving tree number 6488 {1}
045:     -> Evolving tree number 7267 {1}
103:         Output tree data at t=13.80 Gyr (output 1 of 1)
103:     <- Finished tree
103:     Progress: 3308 trees processed; elapsed 19.84 h
064:         Output tree data at t=13.80 Gyr (output 1 of 1)
064:     <- Finished tree
103:     -> Evolving tree number 6953 {1}
112:         Output tree data at t=13.80 Gyr (output 1 of 1)
112:     <- Finished tree
089:         Output tree data at t=13.80 Gyr (output 1 of 1)
089:     <- Finished tree
064:     -> Evolving tree number 6224 {1}
112:     -> Evolving tree number 5920 {1}
089:     -> Evolving tree number 6327 {1}
010:         Output tree data at t=13.80 Gyr (output 1 of 1)
010:     <- Finished tree
037:         Output tree data at t=13.80 Gyr (output 1 of 1)
037:     <- Finished tree
082:     -> Evolving tree number 6334 {1}
010:     -> Evolving tree number 7174 {1}
037:     -> Evolving tree number 6763 {1}
034:         Output tree data at t=13.80 Gyr (output 1 of 1)
034:     <- Finished tree
034:     Progress: 3314 trees processed; elapsed 19.86 h
034:     -> Evolving tree number 6638 {1}
113:         Output tree data at t=13.80 Gyr (output 1 of 1)
113:     <- Finished tree
113:     -> Evolving tree number 6687 {1}
075:         Output tree data at t=13.80 Gyr (output 1 of 1)
075:     <- Finished tree
075:     Progress: 3316 trees processed; elapsed 19.88 h
075:     -> Evolving tree number 6341 {1}
127:         Output tree data at t=13.80 Gyr (output 1 of 1)
127:     <- Finished tree
044:         Output tree data at t=13.80 Gyr (output 1 of 1)
044:     <- Finished tree
086:         Output tree data at t=13.80 Gyr (output 1 of 1)
086:     <- Finished tree
100:         Output tree data at t=13.80 Gyr (output 1 of 1)
100:     <- Finished tree
100:     Progress: 3320 trees processed; elapsed 19.90 h
041:         Output tree data at t=13.80 Gyr (output 1 of 1)
041:     <- Finished tree
100:     -> Evolving tree number 6188 {1}
049:         Output tree data at t=13.80 Gyr (output 1 of 1)
049:     <- Finished tree
086:     -> Evolving tree number 6458 {1}
098:         Output tree data at t=13.80 Gyr (output 1 of 1)
098:     <- Finished tree
127:     -> Evolving tree number 5777 {1}
098:     -> Evolving tree number 6702 {1}
044:     -> Evolving tree number 7012 {1}
078:         Output tree data at t=13.80 Gyr (output 1 of 1)
078:     <- Finished tree
078:     Progress: 3324 trees processed; elapsed 19.92 h
085:         Output tree data at t=13.80 Gyr (output 1 of 1)
085:     <- Finished tree
058:         Output tree data at t=13.80 Gyr (output 1 of 1)
058:     <- Finished tree
049:     -> Evolving tree number 6879 {1}
085:     -> Evolving tree number 6971 {1}
055:         Output tree data at t=13.80 Gyr (output 1 of 1)
055:     <- Finished tree
043:         Output tree data at t=13.80 Gyr (output 1 of 1)
043:     <- Finished tree
058:     -> Evolving tree number 6230 {1}
041:     -> Evolving tree number 6759 {1}
055:     -> Evolving tree number 6873 {1}
078:     -> Evolving tree number 6850 {1}
125:         Output tree data at t=13.80 Gyr (output 1 of 1)
125:     <- Finished tree
088:         Output tree data at t=13.80 Gyr (output 1 of 1)
088:     <- Finished tree
125:     -> Evolving tree number 6163 {1}
043:     -> Evolving tree number 6245 {1}
070:         Output tree data at t=13.80 Gyr (output 1 of 1)
070:     <- Finished tree
070:     Progress: 3331 trees processed; elapsed 19.94 h
088:     -> Evolving tree number 7096 {1}
070:     -> Evolving tree number 6090 {1}
035:         Output tree data at t=13.80 Gyr (output 1 of 1)
035:     <- Finished tree
006:         Output tree data at t=13.80 Gyr (output 1 of 1)
006:     <- Finished tree
035:     -> Evolving tree number 5997 {1}
000:         Output tree data at t=13.80 Gyr (output 1 of 1)
000:     <- Finished tree
000:     Progress: 3334 trees processed; elapsed 19.96 h
025:         Output tree data at t=13.80 Gyr (output 1 of 1)
025:     <- Finished tree
059:         Output tree data at t=13.80 Gyr (output 1 of 1)
059:     <- Finished tree
000:     -> Evolving tree number 5776 {1}
005:         Output tree data at t=13.80 Gyr (output 1 of 1)
005:     <- Finished tree
006:     -> Evolving tree number 7178 {1}
005:     -> Evolving tree number 7179 {1}
019:         Output tree data at t=13.80 Gyr (output 1 of 1)
019:     <- Finished tree
019:     Progress: 3338 trees processed; elapsed 19.98 h
076:         Output tree data at t=13.80 Gyr (output 1 of 1)
076:     <- Finished tree
025:     -> Evolving tree number 7415 {1}
019:     -> Evolving tree number 6909 {1}
009:         Output tree data at t=13.80 Gyr (output 1 of 1)
009:     <- Finished tree
090:         Output tree data at t=13.80 Gyr (output 1 of 1)
090:     <- Finished tree
111:         Output tree data at t=13.80 Gyr (output 1 of 1)
111:     <- Finished tree
031:         Output tree data at t=13.80 Gyr (output 1 of 1)
031:     <- Finished tree
059:     -> Evolving tree number 5973 {1}
090:     -> Evolving tree number 6070 {1}
076:     -> Evolving tree number 6724 {1}
111:     -> Evolving tree number 5665 {1}
009:     -> Evolving tree number 7047 {1}
031:     -> Evolving tree number 6769 {1}
007:         Output tree data at t=13.80 Gyr (output 1 of 1)
007:     <- Finished tree
007:     Progress: 3344 trees processed; elapsed 20.00 h
028:         Output tree data at t=13.80 Gyr (output 1 of 1)
028:     <- Finished tree
007:     -> Evolving tree number 5897 {1}
028:     -> Evolving tree number 6132 {1}
094:         Output tree data at t=13.80 Gyr (output 1 of 1)
094:     <- Finished tree
002:         Output tree data at t=13.80 Gyr (output 1 of 1)
002:     <- Finished tree
060:         Output tree data at t=13.80 Gyr (output 1 of 1)
060:     <- Finished tree
121:         Output tree data at t=13.80 Gyr (output 1 of 1)
121:     <- Finished tree
121:     Progress: 3349 trees processed; elapsed 20.02 h
002:     -> Evolving tree number 7054 {1}
084:         Output tree data at t=13.80 Gyr (output 1 of 1)
084:     <- Finished tree
092:         Output tree data at t=13.80 Gyr (output 1 of 1)
092:     <- Finished tree
084:     -> Evolving tree number 6332 {1}
092:     -> Evolving tree number 5556 {1}
057:         Output tree data at t=13.80 Gyr (output 1 of 1)
057:     <- Finished tree
057:     Progress: 3352 trees processed; elapsed 20.04 h
094:     -> Evolving tree number 6706 {1}
121:     -> Evolving tree number 5527 {1}
091:         Output tree data at t=13.80 Gyr (output 1 of 1)
091:     <- Finished tree
060:     -> Evolving tree number 6356 {1}
091:     -> Evolving tree number 5813 {1}
033:         Output tree data at t=13.80 Gyr (output 1 of 1)
033:     <- Finished tree
033:     -> Evolving tree number 6255 {1}
018:         Output tree data at t=13.80 Gyr (output 1 of 1)
018:     <- Finished tree
018:     Progress: 3355 trees processed; elapsed 20.06 h
048:         Output tree data at t=13.80 Gyr (output 1 of 1)
048:     <- Finished tree
054:         Output tree data at t=13.80 Gyr (output 1 of 1)
054:     <- Finished tree
018:     -> Evolving tree number 5886 {1}
061:         Output tree data at t=13.80 Gyr (output 1 of 1)
061:     <- Finished tree
048:     -> Evolving tree number 6112 {1}
065:         Output tree data at t=13.80 Gyr (output 1 of 1)
065:     <- Finished tree
061:     -> Evolving tree number 6483 {1}
057:     -> Evolving tree number 6999 {1}
065:     -> Evolving tree number 5967 {1}
054:     -> Evolving tree number 6106 {1}
014:         Output tree data at t=13.80 Gyr (output 1 of 1)
014:     <- Finished tree
014:     -> Evolving tree number 6786 {1}
069:         Output tree data at t=13.80 Gyr (output 1 of 1)
069:     <- Finished tree
069:     Progress: 3361 trees processed; elapsed 20.09 h
036:         Output tree data at t=13.80 Gyr (output 1 of 1)
036:     <- Finished tree
036:     -> Evolving tree number 5868 {1}
029:         Output tree data at t=13.80 Gyr (output 1 of 1)
029:     <- Finished tree
106:         Output tree data at t=13.80 Gyr (output 1 of 1)
106:     <- Finished tree
106:     Progress: 3364 trees processed; elapsed 20.11 h
015:         Output tree data at t=13.80 Gyr (output 1 of 1)
015:     <- Finished tree
106:     -> Evolving tree number 6054 {1}
015:     -> Evolving tree number 6145 {1}
069:     -> Evolving tree number 5835 {1}
042:         Output tree data at t=13.80 Gyr (output 1 of 1)
042:     <- Finished tree
029:     -> Evolving tree number 7283 {1}
062:         Output tree data at t=13.80 Gyr (output 1 of 1)
062:     <- Finished tree
062:     Progress: 3367 trees processed; elapsed 20.13 h
062:     -> Evolving tree number 6610 {1}
042:     -> Evolving tree number 7014 {1}
081:         Output tree data at t=13.80 Gyr (output 1 of 1)
081:     <- Finished tree
072:         Output tree data at t=13.80 Gyr (output 1 of 1)
072:     <- Finished tree
081:     -> Evolving tree number 5823 {1}
004:         Output tree data at t=13.80 Gyr (output 1 of 1)
004:     <- Finished tree
004:     Progress: 3370 trees processed; elapsed 20.15 h
013:         Output tree data at t=13.80 Gyr (output 1 of 1)
013:     <- Finished tree
017:         Output tree data at t=13.80 Gyr (output 1 of 1)
017:     <- Finished tree
004:     -> Evolving tree number 5516 {1}
022:         Output tree data at t=13.80 Gyr (output 1 of 1)
022:     <- Finished tree
122:         Output tree data at t=13.80 Gyr (output 1 of 1)
122:     <- Finished tree
013:     -> Evolving tree number 5891 {1}
072:     -> Evolving tree number 6728 {1}
122:     -> Evolving tree number 5654 {1}
030:         Output tree data at t=13.80 Gyr (output 1 of 1)
030:     <- Finished tree
030:     Progress: 3375 trees processed; elapsed 20.19 h
022:     -> Evolving tree number 6138 {1}
017:     -> Evolving tree number 6911 {1}
032:         Output tree data at t=13.80 Gyr (output 1 of 1)
032:     <- Finished tree
126:         Output tree data at t=13.80 Gyr (output 1 of 1)
126:     <- Finished tree
030:     -> Evolving tree number 5874 {1}
126:     -> Evolving tree number 7058 {1}
032:     -> Evolving tree number 5872 {1}
112:         Output tree data at t=13.80 Gyr (output 1 of 1)
112:     <- Finished tree
112:     -> Evolving tree number 5792 {1}
116:         Output tree data at t=13.80 Gyr (output 1 of 1)
116:     <- Finished tree
116:     Progress: 3379 trees processed; elapsed 20.20 h
024:         Output tree data at t=13.80 Gyr (output 1 of 1)
024:     <- Finished tree
047:         Output tree data at t=13.80 Gyr (output 1 of 1)
047:     <- Finished tree
047:     Progress: 3381 trees processed; elapsed 20.22 h
024:     -> Evolving tree number 5752 {1}
107:         Output tree data at t=13.80 Gyr (output 1 of 1)
107:     <- Finished tree
034:         Output tree data at t=13.80 Gyr (output 1 of 1)
034:     <- Finished tree
116:     -> Evolving tree number 6684 {1}
093:         Output tree data at t=13.80 Gyr (output 1 of 1)
093:     <- Finished tree
124:         Output tree data at t=13.80 Gyr (output 1 of 1)
124:     <- Finished tree
124:     Progress: 3385 trees processed; elapsed 20.24 h
093:     -> Evolving tree number 6067 {1}
119:         Output tree data at t=13.80 Gyr (output 1 of 1)
119:     <- Finished tree
075:         Output tree data at t=13.80 Gyr (output 1 of 1)
075:     <- Finished tree
003:         Output tree data at t=13.80 Gyr (output 1 of 1)
003:     <- Finished tree
079:         Output tree data at t=13.80 Gyr (output 1 of 1)
079:     <- Finished tree
119:     -> Evolving tree number 6297 {1}
080:         Output tree data at t=13.80 Gyr (output 1 of 1)
080:     <- Finished tree
047:     -> Evolving tree number 7393 {1}
034:     -> Evolving tree number 6510 {1}
107:     -> Evolving tree number 6565 {1}
003:     -> Evolving tree number 6541 {1}
080:     -> Evolving tree number 6464 {1}
075:     -> Evolving tree number 6213 {1}
124:     -> Evolving tree number 5908 {1}
079:     -> Evolving tree number 7489 {1}
109:         Output tree data at t=13.80 Gyr (output 1 of 1)
109:     <- Finished tree
109:     Progress: 3391 trees processed; elapsed 20.26 h
104:         Output tree data at t=13.80 Gyr (output 1 of 1)
104:     <- Finished tree
118:         Output tree data at t=13.80 Gyr (output 1 of 1)
118:     <- Finished tree
109:     -> Evolving tree number 6819 {1}
104:     -> Evolving tree number 6312 {1}
095:         Output tree data at t=13.80 Gyr (output 1 of 1)
095:     <- Finished tree
077:         Output tree data at t=13.80 Gyr (output 1 of 1)
077:     <- Finished tree
095:     -> Evolving tree number 6577 {1}
077:     -> Evolving tree number 6339 {1}
118:     -> Evolving tree number 6170 {1}
038:         Output tree data at t=13.80 Gyr (output 1 of 1)
038:     <- Finished tree
038:     Progress: 3396 trees processed; elapsed 20.29 h
050:         Output tree data at t=13.80 Gyr (output 1 of 1)
050:     <- Finished tree
038:     -> Evolving tree number 5994 {1}
050:     -> Evolving tree number 6622 {1}
123:         Output tree data at t=13.80 Gyr (output 1 of 1)
123:     <- Finished tree
097:         Output tree data at t=13.80 Gyr (output 1 of 1)
097:     <- Finished tree
096:         Output tree data at t=13.80 Gyr (output 1 of 1)
096:     <- Finished tree
123:     -> Evolving tree number 6549 {1}
096:     -> Evolving tree number 6448 {1}
097:     -> Evolving tree number 7215 {1}
110:         Output tree data at t=13.80 Gyr (output 1 of 1)
110:     <- Finished tree
110:     Progress: 3401 trees processed; elapsed 20.31 h
083:         Output tree data at t=13.80 Gyr (output 1 of 1)
083:     <- Finished tree
011:         Output tree data at t=13.80 Gyr (output 1 of 1)
011:     <- Finished tree
110:     -> Evolving tree number 6562 {1}
083:     -> Evolving tree number 6973 {1}
011:     -> Evolving tree number 6021 {1}
052:         Output tree data at t=13.80 Gyr (output 1 of 1)
052:     <- Finished tree
066:         Output tree data at t=13.80 Gyr (output 1 of 1)
066:     <- Finished tree
089:         Output tree data at t=13.80 Gyr (output 1 of 1)
089:     <- Finished tree
052:     -> Evolving tree number 6876 {1}
089:     -> Evolving tree number 6199 {1}
066:     -> Evolving tree number 6478 {1}
048:         Output tree data at t=13.80 Gyr (output 1 of 1)
048:     <- Finished tree
048:     Progress: 3407 trees processed; elapsed 20.33 h
020:         Output tree data at t=13.80 Gyr (output 1 of 1)
020:     <- Finished tree
021:         Output tree data at t=13.80 Gyr (output 1 of 1)
021:     <- Finished tree
020:     -> Evolving tree number 7036 {1}
021:     -> Evolving tree number 6779 {1}
027:         Output tree data at t=13.80 Gyr (output 1 of 1)
027:     <- Finished tree
082:         Output tree data at t=13.80 Gyr (output 1 of 1)
082:     <- Finished tree
027:     -> Evolving tree number 6645 {1}
048:     -> Evolving tree number 5984 {1}
039:         Output tree data at t=13.80 Gyr (output 1 of 1)
039:     <- Finished tree
039:     Progress: 3412 trees processed; elapsed 20.35 h
053:         Output tree data at t=13.80 Gyr (output 1 of 1)
053:     <- Finished tree
058:         Output tree data at t=13.80 Gyr (output 1 of 1)
058:     <- Finished tree
063:         Output tree data at t=13.80 Gyr (output 1 of 1)
063:     <- Finished tree
105:         Output tree data at t=13.80 Gyr (output 1 of 1)
105:     <- Finished tree
105:     -> Evolving tree number 6695 {1}
063:     -> Evolving tree number 6737 {1}
023:         Output tree data at t=13.80 Gyr (output 1 of 1)
023:     <- Finished tree
023:     Progress: 3417 trees processed; elapsed 20.38 h
082:     -> Evolving tree number 6206 {1}
023:     -> Evolving tree number 6905 {1}
039:     -> Evolving tree number 6377 {1}
053:     -> Evolving tree number 7131 {1}
058:     -> Evolving tree number 6102 {1}
016:         Output tree data at t=13.80 Gyr (output 1 of 1)
016:     <- Finished tree
016:     Progress: 3418 trees processed; elapsed 20.40 h
012:         Output tree data at t=13.80 Gyr (output 1 of 1)
012:     <- Finished tree
012:     -> Evolving tree number 7300 {1}
059:         Output tree data at t=13.80 Gyr (output 1 of 1)
059:     <- Finished tree
101:         Output tree data at t=13.80 Gyr (output 1 of 1)
101:     <- Finished tree
101:     Progress: 3421 trees processed; elapsed 20.42 h
026:         Output tree data at t=13.80 Gyr (output 1 of 1)
026:     <- Finished tree
101:     -> Evolving tree number 6571 {1}
026:     -> Evolving tree number 5878 {1}
000:         Output tree data at t=13.80 Gyr (output 1 of 1)
000:     <- Finished tree
016:     -> Evolving tree number 5632 {1}
059:     -> Evolving tree number 5845 {1}
008:         Output tree data at t=13.80 Gyr (output 1 of 1)
008:     <- Finished tree
008:     Progress: 3424 trees processed; elapsed 20.45 h
000:     -> Evolving tree number 5648 {1}
008:     -> Evolving tree number 6792 {1}
076:         Output tree data at t=13.80 Gyr (output 1 of 1)
076:     <- Finished tree
068:         Output tree data at t=13.80 Gyr (output 1 of 1)
068:     <- Finished tree
099:         Output tree data at t=13.80 Gyr (output 1 of 1)
099:     <- Finished tree
068:     -> Evolving tree number 6732 {1}
001:         Output tree data at t=13.80 Gyr (output 1 of 1)
001:     <- Finished tree
001:     -> Evolving tree number 7055 {1}
099:     -> Evolving tree number 6829 {1}
127:         Output tree data at t=13.80 Gyr (output 1 of 1)
127:     <- Finished tree
127:     Progress: 3429 trees processed; elapsed 20.49 h
098:         Output tree data at t=13.80 Gyr (output 1 of 1)
098:     <- Finished tree
092:         Output tree data at t=13.80 Gyr (output 1 of 1)
092:     <- Finished tree
098:     -> Evolving tree number 6574 {1}
076:     -> Evolving tree number 6596 {1}
092:     -> Evolving tree number 5428 {1}
127:     -> Evolving tree number 5649 {1}
121:         Output tree data at t=13.80 Gyr (output 1 of 1)
121:     <- Finished tree
103:         Output tree data at t=13.80 Gyr (output 1 of 1)
103:     <- Finished tree
120:         Output tree data at t=13.80 Gyr (output 1 of 1)
120:     <- Finished tree
120:     Progress: 3434 trees processed; elapsed 20.50 h
103:     -> Evolving tree number 6825 {1}
051:         Output tree data at t=13.80 Gyr (output 1 of 1)
051:     <- Finished tree
060:         Output tree data at t=13.80 Gyr (output 1 of 1)
060:     <- Finished tree
070:         Output tree data at t=13.80 Gyr (output 1 of 1)
070:     <- Finished tree
120:     -> Evolving tree number 5784 {1}
125:         Output tree data at t=13.80 Gyr (output 1 of 1)
125:     <- Finished tree
125:     Progress: 3438 trees processed; elapsed 20.52 h
121:     -> Evolving tree number 5399 {1}
125:     -> Evolving tree number 6035 {1}
070:     -> Evolving tree number 5962 {1}
051:     -> Evolving tree number 7261 {1}
060:     -> Evolving tree number 6228 {1}
108:         Output tree data at t=13.80 Gyr (output 1 of 1)
108:     <- Finished tree
108:     Progress: 3439 trees processed; elapsed 20.54 h
115:         Output tree data at t=13.80 Gyr (output 1 of 1)
115:     <- Finished tree
087:         Output tree data at t=13.80 Gyr (output 1 of 1)
087:     <- Finished tree
117:         Output tree data at t=13.80 Gyr (output 1 of 1)
117:     <- Finished tree
115:     -> Evolving tree number 6941 {1}
087:     -> Evolving tree number 7481 {1}
117:     -> Evolving tree number 6427 {1}
108:     -> Evolving tree number 5924 {1}
065:         Output tree data at t=13.80 Gyr (output 1 of 1)
065:     <- Finished tree
065:     Progress: 3443 trees processed; elapsed 20.56 h
114:         Output tree data at t=13.80 Gyr (output 1 of 1)
114:     <- Finished tree
046:         Output tree data at t=13.80 Gyr (output 1 of 1)
046:     <- Finished tree
065:     -> Evolving tree number 5839 {1}
046:     -> Evolving tree number 6498 {1}
010:         Output tree data at t=13.80 Gyr (output 1 of 1)
010:     <- Finished tree
090:         Output tree data at t=13.80 Gyr (output 1 of 1)
090:     <- Finished tree
090:     Progress: 3447 trees processed; elapsed 20.58 h
090:     -> Evolving tree number 5942 {1}
100:         Output tree data at t=13.80 Gyr (output 1 of 1)
100:     <- Finished tree
100:     -> Evolving tree number 6060 {1}
033:         Output tree data at t=13.80 Gyr (output 1 of 1)
033:     <- Finished tree
114:     -> Evolving tree number 6174 {1}
045:         Output tree data at t=13.80 Gyr (output 1 of 1)
045:     <- Finished tree
043:         Output tree data at t=13.80 Gyr (output 1 of 1)
043:     <- Finished tree
043:     Progress: 3451 trees processed; elapsed 20.60 h
045:     -> Evolving tree number 7139 {1}
043:     -> Evolving tree number 6117 {1}
010:     -> Evolving tree number 7046 {1}
091:         Output tree data at t=13.80 Gyr (output 1 of 1)
091:     <- Finished tree
069:         Output tree data at t=13.80 Gyr (output 1 of 1)
069:     <- Finished tree
071:         Output tree data at t=13.80 Gyr (output 1 of 1)
071:     <- Finished tree
073:         Output tree data at t=13.80 Gyr (output 1 of 1)
073:     <- Finished tree
069:     -> Evolving tree number 5707 {1}
091:     -> Evolving tree number 5685 {1}
111:         Output tree data at t=13.80 Gyr (output 1 of 1)
111:     <- Finished tree
111:     Progress: 3456 trees processed; elapsed 20.62 h
073:     -> Evolving tree number 6727 {1}
071:     -> Evolving tree number 6217 {1}
111:     -> Evolving tree number 5537 {1}
033:     -> Evolving tree number 6127 {1}
064:         Output tree data at t=13.80 Gyr (output 1 of 1)
064:     <- Finished tree
112:         Output tree data at t=13.80 Gyr (output 1 of 1)
112:     <- Finished tree
112:     Progress: 3458 trees processed; elapsed 20.64 h
015:         Output tree data at t=13.80 Gyr (output 1 of 1)
015:     <- Finished tree
112:     -> Evolving tree number 5664 {1}
040:         Output tree data at t=13.80 Gyr (output 1 of 1)
040:     <- Finished tree
102:         Output tree data at t=13.80 Gyr (output 1 of 1)
102:     <- Finished tree
014:         Output tree data at t=13.80 Gyr (output 1 of 1)
014:     <- Finished tree
015:     -> Evolving tree number 6017 {1}
102:     -> Evolving tree number 7338 {1}
014:     -> Evolving tree number 6658 {1}
064:     -> Evolving tree number 6096 {1}
054:         Output tree data at t=13.80 Gyr (output 1 of 1)
054:     <- Finished tree
036:         Output tree data at t=13.80 Gyr (output 1 of 1)
036:     <- Finished tree
036:     Progress: 3464 trees processed; elapsed 20.65 h
054:     -> Evolving tree number 5978 {1}
040:     -> Evolving tree number 7016 {1}
036:     -> Evolving tree number 5740 {1}
041:         Output tree data at t=13.80 Gyr (output 1 of 1)
041:     <- Finished tree
044:         Output tree data at t=13.80 Gyr (output 1 of 1)
044:     <- Finished tree
044:     -> Evolving tree number 6884 {1}
025:         Output tree data at t=13.80 Gyr (output 1 of 1)
025:     <- Finished tree
025:     Progress: 3467 trees processed; elapsed 20.68 h
018:         Output tree data at t=13.80 Gyr (output 1 of 1)
018:     <- Finished tree
025:     -> Evolving tree number 7287 {1}
041:     -> Evolving tree number 6631 {1}
077:         Output tree data at t=13.80 Gyr (output 1 of 1)
077:     <- Finished tree
077:     Progress: 3469 trees processed; elapsed 20.70 h
080:         Output tree data at t=13.80 Gyr (output 1 of 1)
080:     <- Finished tree
077:     -> Evolving tree number 6211 {1}
018:     -> Evolving tree number 5758 {1}
029:         Output tree data at t=13.80 Gyr (output 1 of 1)
029:     <- Finished tree
029:     -> Evolving tree number 7155 {1}
035:         Output tree data at t=13.80 Gyr (output 1 of 1)
035:     <- Finished tree
080:     -> Evolving tree number 6336 {1}
113:         Output tree data at t=13.80 Gyr (output 1 of 1)
113:     <- Finished tree
113:     Progress: 3473 trees processed; elapsed 20.73 h
113:     -> Evolving tree number 6559 {1}
035:     -> Evolving tree number 5869 {1}
049:         Output tree data at t=13.80 Gyr (output 1 of 1)
049:     <- Finished tree
057:         Output tree data at t=13.80 Gyr (output 1 of 1)
057:     <- Finished tree
093:         Output tree data at t=13.80 Gyr (output 1 of 1)
093:     <- Finished tree
057:     -> Evolving tree number 6871 {1}
049:     -> Evolving tree number 6751 {1}
093:     -> Evolving tree number 5939 {1}
081:         Output tree data at t=13.80 Gyr (output 1 of 1)
081:     <- Finished tree
081:     Progress: 3477 trees processed; elapsed 20.76 h
084:         Output tree data at t=13.80 Gyr (output 1 of 1)
084:     <- Finished tree
056:         Output tree data at t=13.80 Gyr (output 1 of 1)
056:     <- Finished tree
056:     Progress: 3479 trees processed; elapsed 20.78 h
084:     -> Evolving tree number 6204 {1}
031:         Output tree data at t=13.80 Gyr (output 1 of 1)
031:     <- Finished tree
028:         Output tree data at t=13.80 Gyr (output 1 of 1)
028:     <- Finished tree
081:     -> Evolving tree number 5695 {1}
002:         Output tree data at t=13.80 Gyr (output 1 of 1)
002:     <- Finished tree
028:     -> Evolving tree number 6004 {1}
007:         Output tree data at t=13.80 Gyr (output 1 of 1)
007:     <- Finished tree
012:         Output tree data at t=13.80 Gyr (output 1 of 1)
012:     <- Finished tree
024:         Output tree data at t=13.80 Gyr (output 1 of 1)
024:     <- Finished tree
007:     -> Evolving tree number 5769 {1}
002:     -> Evolving tree number 6926 {1}
024:     -> Evolving tree number 5624 {1}
056:     -> Evolving tree number 6360 {1}
031:     -> Evolving tree number 6641 {1}
089:         Output tree data at t=13.80 Gyr (output 1 of 1)
089:     <- Finished tree
089:     Progress: 3486 trees processed; elapsed 20.80 h
037:         Output tree data at t=13.80 Gyr (output 1 of 1)
037:     <- Finished tree
094:         Output tree data at t=13.80 Gyr (output 1 of 1)
094:     <- Finished tree
122:         Output tree data at t=13.80 Gyr (output 1 of 1)
122:     <- Finished tree
089:     -> Evolving tree number 6071 {1}
094:     -> Evolving tree number 6578 {1}
037:     -> Evolving tree number 6635 {1}
122:     -> Evolving tree number 5526 {1}
012:     -> Evolving tree number 7172 {1}
061:         Output tree data at t=13.80 Gyr (output 1 of 1)
061:     <- Finished tree
106:         Output tree data at t=13.80 Gyr (output 1 of 1)
106:     <- Finished tree
088:         Output tree data at t=13.80 Gyr (output 1 of 1)
088:     <- Finished tree
032:         Output tree data at t=13.80 Gyr (output 1 of 1)
032:     <- Finished tree
106:     -> Evolving tree number 5926 {1}
030:         Output tree data at t=13.80 Gyr (output 1 of 1)
030:     <- Finished tree
032:     -> Evolving tree number 5744 {1}
005:         Output tree data at t=13.80 Gyr (output 1 of 1)
005:     <- Finished tree
061:     -> Evolving tree number 6355 {1}
085:         Output tree data at t=13.80 Gyr (output 1 of 1)
085:     <- Finished tree
005:     -> Evolving tree number 7051 {1}
085:     -> Evolving tree number 6843 {1}
088:     -> Evolving tree number 6968 {1}
030:     -> Evolving tree number 5746 {1}
110:         Output tree data at t=13.80 Gyr (output 1 of 1)
110:     <- Finished tree
110:     Progress: 3497 trees processed; elapsed 20.83 h
022:         Output tree data at t=13.80 Gyr (output 1 of 1)
022:     <- Finished tree
086:         Output tree data at t=13.80 Gyr (output 1 of 1)
086:     <- Finished tree
110:     -> Evolving tree number 6434 {1}
086:     -> Evolving tree number 6330 {1}
022:     -> Evolving tree number 6010 {1}
055:         Output tree data at t=13.80 Gyr (output 1 of 1)
055:     <- Finished tree
078:         Output tree data at t=13.80 Gyr (output 1 of 1)
078:     <- Finished tree
055:     -> Evolving tree number 6745 {1}
039:         Output tree data at t=13.80 Gyr (output 1 of 1)
039:     <- Finished tree
078:     -> Evolving tree number 6722 {1}
095:         Output tree data at t=13.80 Gyr (output 1 of 1)
095:     <- Finished tree
095:     Progress: 3503 trees processed; elapsed 20.85 h
039:     -> Evolving tree number 6249 {1}
019:         Output tree data at t=13.80 Gyr (output 1 of 1)
019:     <- Finished tree
095:     -> Evolving tree number 6449 {1}
013:         Output tree data at t=13.80 Gyr (output 1 of 1)
013:     <- Finished tree
013:     -> Evolving tree number 5763 {1}
019:     -> Evolving tree number 6781 {1}
009:         Output tree data at t=13.80 Gyr (output 1 of 1)
009:     <- Finished tree
104:         Output tree data at t=13.80 Gyr (output 1 of 1)
104:     <- Finished tree
009:     -> Evolving tree number 6919 {1}
104:     -> Evolving tree number 6184 {1}
083:         Output tree data at t=13.80 Gyr (output 1 of 1)
083:     <- Finished tree
083:     Progress: 3508 trees processed; elapsed 20.87 h
124:         Output tree data at t=13.80 Gyr (output 1 of 1)
124:     <- Finished tree
011:         Output tree data at t=13.80 Gyr (output 1 of 1)
011:     <- Finished tree
034:         Output tree data at t=13.80 Gyr (output 1 of 1)
034:     <- Finished tree
124:     -> Evolving tree number 5780 {1}
038:         Output tree data at t=13.80 Gyr (output 1 of 1)
038:     <- Finished tree
038:     -> Evolving tree number 5866 {1}
083:     -> Evolving tree number 6845 {1}
082:         Output tree data at t=13.80 Gyr (output 1 of 1)
082:     <- Finished tree
082:     Progress: 3513 trees processed; elapsed 20.90 h
062:         Output tree data at t=13.80 Gyr (output 1 of 1)
062:     <- Finished tree
011:     -> Evolving tree number 5893 {1}
072:         Output tree data at t=13.80 Gyr (output 1 of 1)
072:     <- Finished tree
062:     -> Evolving tree number 6482 {1}
050:         Output tree data at t=13.80 Gyr (output 1 of 1)
050:     <- Finished tree
017:         Output tree data at t=13.80 Gyr (output 1 of 1)
017:     <- Finished tree
050:     -> Evolving tree number 6494 {1}
072:     -> Evolving tree number 6600 {1}
034:     -> Evolving tree number 6382 {1}
017:     -> Evolving tree number 6783 {1}
126:         Output tree data at t=13.80 Gyr (output 1 of 1)
126:     <- Finished tree
126:     Progress: 3518 trees processed; elapsed 20.92 h
082:     -> Evolving tree number 6078 {1}
126:     -> Evolving tree number 6930 {1}
006:         Output tree data at t=13.80 Gyr (output 1 of 1)
006:     <- Finished tree
006:     -> Evolving tree number 7050 {1}
058:         Output tree data at t=13.80 Gyr (output 1 of 1)
058:     <- Finished tree
058:     Progress: 3520 trees processed; elapsed 20.94 h
000:         Output tree data at t=13.80 Gyr (output 1 of 1)
000:     <- Finished tree
000:     -> Evolving tree number 5520 {1}
016:         Output tree data at t=13.80 Gyr (output 1 of 1)
016:     <- Finished tree
016:     Progress: 3522 trees processed; elapsed 20.96 h
058:     -> Evolving tree number 5974 {1}
042:         Output tree data at t=13.80 Gyr (output 1 of 1)
042:     <- Finished tree
092:         Output tree data at t=13.80 Gyr (output 1 of 1)
092:     <- Finished tree
042:     -> Evolving tree number 6886 {1}
074:         Output tree data at t=13.80 Gyr (output 1 of 1)
074:     <- Finished tree
092:     -> Evolving tree number 5300 {1}
069:         Output tree data at t=13.80 Gyr (output 1 of 1)
069:     <- Finished tree
074:     -> Evolving tree number 6854 {1}
069:     -> Evolving tree number 5579 {1}
016:     -> Evolving tree number 5504 {1}
064:         Output tree data at t=13.80 Gyr (output 1 of 1)
064:     <- Finished tree
064:     Progress: 3527 trees processed; elapsed 20.99 h
118:         Output tree data at t=13.80 Gyr (output 1 of 1)
118:     <- Finished tree
064:     -> Evolving tree number 5968 {1}
103:         Output tree data at t=13.80 Gyr (output 1 of 1)
103:     <- Finished tree
103:     -> Evolving tree number 6697 {1}
119:         Output tree data at t=13.80 Gyr (output 1 of 1)
119:     <- Finished tree
119:     Progress: 3530 trees processed; elapsed 21.00 h
118:     -> Evolving tree number 6042 {1}
119:     -> Evolving tree number 6169 {1}
105:         Output tree data at t=13.80 Gyr (output 1 of 1)
105:     <- Finished tree
105:     Progress: 3531 trees processed; elapsed 21.03 h
100:         Output tree data at t=13.80 Gyr (output 1 of 1)
100:     <- Finished tree
100:     -> Evolving tree number 5932 {1}
105:     -> Evolving tree number 6567 {1}
068:         Output tree data at t=13.80 Gyr (output 1 of 1)
068:     <- Finished tree
063:         Output tree data at t=13.80 Gyr (output 1 of 1)
063:     <- Finished tree
026:         Output tree data at t=13.80 Gyr (output 1 of 1)
026:     <- Finished tree
026:     Progress: 3535 trees processed; elapsed 21.05 h
068:     -> Evolving tree number 6604 {1}
063:     -> Evolving tree number 6609 {1}
026:     -> Evolving tree number 5750 {1}
111:         Output tree data at t=13.80 Gyr (output 1 of 1)
111:     <- Finished tree
067:         Output tree data at t=13.80 Gyr (output 1 of 1)
067:     <- Finished tree
067:     Progress: 3537 trees processed; elapsed 21.07 h
111:     -> Evolving tree number 5409 {1}
004:         Output tree data at t=13.80 Gyr (output 1 of 1)
004:     <- Finished tree
067:     -> Evolving tree number 7373 {1}
004:     -> Evolving tree number 5388 {1}
091:         Output tree data at t=13.80 Gyr (output 1 of 1)
091:     <- Finished tree
003:         Output tree data at t=13.80 Gyr (output 1 of 1)
003:     <- Finished tree
091:     -> Evolving tree number 5557 {1}
097:         Output tree data at t=13.80 Gyr (output 1 of 1)
097:     <- Finished tree
097:     Progress: 3541 trees processed; elapsed 21.09 h
008:         Output tree data at t=13.80 Gyr (output 1 of 1)
008:     <- Finished tree
003:     -> Evolving tree number 6413 {1}
097:     -> Evolving tree number 7087 {1}
108:         Output tree data at t=13.80 Gyr (output 1 of 1)
108:     <- Finished tree
108:     -> Evolving tree number 5796 {1}
053:         Output tree data at t=13.80 Gyr (output 1 of 1)
053:     <- Finished tree
123:         Output tree data at t=13.80 Gyr (output 1 of 1)
123:     <- Finished tree
053:     -> Evolving tree number 7003 {1}
123:     -> Evolving tree number 6421 {1}
008:     -> Evolving tree number 6664 {1}
027:         Output tree data at t=13.80 Gyr (output 1 of 1)
027:     <- Finished tree
027:     Progress: 3546 trees processed; elapsed 21.12 h
107:         Output tree data at t=13.80 Gyr (output 1 of 1)
107:     <- Finished tree
027:     -> Evolving tree number 6517 {1}
107:     -> Evolving tree number 6437 {1}
125:         Output tree data at t=13.80 Gyr (output 1 of 1)
125:     <- Finished tree
125:     -> Evolving tree number 5907 {1}
109:         Output tree data at t=13.80 Gyr (output 1 of 1)
109:     <- Finished tree
021:         Output tree data at t=13.80 Gyr (output 1 of 1)
021:     <- Finished tree
021:     Progress: 3550 trees processed; elapsed 21.14 h
090:         Output tree data at t=13.80 Gyr (output 1 of 1)
090:     <- Finished tree
021:     -> Evolving tree number 6651 {1}
071:         Output tree data at t=13.80 Gyr (output 1 of 1)
071:     <- Finished tree
090:     -> Evolving tree number 5814 {1}
101:         Output tree data at t=13.80 Gyr (output 1 of 1)
101:     <- Finished tree
071:     -> Evolving tree number 6089 {1}
101:     -> Evolving tree number 6443 {1}
112:         Output tree data at t=13.80 Gyr (output 1 of 1)
112:     <- Finished tree
015:         Output tree data at t=13.80 Gyr (output 1 of 1)
015:     <- Finished tree
015:     -> Evolving tree number 5889 {1}
001:         Output tree data at t=13.80 Gyr (output 1 of 1)
001:     <- Finished tree
001:     -> Evolving tree number 6927 {1}
060:         Output tree data at t=13.80 Gyr (output 1 of 1)
060:     <- Finished tree
060:     Progress: 3557 trees processed; elapsed 21.17 h
109:     -> Evolving tree number 6691 {1}
076:         Output tree data at t=13.80 Gyr (output 1 of 1)
076:     <- Finished tree
060:     -> Evolving tree number 6100 {1}
076:     -> Evolving tree number 6468 {1}
112:     -> Evolving tree number 5536 {1}
070:         Output tree data at t=13.80 Gyr (output 1 of 1)
070:     <- Finished tree
070:     Progress: 3559 trees processed; elapsed 21.19 h
106:         Output tree data at t=13.80 Gyr (output 1 of 1)
106:     <- Finished tree
070:     -> Evolving tree number 5834 {1}
048:         Output tree data at t=13.80 Gyr (output 1 of 1)
048:     <- Finished tree
106:     -> Evolving tree number 5798 {1}
048:     -> Evolving tree number 5856 {1}
098:         Output tree data at t=13.80 Gyr (output 1 of 1)
098:     <- Finished tree
098:     -> Evolving tree number 6446 {1}
117:         Output tree data at t=13.80 Gyr (output 1 of 1)
117:     <- Finished tree
117:     Progress: 3563 trees processed; elapsed 21.22 h
127:         Output tree data at t=13.80 Gyr (output 1 of 1)
127:     <- Finished tree
127:     -> Evolving tree number 5521 {1}
046:         Output tree data at t=13.80 Gyr (output 1 of 1)
046:     <- Finished tree
089:         Output tree data at t=13.80 Gyr (output 1 of 1)
089:     <- Finished tree
089:     Progress: 3566 trees processed; elapsed 21.25 h
046:     -> Evolving tree number 6370 {1}
117:     -> Evolving tree number 6299 {1}
023:         Output tree data at t=13.80 Gyr (output 1 of 1)
023:     <- Finished tree
047:         Output tree data at t=13.80 Gyr (output 1 of 1)
047:     <- Finished tree
087:         Output tree data at t=13.80 Gyr (output 1 of 1)
087:     <- Finished tree
023:     -> Evolving tree number 6777 {1}
028:         Output tree data at t=13.80 Gyr (output 1 of 1)
028:     <- Finished tree
047:     -> Evolving tree number 7265 {1}
066:         Output tree data at t=13.80 Gyr (output 1 of 1)
066:     <- Finished tree
028:     -> Evolving tree number 5876 {1}
032:         Output tree data at t=13.80 Gyr (output 1 of 1)
032:     <- Finished tree
032:     Progress: 3572 trees processed; elapsed 21.26 h
066:     -> Evolving tree number 6350 {1}
041:         Output tree data at t=13.80 Gyr (output 1 of 1)
041:     <- Finished tree
062:         Output tree data at t=13.80 Gyr (output 1 of 1)
062:     <- Finished tree
089:     -> Evolving tree number 5943 {1}
032:     -> Evolving tree number 5616 {1}
024:         Output tree data at t=13.80 Gyr (output 1 of 1)
024:     <- Finished tree
087:     -> Evolving tree number 7353 {1}
041:     -> Evolving tree number 6503 {1}
024:     -> Evolving tree number 5496 {1}
124:         Output tree data at t=13.80 Gyr (output 1 of 1)
124:     <- Finished tree
054:         Output tree data at t=13.80 Gyr (output 1 of 1)
054:     <- Finished tree
124:     -> Evolving tree number 5652 {1}
035:         Output tree data at t=13.80 Gyr (output 1 of 1)
035:     <- Finished tree
035:     Progress: 3578 trees processed; elapsed 21.28 h
088:         Output tree data at t=13.80 Gyr (output 1 of 1)
088:     <- Finished tree
062:     -> Evolving tree number 6354 {1}
035:     -> Evolving tree number 5741 {1}
049:         Output tree data at t=13.80 Gyr (output 1 of 1)
049:     <- Finished tree
088:     -> Evolving tree number 6840 {1}
007:         Output tree data at t=13.80 Gyr (output 1 of 1)
007:     <- Finished tree
049:     -> Evolving tree number 6623 {1}
081:         Output tree data at t=13.80 Gyr (output 1 of 1)
081:     <- Finished tree
007:     -> Evolving tree number 5641 {1}
054:     -> Evolving tree number 5850 {1}
018:         Output tree data at t=13.80 Gyr (output 1 of 1)
018:     <- Finished tree
018:     Progress: 3583 trees processed; elapsed 21.30 h
065:         Output tree data at t=13.80 Gyr (output 1 of 1)
065:     <- Finished tree
018:     -> Evolving tree number 5630 {1}
065:     -> Evolving tree number 5711 {1}
114:         Output tree data at t=13.80 Gyr (output 1 of 1)
114:     <- Finished tree
120:         Output tree data at t=13.80 Gyr (output 1 of 1)
120:     <- Finished tree
120:     -> Evolving tree number 5656 {1}
081:     -> Evolving tree number 5567 {1}
084:         Output tree data at t=13.80 Gyr (output 1 of 1)
084:     <- Finished tree
084:     Progress: 3587 trees processed; elapsed 21.32 h
115:         Output tree data at t=13.80 Gyr (output 1 of 1)
115:     <- Finished tree
084:     -> Evolving tree number 6076 {1}
093:         Output tree data at t=13.80 Gyr (output 1 of 1)
093:     <- Finished tree
075:         Output tree data at t=13.80 Gyr (output 1 of 1)
075:     <- Finished tree
115:     -> Evolving tree number 6813 {1}
016:         Output tree data at t=13.80 Gyr (output 1 of 1)
016:     <- Finished tree
059:         Output tree data at t=13.80 Gyr (output 1 of 1)
059:     <- Finished tree
116:         Output tree data at t=13.80 Gyr (output 1 of 1)
116:     <- Finished tree
075:     -> Evolving tree number 6085 {1}
016:     -> Evolving tree number 5376 {1}
052:         Output tree data at t=13.80 Gyr (output 1 of 1)
052:     <- Finished tree
114:     -> Evolving tree number 6046 {1}
073:         Output tree data at t=13.80 Gyr (output 1 of 1)
073:     <- Finished tree
073:     Progress: 3595 trees processed; elapsed 21.34 h
099:         Output tree data at t=13.80 Gyr (output 1 of 1)
099:     <- Finished tree
052:     -> Evolving tree number 6748 {1}
056:         Output tree data at t=13.80 Gyr (output 1 of 1)
056:     <- Finished tree
073:     -> Evolving tree number 6599 {1}
050:         Output tree data at t=13.80 Gyr (output 1 of 1)
050:     <- Finished tree
051:         Output tree data at t=13.80 Gyr (output 1 of 1)
051:     <- Finished tree
056:     -> Evolving tree number 6232 {1}
116:     -> Evolving tree number 6556 {1}
093:     -> Evolving tree number 5811 {1}
034:         Output tree data at t=13.80 Gyr (output 1 of 1)
034:     <- Finished tree
059:     -> Evolving tree number 5717 {1}
050:     -> Evolving tree number 6366 {1}
122:         Output tree data at t=13.80 Gyr (output 1 of 1)
122:     <- Finished tree
000:         Output tree data at t=13.80 Gyr (output 1 of 1)
000:     <- Finished tree
000:     Progress: 3602 trees processed; elapsed 21.36 h
077:         Output tree data at t=13.80 Gyr (output 1 of 1)
077:     <- Finished tree
051:     -> Evolving tree number 7133 {1}
099:     -> Evolving tree number 6701 {1}
077:     -> Evolving tree number 6083 {1}
000:     -> Evolving tree number 5392 {1}
034:     -> Evolving tree number 6254 {1}
122:     -> Evolving tree number 5398 {1}
080:         Output tree data at t=13.80 Gyr (output 1 of 1)
080:     <- Finished tree
080:     Progress: 3604 trees processed; elapsed 21.38 h
096:         Output tree data at t=13.80 Gyr (output 1 of 1)
096:     <- Finished tree
080:     -> Evolving tree number 6208 {1}
096:     -> Evolving tree number 6320 {1}
092:         Output tree data at t=13.80 Gyr (output 1 of 1)
092:     <- Finished tree
014:         Output tree data at t=13.80 Gyr (output 1 of 1)
014:     <- Finished tree
014:     Progress: 3607 trees processed; elapsed 21.40 h
092:     -> Evolving tree number 5172 {1}
014:     -> Evolving tree number 6530 {1}
064:         Output tree data at t=13.80 Gyr (output 1 of 1)
064:     <- Finished tree
064:     -> Evolving tree number 5840 {1}
033:         Output tree data at t=13.80 Gyr (output 1 of 1)
033:     <- Finished tree
033:     Progress: 3609 trees processed; elapsed 21.43 h
061:         Output tree data at t=13.80 Gyr (output 1 of 1)
061:     <- Finished tree
043:         Output tree data at t=13.80 Gyr (output 1 of 1)
043:     <- Finished tree
013:         Output tree data at t=13.80 Gyr (output 1 of 1)
013:     <- Finished tree
033:     -> Evolving tree number 5999 {1}
043:     -> Evolving tree number 5989 {1}
013:     -> Evolving tree number 5635 {1}
061:     -> Evolving tree number 6227 {1}
125:         Output tree data at t=13.80 Gyr (output 1 of 1)
125:     <- Finished tree
125:     Progress: 3613 trees processed; elapsed 21.45 h
078:         Output tree data at t=13.80 Gyr (output 1 of 1)
078:     <- Finished tree
086:         Output tree data at t=13.80 Gyr (output 1 of 1)
086:     <- Finished tree
078:     -> Evolving tree number 6594 {1}
125:     -> Evolving tree number 5779 {1}
086:     -> Evolving tree number 6202 {1}
104:         Output tree data at t=13.80 Gyr (output 1 of 1)
104:     <- Finished tree
104:     Progress: 3616 trees processed; elapsed 21.47 h
082:         Output tree data at t=13.80 Gyr (output 1 of 1)
082:     <- Finished tree
082:     -> Evolving tree number 5950 {1}
094:         Output tree data at t=13.80 Gyr (output 1 of 1)
094:     <- Finished tree
022:         Output tree data at t=13.80 Gyr (output 1 of 1)
022:     <- Finished tree
105:         Output tree data at t=13.80 Gyr (output 1 of 1)
105:     <- Finished tree
094:     -> Evolving tree number 6450 {1}
022:     -> Evolving tree number 5882 {1}
104:     -> Evolving tree number 6056 {1}
045:         Output tree data at t=13.80 Gyr (output 1 of 1)
045:     <- Finished tree
045:     Progress: 3621 trees processed; elapsed 21.49 h
004:         Output tree data at t=13.80 Gyr (output 1 of 1)
004:     <- Finished tree
045:     -> Evolving tree number 7011 {1}
044:         Output tree data at t=13.80 Gyr (output 1 of 1)
044:     <- Finished tree
044:     -> Evolving tree number 6756 {1}
004:     -> Evolving tree number 5260 {1}
105:     -> Evolving tree number 6439 {1}
069:         Output tree data at t=13.80 Gyr (output 1 of 1)
069:     <- Finished tree
069:     Progress: 3624 trees processed; elapsed 21.52 h
110:         Output tree data at t=13.80 Gyr (output 1 of 1)
110:     <- Finished tree
069:     -> Evolving tree number 5451 {1}
110:     -> Evolving tree number 6306 {1}
025:         Output tree data at t=13.80 Gyr (output 1 of 1)
025:     <- Finished tree
025:     Progress: 3626 trees processed; elapsed 21.54 h
020:         Output tree data at t=13.80 Gyr (output 1 of 1)
020:     <- Finished tree
020:     -> Evolving tree number 6908 {1}
079:         Output tree data at t=13.80 Gyr (output 1 of 1)
079:     <- Finished tree
025:     -> Evolving tree number 7159 {1}
030:         Output tree data at t=13.80 Gyr (output 1 of 1)
030:     <- Finished tree
036:         Output tree data at t=13.80 Gyr (output 1 of 1)
036:     <- Finished tree
036:     Progress: 3630 trees processed; elapsed 21.57 h
036:     -> Evolving tree number 5612 {1}
079:     -> Evolving tree number 7361 {1}
030:     -> Evolving tree number 5618 {1}
118:         Output tree data at t=13.80 Gyr (output 1 of 1)
118:     <- Finished tree
119:         Output tree data at t=13.80 Gyr (output 1 of 1)
119:     <- Finished tree
011:         Output tree data at t=13.80 Gyr (output 1 of 1)
011:     <- Finished tree
011:     Progress: 3633 trees processed; elapsed 21.60 h
012:         Output tree data at t=13.80 Gyr (output 1 of 1)
012:     <- Finished tree
011:     -> Evolving tree number 5765 {1}
119:     -> Evolving tree number 6041 {1}
118:     -> Evolving tree number 5914 {1}
002:         Output tree data at t=13.80 Gyr (output 1 of 1)
002:     <- Finished tree
002:     Progress: 3635 trees processed; elapsed 21.62 h
060:         Output tree data at t=13.80 Gyr (output 1 of 1)
060:     <- Finished tree
108:         Output tree data at t=13.80 Gyr (output 1 of 1)
108:     <- Finished tree
121:         Output tree data at t=13.80 Gyr (output 1 of 1)
121:     <- Finished tree
012:     -> Evolving tree number 7044 {1}
108:     -> Evolving tree number 5668 {1}
002:     -> Evolving tree number 6798 {1}
060:     -> Evolving tree number 5972 {1}
072:         Output tree data at t=13.80 Gyr (output 1 of 1)
072:     <- Finished tree
121:     -> Evolving tree number 5271 {1}
072:     -> Evolving tree number 6472 {1}
058:         Output tree data at t=13.80 Gyr (output 1 of 1)
058:     <- Finished tree
058:     Progress: 3640 trees processed; elapsed 21.64 h
058:     -> Evolving tree number 5846 {1}
010:         Output tree data at t=13.80 Gyr (output 1 of 1)
010:     <- Finished tree
048:         Output tree data at t=13.80 Gyr (output 1 of 1)
048:     <- Finished tree
010:     -> Evolving tree number 6918 {1}
048:     -> Evolving tree number 5728 {1}
071:         Output tree data at t=13.80 Gyr (output 1 of 1)
071:     <- Finished tree
071:     Progress: 3643 trees processed; elapsed 21.68 h
015:         Output tree data at t=13.80 Gyr (output 1 of 1)
015:     <- Finished tree
075:         Output tree data at t=13.80 Gyr (output 1 of 1)
075:     <- Finished tree
015:     -> Evolving tree number 5761 {1}
071:     -> Evolving tree number 5961 {1}
126:         Output tree data at t=13.80 Gyr (output 1 of 1)
126:     <- Finished tree
126:     -> Evolving tree number 6802 {1}
000:         Output tree data at t=13.80 Gyr (output 1 of 1)
000:     <- Finished tree
029:         Output tree data at t=13.80 Gyr (output 1 of 1)
029:     <- Finished tree
032:         Output tree data at t=13.80 Gyr (output 1 of 1)
032:     <- Finished tree
029:     -> Evolving tree number 7027 {1}
085:         Output tree data at t=13.80 Gyr (output 1 of 1)
085:     <- Finished tree
085:     Progress: 3650 trees processed; elapsed 21.70 h
000:     -> Evolving tree number 5264 {1}
120:         Output tree data at t=13.80 Gyr (output 1 of 1)
120:     <- Finished tree
075:     -> Evolving tree number 5957 {1}
055:         Output tree data at t=13.80 Gyr (output 1 of 1)
055:     <- Finished tree
109:         Output tree data at t=13.80 Gyr (output 1 of 1)
109:     <- Finished tree
085:     -> Evolving tree number 6715 {1}
120:     -> Evolving tree number 5528 {1}
059:         Output tree data at t=13.80 Gyr (output 1 of 1)
059:     <- Finished tree
055:     -> Evolving tree number 6617 {1}
109:     -> Evolving tree number 6563 {1}
123:         Output tree data at t=13.80 Gyr (output 1 of 1)
123:     <- Finished tree
059:     -> Evolving tree number 5589 {1}
127:         Output tree data at t=13.80 Gyr (output 1 of 1)
127:     <- Finished tree
123:     -> Evolving tree number 6293 {1}
127:     -> Evolving tree number 5393 {1}
032:     -> Evolving tree number 5488 {1}
028:         Output tree data at t=13.80 Gyr (output 1 of 1)
028:     <- Finished tree
028:     Progress: 3657 trees processed; elapsed 21.72 h
028:     -> Evolving tree number 5748 {1}
009:         Output tree data at t=13.80 Gyr (output 1 of 1)
009:     <- Finished tree
038:         Output tree data at t=13.80 Gyr (output 1 of 1)
038:     <- Finished tree
113:         Output tree data at t=13.80 Gyr (output 1 of 1)
113:     <- Finished tree
026:         Output tree data at t=13.80 Gyr (output 1 of 1)
026:     <- Finished tree
038:     -> Evolving tree number 5738 {1}
026:     -> Evolving tree number 5622 {1}
063:         Output tree data at t=13.80 Gyr (output 1 of 1)
063:     <- Finished tree
063:     Progress: 3662 trees processed; elapsed 21.75 h
063:     -> Evolving tree number 6481 {1}
009:     -> Evolving tree number 6791 {1}
039:         Output tree data at t=13.80 Gyr (output 1 of 1)
039:     <- Finished tree
092:         Output tree data at t=13.80 Gyr (output 1 of 1)
092:     <- Finished tree
092:     Progress: 3664 trees processed; elapsed 21.77 h
113:     -> Evolving tree number 6431 {1}
039:     -> Evolving tree number 6121 {1}
092:     -> Evolving tree number 5044 {1}
097:         Output tree data at t=13.80 Gyr (output 1 of 1)
097:     <- Finished tree
097:     -> Evolving tree number 6959 {1}
122:         Output tree data at t=13.80 Gyr (output 1 of 1)
122:     <- Finished tree
122:     -> Evolving tree number 5270 {1}
018:         Output tree data at t=13.80 Gyr (output 1 of 1)
018:     <- Finished tree
018:     Progress: 3667 trees processed; elapsed 21.79 h
101:         Output tree data at t=13.80 Gyr (output 1 of 1)
095:         Output tree data at t=13.80 Gyr (output 1 of 1)
095:     <- Finished tree
101:     <- Finished tree
103:         Output tree data at t=13.80 Gyr (output 1 of 1)
103:     <- Finished tree
095:     -> Evolving tree number 6321 {1}
103:     -> Evolving tree number 6569 {1}
057:         Output tree data at t=13.80 Gyr (output 1 of 1)
057:     <- Finished tree
099:         Output tree data at t=13.80 Gyr (output 1 of 1)
099:     <- Finished tree
017:         Output tree data at t=13.80 Gyr (output 1 of 1)
017:     <- Finished tree
017:     Progress: 3673 trees processed; elapsed 21.81 h
090:         Output tree data at t=13.80 Gyr (output 1 of 1)
090:     <- Finished tree
017:     -> Evolving tree number 6655 {1}
091:         Output tree data at t=13.80 Gyr (output 1 of 1)
091:     <- Finished tree
057:     -> Evolving tree number 6743 {1}
101:     -> Evolving tree number 6315 {1}
018:     -> Evolving tree number 5502 {1}
031:         Output tree data at t=13.80 Gyr (output 1 of 1)
031:     <- Finished tree
091:     -> Evolving tree number 5429 {1}
099:     -> Evolving tree number 6573 {1}
090:     -> Evolving tree number 5686 {1}
031:     -> Evolving tree number 6513 {1}
070:         Output tree data at t=13.80 Gyr (output 1 of 1)
070:     <- Finished tree
070:     Progress: 3677 trees processed; elapsed 21.82 h
041:         Output tree data at t=13.80 Gyr (output 1 of 1)
041:     <- Finished tree
070:     -> Evolving tree number 5706 {1}
102:         Output tree data at t=13.80 Gyr (output 1 of 1)
102:     <- Finished tree
016:         Output tree data at t=13.80 Gyr (output 1 of 1)
016:     <- Finished tree
041:     -> Evolving tree number 6375 {1}
076:         Output tree data at t=13.80 Gyr (output 1 of 1)
076:     <- Finished tree
102:     -> Evolving tree number 7210 {1}
016:     -> Evolving tree number 5248 {1}
061:         Output tree data at t=13.80 Gyr (output 1 of 1)
061:     <- Finished tree
074:         Output tree data at t=13.80 Gyr (output 1 of 1)
074:     <- Finished tree
076:     -> Evolving tree number 6340 {1}
037:         Output tree data at t=13.80 Gyr (output 1 of 1)
037:     <- Finished tree
061:     -> Evolving tree number 6099 {1}
074:     -> Evolving tree number 6726 {1}
106:         Output tree data at t=13.80 Gyr (output 1 of 1)
106:     <- Finished tree
106:     Progress: 3685 trees processed; elapsed 21.85 h
080:         Output tree data at t=13.80 Gyr (output 1 of 1)
080:     <- Finished tree
106:     -> Evolving tree number 5670 {1}
080:     -> Evolving tree number 6080 {1}
046:         Output tree data at t=13.80 Gyr (output 1 of 1)
046:     <- Finished tree
008:         Output tree data at t=13.80 Gyr (output 1 of 1)
008:     <- Finished tree
046:     -> Evolving tree number 6242 {1}
083:         Output tree data at t=13.80 Gyr (output 1 of 1)
083:     <- Finished tree
021:         Output tree data at t=13.80 Gyr (output 1 of 1)
021:     <- Finished tree
083:     -> Evolving tree number 6717 {1}
003:         Output tree data at t=13.80 Gyr (output 1 of 1)
003:     <- Finished tree
040:         Output tree data at t=13.80 Gyr (output 1 of 1)
040:     <- Finished tree
037:     -> Evolving tree number 6507 {1}
040:     -> Evolving tree number 6888 {1}
019:         Output tree data at t=13.80 Gyr (output 1 of 1)
019:     <- Finished tree
019:     Progress: 3693 trees processed; elapsed 21.87 h
006:         Output tree data at t=13.80 Gyr (output 1 of 1)
006:     <- Finished tree
007:         Output tree data at t=13.80 Gyr (output 1 of 1)
007:     <- Finished tree
068:         Output tree data at t=13.80 Gyr (output 1 of 1)
068:     <- Finished tree
021:     -> Evolving tree number 6523 {1}
006:     -> Evolving tree number 6922 {1}
008:     -> Evolving tree number 6536 {1}
019:     -> Evolving tree number 6653 {1}
024:         Output tree data at t=13.80 Gyr (output 1 of 1)
024:     <- Finished tree
035:         Output tree data at t=13.80 Gyr (output 1 of 1)
124:         Output tree data at t=13.80 Gyr (output 1 of 1)
035:     <- Finished tree
124:     <- Finished tree
035:     -> Evolving tree number 5613 {1}
124:     -> Evolving tree number 5524 {1}
003:     -> Evolving tree number 6285 {1}
094:         Output tree data at t=13.80 Gyr (output 1 of 1)
094:     <- Finished tree
094:     Progress: 3700 trees processed; elapsed 21.89 h
068:     -> Evolving tree number 6476 {1}
024:     -> Evolving tree number 5368 {1}
042:         Output tree data at t=13.80 Gyr (output 1 of 1)
042:     <- Finished tree
117:         Output tree data at t=13.80 Gyr (output 1 of 1)
117:     <- Finished tree
007:     -> Evolving tree number 5513 {1}
117:     -> Evolving tree number 6171 {1}
081:         Output tree data at t=13.80 Gyr (output 1 of 1)
081:     <- Finished tree
094:     -> Evolving tree number 6322 {1}
081:     -> Evolving tree number 5439 {1}
042:     -> Evolving tree number 6758 {1}
100:         Output tree data at t=13.80 Gyr (output 1 of 1)
100:     <- Finished tree
100:     Progress: 3704 trees processed; elapsed 21.91 h
100:     -> Evolving tree number 5804 {1}
065:         Output tree data at t=13.80 Gyr (output 1 of 1)
065:     <- Finished tree
065:     -> Evolving tree number 5583 {1}
086:         Output tree data at t=13.80 Gyr (output 1 of 1)
086:     <- Finished tree
066:         Output tree data at t=13.80 Gyr (output 1 of 1)
066:     <- Finished tree
066:     Progress: 3707 trees processed; elapsed 21.93 h
086:     -> Evolving tree number 6074 {1}
053:         Output tree data at t=13.80 Gyr (output 1 of 1)
053:     <- Finished tree
077:         Output tree data at t=13.80 Gyr (output 1 of 1)
077:     <- Finished tree
022:         Output tree data at t=13.80 Gyr (output 1 of 1)
022:     <- Finished tree
121:         Output tree data at t=13.80 Gyr (output 1 of 1)
121:     <- Finished tree
022:     -> Evolving tree number 5754 {1}
077:     -> Evolving tree number 5955 {1}
053:     -> Evolving tree number 6875 {1}
121:     -> Evolving tree number 5143 {1}
001:         Output tree data at t=13.80 Gyr (output 1 of 1)
001:     <- Finished tree
001:     Progress: 3712 trees processed; elapsed 21.95 h
050:         Output tree data at t=13.80 Gyr (output 1 of 1)
050:     <- Finished tree
001:     -> Evolving tree number 6799 {1}
066:     -> Evolving tree number 6222 {1}
005:         Output tree data at t=13.80 Gyr (output 1 of 1)
005:     <- Finished tree
098:         Output tree data at t=13.80 Gyr (output 1 of 1)
098:     <- Finished tree
050:     -> Evolving tree number 6238 {1}
098:     -> Evolving tree number 6318 {1}
111:         Output tree data at t=13.80 Gyr (output 1 of 1)
111:     <- Finished tree
111:     Progress: 3716 trees processed; elapsed 21.97 h
005:     -> Evolving tree number 6923 {1}
110:         Output tree data at t=13.80 Gyr (output 1 of 1)
110:     <- Finished tree
104:         Output tree data at t=13.80 Gyr (output 1 of 1)
104:     <- Finished tree
111:     -> Evolving tree number 5281 {1}
104:     -> Evolving tree number 5928 {1}
027:         Output tree data at t=13.80 Gyr (output 1 of 1)
027:     <- Finished tree
013:         Output tree data at t=13.80 Gyr (output 1 of 1)
013:     <- Finished tree
112:         Output tree data at t=13.80 Gyr (output 1 of 1)
112:     <- Finished tree
112:     Progress: 3721 trees processed; elapsed 21.99 h
013:     -> Evolving tree number 5507 {1}
112:     -> Evolving tree number 5408 {1}
110:     -> Evolving tree number 6178 {1}
054:         Output tree data at t=13.80 Gyr (output 1 of 1)
054:     <- Finished tree
054:     Progress: 3722 trees processed; elapsed 22.00 h
027:     -> Evolving tree number 6389 {1}
054:     -> Evolving tree number 5722 {1}
116:         Output tree data at t=13.80 Gyr (output 1 of 1)
116:     <- Finished tree
116:     Progress: 3723 trees processed; elapsed 22.02 h
116:     -> Evolving tree number 6428 {1}
059:         Output tree data at t=13.80 Gyr (output 1 of 1)
059:     <- Finished tree
059:     Progress: 3724 trees processed; elapsed 22.05 h
118:         Output tree data at t=13.80 Gyr (output 1 of 1)
118:     <- Finished tree
034:         Output tree data at t=13.80 Gyr (output 1 of 1)
034:     <- Finished tree
118:     -> Evolving tree number 5786 {1}
034:     -> Evolving tree number 6126 {1}
059:     -> Evolving tree number 5461 {1}
033:         Output tree data at t=13.80 Gyr (output 1 of 1)
033:     <- Finished tree
033:     -> Evolving tree number 5871 {1}
089:         Output tree data at t=13.80 Gyr (output 1 of 1)
089:     <- Finished tree
089:     Progress: 3728 trees processed; elapsed 22.08 h
052:         Output tree data at t=13.80 Gyr (output 1 of 1)
052:     <- Finished tree
032:         Output tree data at t=13.80 Gyr (output 1 of 1)
032:     <- Finished tree
052:     -> Evolving tree number 6620 {1}
058:         Output tree data at t=13.80 Gyr (output 1 of 1)
058:     <- Finished tree
056:         Output tree data at t=13.80 Gyr (output 1 of 1)
056:     <- Finished tree
056:     -> Evolving tree number 6104 {1}
058:     -> Evolving tree number 5718 {1}
089:     -> Evolving tree number 5815 {1}
048:         Output tree data at t=13.80 Gyr (output 1 of 1)
048:     <- Finished tree
125:         Output tree data at t=13.80 Gyr (output 1 of 1)
125:     <- Finished tree
048:     -> Evolving tree number 5600 {1}
069:         Output tree data at t=13.80 Gyr (output 1 of 1)
069:     <- Finished tree
069:     Progress: 3735 trees processed; elapsed 22.10 h
038:         Output tree data at t=13.80 Gyr (output 1 of 1)
038:     <- Finished tree
069:     -> Evolving tree number 5323 {1}
082:         Output tree data at t=13.80 Gyr (output 1 of 1)
082:     <- Finished tree
038:     -> Evolving tree number 5610 {1}
002:         Output tree data at t=13.80 Gyr (output 1 of 1)
002:     <- Finished tree
125:     -> Evolving tree number 5651 {1}
002:     -> Evolving tree number 6670 {1}
082:     -> Evolving tree number 5822 {1}
075:         Output tree data at t=13.80 Gyr (output 1 of 1)
075:     <- Finished tree
032:     -> Evolving tree number 5360 {1}
075:     -> Evolving tree number 5829 {1}
062:         Output tree data at t=13.80 Gyr (output 1 of 1)
062:     <- Finished tree
062:     -> Evolving tree number 6226 {1}
107:         Output tree data at t=13.80 Gyr (output 1 of 1)
107:     <- Finished tree
107:     Progress: 3741 trees processed; elapsed 22.13 h
107:     -> Evolving tree number 6309 {1}
047:         Output tree data at t=13.80 Gyr (output 1 of 1)
047:     <- Finished tree
004:         Output tree data at t=13.80 Gyr (output 1 of 1)
004:     <- Finished tree
047:     -> Evolving tree number 7137 {1}
004:     -> Evolving tree number 5132 {1}
051:         Output tree data at t=13.80 Gyr (output 1 of 1)
051:     <- Finished tree
051:     Progress: 3744 trees processed; elapsed 22.15 h
120:         Output tree data at t=13.80 Gyr (output 1 of 1)
120:     <- Finished tree
051:     -> Evolving tree number 7005 {1}
120:     -> Evolving tree number 5400 {1}
039:         Output tree data at t=13.80 Gyr (output 1 of 1)
039:     <- Finished tree
039:     -> Evolving tree number 5993 {1}
096:         Output tree data at t=13.80 Gyr (output 1 of 1)
096:     <- Finished tree
096:     Progress: 3747 trees processed; elapsed 22.17 h
114:         Output tree data at t=13.80 Gyr (output 1 of 1)
114:     <- Finished tree
096:     -> Evolving tree number 6192 {1}
073:         Output tree data at t=13.80 Gyr (output 1 of 1)
073:     <- Finished tree
043:         Output tree data at t=13.80 Gyr (output 1 of 1)
043:     <- Finished tree
087:         Output tree data at t=13.80 Gyr (output 1 of 1)
087:     <- Finished tree
043:     -> Evolving tree number 5861 {1}
073:     -> Evolving tree number 6471 {1}
087:     -> Evolving tree number 7225 {1}
000:         Output tree data at t=13.80 Gyr (output 1 of 1)
000:     <- Finished tree
000:     Progress: 3752 trees processed; elapsed 22.20 h
036:         Output tree data at t=13.80 Gyr (output 1 of 1)
036:     <- Finished tree
036:     -> Evolving tree number 5484 {1}
114:     -> Evolving tree number 5918 {1}
000:     -> Evolving tree number 5136 {1}
007:         Output tree data at t=13.80 Gyr (output 1 of 1)
007:     <- Finished tree
007:     Progress: 3754 trees processed; elapsed 22.22 h
084:         Output tree data at t=13.80 Gyr (output 1 of 1)
084:     <- Finished tree
020:         Output tree data at t=13.80 Gyr (output 1 of 1)
020:     <- Finished tree
084:     -> Evolving tree number 5948 {1}
007:     -> Evolving tree number 5385 {1}
020:     -> Evolving tree number 6780 {1}
014:         Output tree data at t=13.80 Gyr (output 1 of 1)
014:     <- Finished tree
011:         Output tree data at t=13.80 Gyr (output 1 of 1)
011:     <- Finished tree
011:     Progress: 3758 trees processed; elapsed 22.26 h
123:         Output tree data at t=13.80 Gyr (output 1 of 1)
123:     <- Finished tree
071:         Output tree data at t=13.80 Gyr (output 1 of 1)
071:     <- Finished tree
011:     -> Evolving tree number 5637 {1}
031:         Output tree data at t=13.80 Gyr (output 1 of 1)
031:     <- Finished tree
014:     -> Evolving tree number 6402 {1}
031:     -> Evolving tree number 6385 {1}
055:         Output tree data at t=13.80 Gyr (output 1 of 1)
055:     <- Finished tree
016:         Output tree data at t=13.80 Gyr (output 1 of 1)
016:     <- Finished tree
055:     -> Evolving tree number 6489 {1}
016:     -> Evolving tree number 5120 {1}
077:         Output tree data at t=13.80 Gyr (output 1 of 1)
077:     <- Finished tree
030:         Output tree data at t=13.80 Gyr (output 1 of 1)
030:     <- Finished tree
030:     Progress: 3765 trees processed; elapsed 22.28 h
123:     -> Evolving tree number 6165 {1}
108:         Output tree data at t=13.80 Gyr (output 1 of 1)
108:     <- Finished tree
030:     -> Evolving tree number 5490 {1}
108:     -> Evolving tree number 5540 {1}
077:     -> Evolving tree number 5827 {1}
078:         Output tree data at t=13.80 Gyr (output 1 of 1)
078:     <- Finished tree
071:     -> Evolving tree number 5833 {1}
078:     -> Evolving tree number 6466 {1}
028:         Output tree data at t=13.80 Gyr (output 1 of 1)
028:     <- Finished tree
028:     Progress: 3768 trees processed; elapsed 22.29 h
028:     -> Evolving tree number 5620 {1}
093:         Output tree data at t=13.80 Gyr (output 1 of 1)
093:     <- Finished tree
104:         Output tree data at t=13.80 Gyr (output 1 of 1)
104:     <- Finished tree
104:     -> Evolving tree number 5800 {1}
093:     -> Evolving tree number 5683 {1}
018:         Output tree data at t=13.80 Gyr (output 1 of 1)
018:     <- Finished tree
018:     Progress: 3771 trees processed; elapsed 22.34 h
018:     -> Evolving tree number 5374 {1}
026:         Output tree data at t=13.80 Gyr (output 1 of 1)
026:     <- Finished tree
026:     -> Evolving tree number 5494 {1}
067:         Output tree data at t=13.80 Gyr (output 1 of 1)
067:     <- Finished tree
067:     Progress: 3773 trees processed; elapsed 22.36 h
067:     -> Evolving tree number 7245 {1}
010:         Output tree data at t=13.80 Gyr (output 1 of 1)
010:     <- Finished tree
115:         Output tree data at t=13.80 Gyr (output 1 of 1)
115:     <- Finished tree
119:         Output tree data at t=13.80 Gyr (output 1 of 1)
119:     <- Finished tree
115:     -> Evolving tree number 6685 {1}
010:     -> Evolving tree number 6790 {1}
119:     -> Evolving tree number 5913 {1}
092:         Output tree data at t=13.80 Gyr (output 1 of 1)
092:     <- Finished tree
092:     Progress: 3777 trees processed; elapsed 22.38 h
091:         Output tree data at t=13.80 Gyr (output 1 of 1)
091:     <- Finished tree
064:         Output tree data at t=13.80 Gyr (output 1 of 1)
064:     <- Finished tree
064:     -> Evolving tree number 5712 {1}
091:     -> Evolving tree number 5301 {1}
092:     -> Evolving tree number 4916 {1}
023:         Output tree data at t=13.80 Gyr (output 1 of 1)
023:     <- Finished tree
023:     Progress: 3780 trees processed; elapsed 22.41 h
050:         Output tree data at t=13.80 Gyr (output 1 of 1)
050:     <- Finished tree
023:     -> Evolving tree number 6649 {1}
050:     -> Evolving tree number 6110 {1}
090:         Output tree data at t=13.80 Gyr (output 1 of 1)
090:     <- Finished tree
090:     -> Evolving tree number 5558 {1}
076:         Output tree data at t=13.80 Gyr (output 1 of 1)
076:     <- Finished tree
057:         Output tree data at t=13.80 Gyr (output 1 of 1)
057:     <- Finished tree
088:         Output tree data at t=13.80 Gyr (output 1 of 1)
088:     <- Finished tree
076:     -> Evolving tree number 6212 {1}
041:         Output tree data at t=13.80 Gyr (output 1 of 1)
041:     <- Finished tree
041:     Progress: 3786 trees processed; elapsed 22.43 h
088:     -> Evolving tree number 6712 {1}
017:         Output tree data at t=13.80 Gyr (output 1 of 1)
017:     <- Finished tree
057:     -> Evolving tree number 6615 {1}
041:     -> Evolving tree number 6247 {1}
017:     -> Evolving tree number 6527 {1}
025:         Output tree data at t=13.80 Gyr (output 1 of 1)
025:     <- Finished tree
099:         Output tree data at t=13.80 Gyr (output 1 of 1)
099:     <- Finished tree
025:     -> Evolving tree number 7031 {1}
044:         Output tree data at t=13.80 Gyr (output 1 of 1)
044:     <- Finished tree
044:     Progress: 3790 trees processed; elapsed 22.45 h
008:         Output tree data at t=13.80 Gyr (output 1 of 1)
008:     <- Finished tree
099:     -> Evolving tree number 6445 {1}
008:     -> Evolving tree number 6408 {1}
015:         Output tree data at t=13.80 Gyr (output 1 of 1)
015:     <- Finished tree
015:     -> Evolving tree number 5633 {1}
105:         Output tree data at t=13.80 Gyr (output 1 of 1)
105:     <- Finished tree
105:     Progress: 3793 trees processed; elapsed 22.47 h
111:         Output tree data at t=13.80 Gyr (output 1 of 1)
111:     <- Finished tree
105:     -> Evolving tree number 6311 {1}
111:     -> Evolving tree number 5153 {1}
044:     -> Evolving tree number 6628 {1}
045:         Output tree data at t=13.80 Gyr (output 1 of 1)
045:     <- Finished tree
045:     Progress: 3795 trees processed; elapsed 22.48 h
045:     -> Evolving tree number 6883 {1}
022:         Output tree data at t=13.80 Gyr (output 1 of 1)
022:     <- Finished tree
003:         Output tree data at t=13.80 Gyr (output 1 of 1)
003:     <- Finished tree
059:         Output tree data at t=13.80 Gyr (output 1 of 1)
059:     <- Finished tree
003:     -> Evolving tree number 6157 {1}
022:     -> Evolving tree number 5626 {1}
059:     -> Evolving tree number 5333 {1}
106:         Output tree data at t=13.80 Gyr (output 1 of 1)
106:     <- Finished tree
082:         Output tree data at t=13.80 Gyr (output 1 of 1)
082:     <- Finished tree
106:     -> Evolving tree number 5542 {1}
082:     -> Evolving tree number 5694 {1}
068:         Output tree data at t=13.80 Gyr (output 1 of 1)
068:     <- Finished tree
068:     Progress: 3801 trees processed; elapsed 22.50 h
068:     -> Evolving tree number 6348 {1}
102:         Output tree data at t=13.80 Gyr (output 1 of 1)
102:     <- Finished tree
102:     -> Evolving tree number 7082 {1}
113:         Output tree data at t=13.80 Gyr (output 1 of 1)
113:     <- Finished tree
113:     Progress: 3803 trees processed; elapsed 22.52 h
035:         Output tree data at t=13.80 Gyr (output 1 of 1)
035:     <- Finished tree
113:     -> Evolving tree number 6303 {1}
072:         Output tree data at t=13.80 Gyr (output 1 of 1)
072:     <- Finished tree
072:     -> Evolving tree number 6344 {1}
075:         Output tree data at t=13.80 Gyr (output 1 of 1)
075:     <- Finished tree
075:     Progress: 3806 trees processed; elapsed 22.55 h
100:         Output tree data at t=13.80 Gyr (output 1 of 1)
100:     <- Finished tree
100:     -> Evolving tree number 5676 {1}
075:     -> Evolving tree number 5701 {1}
069:         Output tree data at t=13.80 Gyr (output 1 of 1)
069:     <- Finished tree
035:     -> Evolving tree number 5485 {1}
069:     -> Evolving tree number 5195 {1}
063:         Output tree data at t=13.80 Gyr (output 1 of 1)
063:     <- Finished tree
063:     -> Evolving tree number 6353 {1}
086:         Output tree data at t=13.80 Gyr (output 1 of 1)
086:     <- Finished tree
086:     Progress: 3810 trees processed; elapsed 22.57 h
086:     -> Evolving tree number 5946 {1}
001:         Output tree data at t=13.80 Gyr (output 1 of 1)
001:     <- Finished tree
013:         Output tree data at t=13.80 Gyr (output 1 of 1)
013:     <- Finished tree
001:     -> Evolving tree number 6671 {1}
013:     -> Evolving tree number 5379 {1}
124:         Output tree data at t=13.80 Gyr (output 1 of 1)
124:     <- Finished tree
094:         Output tree data at t=13.80 Gyr (output 1 of 1)
094:     <- Finished tree
094:     Progress: 3814 trees processed; elapsed 22.59 h
016:         Output tree data at t=13.80 Gyr (output 1 of 1)
016:     <- Finished tree
066:         Output tree data at t=13.80 Gyr (output 1 of 1)
066:     <- Finished tree
016:     -> Evolving tree number 4992 {1}
094:     -> Evolving tree number 6194 {1}
054:         Output tree data at t=13.80 Gyr (output 1 of 1)
054:     <- Finished tree
066:     -> Evolving tree number 6094 {1}
054:     -> Evolving tree number 5594 {1}
085:         Output tree data at t=13.80 Gyr (output 1 of 1)
085:     <- Finished tree
124:     -> Evolving tree number 5396 {1}
046:         Output tree data at t=13.80 Gyr (output 1 of 1)
046:     <- Finished tree
046:     Progress: 3819 trees processed; elapsed 22.61 h
080:         Output tree data at t=13.80 Gyr (output 1 of 1)
080:     <- Finished tree
046:     -> Evolving tree number 6114 {1}
080:     -> Evolving tree number 5952 {1}
085:     -> Evolving tree number 6587 {1}
074:         Output tree data at t=13.80 Gyr (output 1 of 1)
074:     <- Finished tree
122:         Output tree data at t=13.80 Gyr (output 1 of 1)
122:     <- Finished tree
109:         Output tree data at t=13.80 Gyr (output 1 of 1)
109:     <- Finished tree
109:     Progress: 3823 trees processed; elapsed 22.63 h
034:         Output tree data at t=13.80 Gyr (output 1 of 1)
034:     <- Finished tree
122:     -> Evolving tree number 5142 {1}
109:     -> Evolving tree number 6435 {1}
060:         Output tree data at t=13.80 Gyr (output 1 of 1)
060:     <- Finished tree
034:     -> Evolving tree number 5998 {1}
033:         Output tree data at t=13.80 Gyr (output 1 of 1)
033:     <- Finished tree
033:     -> Evolving tree number 5743 {1}
029:         Output tree data at t=13.80 Gyr (output 1 of 1)
029:     <- Finished tree
029:     Progress: 3827 trees processed; elapsed 22.65 h
019:         Output tree data at t=13.80 Gyr (output 1 of 1)
019:     <- Finished tree
074:     -> Evolving tree number 6598 {1}
004:         Output tree data at t=13.80 Gyr (output 1 of 1)
004:     <- Finished tree
019:     -> Evolving tree number 6525 {1}
029:     -> Evolving tree number 6899 {1}
004:     -> Evolving tree number 5004 {1}
049:         Output tree data at t=13.80 Gyr (output 1 of 1)
049:     <- Finished tree
060:     -> Evolving tree number 5844 {1}
049:     -> Evolving tree number 6495 {1}
126:         Output tree data at t=13.80 Gyr (output 1 of 1)
126:     <- Finished tree
127:         Output tree data at t=13.80 Gyr (output 1 of 1)
127:     <- Finished tree
127:     Progress: 3832 trees processed; elapsed 22.68 h
127:     -> Evolving tree number 5265 {1}
126:     -> Evolving tree number 6674 {1}
103:         Output tree data at t=13.80 Gyr (output 1 of 1)
103:     <- Finished tree
101:         Output tree data at t=13.80 Gyr (output 1 of 1)
101:     <- Finished tree
103:     -> Evolving tree number 6441 {1}
000:         Output tree data at t=13.80 Gyr (output 1 of 1)
000:     <- Finished tree
038:         Output tree data at t=13.80 Gyr (output 1 of 1)
038:     <- Finished tree
101:     -> Evolving tree number 6187 {1}
061:         Output tree data at t=13.80 Gyr (output 1 of 1)
061:     <- Finished tree
061:     Progress: 3837 trees processed; elapsed 22.70 h
038:     -> Evolving tree number 5482 {1}
048:         Output tree data at t=13.80 Gyr (output 1 of 1)
048:     <- Finished tree
061:     -> Evolving tree number 5971 {1}
000:     -> Evolving tree number 5008 {1}
121:         Output tree data at t=13.80 Gyr (output 1 of 1)
121:     <- Finished tree
112:         Output tree data at t=13.80 Gyr (output 1 of 1)
112:     <- Finished tree
121:     -> Evolving tree number 5015 {1}
112:     -> Evolving tree number 5280 {1}
098:         Output tree data at t=13.80 Gyr (output 1 of 1)
098:     <- Finished tree
098:     Progress: 3841 trees processed; elapsed 22.71 h
081:         Output tree data at t=13.80 Gyr (output 1 of 1)
081:     <- Finished tree
048:     -> Evolving tree number 5472 {1}
081:     -> Evolving tree number 5311 {1}
053:         Output tree data at t=13.80 Gyr (output 1 of 1)
053:     <- Finished tree
098:     -> Evolving tree number 6190 {1}
053:     -> Evolving tree number 6747 {1}
021:         Output tree data at t=13.80 Gyr (output 1 of 1)
021:     <- Finished tree
018:         Output tree data at t=13.80 Gyr (output 1 of 1)
018:     <- Finished tree
056:         Output tree data at t=13.80 Gyr (output 1 of 1)
056:     <- Finished tree
056:     Progress: 3846 trees processed; elapsed 22.73 h
047:         Output tree data at t=13.80 Gyr (output 1 of 1)
047:     <- Finished tree
012:         Output tree data at t=13.80 Gyr (output 1 of 1)
012:     <- Finished tree
083:         Output tree data at t=13.80 Gyr (output 1 of 1)
056:     -> Evolving tree number 5976 {1}
083:     <- Finished tree
012:     -> Evolving tree number 6916 {1}
083:     -> Evolving tree number 6589 {1}
021:     -> Evolving tree number 6395 {1}
047:     -> Evolving tree number 7009 {1}
018:     -> Evolving tree number 5246 {1}
091:         Output tree data at t=13.80 Gyr (output 1 of 1)
091:     <- Finished tree
058:         Output tree data at t=13.80 Gyr (output 1 of 1)
058:     <- Finished tree
091:     -> Evolving tree number 5173 {1}
096:         Output tree data at t=13.80 Gyr (output 1 of 1)
096:     <- Finished tree
052:         Output tree data at t=13.80 Gyr (output 1 of 1)
052:     <- Finished tree
052:     Progress: 3853 trees processed; elapsed 22.75 h
058:     -> Evolving tree number 5590 {1}
052:     -> Evolving tree number 6492 {1}
110:         Output tree data at t=13.80 Gyr (output 1 of 1)
110:     <- Finished tree
031:         Output tree data at t=13.80 Gyr (output 1 of 1)
031:     <- Finished tree
110:     -> Evolving tree number 6050 {1}
031:     -> Evolving tree number 6257 {1}
027:         Output tree data at t=13.80 Gyr (output 1 of 1)
027:     <- Finished tree
096:     -> Evolving tree number 6064 {1}
120:         Output tree data at t=13.80 Gyr (output 1 of 1)
120:     <- Finished tree
027:     -> Evolving tree number 6261 {1}
120:     -> Evolving tree number 5272 {1}
024:         Output tree data at t=13.80 Gyr (output 1 of 1)
024:     <- Finished tree
024:     Progress: 3858 trees processed; elapsed 22.77 h
043:         Output tree data at t=13.80 Gyr (output 1 of 1)
043:     <- Finished tree
009:         Output tree data at t=13.80 Gyr (output 1 of 1)
009:     <- Finished tree
043:     -> Evolving tree number 5733 {1}
026:         Output tree data at t=13.80 Gyr (output 1 of 1)
026:     <- Finished tree
024:     -> Evolving tree number 5240 {1}
036:         Output tree data at t=13.80 Gyr (output 1 of 1)
036:     <- Finished tree
036:     -> Evolving tree number 5356 {1}
014:         Output tree data at t=13.80 Gyr (output 1 of 1)
014:     <- Finished tree
014:     Progress: 3863 trees processed; elapsed 22.80 h
009:     -> Evolving tree number 6663 {1}
014:     -> Evolving tree number 6274 {1}
011:         Output tree data at t=13.80 Gyr (output 1 of 1)
011:     <- Finished tree
011:     -> Evolving tree number 5509 {1}
026:     -> Evolving tree number 5366 {1}
089:         Output tree data at t=13.80 Gyr (output 1 of 1)
089:     <- Finished tree
089:     Progress: 3865 trees processed; elapsed 22.82 h
117:         Output tree data at t=13.80 Gyr (output 1 of 1)
117:     <- Finished tree
037:         Output tree data at t=13.80 Gyr (output 1 of 1)
037:     <- Finished tree
037:     Progress: 3867 trees processed; elapsed 22.84 h
037:     -> Evolving tree number 6379 {1}
089:     -> Evolving tree number 5687 {1}
117:     -> Evolving tree number 6043 {1}
116:         Output tree data at t=13.80 Gyr (output 1 of 1)
116:     <- Finished tree
039:         Output tree data at t=13.80 Gyr (output 1 of 1)
039:     <- Finished tree
039:     Progress: 3869 trees processed; elapsed 22.85 h
125:         Output tree data at t=13.80 Gyr (output 1 of 1)
125:     <- Finished tree
039:     -> Evolving tree number 5865 {1}
118:         Output tree data at t=13.80 Gyr (output 1 of 1)
118:     <- Finished tree
095:         Output tree data at t=13.80 Gyr (output 1 of 1)
095:     <- Finished tree
062:         Output tree data at t=13.80 Gyr (output 1 of 1)
062:     <- Finished tree
087:         Output tree data at t=13.80 Gyr (output 1 of 1)
087:     <- Finished tree
118:     -> Evolving tree number 5658 {1}
095:     -> Evolving tree number 6193 {1}
087:     -> Evolving tree number 7097 {1}
125:     -> Evolving tree number 5523 {1}
062:     -> Evolving tree number 6098 {1}
028:         Output tree data at t=13.80 Gyr (output 1 of 1)
028:     <- Finished tree
065:         Output tree data at t=13.80 Gyr (output 1 of 1)
065:     <- Finished tree
065:     Progress: 3876 trees processed; elapsed 22.87 h
028:     -> Evolving tree number 5492 {1}
065:     -> Evolving tree number 5455 {1}
064:         Output tree data at t=13.80 Gyr (output 1 of 1)
064:     <- Finished tree
064:     -> Evolving tree number 5584 {1}
116:     -> Evolving tree number 6300 {1}
090:         Output tree data at t=13.80 Gyr (output 1 of 1)
090:     <- Finished tree
050:         Output tree data at t=13.80 Gyr (output 1 of 1)
050:     <- Finished tree
006:         Output tree data at t=13.80 Gyr (output 1 of 1)
006:     <- Finished tree
006:     Progress: 3880 trees processed; elapsed 22.89 h
006:     -> Evolving tree number 6794 {1}
097:         Output tree data at t=13.80 Gyr (output 1 of 1)
097:     <- Finished tree
051:         Output tree data at t=13.80 Gyr (output 1 of 1)
051:     <- Finished tree
097:     -> Evolving tree number 6831 {1}
090:     -> Evolving tree number 5430 {1}
076:         Output tree data at t=13.80 Gyr (output 1 of 1)
076:     <- Finished tree
050:     -> Evolving tree number 5982 {1}
093:         Output tree data at t=13.80 Gyr (output 1 of 1)
093:     <- Finished tree
093:     Progress: 3884 trees processed; elapsed 22.92 h
076:     -> Evolving tree number 6084 {1}
093:     -> Evolving tree number 5555 {1}
071:         Output tree data at t=13.80 Gyr (output 1 of 1)
071:     <- Finished tree
079:         Output tree data at t=13.80 Gyr (output 1 of 1)
079:     <- Finished tree
071:     -> Evolving tree number 5705 {1}
051:     -> Evolving tree number 6877 {1}
079:     -> Evolving tree number 7233 {1}
104:         Output tree data at t=13.80 Gyr (output 1 of 1)
104:     <- Finished tree
104:     Progress: 3887 trees processed; elapsed 22.94 h
044:         Output tree data at t=13.80 Gyr (output 1 of 1)
044:     <- Finished tree
070:         Output tree data at t=13.80 Gyr (output 1 of 1)
070:     <- Finished tree
123:         Output tree data at t=13.80 Gyr (output 1 of 1)
123:     <- Finished tree
070:     -> Evolving tree number 5578 {1}
044:     -> Evolving tree number 6500 {1}
104:     -> Evolving tree number 5672 {1}
123:     -> Evolving tree number 6037 {1}
068:         Output tree data at t=13.80 Gyr (output 1 of 1)
068:     <- Finished tree
042:         Output tree data at t=13.80 Gyr (output 1 of 1)
042:     <- Finished tree
068:     -> Evolving tree number 6220 {1}
042:     -> Evolving tree number 6630 {1}
107:         Output tree data at t=13.80 Gyr (output 1 of 1)
107:     <- Finished tree
107:     Progress: 3893 trees processed; elapsed 22.96 h
032:         Output tree data at t=13.80 Gyr (output 1 of 1)
032:     <- Finished tree
107:     -> Evolving tree number 6181 {1}
032:     -> Evolving tree number 5232 {1}
077:         Output tree data at t=13.80 Gyr (output 1 of 1)
077:     <- Finished tree
077:     -> Evolving tree number 5699 {1}
030:         Output tree data at t=13.80 Gyr (output 1 of 1)
030:     <- Finished tree
105:         Output tree data at t=13.80 Gyr (output 1 of 1)
105:     <- Finished tree
105:     Progress: 3897 trees processed; elapsed 22.98 h
067:         Output tree data at t=13.80 Gyr (output 1 of 1)
067:     <- Finished tree
105:     -> Evolving tree number 6183 {1}
020:         Output tree data at t=13.80 Gyr (output 1 of 1)
020:     <- Finished tree
073:         Output tree data at t=13.80 Gyr (output 1 of 1)
073:     <- Finished tree
067:     -> Evolving tree number 7117 {1}
073:     -> Evolving tree number 6343 {1}
030:     -> Evolving tree number 5362 {1}
106:         Output tree data at t=13.80 Gyr (output 1 of 1)
106:     <- Finished tree
007:         Output tree data at t=13.80 Gyr (output 1 of 1)
007:     <- Finished tree
007:     Progress: 3902 trees processed; elapsed 23.00 h
007:     -> Evolving tree number 5257 {1}
008:         Output tree data at t=13.80 Gyr (output 1 of 1)
008:     <- Finished tree
106:     -> Evolving tree number 5414 {1}
008:     -> Evolving tree number 6280 {1}
108:         Output tree data at t=13.80 Gyr (output 1 of 1)
108:     <- Finished tree
020:     -> Evolving tree number 6652 {1}
114:         Output tree data at t=13.80 Gyr (output 1 of 1)
114:     <- Finished tree
114:     Progress: 3905 trees processed; elapsed 23.02 h
108:     -> Evolving tree number 5412 {1}
114:     -> Evolving tree number 5790 {1}
127:         Output tree data at t=13.80 Gyr (output 1 of 1)
127:     <- Finished tree
127:     Progress: 3906 trees processed; elapsed 23.04 h
127:     -> Evolving tree number 5137 {1}
022:         Output tree data at t=13.80 Gyr (output 1 of 1)
022:     <- Finished tree
005:         Output tree data at t=13.80 Gyr (output 1 of 1)
005:     <- Finished tree
022:     -> Evolving tree number 5498 {1}
084:         Output tree data at t=13.80 Gyr (output 1 of 1)
084:     <- Finished tree
005:     -> Evolving tree number 6795 {1}
121:         Output tree data at t=13.80 Gyr (output 1 of 1)
121:     <- Finished tree
057:         Output tree data at t=13.80 Gyr (output 1 of 1)
057:     <- Finished tree
119:         Output tree data at t=13.80 Gyr (output 1 of 1)
119:     <- Finished tree
121:     -> Evolving tree number 4887 {1}
057:     -> Evolving tree number 6487 {1}
119:     -> Evolving tree number 5785 {1}
023:         Output tree data at t=13.80 Gyr (output 1 of 1)
023:     <- Finished tree
023:     Progress: 3913 trees processed; elapsed 23.07 h
084:     -> Evolving tree number 5820 {1}
023:     -> Evolving tree number 6521 {1}
058:         Output tree data at t=13.80 Gyr (output 1 of 1)
058:     <- Finished tree
092:         Output tree data at t=13.80 Gyr (output 1 of 1)
092:     <- Finished tree
058:     -> Evolving tree number 5462 {1}
098:         Output tree data at t=13.80 Gyr (output 1 of 1)
098:     <- Finished tree
072:         Output tree data at t=13.80 Gyr (output 1 of 1)
072:     <- Finished tree
072:     Progress: 3917 trees processed; elapsed 23.08 h
004:         Output tree data at t=13.80 Gyr (output 1 of 1)
004:     <- Finished tree
092:     -> Evolving tree number 4788 {1}
098:     -> Evolving tree number 6062 {1}
072:     -> Evolving tree number 6216 {1}
004:     -> Evolving tree number 4876 {1}
081:         Output tree data at t=13.80 Gyr (output 1 of 1)
081:     <- Finished tree
015:         Output tree data at t=13.80 Gyr (output 1 of 1)
015:     <- Finished tree
078:         Output tree data at t=13.80 Gyr (output 1 of 1)
078:     <- Finished tree
081:     -> Evolving tree number 5183 {1}
015:     -> Evolving tree number 5505 {1}
078:     -> Evolving tree number 6338 {1}
120:         Output tree data at t=13.80 Gyr (output 1 of 1)
120:     <- Finished tree
120:     Progress: 3922 trees processed; elapsed 23.11 h
088:         Output tree data at t=13.80 Gyr (output 1 of 1)
088:     <- Finished tree
120:     -> Evolving tree number 5144 {1}
088:     -> Evolving tree number 6584 {1}
043:         Output tree data at t=13.80 Gyr (output 1 of 1)
043:     <- Finished tree
043:     Progress: 3924 trees processed; elapsed 23.13 h
035:         Output tree data at t=13.80 Gyr (output 1 of 1)
035:     <- Finished tree
043:     -> Evolving tree number 5605 {1}
035:     -> Evolving tree number 5357 {1}
016:         Output tree data at t=13.80 Gyr (output 1 of 1)
016:     <- Finished tree
069:         Output tree data at t=13.80 Gyr (output 1 of 1)
069:     <- Finished tree
069:     Progress: 3927 trees processed; elapsed 23.15 h
016:     -> Evolving tree number 4864 {1}
069:     -> Evolving tree number 5067 {1}
111:         Output tree data at t=13.80 Gyr (output 1 of 1)
111:     <- Finished tree
059:         Output tree data at t=13.80 Gyr (output 1 of 1)
059:     <- Finished tree
111:     -> Evolving tree number 5025 {1}
061:         Output tree data at t=13.80 Gyr (output 1 of 1)
061:     <- Finished tree
059:     -> Evolving tree number 5205 {1}
055:         Output tree data at t=13.80 Gyr (output 1 of 1)
055:     <- Finished tree
055:     Progress: 3931 trees processed; elapsed 23.17 h
045:         Output tree data at t=13.80 Gyr (output 1 of 1)
045:     <- Finished tree
055:     -> Evolving tree number 6361 {1}
045:     -> Evolving tree number 6755 {1}
061:     -> Evolving tree number 5843 {1}
048:         Output tree data at t=13.80 Gyr (output 1 of 1)
048:     <- Finished tree
048:     Progress: 3933 trees processed; elapsed 23.19 h
048:     -> Evolving tree number 5344 {1}
091:         Output tree data at t=13.80 Gyr (output 1 of 1)
091:     <- Finished tree
080:         Output tree data at t=13.80 Gyr (output 1 of 1)
080:     <- Finished tree
080:     -> Evolving tree number 5824 {1}
113:         Output tree data at t=13.80 Gyr (output 1 of 1)
113:     <- Finished tree
113:     Progress: 3936 trees processed; elapsed 23.21 h
091:     -> Evolving tree number 5045 {1}
113:     -> Evolving tree number 6175 {1}
010:         Output tree data at t=13.80 Gyr (output 1 of 1)
010:     <- Finished tree
010:     Progress: 3937 trees processed; elapsed 23.23 h
010:     -> Evolving tree number 6662 {1}
014:         Output tree data at t=13.80 Gyr (output 1 of 1)
014:     <- Finished tree
014:     -> Evolving tree number 6146 {1}
002:         Output tree data at t=13.80 Gyr (output 1 of 1)
002:     <- Finished tree
002:     Progress: 3939 trees processed; elapsed 23.25 h
002:     -> Evolving tree number 6542 {1}
040:         Output tree data at t=13.80 Gyr (output 1 of 1)
040:     <- Finished tree
033:         Output tree data at t=13.80 Gyr (output 1 of 1)
033:     <- Finished tree
041:         Output tree data at t=13.80 Gyr (output 1 of 1)
041:     <- Finished tree
040:     -> Evolving tree number 6760 {1}
089:         Output tree data at t=13.80 Gyr (output 1 of 1)
089:     <- Finished tree
041:     -> Evolving tree number 6119 {1}
089:     -> Evolving tree number 5559 {1}
033:     -> Evolving tree number 5615 {1}
082:         Output tree data at t=13.80 Gyr (output 1 of 1)
082:     <- Finished tree
082:     Progress: 3944 trees processed; elapsed 23.27 h
025:         Output tree data at t=13.80 Gyr (output 1 of 1)
025:     <- Finished tree
082:     -> Evolving tree number 5566 {1}
025:     -> Evolving tree number 6903 {1}
026:         Output tree data at t=13.80 Gyr (output 1 of 1)
026:     <- Finished tree
036:         Output tree data at t=13.80 Gyr (output 1 of 1)
036:     <- Finished tree
075:         Output tree data at t=13.80 Gyr (output 1 of 1)
075:     <- Finished tree
036:     -> Evolving tree number 5228 {1}
063:         Output tree data at t=13.80 Gyr (output 1 of 1)
063:     <- Finished tree
063:     Progress: 3949 trees processed; elapsed 23.29 h
026:     -> Evolving tree number 5238 {1}
063:     -> Evolving tree number 6225 {1}
122:         Output tree data at t=13.80 Gyr (output 1 of 1)
122:     <- Finished tree
062:         Output tree data at t=13.80 Gyr (output 1 of 1)
062:     <- Finished tree
019:         Output tree data at t=13.80 Gyr (output 1 of 1)
019:     <- Finished tree
122:     -> Evolving tree number 5014 {1}
062:     -> Evolving tree number 5970 {1}
011:         Output tree data at t=13.80 Gyr (output 1 of 1)
011:     <- Finished tree
019:     -> Evolving tree number 6397 {1}
075:     -> Evolving tree number 5573 {1}
046:         Output tree data at t=13.80 Gyr (output 1 of 1)
046:     <- Finished tree
046:     Progress: 3954 trees processed; elapsed 23.31 h
011:     -> Evolving tree number 5381 {1}
101:         Output tree data at t=13.80 Gyr (output 1 of 1)
101:     <- Finished tree
046:     -> Evolving tree number 5986 {1}
096:         Output tree data at t=13.80 Gyr (output 1 of 1)
096:     <- Finished tree
101:     -> Evolving tree number 6059 {1}
000:         Output tree data at t=13.80 Gyr (output 1 of 1)
000:     <- Finished tree
000:     -> Evolving tree number 4880 {1}
096:     -> Evolving tree number 5936 {1}
003:         Output tree data at t=13.80 Gyr (output 1 of 1)
003:     <- Finished tree
003:     Progress: 3958 trees processed; elapsed 23.33 h
018:         Output tree data at t=13.80 Gyr (output 1 of 1)
018:     <- Finished tree
003:     -> Evolving tree number 6029 {1}
013:         Output tree data at t=13.80 Gyr (output 1 of 1)
013:     <- Finished tree
021:         Output tree data at t=13.80 Gyr (output 1 of 1)
021:     <- Finished tree
018:     -> Evolving tree number 5118 {1}
100:         Output tree data at t=13.80 Gyr (output 1 of 1)
100:     <- Finished tree
100:     Progress: 3962 trees processed; elapsed 23.35 h
021:     -> Evolving tree number 6267 {1}
124:         Output tree data at t=13.80 Gyr (output 1 of 1)
124:     <- Finished tree
100:     -> Evolving tree number 5548 {1}
013:     -> Evolving tree number 5251 {1}
054:         Output tree data at t=13.80 Gyr (output 1 of 1)
054:     <- Finished tree
039:         Output tree data at t=13.80 Gyr (output 1 of 1)
039:     <- Finished tree
124:     -> Evolving tree number 5268 {1}
039:     -> Evolving tree number 5737 {1}
116:         Output tree data at t=13.80 Gyr (output 1 of 1)
116:     <- Finished tree
116:     Progress: 3966 trees processed; elapsed 23.37 h
094:         Output tree data at t=13.80 Gyr (output 1 of 1)
094:     <- Finished tree
116:     -> Evolving tree number 6172 {1}
066:         Output tree data at t=13.80 Gyr (output 1 of 1)
066:     <- Finished tree
065:         Output tree data at t=13.80 Gyr (output 1 of 1)
065:     <- Finished tree
094:     -> Evolving tree number 6066 {1}
099:         Output tree data at t=13.80 Gyr (output 1 of 1)
099:     <- Finished tree
066:     -> Evolving tree number 5966 {1}
038:         Output tree data at t=13.80 Gyr (output 1 of 1)
038:     <- Finished tree
099:     -> Evolving tree number 6317 {1}
028:         Output tree data at t=13.80 Gyr (output 1 of 1)
028:     <- Finished tree
054:     -> Evolving tree number 5466 {1}
017:         Output tree data at t=13.80 Gyr (output 1 of 1)
017:     <- Finished tree
017:     Progress: 3973 trees processed; elapsed 23.39 h
052:         Output tree data at t=13.80 Gyr (output 1 of 1)
052:     <- Finished tree
017:     -> Evolving tree number 6399 {1}
038:     -> Evolving tree number 5354 {1}
065:     -> Evolving tree number 5327 {1}
083:         Output tree data at t=13.80 Gyr (output 1 of 1)
083:     <- Finished tree
047:         Output tree data at t=13.80 Gyr (output 1 of 1)
047:     <- Finished tree
047:     Progress: 3976 trees processed; elapsed 23.40 h
083:     -> Evolving tree number 6461 {1}
028:     -> Evolving tree number 5364 {1}
052:     -> Evolving tree number 6364 {1}
110:         Output tree data at t=13.80 Gyr (output 1 of 1)
110:     <- Finished tree
047:     -> Evolving tree number 6881 {1}
081:         Output tree data at t=13.80 Gyr (output 1 of 1)
081:     <- Finished tree
110:     -> Evolving tree number 5922 {1}
081:     -> Evolving tree number 5055 {1}
109:         Output tree data at t=13.80 Gyr (output 1 of 1)
109:     <- Finished tree
102:         Output tree data at t=13.80 Gyr (output 1 of 1)
102:     <- Finished tree
109:     -> Evolving tree number 6307 {1}
076:         Output tree data at t=13.80 Gyr (output 1 of 1)
076:     <- Finished tree
076:     Progress: 3981 trees processed; elapsed 23.42 h
076:     -> Evolving tree number 5956 {1}
009:         Output tree data at t=13.80 Gyr (output 1 of 1)
009:     <- Finished tree
009:     Progress: 3982 trees processed; elapsed 23.44 h
102:     -> Evolving tree number 6954 {1}
009:     -> Evolving tree number 6535 {1}
049:         Output tree data at t=13.80 Gyr (output 1 of 1)
049:     <- Finished tree
031:         Output tree data at t=13.80 Gyr (output 1 of 1)
031:     <- Finished tree
031:     Progress: 3984 trees processed; elapsed 23.46 h
049:     -> Evolving tree number 6367 {1}
086:         Output tree data at t=13.80 Gyr (output 1 of 1)
086:     <- Finished tree
031:     -> Evolving tree number 6129 {1}
086:     -> Evolving tree number 5818 {1}
008:         Output tree data at t=13.80 Gyr (output 1 of 1)
008:     <- Finished tree
118:         Output tree data at t=13.80 Gyr (output 1 of 1)
118:     <- Finished tree
118:     -> Evolving tree number 5530 {1}
008:     -> Evolving tree number 6152 {1}
119:         Output tree data at t=13.80 Gyr (output 1 of 1)
119:     <- Finished tree
119:     Progress: 3988 trees processed; elapsed 23.49 h
119:     -> Evolving tree number 5657 {1}
056:         Output tree data at t=13.80 Gyr (output 1 of 1)
056:     <- Finished tree
034:         Output tree data at t=13.80 Gyr (output 1 of 1)
034:     <- Finished tree
027:         Output tree data at t=13.80 Gyr (output 1 of 1)
027:     <- Finished tree
027:     Progress: 3991 trees processed; elapsed 23.51 h
104:         Output tree data at t=13.80 Gyr (output 1 of 1)
104:     <- Finished tree
034:     -> Evolving tree number 5870 {1}
056:     -> Evolving tree number 5848 {1}
027:     -> Evolving tree number 6133 {1}
048:         Output tree data at t=13.80 Gyr (output 1 of 1)
048:     <- Finished tree
048:     Progress: 3993 trees processed; elapsed 23.53 h
084:         Output tree data at t=13.80 Gyr (output 1 of 1)
084:     <- Finished tree
048:     -> Evolving tree number 5216 {1}
084:     -> Evolving tree number 5692 {1}
115:         Output tree data at t=13.80 Gyr (output 1 of 1)
115:     <- Finished tree
104:     -> Evolving tree number 5544 {1}
090:         Output tree data at t=13.80 Gyr (output 1 of 1)
090:     <- Finished tree
115:     -> Evolving tree number 6557 {1}
090:     -> Evolving tree number 5302 {1}
112:         Output tree data at t=13.80 Gyr (output 1 of 1)
112:     <- Finished tree
112:     Progress: 3997 trees processed; elapsed 23.56 h
042:         Output tree data at t=13.80 Gyr (output 1 of 1)
042:     <- Finished tree
106:         Output tree data at t=13.80 Gyr (output 1 of 1)
106:     <- Finished tree
112:     -> Evolving tree number 5152 {1}
085:         Output tree data at t=13.80 Gyr (output 1 of 1)
085:     <- Finished tree
106:     -> Evolving tree number 5286 {1}
042:     -> Evolving tree number 6502 {1}
103:         Output tree data at t=13.80 Gyr (output 1 of 1)
103:     <- Finished tree
121:         Output tree data at t=13.80 Gyr (output 1 of 1)
121:     <- Finished tree
103:     -> Evolving tree number 6313 {1}
121:     -> Evolving tree number 4759 {1}
070:         Output tree data at t=13.80 Gyr (output 1 of 1)
070:     <- Finished tree
085:     -> Evolving tree number 6459 {1}
070:     -> Evolving tree number 5450 {1}
064:         Output tree data at t=13.80 Gyr (output 1 of 1)
064:     <- Finished tree
064:     Progress: 4004 trees processed; elapsed 23.58 h
064:     -> Evolving tree number 5456 {1}
012:         Output tree data at t=13.80 Gyr (output 1 of 1)
012:     <- Finished tree
001:         Output tree data at t=13.80 Gyr (output 1 of 1)
001:     <- Finished tree
004:         Output tree data at t=13.80 Gyr (output 1 of 1)
004:     <- Finished tree
004:     Progress: 4007 trees processed; elapsed 23.60 h
001:     -> Evolving tree number 6543 {1}
004:     -> Evolving tree number 4748 {1}
114:         Output tree data at t=13.80 Gyr (output 1 of 1)
114:     <- Finished tree
093:         Output tree data at t=13.80 Gyr (output 1 of 1)
093:     <- Finished tree
114:     -> Evolving tree number 5662 {1}
093:     -> Evolving tree number 5427 {1}
012:     -> Evolving tree number 6788 {1}
068:         Output tree data at t=13.80 Gyr (output 1 of 1)
068:     <- Finished tree
068:     Progress: 4010 trees processed; elapsed 23.63 h
030:         Output tree data at t=13.80 Gyr (output 1 of 1)
030:     <- Finished tree
030:     -> Evolving tree number 5234 {1}
007:         Output tree data at t=13.80 Gyr (output 1 of 1)
007:     <- Finished tree
127:         Output tree data at t=13.80 Gyr (output 1 of 1)
127:     <- Finished tree
078:         Output tree data at t=13.80 Gyr (output 1 of 1)
078:     <- Finished tree
078:     Progress: 4014 trees processed; elapsed 23.64 h
007:     -> Evolving tree number 5129 {1}
127:     -> Evolving tree number 5009 {1}
068:     -> Evolving tree number 6092 {1}
072:         Output tree data at t=13.80 Gyr (output 1 of 1)
072:     <- Finished tree
092:         Output tree data at t=13.80 Gyr (output 1 of 1)
092:     <- Finished tree
092:     -> Evolving tree number 4660 {1}
072:     -> Evolving tree number 6088 {1}
078:     -> Evolving tree number 6210 {1}
091:         Output tree data at t=13.80 Gyr (output 1 of 1)
091:     <- Finished tree
091:     Progress: 4017 trees processed; elapsed 23.67 h
095:         Output tree data at t=13.80 Gyr (output 1 of 1)
095:     <- Finished tree
091:     -> Evolving tree number 4917 {1}
095:     -> Evolving tree number 6065 {1}
050:         Output tree data at t=13.80 Gyr (output 1 of 1)
050:     <- Finished tree
123:         Output tree data at t=13.80 Gyr (output 1 of 1)
123:     <- Finished tree
123:     -> Evolving tree number 5909 {1}
067:         Output tree data at t=13.80 Gyr (output 1 of 1)
067:     <- Finished tree
067:     Progress: 4021 trees processed; elapsed 23.69 h
050:     -> Evolving tree number 5854 {1}
067:     -> Evolving tree number 6989 {1}
077:         Output tree data at t=13.80 Gyr (output 1 of 1)
077:     <- Finished tree
032:         Output tree data at t=13.80 Gyr (output 1 of 1)
032:     <- Finished tree
043:         Output tree data at t=13.80 Gyr (output 1 of 1)
043:     <- Finished tree
032:     -> Evolving tree number 5104 {1}
043:     -> Evolving tree number 5477 {1}
077:     -> Evolving tree number 5571 {1}
111:         Output tree data at t=13.80 Gyr (output 1 of 1)
111:     <- Finished tree
111:     Progress: 4025 trees processed; elapsed 23.71 h
111:     -> Evolving tree number 4897 {1}
107:         Output tree data at t=13.80 Gyr (output 1 of 1)
107:     <- Finished tree
024:         Output tree data at t=13.80 Gyr (output 1 of 1)
024:     <- Finished tree
105:         Output tree data at t=13.80 Gyr (output 1 of 1)
105:     <- Finished tree
107:     -> Evolving tree number 6053 {1}
024:     -> Evolving tree number 5112 {1}
002:         Output tree data at t=13.80 Gyr (output 1 of 1)
002:     <- Finished tree
117:         Output tree data at t=13.80 Gyr (output 1 of 1)
117:     <- Finished tree
002:     -> Evolving tree number 6414 {1}
060:         Output tree data at t=13.80 Gyr (output 1 of 1)
060:     <- Finished tree
060:     Progress: 4031 trees processed; elapsed 23.73 h
060:     -> Evolving tree number 5716 {1}
080:         Output tree data at t=13.80 Gyr (output 1 of 1)
080:     <- Finished tree
125:         Output tree data at t=13.80 Gyr (output 1 of 1)
125:     <- Finished tree
080:     -> Evolving tree number 5696 {1}
105:     -> Evolving tree number 6055 {1}
055:         Output tree data at t=13.80 Gyr (output 1 of 1)
055:     <- Finished tree
055:     Progress: 4034 trees processed; elapsed 23.75 h
018:         Output tree data at t=13.80 Gyr (output 1 of 1)
018:     <- Finished tree
055:     -> Evolving tree number 6233 {1}
117:     -> Evolving tree number 5915 {1}
018:     -> Evolving tree number 4990 {1}
098:         Output tree data at t=13.80 Gyr (output 1 of 1)
098:     <- Finished tree
016:         Output tree data at t=13.80 Gyr (output 1 of 1)
016:     <- Finished tree
066:         Output tree data at t=13.80 Gyr (output 1 of 1)
066:     <- Finished tree
069:         Output tree data at t=13.80 Gyr (output 1 of 1)
069:     <- Finished tree
016:     -> Evolving tree number 4736 {1}
066:     -> Evolving tree number 5838 {1}
098:     -> Evolving tree number 5934 {1}
069:     -> Evolving tree number 4939 {1}
125:     -> Evolving tree number 5395 {1}
097:         Output tree data at t=13.80 Gyr (output 1 of 1)
097:     <- Finished tree
097:     Progress: 4040 trees processed; elapsed 23.77 h
015:         Output tree data at t=13.80 Gyr (output 1 of 1)
015:     <- Finished tree
026:         Output tree data at t=13.80 Gyr (output 1 of 1)
026:     <- Finished tree
026:     -> Evolving tree number 5110 {1}
033:         Output tree data at t=13.80 Gyr (output 1 of 1)
033:     <- Finished tree
033:     Progress: 4043 trees processed; elapsed 23.79 h
097:     -> Evolving tree number 6703 {1}
037:         Output tree data at t=13.80 Gyr (output 1 of 1)
037:     <- Finished tree
015:     -> Evolving tree number 5377 {1}
037:     -> Evolving tree number 6251 {1}
036:         Output tree data at t=13.80 Gyr (output 1 of 1)
036:     <- Finished tree
036:     -> Evolving tree number 5100 {1}
033:     -> Evolving tree number 5487 {1}
061:         Output tree data at t=13.80 Gyr (output 1 of 1)
061:     <- Finished tree
061:     Progress: 4046 trees processed; elapsed 23.82 h
061:     -> Evolving tree number 5715 {1}
053:         Output tree data at t=13.80 Gyr (output 1 of 1)
053:     <- Finished tree
000:         Output tree data at t=13.80 Gyr (output 1 of 1)
000:     <- Finished tree
000:     -> Evolving tree number 4752 {1}
108:         Output tree data at t=13.80 Gyr (output 1 of 1)
108:     <- Finished tree
108:     Progress: 4049 trees processed; elapsed 23.84 h
053:     -> Evolving tree number 6619 {1}
014:         Output tree data at t=13.80 Gyr (output 1 of 1)
014:     <- Finished tree
120:         Output tree data at t=13.80 Gyr (output 1 of 1)
120:     <- Finished tree
108:     -> Evolving tree number 5284 {1}
082:         Output tree data at t=13.80 Gyr (output 1 of 1)
082:     <- Finished tree
014:     -> Evolving tree number 6018 {1}
120:     -> Evolving tree number 5016 {1}
082:     -> Evolving tree number 5438 {1}
031:         Output tree data at t=13.80 Gyr (output 1 of 1)
031:     <- Finished tree
031:     Progress: 4053 trees processed; elapsed 23.86 h
035:         Output tree data at t=13.80 Gyr (output 1 of 1)
035:     <- Finished tree
071:         Output tree data at t=13.80 Gyr (output 1 of 1)
071:     <- Finished tree
035:     -> Evolving tree number 5229 {1}
071:     -> Evolving tree number 5577 {1}
041:         Output tree data at t=13.80 Gyr (output 1 of 1)
041:     <- Finished tree
113:         Output tree data at t=13.80 Gyr (output 1 of 1)
113:     <- Finished tree
031:     -> Evolving tree number 6001 {1}
057:         Output tree data at t=13.80 Gyr (output 1 of 1)
057:     <- Finished tree
057:     Progress: 4058 trees processed; elapsed 23.88 h
113:     -> Evolving tree number 6047 {1}
022:         Output tree data at t=13.80 Gyr (output 1 of 1)
022:     <- Finished tree
075:         Output tree data at t=13.80 Gyr (output 1 of 1)
075:     <- Finished tree
041:     -> Evolving tree number 5991 {1}
075:     -> Evolving tree number 5445 {1}
022:     -> Evolving tree number 5370 {1}
059:         Output tree data at t=13.80 Gyr (output 1 of 1)
059:     <- Finished tree
040:         Output tree data at t=13.80 Gyr (output 1 of 1)
040:     <- Finished tree
054:         Output tree data at t=13.80 Gyr (output 1 of 1)
054:     <- Finished tree
059:     -> Evolving tree number 5077 {1}
040:     -> Evolving tree number 6632 {1}
089:         Output tree data at t=13.80 Gyr (output 1 of 1)
089:     <- Finished tree
057:     -> Evolving tree number 6359 {1}
054:     -> Evolving tree number 5338 {1}
017:         Output tree data at t=13.80 Gyr (output 1 of 1)
017:     <- Finished tree
017:     Progress: 4065 trees processed; elapsed 23.91 h
017:     -> Evolving tree number 6271 {1}
038:         Output tree data at t=13.80 Gyr (output 1 of 1)
038:     <- Finished tree
058:         Output tree data at t=13.80 Gyr (output 1 of 1)
058:     <- Finished tree
089:     -> Evolving tree number 5431 {1}
038:     -> Evolving tree number 5226 {1}
058:     -> Evolving tree number 5334 {1}
073:         Output tree data at t=13.80 Gyr (output 1 of 1)
073:     <- Finished tree
073:     Progress: 4068 trees processed; elapsed 23.93 h
008:         Output tree data at t=13.80 Gyr (output 1 of 1)
008:     <- Finished tree
073:     -> Evolving tree number 6215 {1}
039:         Output tree data at t=13.80 Gyr (output 1 of 1)
039:     <- Finished tree
008:     -> Evolving tree number 6024 {1}
116:         Output tree data at t=13.80 Gyr (output 1 of 1)
116:     <- Finished tree
096:         Output tree data at t=13.80 Gyr (output 1 of 1)
096:     <- Finished tree
116:     -> Evolving tree number 6044 {1}
039:     -> Evolving tree number 5609 {1}
046:         Output tree data at t=13.80 Gyr (output 1 of 1)
046:     <- Finished tree
046:     Progress: 4073 trees processed; elapsed 23.95 h
087:         Output tree data at t=13.80 Gyr (output 1 of 1)
087:     <- Finished tree
118:         Output tree data at t=13.80 Gyr (output 1 of 1)
118:     <- Finished tree
028:         Output tree data at t=13.80 Gyr (output 1 of 1)
028:     <- Finished tree
087:     -> Evolving tree number 6969 {1}
046:     -> Evolving tree number 5858 {1}
118:     -> Evolving tree number 5402 {1}
013:         Output tree data at t=13.80 Gyr (output 1 of 1)
013:     <- Finished tree
028:     -> Evolving tree number 5236 {1}
096:     -> Evolving tree number 5808 {1}
013:     -> Evolving tree number 5123 {1}
010:         Output tree data at t=13.80 Gyr (output 1 of 1)
010:     <- Finished tree
010:     Progress: 4078 trees processed; elapsed 23.98 h
010:     -> Evolving tree number 6534 {1}
065:         Output tree data at t=13.80 Gyr (output 1 of 1)
065:     <- Finished tree
029:         Output tree data at t=13.80 Gyr (output 1 of 1)
029:     <- Finished tree
065:     -> Evolving tree number 5199 {1}
003:         Output tree data at t=13.80 Gyr (output 1 of 1)
003:     <- Finished tree
044:         Output tree data at t=13.80 Gyr (output 1 of 1)
044:     <- Finished tree
003:     -> Evolving tree number 5901 {1}
029:     -> Evolving tree number 6771 {1}
011:         Output tree data at t=13.80 Gyr (output 1 of 1)
011:     <- Finished tree
019:         Output tree data at t=13.80 Gyr (output 1 of 1)
019:     <- Finished tree
019:     Progress: 4084 trees processed; elapsed 24.00 h
019:     -> Evolving tree number 6269 {1}
044:     -> Evolving tree number 6372 {1}
005:         Output tree data at t=13.80 Gyr (output 1 of 1)
005:     <- Finished tree
023:         Output tree data at t=13.80 Gyr (output 1 of 1)
023:     <- Finished tree
122:         Output tree data at t=13.80 Gyr (output 1 of 1)
122:     <- Finished tree
122:     Progress: 4087 trees processed; elapsed 1.00 d
023:     -> Evolving tree number 6393 {1}
005:     -> Evolving tree number 6667 {1}
122:     -> Evolving tree number 4886 {1}
011:     -> Evolving tree number 5253 {1}
109:         Output tree data at t=13.80 Gyr (output 1 of 1)
109:     <- Finished tree
076:         Output tree data at t=13.80 Gyr (output 1 of 1)
076:     <- Finished tree
092:         Output tree data at t=13.80 Gyr (output 1 of 1)
092:     <- Finished tree
109:     -> Evolving tree number 6179 {1}
092:     -> Evolving tree number 4532 {1}
076:     -> Evolving tree number 5828 {1}
099:         Output tree data at t=13.80 Gyr (output 1 of 1)
099:     <- Finished tree
099:     Progress: 4091 trees processed; elapsed 1.00 d
045:         Output tree data at t=13.80 Gyr (output 1 of 1)
045:     <- Finished tree
099:     -> Evolving tree number 6189 {1}
093:         Output tree data at t=13.80 Gyr (output 1 of 1)
093:     <- Finished tree
093:     -> Evolving tree number 5299 {1}
124:         Output tree data at t=13.80 Gyr (output 1 of 1)
124:     <- Finished tree
124:     -> Evolving tree number 5140 {1}
094:         Output tree data at t=13.80 Gyr (output 1 of 1)
094:     <- Finished tree
094:     Progress: 4095 trees processed; elapsed 1.00 d
056:         Output tree data at t=13.80 Gyr (output 1 of 1)
056:     <- Finished tree
045:     -> Evolving tree number 6627 {1}
100:         Output tree data at t=13.80 Gyr (output 1 of 1)
100:     <- Finished tree
070:         Output tree data at t=13.80 Gyr (output 1 of 1)
070:     <- Finished tree
049:         Output tree data at t=13.80 Gyr (output 1 of 1)
049:     <- Finished tree
070:     -> Evolving tree number 5322 {1}
100:     -> Evolving tree number 5420 {1}
020:         Output tree data at t=13.80 Gyr (output 1 of 1)
020:     <- Finished tree
020:     Progress: 4100 trees processed; elapsed 1.00 d
081:         Output tree data at t=13.80 Gyr (output 1 of 1)
081:     <- Finished tree
081:     -> Evolving tree number 4927 {1}
094:     -> Evolving tree number 5938 {1}
056:     -> Evolving tree number 5720 {1}
020:     -> Evolving tree number 6524 {1}
049:     -> Evolving tree number 6239 {1}
047:         Output tree data at t=13.80 Gyr (output 1 of 1)
047:     <- Finished tree
047:     Progress: 4102 trees processed; elapsed 1.00 d
032:         Output tree data at t=13.80 Gyr (output 1 of 1)
032:     <- Finished tree
047:     -> Evolving tree number 6753 {1}
032:     -> Evolving tree number 4976 {1}
126:         Output tree data at t=13.80 Gyr (output 1 of 1)
126:     <- Finished tree
126:     -> Evolving tree number 6546 {1}
034:         Output tree data at t=13.80 Gyr (output 1 of 1)
034:     <- Finished tree
034:     Progress: 4105 trees processed; elapsed 1.01 d
034:     -> Evolving tree number 5742 {1}
104:         Output tree data at t=13.80 Gyr (output 1 of 1)
104:     <- Finished tree
072:         Output tree data at t=13.80 Gyr (output 1 of 1)
072:     <- Finished tree
104:     -> Evolving tree number 5416 {1}
064:         Output tree data at t=13.80 Gyr (output 1 of 1)
064:     <- Finished tree
064:     Progress: 4108 trees processed; elapsed 1.01 d
064:     -> Evolving tree number 5328 {1}
072:     -> Evolving tree number 5960 {1}
084:         Output tree data at t=13.80 Gyr (output 1 of 1)
084:     <- Finished tree
084:     Progress: 4109 trees processed; elapsed 1.01 d
062:         Output tree data at t=13.80 Gyr (output 1 of 1)
062:     <- Finished tree
068:         Output tree data at t=13.80 Gyr (output 1 of 1)
068:     <- Finished tree
062:     -> Evolving tree number 5842 {1}
018:         Output tree data at t=13.80 Gyr (output 1 of 1)
018:     <- Finished tree
084:     -> Evolving tree number 5564 {1}
018:     -> Evolving tree number 4862 {1}
004:         Output tree data at t=13.80 Gyr (output 1 of 1)
004:     <- Finished tree
004:     Progress: 4113 trees processed; elapsed 1.01 d
004:     -> Evolving tree number 4620 {1}
080:         Output tree data at t=13.80 Gyr (output 1 of 1)
080:     <- Finished tree
068:     -> Evolving tree number 5964 {1}
121:         Output tree data at t=13.80 Gyr (output 1 of 1)
121:     <- Finished tree
080:     -> Evolving tree number 5568 {1}
090:         Output tree data at t=13.80 Gyr (output 1 of 1)
090:     <- Finished tree
101:         Output tree data at t=13.80 Gyr (output 1 of 1)
101:     <- Finished tree
090:     -> Evolving tree number 5174 {1}
048:         Output tree data at t=13.80 Gyr (output 1 of 1)
048:     <- Finished tree
048:     Progress: 4118 trees processed; elapsed 1.01 d
111:         Output tree data at t=13.80 Gyr (output 1 of 1)
111:     <- Finished tree
074:         Output tree data at t=13.80 Gyr (output 1 of 1)
074:     <- Finished tree
121:     -> Evolving tree number 4631 {1}
048:     -> Evolving tree number 5088 {1}
111:     -> Evolving tree number 4769 {1}
074:     -> Evolving tree number 6470 {1}
086:         Output tree data at t=13.80 Gyr (output 1 of 1)
086:     <- Finished tree
114:         Output tree data at t=13.80 Gyr (output 1 of 1)
114:     <- Finished tree
086:     -> Evolving tree number 5690 {1}
114:     -> Evolving tree number 5534 {1}
101:     -> Evolving tree number 5931 {1}
052:         Output tree data at t=13.80 Gyr (output 1 of 1)
052:     <- Finished tree
025:         Output tree data at t=13.80 Gyr (output 1 of 1)
025:     <- Finished tree
052:     -> Evolving tree number 6236 {1}
119:         Output tree data at t=13.80 Gyr (output 1 of 1)
119:     <- Finished tree
025:     -> Evolving tree number 6775 {1}
119:     -> Evolving tree number 5529 {1}
007:         Output tree data at t=13.80 Gyr (output 1 of 1)
007:     <- Finished tree
007:     Progress: 4126 trees processed; elapsed 1.01 d
007:     -> Evolving tree number 5001 {1}
118:         Output tree data at t=13.80 Gyr (output 1 of 1)
118:     <- Finished tree
112:         Output tree data at t=13.80 Gyr (output 1 of 1)
112:     <- Finished tree
112:     Progress: 4128 trees processed; elapsed 1.01 d
118:     -> Evolving tree number 5274 {1}
112:     -> Evolving tree number 5024 {1}
051:         Output tree data at t=13.80 Gyr (output 1 of 1)
051:     <- Finished tree
036:         Output tree data at t=13.80 Gyr (output 1 of 1)
036:     <- Finished tree
050:         Output tree data at t=13.80 Gyr (output 1 of 1)
050:     <- Finished tree
088:         Output tree data at t=13.80 Gyr (output 1 of 1)
088:     <- Finished tree
088:     -> Evolving tree number 6456 {1}
050:     -> Evolving tree number 5726 {1}
051:     -> Evolving tree number 6749 {1}
036:     -> Evolving tree number 4972 {1}
021:         Output tree data at t=13.80 Gyr (output 1 of 1)
021:     <- Finished tree
069:         Output tree data at t=13.80 Gyr (output 1 of 1)
069:     <- Finished tree
069:     Progress: 4134 trees processed; elapsed 1.01 d
085:         Output tree data at t=13.80 Gyr (output 1 of 1)
085:     <- Finished tree
021:     -> Evolving tree number 6139 {1}
069:     -> Evolving tree number 4811 {1}
085:     -> Evolving tree number 6331 {1}
055:         Output tree data at t=13.80 Gyr (output 1 of 1)
055:     <- Finished tree
009:         Output tree data at t=13.80 Gyr (output 1 of 1)
009:     <- Finished tree
055:     -> Evolving tree number 6105 {1}
009:     -> Evolving tree number 6407 {1}
016:         Output tree data at t=13.80 Gyr (output 1 of 1)
016:     <- Finished tree
016:     Progress: 4138 trees processed; elapsed 1.01 d
063:         Output tree data at t=13.80 Gyr (output 1 of 1)
063:     <- Finished tree
091:         Output tree data at t=13.80 Gyr (output 1 of 1)
091:     <- Finished tree
063:     -> Evolving tree number 6097 {1}
091:     -> Evolving tree number 4789 {1}
016:     -> Evolving tree number 4608 {1}
024:         Output tree data at t=13.80 Gyr (output 1 of 1)
024:     <- Finished tree
024:     Progress: 4141 trees processed; elapsed 1.01 d
115:         Output tree data at t=13.80 Gyr (output 1 of 1)
115:     <- Finished tree
024:     -> Evolving tree number 4984 {1}
115:     -> Evolving tree number 6429 {1}
001:         Output tree data at t=13.80 Gyr (output 1 of 1)
001:     <- Finished tree
108:         Output tree data at t=13.80 Gyr (output 1 of 1)
108:     <- Finished tree
037:         Output tree data at t=13.80 Gyr (output 1 of 1)
037:     <- Finished tree
127:         Output tree data at t=13.80 Gyr (output 1 of 1)
127:     <- Finished tree
108:     -> Evolving tree number 5156 {1}
022:         Output tree data at t=13.80 Gyr (output 1 of 1)
022:     <- Finished tree
022:     Progress: 4147 trees processed; elapsed 1.01 d
037:     -> Evolving tree number 6123 {1}
001:     -> Evolving tree number 6415 {1}
127:     -> Evolving tree number 4881 {1}
022:     -> Evolving tree number 5242 {1}
105:         Output tree data at t=13.80 Gyr (output 1 of 1)
105:     <- Finished tree
105:     -> Evolving tree number 5927 {1}
027:         Output tree data at t=13.80 Gyr (output 1 of 1)
027:     <- Finished tree
027:     Progress: 4149 trees processed; elapsed 1.02 d
096:         Output tree data at t=13.80 Gyr (output 1 of 1)
096:     <- Finished tree
117:         Output tree data at t=13.80 Gyr (output 1 of 1)
117:     <- Finished tree
043:         Output tree data at t=13.80 Gyr (output 1 of 1)
043:     <- Finished tree
106:         Output tree data at t=13.80 Gyr (output 1 of 1)
106:     <- Finished tree
117:     -> Evolving tree number 5787 {1}
015:         Output tree data at t=13.80 Gyr (output 1 of 1)
015:     <- Finished tree
015:     Progress: 4154 trees processed; elapsed 1.02 d
030:         Output tree data at t=13.80 Gyr (output 1 of 1)
030:     <- Finished tree
027:     -> Evolving tree number 6005 {1}
015:     -> Evolving tree number 5249 {1}
106:     -> Evolving tree number 5158 {1}
030:     -> Evolving tree number 5106 {1}
043:     -> Evolving tree number 5349 {1}
096:     -> Evolving tree number 5680 {1}
103:         Output tree data at t=13.80 Gyr (output 1 of 1)
103:     <- Finished tree
103:     Progress: 4156 trees processed; elapsed 1.02 d
103:     -> Evolving tree number 6185 {1}
039:         Output tree data at t=13.80 Gyr (output 1 of 1)
039:     <- Finished tree
039:     -> Evolving tree number 5481 {1}
120:         Output tree data at t=13.80 Gyr (output 1 of 1)
120:     <- Finished tree
120:     Progress: 4158 trees processed; elapsed 1.02 d
120:     -> Evolving tree number 4888 {1}
083:         Output tree data at t=13.80 Gyr (output 1 of 1)
083:     <- Finished tree
059:         Output tree data at t=13.80 Gyr (output 1 of 1)
059:     <- Finished tree
059:     -> Evolving tree number 4949 {1}
019:         Output tree data at t=13.80 Gyr (output 1 of 1)
019:     <- Finished tree
019:     Progress: 4161 trees processed; elapsed 1.02 d
110:         Output tree data at t=13.80 Gyr (output 1 of 1)
110:     <- Finished tree
019:     -> Evolving tree number 6141 {1}
013:         Output tree data at t=13.80 Gyr (output 1 of 1)
013:     <- Finished tree
083:     -> Evolving tree number 6333 {1}
110:     -> Evolving tree number 5794 {1}
092:         Output tree data at t=13.80 Gyr (output 1 of 1)
092:     <- Finished tree
026:         Output tree data at t=13.80 Gyr (output 1 of 1)
026:     <- Finished tree
125:         Output tree data at t=13.80 Gyr (output 1 of 1)
125:     <- Finished tree
026:     -> Evolving tree number 4982 {1}
125:     -> Evolving tree number 5267 {1}
013:     -> Evolving tree number 4995 {1}
092:     -> Evolving tree number 4404 {1}
038:         Output tree data at t=13.80 Gyr (output 1 of 1)
038:     <- Finished tree
038:     Progress: 4167 trees processed; elapsed 1.02 d
012:         Output tree data at t=13.80 Gyr (output 1 of 1)
012:     <- Finished tree
012:     -> Evolving tree number 6660 {1}
071:         Output tree data at t=13.80 Gyr (output 1 of 1)
071:     <- Finished tree
082:         Output tree data at t=13.80 Gyr (output 1 of 1)
082:     <- Finished tree
082:     Progress: 4170 trees processed; elapsed 1.02 d
082:     -> Evolving tree number 5310 {1}
038:     -> Evolving tree number 5098 {1}
006:         Output tree data at t=13.80 Gyr (output 1 of 1)
006:     <- Finished tree
095:         Output tree data at t=13.80 Gyr (output 1 of 1)
095:     <- Finished tree
006:     -> Evolving tree number 6666 {1}
077:         Output tree data at t=13.80 Gyr (output 1 of 1)
077:     <- Finished tree
098:         Output tree data at t=13.80 Gyr (output 1 of 1)
098:     <- Finished tree
077:     -> Evolving tree number 5443 {1}
123:         Output tree data at t=13.80 Gyr (output 1 of 1)
123:     <- Finished tree
095:     -> Evolving tree number 5937 {1}
107:         Output tree data at t=13.80 Gyr (output 1 of 1)
107:     <- Finished tree
123:     -> Evolving tree number 5781 {1}
000:         Output tree data at t=13.80 Gyr (output 1 of 1)
000:     <- Finished tree
000:     Progress: 4177 trees processed; elapsed 1.02 d
071:     -> Evolving tree number 5449 {1}
121:         Output tree data at t=13.80 Gyr (output 1 of 1)
121:     <- Finished tree
000:     -> Evolving tree number 4624 {1}
121:     -> Evolving tree number 4503 {1}
076:         Output tree data at t=13.80 Gyr (output 1 of 1)
076:     <- Finished tree
098:     -> Evolving tree number 5806 {1}
008:         Output tree data at t=13.80 Gyr (output 1 of 1)
008:     <- Finished tree
076:     -> Evolving tree number 5700 {1}
060:         Output tree data at t=13.80 Gyr (output 1 of 1)
060:     <- Finished tree
008:     -> Evolving tree number 5896 {1}
107:     -> Evolving tree number 5925 {1}
033:         Output tree data at t=13.80 Gyr (output 1 of 1)
033:     <- Finished tree
033:     Progress: 4182 trees processed; elapsed 1.02 d
046:         Output tree data at t=13.80 Gyr (output 1 of 1)
046:     <- Finished tree
060:     -> Evolving tree number 5588 {1}
033:     -> Evolving tree number 5359 {1}
046:     -> Evolving tree number 5730 {1}
124:         Output tree data at t=13.80 Gyr (output 1 of 1)
124:     <- Finished tree
011:         Output tree data at t=13.80 Gyr (output 1 of 1)
011:     <- Finished tree
124:     -> Evolving tree number 5012 {1}
011:     -> Evolving tree number 5125 {1}
053:         Output tree data at t=13.80 Gyr (output 1 of 1)
053:     <- Finished tree
053:     Progress: 4186 trees processed; elapsed 1.02 d
064:         Output tree data at t=13.80 Gyr (output 1 of 1)
064:     <- Finished tree
002:         Output tree data at t=13.80 Gyr (output 1 of 1)
002:     <- Finished tree
064:     -> Evolving tree number 5200 {1}
002:     -> Evolving tree number 6286 {1}
091:         Output tree data at t=13.80 Gyr (output 1 of 1)
091:     <- Finished tree
091:     Progress: 4189 trees processed; elapsed 1.03 d
053:     -> Evolving tree number 6491 {1}
091:     -> Evolving tree number 4661 {1}
090:         Output tree data at t=13.80 Gyr (output 1 of 1)
090:     <- Finished tree
014:         Output tree data at t=13.80 Gyr (output 1 of 1)
014:     <- Finished tree
079:         Output tree data at t=13.80 Gyr (output 1 of 1)
079:     <- Finished tree
102:         Output tree data at t=13.80 Gyr (output 1 of 1)
102:     <- Finished tree
014:     -> Evolving tree number 5890 {1}
102:     -> Evolving tree number 6826 {1}
079:     -> Evolving tree number 7105 {1}
081:         Output tree data at t=13.80 Gyr (output 1 of 1)
081:     <- Finished tree
116:         Output tree data at t=13.80 Gyr (output 1 of 1)
116:     <- Finished tree
081:     -> Evolving tree number 4799 {1}
116:     -> Evolving tree number 5916 {1}
054:         Output tree data at t=13.80 Gyr (output 1 of 1)
054:     <- Finished tree
054:     Progress: 4196 trees processed; elapsed 1.03 d
054:     -> Evolving tree number 5210 {1}
113:         Output tree data at t=13.80 Gyr (output 1 of 1)
113:     <- Finished tree
028:         Output tree data at t=13.80 Gyr (output 1 of 1)
028:     <- Finished tree
090:     -> Evolving tree number 5046 {1}
113:     -> Evolving tree number 5919 {1}
028:     -> Evolving tree number 5108 {1}
122:         Output tree data at t=13.80 Gyr (output 1 of 1)
122:     <- Finished tree
122:     -> Evolving tree number 4758 {1}
111:         Output tree data at t=13.80 Gyr (output 1 of 1)
111:     <- Finished tree
111:     Progress: 4200 trees processed; elapsed 1.03 d
058:         Output tree data at t=13.80 Gyr (output 1 of 1)
058:     <- Finished tree
058:     -> Evolving tree number 5206 {1}
111:     -> Evolving tree number 4641 {1}
118:         Output tree data at t=13.80 Gyr (output 1 of 1)
118:     <- Finished tree
118:     Progress: 4202 trees processed; elapsed 1.03 d
031:         Output tree data at t=13.80 Gyr (output 1 of 1)
031:     <- Finished tree
031:     -> Evolving tree number 5873 {1}
118:     -> Evolving tree number 5146 {1}
029:         Output tree data at t=13.80 Gyr (output 1 of 1)
029:     <- Finished tree
029:     -> Evolving tree number 6643 {1}
070:         Output tree data at t=13.80 Gyr (output 1 of 1)
070:     <- Finished tree
070:     Progress: 4205 trees processed; elapsed 1.03 d
057:         Output tree data at t=13.80 Gyr (output 1 of 1)
057:     <- Finished tree
109:         Output tree data at t=13.80 Gyr (output 1 of 1)
109:     <- Finished tree
089:         Output tree data at t=13.80 Gyr (output 1 of 1)
089:     <- Finished tree
070:     -> Evolving tree number 5194 {1}
109:     -> Evolving tree number 6051 {1}
089:     -> Evolving tree number 5303 {1}
097:         Output tree data at t=13.80 Gyr (output 1 of 1)
097:     <- Finished tree
057:     -> Evolving tree number 6231 {1}
003:         Output tree data at t=13.80 Gyr (output 1 of 1)
003:     <- Finished tree
003:     Progress: 4210 trees processed; elapsed 1.03 d
097:     -> Evolving tree number 6575 {1}
003:     -> Evolving tree number 5773 {1}
078:         Output tree data at t=13.80 Gyr (output 1 of 1)
078:     <- Finished tree
075:         Output tree data at t=13.80 Gyr (output 1 of 1)
075:     <- Finished tree
075:     -> Evolving tree number 5317 {1}
061:         Output tree data at t=13.80 Gyr (output 1 of 1)
061:     <- Finished tree
061:     Progress: 4213 trees processed; elapsed 1.03 d
061:     -> Evolving tree number 5587 {1}
036:         Output tree data at t=13.80 Gyr (output 1 of 1)
036:     <- Finished tree
065:         Output tree data at t=13.80 Gyr (output 1 of 1)
065:     <- Finished tree
036:     -> Evolving tree number 4844 {1}
069:         Output tree data at t=13.80 Gyr (output 1 of 1)
069:     <- Finished tree
024:         Output tree data at t=13.80 Gyr (output 1 of 1)
024:     <- Finished tree
078:     -> Evolving tree number 6082 {1}
069:     -> Evolving tree number 4683 {1}
024:     -> Evolving tree number 4856 {1}
035:         Output tree data at t=13.80 Gyr (output 1 of 1)
035:     <- Finished tree
035:     Progress: 4218 trees processed; elapsed 1.03 d
065:     -> Evolving tree number 5071 {1}
035:     -> Evolving tree number 5101 {1}
032:         Output tree data at t=13.80 Gyr (output 1 of 1)
032:     <- Finished tree
126:         Output tree data at t=13.80 Gyr (output 1 of 1)
126:     <- Finished tree
040:         Output tree data at t=13.80 Gyr (output 1 of 1)
040:     <- Finished tree
017:         Output tree data at t=13.80 Gyr (output 1 of 1)
017:     <- Finished tree
034:         Output tree data at t=13.80 Gyr (output 1 of 1)
034:     <- Finished tree
040:     -> Evolving tree number 6504 {1}
126:     -> Evolving tree number 6418 {1}
034:     -> Evolving tree number 5614 {1}
017:     -> Evolving tree number 6143 {1}
104:         Output tree data at t=13.80 Gyr (output 1 of 1)
104:     <- Finished tree
104:     Progress: 4224 trees processed; elapsed 1.03 d
052:         Output tree data at t=13.80 Gyr (output 1 of 1)
052:     <- Finished tree
066:         Output tree data at t=13.80 Gyr (output 1 of 1)
066:     <- Finished tree
042:         Output tree data at t=13.80 Gyr (output 1 of 1)
042:     <- Finished tree
052:     -> Evolving tree number 6108 {1}
042:     -> Evolving tree number 6374 {1}
104:     -> Evolving tree number 5288 {1}
032:     -> Evolving tree number 4848 {1}
114:         Output tree data at t=13.80 Gyr (output 1 of 1)
114:     <- Finished tree
114:     Progress: 4228 trees processed; elapsed 1.03 d
084:         Output tree data at t=13.80 Gyr (output 1 of 1)
084:     <- Finished tree
004:         Output tree data at t=13.80 Gyr (output 1 of 1)
004:     <- Finished tree
114:     -> Evolving tree number 5406 {1}
084:     -> Evolving tree number 5436 {1}
004:     -> Evolving tree number 4492 {1}
066:     -> Evolving tree number 5710 {1}
010:         Output tree data at t=13.80 Gyr (output 1 of 1)
010:     <- Finished tree
044:         Output tree data at t=13.80 Gyr (output 1 of 1)
044:     <- Finished tree
044:     Progress: 4232 trees processed; elapsed 1.03 d
068:         Output tree data at t=13.80 Gyr (output 1 of 1)
068:     <- Finished tree
048:         Output tree data at t=13.80 Gyr (output 1 of 1)
048:     <- Finished tree
044:     -> Evolving tree number 6244 {1}
045:         Output tree data at t=13.80 Gyr (output 1 of 1)
045:     <- Finished tree
043:         Output tree data at t=13.80 Gyr (output 1 of 1)
043:     <- Finished tree
068:     -> Evolving tree number 5836 {1}
048:     -> Evolving tree number 4960 {1}
045:     -> Evolving tree number 6499 {1}
023:         Output tree data at t=13.80 Gyr (output 1 of 1)
023:     <- Finished tree
010:     -> Evolving tree number 6406 {1}
023:     -> Evolving tree number 6265 {1}
062:         Output tree data at t=13.80 Gyr (output 1 of 1)
062:     <- Finished tree
062:     Progress: 4238 trees processed; elapsed 1.04 d
062:     -> Evolving tree number 5714 {1}
043:     -> Evolving tree number 5221 {1}
074:         Output tree data at t=13.80 Gyr (output 1 of 1)
074:     <- Finished tree
074:     Progress: 4239 trees processed; elapsed 1.04 d
119:         Output tree data at t=13.80 Gyr (output 1 of 1)
119:     <- Finished tree
119:     -> Evolving tree number 5401 {1}
016:         Output tree data at t=13.80 Gyr (output 1 of 1)
016:     <- Finished tree
049:         Output tree data at t=13.80 Gyr (output 1 of 1)
049:     <- Finished tree
016:     -> Evolving tree number 4480 {1}
047:         Output tree data at t=13.80 Gyr (output 1 of 1)
047:     <- Finished tree
086:         Output tree data at t=13.80 Gyr (output 1 of 1)
086:     <- Finished tree
049:     -> Evolving tree number 6111 {1}
086:     -> Evolving tree number 5562 {1}
047:     -> Evolving tree number 6625 {1}
074:     -> Evolving tree number 6342 {1}
013:         Output tree data at t=13.80 Gyr (output 1 of 1)
013:     <- Finished tree
013:     Progress: 4245 trees processed; elapsed 1.04 d
018:         Output tree data at t=13.80 Gyr (output 1 of 1)
018:     <- Finished tree
015:         Output tree data at t=13.80 Gyr (output 1 of 1)
015:     <- Finished tree
015:     -> Evolving tree number 5121 {1}
018:     -> Evolving tree number 4734 {1}
105:         Output tree data at t=13.80 Gyr (output 1 of 1)
105:     <- Finished tree
041:         Output tree data at t=13.80 Gyr (output 1 of 1)
041:     <- Finished tree
101:         Output tree data at t=13.80 Gyr (output 1 of 1)
101:     <- Finished tree
108:         Output tree data at t=13.80 Gyr (output 1 of 1)
108:     <- Finished tree
105:     -> Evolving tree number 5799 {1}
121:         Output tree data at t=13.80 Gyr (output 1 of 1)
121:     <- Finished tree
121:     Progress: 4252 trees processed; elapsed 1.04 d
101:     -> Evolving tree number 5803 {1}
108:     -> Evolving tree number 5028 {1}
041:     -> Evolving tree number 5863 {1}
096:         Output tree data at t=13.80 Gyr (output 1 of 1)
096:     <- Finished tree
013:     -> Evolving tree number 4867 {1}
121:     -> Evolving tree number 4375 {1}
096:     -> Evolving tree number 5552 {1}
092:         Output tree data at t=13.80 Gyr (output 1 of 1)
092:     <- Finished tree
099:         Output tree data at t=13.80 Gyr (output 1 of 1)
099:     <- Finished tree
092:     -> Evolving tree number 4276 {1}
026:         Output tree data at t=13.80 Gyr (output 1 of 1)
026:     <- Finished tree
026:     Progress: 4256 trees processed; elapsed 1.04 d
099:     -> Evolving tree number 6061 {1}
056:         Output tree data at t=13.80 Gyr (output 1 of 1)
056:     <- Finished tree
100:         Output tree data at t=13.80 Gyr (output 1 of 1)
100:     <- Finished tree
056:     -> Evolving tree number 5592 {1}
077:         Output tree data at t=13.80 Gyr (output 1 of 1)
077:     <- Finished tree
077:     Progress: 4259 trees processed; elapsed 1.04 d
077:     -> Evolving tree number 5315 {1}
026:     -> Evolving tree number 4854 {1}
020:         Output tree data at t=13.80 Gyr (output 1 of 1)
020:     <- Finished tree
009:         Output tree data at t=13.80 Gyr (output 1 of 1)
009:     <- Finished tree
100:     -> Evolving tree number 5292 {1}
093:         Output tree data at t=13.80 Gyr (output 1 of 1)
093:     <- Finished tree
093:     Progress: 4262 trees processed; elapsed 1.04 d
093:     -> Evolving tree number 5171 {1}
060:         Output tree data at t=13.80 Gyr (output 1 of 1)
060:     <- Finished tree
009:     -> Evolving tree number 6279 {1}
060:     -> Evolving tree number 5460 {1}
020:     -> Evolving tree number 6396 {1}
123:         Output tree data at t=13.80 Gyr (output 1 of 1)
123:     <- Finished tree
123:     -> Evolving tree number 5653 {1}
033:         Output tree data at t=13.80 Gyr (output 1 of 1)
033:     <- Finished tree
033:     Progress: 4265 trees processed; elapsed 1.04 d
021:         Output tree data at t=13.80 Gyr (output 1 of 1)
021:     <- Finished tree
033:     -> Evolving tree number 5231 {1}
021:     -> Evolving tree number 6011 {1}
025:         Output tree data at t=13.80 Gyr (output 1 of 1)
025:     <- Finished tree
039:         Output tree data at t=13.80 Gyr (output 1 of 1)
039:     <- Finished tree
025:     -> Evolving tree number 6647 {1}
039:     -> Evolving tree number 5353 {1}
067:         Output tree data at t=13.80 Gyr (output 1 of 1)
067:     <- Finished tree
106:         Output tree data at t=13.80 Gyr (output 1 of 1)
106:     <- Finished tree
067:     -> Evolving tree number 6861 {1}
073:         Output tree data at t=13.80 Gyr (output 1 of 1)
073:     <- Finished tree
073:     Progress: 4271 trees processed; elapsed 1.04 d
073:     -> Evolving tree number 6087 {1}
083:         Output tree data at t=13.80 Gyr (output 1 of 1)
083:     <- Finished tree
072:         Output tree data at t=13.80 Gyr (output 1 of 1)
072:     <- Finished tree
106:     -> Evolving tree number 5030 {1}
072:     -> Evolving tree number 5832 {1}
081:         Output tree data at t=13.80 Gyr (output 1 of 1)
081:     <- Finished tree
087:         Output tree data at t=13.80 Gyr (output 1 of 1)
087:     <- Finished tree
087:     Progress: 4275 trees processed; elapsed 1.04 d
081:     -> Evolving tree number 4671 {1}
080:         Output tree data at t=13.80 Gyr (output 1 of 1)
080:     <- Finished tree
087:     -> Evolving tree number 6841 {1}
083:     -> Evolving tree number 6205 {1}
063:         Output tree data at t=13.80 Gyr (output 1 of 1)
063:     <- Finished tree
063:     Progress: 4277 trees processed; elapsed 1.04 d
080:     -> Evolving tree number 5440 {1}
063:     -> Evolving tree number 5969 {1}
120:         Output tree data at t=13.80 Gyr (output 1 of 1)
120:     <- Finished tree
120:     -> Evolving tree number 4760 {1}
059:         Output tree data at t=13.80 Gyr (output 1 of 1)
059:     <- Finished tree
059:     Progress: 4279 trees processed; elapsed 1.04 d
069:         Output tree data at t=13.80 Gyr (output 1 of 1)
069:     <- Finished tree
059:     -> Evolving tree number 4821 {1}
069:     -> Evolving tree number 4555 {1}
112:         Output tree data at t=13.80 Gyr (output 1 of 1)
112:     <- Finished tree
112:     Progress: 4281 trees processed; elapsed 1.05 d
112:     -> Evolving tree number 4896 {1}
011:         Output tree data at t=13.80 Gyr (output 1 of 1)
011:     <- Finished tree
070:         Output tree data at t=13.80 Gyr (output 1 of 1)
070:     <- Finished tree
103:         Output tree data at t=13.80 Gyr (output 1 of 1)
103:     <- Finished tree
070:     -> Evolving tree number 5066 {1}
110:         Output tree data at t=13.80 Gyr (output 1 of 1)
110:     <- Finished tree
103:     -> Evolving tree number 6057 {1}
028:         Output tree data at t=13.80 Gyr (output 1 of 1)
028:     <- Finished tree
110:     -> Evolving tree number 5666 {1}
006:         Output tree data at t=13.80 Gyr (output 1 of 1)
006:     <- Finished tree
027:         Output tree data at t=13.80 Gyr (output 1 of 1)
027:     <- Finished tree
046:         Output tree data at t=13.80 Gyr (output 1 of 1)
046:     <- Finished tree
027:     -> Evolving tree number 5877 {1}
051:         Output tree data at t=13.80 Gyr (output 1 of 1)
051:     <- Finished tree
051:     Progress: 4290 trees processed; elapsed 1.05 d
006:     -> Evolving tree number 6538 {1}
011:     -> Evolving tree number 4997 {1}
030:         Output tree data at t=13.80 Gyr (output 1 of 1)
030:     <- Finished tree
051:     -> Evolving tree number 6621 {1}
117:         Output tree data at t=13.80 Gyr (output 1 of 1)
117:     <- Finished tree
028:     -> Evolving tree number 4980 {1}
117:     -> Evolving tree number 5659 {1}
050:         Output tree data at t=13.80 Gyr (output 1 of 1)
050:     <- Finished tree
050:     -> Evolving tree number 5598 {1}
107:         Output tree data at t=13.80 Gyr (output 1 of 1)
107:     <- Finished tree
107:     Progress: 4294 trees processed; elapsed 1.05 d
090:         Output tree data at t=13.80 Gyr (output 1 of 1)
090:     <- Finished tree
107:     -> Evolving tree number 5797 {1}
037:         Output tree data at t=13.80 Gyr (output 1 of 1)
037:     <- Finished tree
046:     -> Evolving tree number 5602 {1}
030:     -> Evolving tree number 4978 {1}
035:         Output tree data at t=13.80 Gyr (output 1 of 1)
035:     <- Finished tree
111:         Output tree data at t=13.80 Gyr (output 1 of 1)
111:     <- Finished tree
035:     -> Evolving tree number 4973 {1}
089:         Output tree data at t=13.80 Gyr (output 1 of 1)
089:     <- Finished tree
122:         Output tree data at t=13.80 Gyr (output 1 of 1)
122:     <- Finished tree
111:     -> Evolving tree number 4513 {1}
089:     -> Evolving tree number 5175 {1}
122:     -> Evolving tree number 4630 {1}
090:     -> Evolving tree number 4918 {1}
037:     -> Evolving tree number 5995 {1}
048:         Output tree data at t=13.80 Gyr (output 1 of 1)
048:     <- Finished tree
048:     Progress: 4301 trees processed; elapsed 1.05 d
048:     -> Evolving tree number 4832 {1}
000:         Output tree data at t=13.80 Gyr (output 1 of 1)
000:     <- Finished tree
038:         Output tree data at t=13.80 Gyr (output 1 of 1)
038:     <- Finished tree
000:     -> Evolving tree number 4496 {1}
038:     -> Evolving tree number 4970 {1}
125:         Output tree data at t=13.80 Gyr (output 1 of 1)
125:     <- Finished tree
125:     Progress: 4304 trees processed; elapsed 1.05 d
118:         Output tree data at t=13.80 Gyr (output 1 of 1)
118:     <- Finished tree
125:     -> Evolving tree number 5139 {1}
095:         Output tree data at t=13.80 Gyr (output 1 of 1)
095:     <- Finished tree
118:     -> Evolving tree number 5018 {1}
095:     -> Evolving tree number 5809 {1}
127:         Output tree data at t=13.80 Gyr (output 1 of 1)
127:     <- Finished tree
127:     -> Evolving tree number 4753 {1}
022:         Output tree data at t=13.80 Gyr (output 1 of 1)
022:     <- Finished tree
022:     Progress: 4308 trees processed; elapsed 1.05 d
003:         Output tree data at t=13.80 Gyr (output 1 of 1)
003:     <- Finished tree
003:     -> Evolving tree number 5645 {1}
024:         Output tree data at t=13.80 Gyr (output 1 of 1)
024:     <- Finished tree
024:     Progress: 4310 trees processed; elapsed 1.05 d
024:     -> Evolving tree number 4728 {1}
044:         Output tree data at t=13.80 Gyr (output 1 of 1)
044:     <- Finished tree
022:     -> Evolving tree number 5114 {1}
085:         Output tree data at t=13.80 Gyr (output 1 of 1)
085:     <- Finished tree
078:         Output tree data at t=13.80 Gyr (output 1 of 1)
078:     <- Finished tree
078:     Progress: 4313 trees processed; elapsed 1.05 d
085:     -> Evolving tree number 6203 {1}
064:         Output tree data at t=13.80 Gyr (output 1 of 1)
064:     <- Finished tree
124:         Output tree data at t=13.80 Gyr (output 1 of 1)
124:     <- Finished tree
078:     -> Evolving tree number 5954 {1}
004:         Output tree data at t=13.80 Gyr (output 1 of 1)
004:     <- Finished tree
124:     -> Evolving tree number 4884 {1}
064:     -> Evolving tree number 5072 {1}
004:     -> Evolving tree number 4364 {1}
044:     -> Evolving tree number 6116 {1}
002:         Output tree data at t=13.80 Gyr (output 1 of 1)
002:     <- Finished tree
088:         Output tree data at t=13.80 Gyr (output 1 of 1)
088:     <- Finished tree
088:     Progress: 4318 trees processed; elapsed 1.05 d
002:     -> Evolving tree number 6158 {1}
068:         Output tree data at t=13.80 Gyr (output 1 of 1)
068:     <- Finished tree
088:     -> Evolving tree number 6328 {1}
068:     -> Evolving tree number 5708 {1}
007:         Output tree data at t=13.80 Gyr (output 1 of 1)
007:     <- Finished tree
109:         Output tree data at t=13.80 Gyr (output 1 of 1)
109:     <- Finished tree
034:         Output tree data at t=13.80 Gyr (output 1 of 1)
034:     <- Finished tree
034:     Progress: 4322 trees processed; elapsed 1.06 d
029:         Output tree data at t=13.80 Gyr (output 1 of 1)
029:     <- Finished tree
109:     -> Evolving tree number 5923 {1}
034:     -> Evolving tree number 5486 {1}
029:     -> Evolving tree number 6515 {1}
007:     -> Evolving tree number 4873 {1}
009:         Output tree data at t=13.80 Gyr (output 1 of 1)
009:     <- Finished tree
009:     -> Evolving tree number 6151 {1}
082:         Output tree data at t=13.80 Gyr (output 1 of 1)
082:     <- Finished tree
104:         Output tree data at t=13.80 Gyr (output 1 of 1)
104:     <- Finished tree
082:     -> Evolving tree number 5182 {1}
071:         Output tree data at t=13.80 Gyr (output 1 of 1)
071:     <- Finished tree
071:     Progress: 4327 trees processed; elapsed 1.06 d
016:         Output tree data at t=13.80 Gyr (output 1 of 1)
016:     <- Finished tree
076:         Output tree data at t=13.80 Gyr (output 1 of 1)
076:     <- Finished tree
071:     -> Evolving tree number 5321 {1}
016:     -> Evolving tree number 4352 {1}
015:         Output tree data at t=13.80 Gyr (output 1 of 1)
015:     <- Finished tree
012:         Output tree data at t=13.80 Gyr (output 1 of 1)
012:     <- Finished tree
015:     -> Evolving tree number 4993 {1}
102:         Output tree data at t=13.80 Gyr (output 1 of 1)
102:     <- Finished tree
104:     -> Evolving tree number 5160 {1}
119:         Output tree data at t=13.80 Gyr (output 1 of 1)
119:     <- Finished tree
012:     -> Evolving tree number 6532 {1}
102:     -> Evolving tree number 6698 {1}
058:         Output tree data at t=13.80 Gyr (output 1 of 1)
058:     <- Finished tree
119:     -> Evolving tree number 5273 {1}
058:     -> Evolving tree number 5078 {1}
075:         Output tree data at t=13.80 Gyr (output 1 of 1)
075:     <- Finished tree
075:     Progress: 4335 trees processed; elapsed 1.06 d
091:         Output tree data at t=13.80 Gyr (output 1 of 1)
091:     <- Finished tree
075:     -> Evolving tree number 5189 {1}
115:         Output tree data at t=13.80 Gyr (output 1 of 1)
115:     <- Finished tree
116:         Output tree data at t=13.80 Gyr (output 1 of 1)
116:     <- Finished tree
036:         Output tree data at t=13.80 Gyr (output 1 of 1)
036:     <- Finished tree
076:     -> Evolving tree number 5572 {1}
126:         Output tree data at t=13.80 Gyr (output 1 of 1)
126:     <- Finished tree
116:     -> Evolving tree number 5788 {1}
036:     -> Evolving tree number 4716 {1}
115:     -> Evolving tree number 6301 {1}
126:     -> Evolving tree number 6290 {1}
091:     -> Evolving tree number 4533 {1}
061:         Output tree data at t=13.80 Gyr (output 1 of 1)
061:     <- Finished tree
043:         Output tree data at t=13.80 Gyr (output 1 of 1)
043:     <- Finished tree
043:     Progress: 4342 trees processed; elapsed 1.06 d
001:         Output tree data at t=13.80 Gyr (output 1 of 1)
001:     <- Finished tree
080:         Output tree data at t=13.80 Gyr (output 1 of 1)
080:     <- Finished tree
098:         Output tree data at t=13.80 Gyr (output 1 of 1)
098:     <- Finished tree
001:     -> Evolving tree number 6287 {1}
080:     -> Evolving tree number 5312 {1}
043:     -> Evolving tree number 5093 {1}
061:     -> Evolving tree number 5459 {1}
019:         Output tree data at t=13.80 Gyr (output 1 of 1)
019:     <- Finished tree
019:     Progress: 4346 trees processed; elapsed 1.06 d
079:         Output tree data at t=13.80 Gyr (output 1 of 1)
079:     <- Finished tree
123:         Output tree data at t=13.80 Gyr (output 1 of 1)
123:     <- Finished tree
005:         Output tree data at t=13.80 Gyr (output 1 of 1)
005:     <- Finished tree
072:         Output tree data at t=13.80 Gyr (output 1 of 1)
072:     <- Finished tree
019:     -> Evolving tree number 6013 {1}
079:     -> Evolving tree number 6977 {1}
005:     -> Evolving tree number 6539 {1}
072:     -> Evolving tree number 5704 {1}
098:     -> Evolving tree number 5678 {1}
123:     -> Evolving tree number 5525 {1}
010:         Output tree data at t=13.80 Gyr (output 1 of 1)
010:     <- Finished tree
093:         Output tree data at t=13.80 Gyr (output 1 of 1)
093:     <- Finished tree
093:     -> Evolving tree number 5043 {1}
105:         Output tree data at t=13.80 Gyr (output 1 of 1)
105:     <- Finished tree
018:         Output tree data at t=13.80 Gyr (output 1 of 1)
018:     <- Finished tree
018:     Progress: 4354 trees processed; elapsed 1.06 d
018:     -> Evolving tree number 4606 {1}
010:     -> Evolving tree number 6278 {1}
074:         Output tree data at t=13.80 Gyr (output 1 of 1)
074:     <- Finished tree
105:     -> Evolving tree number 5671 {1}
074:     -> Evolving tree number 6214 {1}
055:         Output tree data at t=13.80 Gyr (output 1 of 1)
055:     <- Finished tree
055:     Progress: 4356 trees processed; elapsed 1.06 d
086:         Output tree data at t=13.80 Gyr (output 1 of 1)
086:     <- Finished tree
055:     -> Evolving tree number 5977 {1}
008:         Output tree data at t=13.80 Gyr (output 1 of 1)
008:     <- Finished tree
008:     -> Evolving tree number 5768 {1}
053:         Output tree data at t=13.80 Gyr (output 1 of 1)
053:     <- Finished tree
053:     -> Evolving tree number 6363 {1}
086:     -> Evolving tree number 5434 {1}
094:         Output tree data at t=13.80 Gyr (output 1 of 1)
094:     <- Finished tree
094:     Progress: 4360 trees processed; elapsed 1.06 d
094:     -> Evolving tree number 5810 {1}
021:         Output tree data at t=13.80 Gyr (output 1 of 1)
021:     <- Finished tree
101:         Output tree data at t=13.80 Gyr (output 1 of 1)
101:     <- Finished tree
057:         Output tree data at t=13.80 Gyr (output 1 of 1)
057:     <- Finished tree
057:     -> Evolving tree number 6103 {1}
101:     -> Evolving tree number 5675 {1}
114:         Output tree data at t=13.80 Gyr (output 1 of 1)
114:     <- Finished tree
032:         Output tree data at t=13.80 Gyr (output 1 of 1)
032:     <- Finished tree
032:     Progress: 4365 trees processed; elapsed 1.06 d
021:     -> Evolving tree number 5883 {1}
032:     -> Evolving tree number 4720 {1}
114:     -> Evolving tree number 5278 {1}
062:         Output tree data at t=13.80 Gyr (output 1 of 1)
062:     <- Finished tree
062:     -> Evolving tree number 5586 {1}
040:         Output tree data at t=13.80 Gyr (output 1 of 1)
040:     <- Finished tree
097:         Output tree data at t=13.80 Gyr (output 1 of 1)
097:     <- Finished tree
081:         Output tree data at t=13.80 Gyr (output 1 of 1)
081:     <- Finished tree
097:     -> Evolving tree number 6447 {1}
084:         Output tree data at t=13.80 Gyr (output 1 of 1)
084:     <- Finished tree
084:     Progress: 4370 trees processed; elapsed 1.06 d
040:     -> Evolving tree number 6376 {1}
081:     -> Evolving tree number 4543 {1}
033:         Output tree data at t=13.80 Gyr (output 1 of 1)
033:     <- Finished tree
014:         Output tree data at t=13.80 Gyr (output 1 of 1)
014:     <- Finished tree
014:     -> Evolving tree number 5762 {1}
084:     -> Evolving tree number 5308 {1}
033:     -> Evolving tree number 5103 {1}
041:         Output tree data at t=13.80 Gyr (output 1 of 1)
041:     <- Finished tree
041:     Progress: 4373 trees processed; elapsed 1.06 d
041:     -> Evolving tree number 5735 {1}
054:         Output tree data at t=13.80 Gyr (output 1 of 1)
054:     <- Finished tree
054:     -> Evolving tree number 5082 {1}
121:         Output tree data at t=13.80 Gyr (output 1 of 1)
121:     <- Finished tree
121:     -> Evolving tree number 4247 {1}
099:         Output tree data at t=13.80 Gyr (output 1 of 1)
099:     <- Finished tree
099:     Progress: 4376 trees processed; elapsed 1.07 d
099:     -> Evolving tree number 5933 {1}
090:         Output tree data at t=13.80 Gyr (output 1 of 1)
090:     <- Finished tree
090:     Progress: 4377 trees processed; elapsed 1.07 d
090:     -> Evolving tree number 4790 {1}
048:         Output tree data at t=13.80 Gyr (output 1 of 1)
048:     <- Finished tree
113:         Output tree data at t=13.80 Gyr (output 1 of 1)
113:     <- Finished tree
113:     -> Evolving tree number 5791 {1}
111:         Output tree data at t=13.80 Gyr (output 1 of 1)
111:     <- Finished tree
048:     -> Evolving tree number 4704 {1}
060:         Output tree data at t=13.80 Gyr (output 1 of 1)
060:     <- Finished tree
060:     Progress: 4381 trees processed; elapsed 1.07 d
122:         Output tree data at t=13.80 Gyr (output 1 of 1)
122:     <- Finished tree
111:     -> Evolving tree number 4385 {1}
060:     -> Evolving tree number 5332 {1}
070:         Output tree data at t=13.80 Gyr (output 1 of 1)
070:     <- Finished tree
063:         Output tree data at t=13.80 Gyr (output 1 of 1)
063:     <- Finished tree
070:     -> Evolving tree number 4938 {1}
063:     -> Evolving tree number 5841 {1}
045:         Output tree data at t=13.80 Gyr (output 1 of 1)
045:     <- Finished tree
045:     Progress: 4385 trees processed; elapsed 1.07 d
045:     -> Evolving tree number 6371 {1}
049:         Output tree data at t=13.80 Gyr (output 1 of 1)
049:     <- Finished tree
096:         Output tree data at t=13.80 Gyr (output 1 of 1)
096:     <- Finished tree
122:     -> Evolving tree number 4502 {1}
096:     -> Evolving tree number 5424 {1}
049:     -> Evolving tree number 5983 {1}
065:         Output tree data at t=13.80 Gyr (output 1 of 1)
065:     <- Finished tree
065:     Progress: 4388 trees processed; elapsed 1.07 d
103:         Output tree data at t=13.80 Gyr (output 1 of 1)
103:     <- Finished tree
078:         Output tree data at t=13.80 Gyr (output 1 of 1)
078:     <- Finished tree
117:         Output tree data at t=13.80 Gyr (output 1 of 1)
117:     <- Finished tree
103:     -> Evolving tree number 5929 {1}
117:     -> Evolving tree number 5531 {1}
078:     -> Evolving tree number 5826 {1}
065:     -> Evolving tree number 4943 {1}
106:         Output tree data at t=13.80 Gyr (output 1 of 1)
106:     <- Finished tree
106:     Progress: 4392 trees processed; elapsed 1.07 d
092:         Output tree data at t=13.80 Gyr (output 1 of 1)
092:     <- Finished tree
106:     -> Evolving tree number 4902 {1}
087:         Output tree data at t=13.80 Gyr (output 1 of 1)
087:     <- Finished tree
087:     -> Evolving tree number 6713 {1}
092:     -> Evolving tree number 4148 {1}
069:         Output tree data at t=13.80 Gyr (output 1 of 1)
069:     <- Finished tree
069:     Progress: 4395 trees processed; elapsed 1.07 d
069:     -> Evolving tree number 4427 {1}
066:         Output tree data at t=13.80 Gyr (output 1 of 1)
066:     <- Finished tree
017:         Output tree data at t=13.80 Gyr (output 1 of 1)
017:     <- Finished tree
017:     -> Evolving tree number 6015 {1}
066:     -> Evolving tree number 5582 {1}
118:         Output tree data at t=13.80 Gyr (output 1 of 1)
118:     <- Finished tree
118:     Progress: 4398 trees processed; elapsed 1.07 d
013:         Output tree data at t=13.80 Gyr (output 1 of 1)
013:     <- Finished tree
026:         Output tree data at t=13.80 Gyr (output 1 of 1)
026:     <- Finished tree
026:     -> Evolving tree number 4726 {1}
077:         Output tree data at t=13.80 Gyr (output 1 of 1)
077:     <- Finished tree
004:         Output tree data at t=13.80 Gyr (output 1 of 1)
004:     <- Finished tree
004:     -> Evolving tree number 4236 {1}
025:         Output tree data at t=13.80 Gyr (output 1 of 1)
025:     <- Finished tree
118:     -> Evolving tree number 4890 {1}
077:     -> Evolving tree number 5187 {1}
025:     -> Evolving tree number 6519 {1}
046:         Output tree data at t=13.80 Gyr (output 1 of 1)
046:     <- Finished tree
046:     Progress: 4404 trees processed; elapsed 1.07 d
046:     -> Evolving tree number 5474 {1}
013:     -> Evolving tree number 4739 {1}
011:         Output tree data at t=13.80 Gyr (output 1 of 1)
011:     <- Finished tree
042:         Output tree data at t=13.80 Gyr (output 1 of 1)
042:     <- Finished tree
042:     Progress: 4406 trees processed; elapsed 1.07 d
000:         Output tree data at t=13.80 Gyr (output 1 of 1)
000:     <- Finished tree
042:     -> Evolving tree number 6246 {1}
050:         Output tree data at t=13.80 Gyr (output 1 of 1)
050:     <- Finished tree
011:     -> Evolving tree number 4869 {1}
050:     -> Evolving tree number 5470 {1}
000:     -> Evolving tree number 4368 {1}
059:         Output tree data at t=13.80 Gyr (output 1 of 1)
059:     <- Finished tree
047:         Output tree data at t=13.80 Gyr (output 1 of 1)
047:     <- Finished tree
047:     Progress: 4410 trees processed; elapsed 1.07 d
047:     -> Evolving tree number 6497 {1}
059:     -> Evolving tree number 4693 {1}
112:         Output tree data at t=13.80 Gyr (output 1 of 1)
112:     <- Finished tree
071:         Output tree data at t=13.80 Gyr (output 1 of 1)
071:     <- Finished tree
076:         Output tree data at t=13.80 Gyr (output 1 of 1)
076:     <- Finished tree
020:         Output tree data at t=13.80 Gyr (output 1 of 1)
020:     <- Finished tree
020:     -> Evolving tree number 6268 {1}
076:     -> Evolving tree number 5444 {1}
071:     -> Evolving tree number 5193 {1}
112:     -> Evolving tree number 4768 {1}
120:         Output tree data at t=13.80 Gyr (output 1 of 1)
120:     <- Finished tree
120:     Progress: 4415 trees processed; elapsed 1.08 d
031:         Output tree data at t=13.80 Gyr (output 1 of 1)
031:     <- Finished tree
120:     -> Evolving tree number 4632 {1}
056:         Output tree data at t=13.80 Gyr (output 1 of 1)
056:     <- Finished tree
031:     -> Evolving tree number 5745 {1}
056:     -> Evolving tree number 5464 {1}
083:         Output tree data at t=13.80 Gyr (output 1 of 1)
083:     <- Finished tree
083:     -> Evolving tree number 6077 {1}
075:         Output tree data at t=13.80 Gyr (output 1 of 1)
075:     <- Finished tree
075:     Progress: 4419 trees processed; elapsed 1.08 d
038:         Output tree data at t=13.80 Gyr (output 1 of 1)
038:     <- Finished tree
023:         Output tree data at t=13.80 Gyr (output 1 of 1)
023:     <- Finished tree
038:     -> Evolving tree number 4842 {1}
068:         Output tree data at t=13.80 Gyr (output 1 of 1)
068:     <- Finished tree
009:         Output tree data at t=13.80 Gyr (output 1 of 1)
009:     <- Finished tree
003:         Output tree data at t=13.80 Gyr (output 1 of 1)
003:     <- Finished tree
068:     -> Evolving tree number 5580 {1}
009:     -> Evolving tree number 6023 {1}
023:     -> Evolving tree number 6137 {1}
075:     -> Evolving tree number 5061 {1}
100:         Output tree data at t=13.80 Gyr (output 1 of 1)
100:     <- Finished tree
100:     Progress: 4425 trees processed; elapsed 1.08 d
030:         Output tree data at t=13.80 Gyr (output 1 of 1)
030:     <- Finished tree
035:         Output tree data at t=13.80 Gyr (output 1 of 1)
035:     <- Finished tree
100:     -> Evolving tree number 5164 {1}
030:     -> Evolving tree number 4850 {1}
035:     -> Evolving tree number 4845 {1}
073:         Output tree data at t=13.80 Gyr (output 1 of 1)
073:     <- Finished tree
110:         Output tree data at t=13.80 Gyr (output 1 of 1)
110:     <- Finished tree
003:     -> Evolving tree number 5517 {1}
073:     -> Evolving tree number 5959 {1}
110:     -> Evolving tree number 5538 {1}
124:         Output tree data at t=13.80 Gyr (output 1 of 1)
124:     <- Finished tree
124:     Progress: 4430 trees processed; elapsed 1.08 d
114:         Output tree data at t=13.80 Gyr (output 1 of 1)
114:     <- Finished tree
124:     -> Evolving tree number 4756 {1}
006:         Output tree data at t=13.80 Gyr (output 1 of 1)
006:     <- Finished tree
108:         Output tree data at t=13.80 Gyr (output 1 of 1)
108:     <- Finished tree
108:     -> Evolving tree number 4900 {1}
006:     -> Evolving tree number 6410 {1}
028:         Output tree data at t=13.80 Gyr (output 1 of 1)
028:     <- Finished tree
116:         Output tree data at t=13.80 Gyr (output 1 of 1)
116:     <- Finished tree
028:     -> Evolving tree number 4852 {1}
116:     -> Evolving tree number 5660 {1}
052:         Output tree data at t=13.80 Gyr (output 1 of 1)
052:     <- Finished tree
115:         Output tree data at t=13.80 Gyr (output 1 of 1)
052:     Progress: 4436 trees processed; elapsed 1.08 d
115:     <- Finished tree
016:         Output tree data at t=13.80 Gyr (output 1 of 1)
016:     <- Finished tree
114:     -> Evolving tree number 5150 {1}
052:     -> Evolving tree number 5980 {1}
016:     -> Evolving tree number 4224 {1}
022:         Output tree data at t=13.80 Gyr (output 1 of 1)
022:     <- Finished tree
089:         Output tree data at t=13.80 Gyr (output 1 of 1)
089:     <- Finished tree
015:         Output tree data at t=13.80 Gyr (output 1 of 1)
015:     <- Finished tree
024:         Output tree data at t=13.80 Gyr (output 1 of 1)
024:     <- Finished tree
015:     -> Evolving tree number 4865 {1}
089:     -> Evolving tree number 5047 {1}
024:     -> Evolving tree number 4600 {1}
126:         Output tree data at t=13.80 Gyr (output 1 of 1)
126:     <- Finished tree
126:     Progress: 4443 trees processed; elapsed 1.08 d
126:     -> Evolving tree number 6162 {1}
115:     -> Evolving tree number 6173 {1}
104:         Output tree data at t=13.80 Gyr (output 1 of 1)
104:     <- Finished tree
022:     -> Evolving tree number 4986 {1}
104:     -> Evolving tree number 5032 {1}
109:         Output tree data at t=13.80 Gyr (output 1 of 1)
109:     <- Finished tree
109:     Progress: 4445 trees processed; elapsed 1.08 d
062:         Output tree data at t=13.80 Gyr (output 1 of 1)
062:     <- Finished tree
123:         Output tree data at t=13.80 Gyr (output 1 of 1)
123:     <- Finished tree
123:     -> Evolving tree number 5397 {1}
043:         Output tree data at t=13.80 Gyr (output 1 of 1)
043:     <- Finished tree
062:     -> Evolving tree number 5458 {1}
043:     -> Evolving tree number 4965 {1}
058:         Output tree data at t=13.80 Gyr (output 1 of 1)
058:     <- Finished tree
125:         Output tree data at t=13.80 Gyr (output 1 of 1)
125:     <- Finished tree
007:         Output tree data at t=13.80 Gyr (output 1 of 1)
007:     <- Finished tree
058:     -> Evolving tree number 4950 {1}
109:     -> Evolving tree number 5795 {1}
125:     -> Evolving tree number 5011 {1}
007:     -> Evolving tree number 4745 {1}
061:         Output tree data at t=13.80 Gyr (output 1 of 1)
061:     <- Finished tree
061:     Progress: 4452 trees processed; elapsed 1.08 d
061:     -> Evolving tree number 5331 {1}
027:         Output tree data at t=13.80 Gyr (output 1 of 1)
027:     <- Finished tree
034:         Output tree data at t=13.80 Gyr (output 1 of 1)
034:     <- Finished tree
027:     -> Evolving tree number 5749 {1}
067:         Output tree data at t=13.80 Gyr (output 1 of 1)
067:     <- Finished tree
039:         Output tree data at t=13.80 Gyr (output 1 of 1)
039:     <- Finished tree
034:     -> Evolving tree number 5358 {1}
067:     -> Evolving tree number 6733 {1}
039:     -> Evolving tree number 5225 {1}
122:         Output tree data at t=13.80 Gyr (output 1 of 1)
122:     <- Finished tree
122:     Progress: 4457 trees processed; elapsed 1.08 d
122:     -> Evolving tree number 4374 {1}
037:         Output tree data at t=13.80 Gyr (output 1 of 1)
037:     <- Finished tree
080:         Output tree data at t=13.80 Gyr (output 1 of 1)
080:     <- Finished tree
065:         Output tree data at t=13.80 Gyr (output 1 of 1)
065:     <- Finished tree
080:     -> Evolving tree number 5184 {1}
065:     -> Evolving tree number 4815 {1}
037:     -> Evolving tree number 5867 {1}
082:         Output tree data at t=13.80 Gyr (output 1 of 1)
082:     <- Finished tree
082:     Progress: 4461 trees processed; elapsed 1.08 d
082:     -> Evolving tree number 5054 {1}
064:         Output tree data at t=13.80 Gyr (output 1 of 1)
064:     <- Finished tree
127:         Output tree data at t=13.80 Gyr (output 1 of 1)
127:     <- Finished tree
070:         Output tree data at t=13.80 Gyr (output 1 of 1)
070:     <- Finished tree
064:     -> Evolving tree number 4944 {1}
070:     -> Evolving tree number 4810 {1}
051:         Output tree data at t=13.80 Gyr (output 1 of 1)
051:     <- Finished tree
051:     Progress: 4465 trees processed; elapsed 1.08 d
091:         Output tree data at t=13.80 Gyr (output 1 of 1)
091:     <- Finished tree
019:         Output tree data at t=13.80 Gyr (output 1 of 1)
019:     <- Finished tree
105:         Output tree data at t=13.80 Gyr (output 1 of 1)
105:     <- Finished tree
127:     -> Evolving tree number 4625 {1}
019:     -> Evolving tree number 5885 {1}
086:         Output tree data at t=13.80 Gyr (output 1 of 1)
086:     <- Finished tree
086:     Progress: 4469 trees processed; elapsed 1.09 d
051:     -> Evolving tree number 6493 {1}
086:     -> Evolving tree number 5306 {1}
091:     -> Evolving tree number 4405 {1}
105:     -> Evolving tree number 5543 {1}
098:         Output tree data at t=13.80 Gyr (output 1 of 1)
098:     <- Finished tree
098:     -> Evolving tree number 5550 {1}
074:         Output tree data at t=13.80 Gyr (output 1 of 1)
074:     <- Finished tree
074:     Progress: 4471 trees processed; elapsed 1.09 d
090:         Output tree data at t=13.80 Gyr (output 1 of 1)
090:     <- Finished tree
074:     -> Evolving tree number 6086 {1}
090:     -> Evolving tree number 4662 {1}
044:         Output tree data at t=13.80 Gyr (output 1 of 1)
044:     <- Finished tree
095:         Output tree data at t=13.80 Gyr (output 1 of 1)
095:     <- Finished tree
095:     -> Evolving tree number 5681 {1}
044:     -> Evolving tree number 5988 {1}
107:         Output tree data at t=13.80 Gyr (output 1 of 1)
107:     <- Finished tree
077:         Output tree data at t=13.80 Gyr (output 1 of 1)
077:     <- Finished tree
005:         Output tree data at t=13.80 Gyr (output 1 of 1)
005:     <- Finished tree
107:     -> Evolving tree number 5669 {1}
077:     -> Evolving tree number 5059 {1}
005:     -> Evolving tree number 6411 {1}
102:         Output tree data at t=13.80 Gyr (output 1 of 1)
102:     <- Finished tree
102:     Progress: 4478 trees processed; elapsed 1.09 d
102:     -> Evolving tree number 6570 {1}
057:         Output tree data at t=13.80 Gyr (output 1 of 1)
057:     <- Finished tree
057:     Progress: 4479 trees processed; elapsed 1.09 d
057:     -> Evolving tree number 5975 {1}
045:         Output tree data at t=13.80 Gyr (output 1 of 1)
045:     <- Finished tree
045:     -> Evolving tree number 6243 {1}
041:         Output tree data at t=13.80 Gyr (output 1 of 1)
041:     <- Finished tree
055:         Output tree data at t=13.80 Gyr (output 1 of 1)
055:     <- Finished tree
084:         Output tree data at t=13.80 Gyr (output 1 of 1)
084:     <- Finished tree
119:         Output tree data at t=13.80 Gyr (output 1 of 1)
119:     <- Finished tree
119:     Progress: 4484 trees processed; elapsed 1.09 d
055:     -> Evolving tree number 5849 {1}
084:     -> Evolving tree number 5180 {1}
041:     -> Evolving tree number 5607 {1}
008:         Output tree data at t=13.80 Gyr (output 1 of 1)
008:     <- Finished tree
026:         Output tree data at t=13.80 Gyr (output 1 of 1)
026:     <- Finished tree
026:     -> Evolving tree number 4598 {1}
008:     -> Evolving tree number 5640 {1}
081:         Output tree data at t=13.80 Gyr (output 1 of 1)
081:     <- Finished tree
036:         Output tree data at t=13.80 Gyr (output 1 of 1)
036:     <- Finished tree
036:     Progress: 4488 trees processed; elapsed 1.09 d
048:         Output tree data at t=13.80 Gyr (output 1 of 1)
048:     <- Finished tree
081:     -> Evolving tree number 4415 {1}
036:     -> Evolving tree number 4588 {1}
048:     -> Evolving tree number 4576 {1}
094:         Output tree data at t=13.80 Gyr (output 1 of 1)
094:     <- Finished tree
119:     -> Evolving tree number 5145 {1}
002:         Output tree data at t=13.80 Gyr (output 1 of 1)
002:     <- Finished tree
002:     Progress: 4491 trees processed; elapsed 1.09 d
002:     -> Evolving tree number 6030 {1}
094:     -> Evolving tree number 5682 {1}
063:         Output tree data at t=13.80 Gyr (output 1 of 1)
063:     <- Finished tree
063:     Progress: 4492 trees processed; elapsed 1.09 d
117:         Output tree data at t=13.80 Gyr (output 1 of 1)
117:     <- Finished tree
117:     -> Evolving tree number 5403 {1}
106:         Output tree data at t=13.80 Gyr (output 1 of 1)
106:     <- Finished tree
106:     Progress: 4494 trees processed; elapsed 1.09 d
032:         Output tree data at t=13.80 Gyr (output 1 of 1)
032:     <- Finished tree
121:         Output tree data at t=13.80 Gyr (output 1 of 1)
121:     <- Finished tree
106:     -> Evolving tree number 4774 {1}
014:         Output tree data at t=13.80 Gyr (output 1 of 1)
014:     <- Finished tree
032:     -> Evolving tree number 4592 {1}
121:     -> Evolving tree number 4119 {1}
079:         Output tree data at t=13.80 Gyr (output 1 of 1)
079:     <- Finished tree
014:     -> Evolving tree number 5634 {1}
079:     -> Evolving tree number 6849 {1}
063:     -> Evolving tree number 5713 {1}
068:         Output tree data at t=13.80 Gyr (output 1 of 1)
068:     <- Finished tree
068:     -> Evolving tree number 5452 {1}
001:         Output tree data at t=13.80 Gyr (output 1 of 1)
001:     <- Finished tree
049:         Output tree data at t=13.80 Gyr (output 1 of 1)
049:     <- Finished tree
049:     Progress: 4501 trees processed; elapsed 1.09 d
049:     -> Evolving tree number 5855 {1}
018:         Output tree data at t=13.80 Gyr (output 1 of 1)
018:     <- Finished tree
018:     -> Evolving tree number 4478 {1}
124:         Output tree data at t=13.80 Gyr (output 1 of 1)
124:     <- Finished tree
001:     -> Evolving tree number 6159 {1}
089:         Output tree data at t=13.80 Gyr (output 1 of 1)
089:     <- Finished tree
089:     Progress: 4504 trees processed; elapsed 1.09 d
124:     -> Evolving tree number 4628 {1}
010:         Output tree data at t=13.80 Gyr (output 1 of 1)
010:     <- Finished tree
010:     -> Evolving tree number 6150 {1}
089:     -> Evolving tree number 4919 {1}
060:         Output tree data at t=13.80 Gyr (output 1 of 1)
060:     <- Finished tree
060:     Progress: 4506 trees processed; elapsed 1.10 d
060:     -> Evolving tree number 5204 {1}
108:         Output tree data at t=13.80 Gyr (output 1 of 1)
108:     <- Finished tree
108:     -> Evolving tree number 4772 {1}
118:         Output tree data at t=13.80 Gyr (output 1 of 1)
118:     <- Finished tree
118:     Progress: 4508 trees processed; elapsed 1.10 d
096:         Output tree data at t=13.80 Gyr (output 1 of 1)
096:     <- Finished tree
028:         Output tree data at t=13.80 Gyr (output 1 of 1)
028:     <- Finished tree
101:         Output tree data at t=13.80 Gyr (output 1 of 1)
101:     <- Finished tree
118:     -> Evolving tree number 4762 {1}
065:         Output tree data at t=13.80 Gyr (output 1 of 1)
065:     <- Finished tree
028:     -> Evolving tree number 4724 {1}
096:     -> Evolving tree number 5296 {1}
101:     -> Evolving tree number 5547 {1}
065:     -> Evolving tree number 4687 {1}
004:         Output tree data at t=13.80 Gyr (output 1 of 1)
004:     <- Finished tree
004:     Progress: 4513 trees processed; elapsed 1.10 d
046:         Output tree data at t=13.80 Gyr (output 1 of 1)
046:     <- Finished tree
046:     -> Evolving tree number 5346 {1}
039:         Output tree data at t=13.80 Gyr (output 1 of 1)
039:     <- Finished tree
039:     -> Evolving tree number 5097 {1}
099:         Output tree data at t=13.80 Gyr (output 1 of 1)
099:     <- Finished tree
099:     Progress: 4516 trees processed; elapsed 1.10 d
050:         Output tree data at t=13.80 Gyr (output 1 of 1)
050:     <- Finished tree
004:     -> Evolving tree number 4108 {1}
033:         Output tree data at t=13.80 Gyr (output 1 of 1)
033:     <- Finished tree
116:         Output tree data at t=13.80 Gyr (output 1 of 1)
116:     <- Finished tree
099:     -> Evolving tree number 5805 {1}
033:     -> Evolving tree number 4975 {1}
110:         Output tree data at t=13.80 Gyr (output 1 of 1)
110:     <- Finished tree
110:     Progress: 4520 trees processed; elapsed 1.10 d
088:         Output tree data at t=13.80 Gyr (output 1 of 1)
088:     <- Finished tree
110:     -> Evolving tree number 5410 {1}
114:         Output tree data at t=13.80 Gyr (output 1 of 1)
114:     <- Finished tree
088:     -> Evolving tree number 6200 {1}
050:     -> Evolving tree number 5342 {1}
040:         Output tree data at t=13.80 Gyr (output 1 of 1)
040:     <- Finished tree
069:         Output tree data at t=13.80 Gyr (output 1 of 1)
069:     <- Finished tree
069:     -> Evolving tree number 4299 {1}
116:     -> Evolving tree number 5532 {1}
035:         Output tree data at t=13.80 Gyr (output 1 of 1)
035:     <- Finished tree
092:         Output tree data at t=13.80 Gyr (output 1 of 1)
092:     <- Finished tree
092:     Progress: 4526 trees processed; elapsed 1.10 d
011:         Output tree data at t=13.80 Gyr (output 1 of 1)
011:     <- Finished tree
092:     -> Evolving tree number 4020 {1}
035:     -> Evolving tree number 4717 {1}
114:     -> Evolving tree number 5022 {1}
054:         Output tree data at t=13.80 Gyr (output 1 of 1)
054:     <- Finished tree
011:     -> Evolving tree number 4741 {1}
000:         Output tree data at t=13.80 Gyr (output 1 of 1)
000:     <- Finished tree
071:         Output tree data at t=13.80 Gyr (output 1 of 1)
071:     <- Finished tree
015:         Output tree data at t=13.80 Gyr (output 1 of 1)
015:     <- Finished tree
015:     -> Evolving tree number 4737 {1}
040:     -> Evolving tree number 6248 {1}
071:     -> Evolving tree number 5065 {1}
054:     -> Evolving tree number 4954 {1}
112:         Output tree data at t=13.80 Gyr (output 1 of 1)
112:     <- Finished tree
112:     Progress: 4532 trees processed; elapsed 1.10 d
043:         Output tree data at t=13.80 Gyr (output 1 of 1)
043:     <- Finished tree
043:     -> Evolving tree number 4837 {1}
000:     -> Evolving tree number 4240 {1}
112:     -> Evolving tree number 4640 {1}
017:         Output tree data at t=13.80 Gyr (output 1 of 1)
017:     <- Finished tree
017:     Progress: 4534 trees processed; elapsed 1.10 d
009:         Output tree data at t=13.80 Gyr (output 1 of 1)
009:     <- Finished tree
009:     -> Evolving tree number 5895 {1}
064:         Output tree data at t=13.80 Gyr (output 1 of 1)
064:     <- Finished tree
056:         Output tree data at t=13.80 Gyr (output 1 of 1)
056:     <- Finished tree
003:         Output tree data at t=13.80 Gyr (output 1 of 1)
003:     <- Finished tree
087:         Output tree data at t=13.80 Gyr (output 1 of 1)
087:     <- Finished tree
064:     -> Evolving tree number 4816 {1}
003:     -> Evolving tree number 5389 {1}
077:         Output tree data at t=13.80 Gyr (output 1 of 1)
077:     <- Finished tree
087:     -> Evolving tree number 6585 {1}
029:         Output tree data at t=13.80 Gyr (output 1 of 1)
029:     <- Finished tree
090:         Output tree data at t=13.80 Gyr (output 1 of 1)
090:     <- Finished tree
090:     Progress: 4542 trees processed; elapsed 1.10 d
077:     -> Evolving tree number 4931 {1}
056:     -> Evolving tree number 5336 {1}
090:     -> Evolving tree number 4534 {1}
017:     -> Evolving tree number 5887 {1}
059:         Output tree data at t=13.80 Gyr (output 1 of 1)
059:     <- Finished tree
059:     -> Evolving tree number 4565 {1}
047:         Output tree data at t=13.80 Gyr (output 1 of 1)
047:     <- Finished tree
047:     Progress: 4544 trees processed; elapsed 1.10 d
078:         Output tree data at t=13.80 Gyr (output 1 of 1)
078:     <- Finished tree
091:         Output tree data at t=13.80 Gyr (output 1 of 1)
091:     <- Finished tree
047:     -> Evolving tree number 6369 {1}
093:         Output tree data at t=13.80 Gyr (output 1 of 1)
093:     <- Finished tree
022:         Output tree data at t=13.80 Gyr (output 1 of 1)
022:     <- Finished tree
078:     -> Evolving tree number 5698 {1}
091:     -> Evolving tree number 4277 {1}
093:     -> Evolving tree number 4915 {1}
029:     -> Evolving tree number 6387 {1}
081:         Output tree data at t=13.80 Gyr (output 1 of 1)
081:     <- Finished tree
081:     -> Evolving tree number 4287 {1}
072:         Output tree data at t=13.80 Gyr (output 1 of 1)
072:     <- Finished tree
072:     Progress: 4550 trees processed; elapsed 1.10 d
038:         Output tree data at t=13.80 Gyr (output 1 of 1)
038:     <- Finished tree
012:         Output tree data at t=13.80 Gyr (output 1 of 1)
012:     <- Finished tree
007:         Output tree data at t=13.80 Gyr (output 1 of 1)
007:     <- Finished tree
066:         Output tree data at t=13.80 Gyr (output 1 of 1)
066:     <- Finished tree
016:         Output tree data at t=13.80 Gyr (output 1 of 1)
016:     <- Finished tree
038:     -> Evolving tree number 4714 {1}
113:         Output tree data at t=13.80 Gyr (output 1 of 1)
113:     <- Finished tree
012:     -> Evolving tree number 6404 {1}
072:     -> Evolving tree number 5576 {1}
016:     -> Evolving tree number 4096 {1}
022:     -> Evolving tree number 4858 {1}
007:     -> Evolving tree number 4617 {1}
066:     -> Evolving tree number 5454 {1}
023:         Output tree data at t=13.80 Gyr (output 1 of 1)
023:     <- Finished tree
023:     -> Evolving tree number 6009 {1}
070:         Output tree data at t=13.80 Gyr (output 1 of 1)
070:     <- Finished tree
053:         Output tree data at t=13.80 Gyr (output 1 of 1)
053:     <- Finished tree
053:     Progress: 4559 trees processed; elapsed 1.11 d
037:         Output tree data at t=13.80 Gyr (output 1 of 1)
037:     <- Finished tree
037:     -> Evolving tree number 5739 {1}
053:     -> Evolving tree number 6235 {1}
113:     -> Evolving tree number 5663 {1}
021:         Output tree data at t=13.80 Gyr (output 1 of 1)
021:     <- Finished tree
070:     -> Evolving tree number 4682 {1}
097:         Output tree data at t=13.80 Gyr (output 1 of 1)
097:     <- Finished tree
097:     Progress: 4562 trees processed; elapsed 1.11 d
021:     -> Evolving tree number 5755 {1}
097:     -> Evolving tree number 6319 {1}
082:         Output tree data at t=13.80 Gyr (output 1 of 1)
082:     <- Finished tree
030:         Output tree data at t=13.80 Gyr (output 1 of 1)
030:     <- Finished tree
123:         Output tree data at t=13.80 Gyr (output 1 of 1)
123:     <- Finished tree
052:         Output tree data at t=13.80 Gyr (output 1 of 1)
052:     <- Finished tree
030:     -> Evolving tree number 4722 {1}
020:         Output tree data at t=13.80 Gyr (output 1 of 1)
020:     <- Finished tree
104:         Output tree data at t=13.80 Gyr (output 1 of 1)
104:     <- Finished tree
082:     -> Evolving tree number 4926 {1}
109:         Output tree data at t=13.80 Gyr (output 1 of 1)
109:     <- Finished tree
109:     Progress: 4569 trees processed; elapsed 1.11 d
104:     -> Evolving tree number 4904 {1}
085:         Output tree data at t=13.80 Gyr (output 1 of 1)
085:     <- Finished tree
020:     -> Evolving tree number 6140 {1}
073:         Output tree data at t=13.80 Gyr (output 1 of 1)
073:     <- Finished tree
109:     -> Evolving tree number 5667 {1}
085:     -> Evolving tree number 6075 {1}
026:         Output tree data at t=13.80 Gyr (output 1 of 1)
026:     <- Finished tree
073:     -> Evolving tree number 5831 {1}
026:     -> Evolving tree number 4470 {1}
095:         Output tree data at t=13.80 Gyr (output 1 of 1)
095:     <- Finished tree
123:     -> Evolving tree number 5269 {1}
062:         Output tree data at t=13.80 Gyr (output 1 of 1)
062:     <- Finished tree
122:         Output tree data at t=13.80 Gyr (output 1 of 1)
122:     <- Finished tree
052:     -> Evolving tree number 5852 {1}
122:     -> Evolving tree number 4246 {1}
062:     -> Evolving tree number 5330 {1}
076:         Output tree data at t=13.80 Gyr (output 1 of 1)
076:     <- Finished tree
076:     Progress: 4576 trees processed; elapsed 1.11 d
076:     -> Evolving tree number 5316 {1}
095:     -> Evolving tree number 5553 {1}
006:         Output tree data at t=13.80 Gyr (output 1 of 1)
006:     <- Finished tree
031:         Output tree data at t=13.80 Gyr (output 1 of 1)
031:     <- Finished tree
086:         Output tree data at t=13.80 Gyr (output 1 of 1)
086:     <- Finished tree
086:     Progress: 4579 trees processed; elapsed 1.11 d
031:     -> Evolving tree number 5617 {1}
086:     -> Evolving tree number 5178 {1}
006:     -> Evolving tree number 6282 {1}
120:         Output tree data at t=13.80 Gyr (output 1 of 1)
120:     <- Finished tree
111:         Output tree data at t=13.80 Gyr (output 1 of 1)
111:     <- Finished tree
120:     -> Evolving tree number 4504 {1}
058:         Output tree data at t=13.80 Gyr (output 1 of 1)
058:     <- Finished tree
058:     Progress: 4582 trees processed; elapsed 1.11 d
111:     -> Evolving tree number 4257 {1}
080:         Output tree data at t=13.80 Gyr (output 1 of 1)
080:     <- Finished tree
032:         Output tree data at t=13.80 Gyr (output 1 of 1)
032:     <- Finished tree
019:         Output tree data at t=13.80 Gyr (output 1 of 1)
019:     <- Finished tree
019:     -> Evolving tree number 5757 {1}
115:         Output tree data at t=13.80 Gyr (output 1 of 1)
115:     <- Finished tree
080:     -> Evolving tree number 5056 {1}
032:     -> Evolving tree number 4464 {1}
024:         Output tree data at t=13.80 Gyr (output 1 of 1)
024:     <- Finished tree
024:     Progress: 4587 trees processed; elapsed 1.11 d
033:         Output tree data at t=13.80 Gyr (output 1 of 1)
033:     <- Finished tree
115:     -> Evolving tree number 6045 {1}
024:     -> Evolving tree number 4472 {1}
058:     -> Evolving tree number 4822 {1}
048:         Output tree data at t=13.80 Gyr (output 1 of 1)
048:     <- Finished tree
033:     -> Evolving tree number 4847 {1}
048:     -> Evolving tree number 4448 {1}
075:         Output tree data at t=13.80 Gyr (output 1 of 1)
075:     <- Finished tree
075:     -> Evolving tree number 4933 {1}
106:         Output tree data at t=13.80 Gyr (output 1 of 1)
106:     <- Finished tree
106:     Progress: 4591 trees processed; elapsed 1.11 d
106:     -> Evolving tree number 4646 {1}
061:         Output tree data at t=13.80 Gyr (output 1 of 1)
061:     <- Finished tree
042:         Output tree data at t=13.80 Gyr (output 1 of 1)
042:     <- Finished tree
036:         Output tree data at t=13.80 Gyr (output 1 of 1)
036:     <- Finished tree
036:     Progress: 4594 trees processed; elapsed 1.11 d
013:         Output tree data at t=13.80 Gyr (output 1 of 1)
013:     <- Finished tree
036:     -> Evolving tree number 4460 {1}
013:     -> Evolving tree number 4611 {1}
061:     -> Evolving tree number 5203 {1}
042:     -> Evolving tree number 6118 {1}
098:         Output tree data at t=13.80 Gyr (output 1 of 1)
098:     <- Finished tree
098:     Progress: 4596 trees processed; elapsed 1.11 d
125:         Output tree data at t=13.80 Gyr (output 1 of 1)
125:     <- Finished tree
098:     -> Evolving tree number 5422 {1}
125:     -> Evolving tree number 4883 {1}
057:         Output tree data at t=13.80 Gyr (output 1 of 1)
057:     <- Finished tree
127:         Output tree data at t=13.80 Gyr (output 1 of 1)
127:     <- Finished tree
127:     Progress: 4599 trees processed; elapsed 1.11 d
084:         Output tree data at t=13.80 Gyr (output 1 of 1)
084:     <- Finished tree
127:     -> Evolving tree number 4497 {1}
084:     -> Evolving tree number 5052 {1}
027:         Output tree data at t=13.80 Gyr (output 1 of 1)
027:     <- Finished tree
119:         Output tree data at t=13.80 Gyr (output 1 of 1)
119:     <- Finished tree
057:     -> Evolving tree number 5847 {1}
027:     -> Evolving tree number 5621 {1}
119:     -> Evolving tree number 5017 {1}
107:         Output tree data at t=13.80 Gyr (output 1 of 1)
107:     <- Finished tree
107:     Progress: 4603 trees processed; elapsed 1.12 d
068:         Output tree data at t=13.80 Gyr (output 1 of 1)
068:     <- Finished tree
100:         Output tree data at t=13.80 Gyr (output 1 of 1)
100:     <- Finished tree
068:     -> Evolving tree number 5324 {1}
107:     -> Evolving tree number 5541 {1}
100:     -> Evolving tree number 5036 {1}
008:         Output tree data at t=13.80 Gyr (output 1 of 1)
008:     <- Finished tree
008:     -> Evolving tree number 5512 {1}
121:         Output tree data at t=13.80 Gyr (output 1 of 1)
121:     <- Finished tree
010:         Output tree data at t=13.80 Gyr (output 1 of 1)
010:     <- Finished tree
010:     Progress: 4608 trees processed; elapsed 1.12 d
121:     -> Evolving tree number 3991 {1}
044:         Output tree data at t=13.80 Gyr (output 1 of 1)
044:     <- Finished tree
000:         Output tree data at t=13.80 Gyr (output 1 of 1)
000:     <- Finished tree
044:     -> Evolving tree number 5860 {1}
000:     -> Evolving tree number 4112 {1}
041:         Output tree data at t=13.80 Gyr (output 1 of 1)
041:     <- Finished tree
041:     -> Evolving tree number 5479 {1}
010:     -> Evolving tree number 6022 {1}
004:         Output tree data at t=13.80 Gyr (output 1 of 1)
#0  0x97ecc7 in signal_handler_sigfpe
	at ./work/build/error/_module.p.F90:472
#1  0x14df6e63fb2f in ???
#2  0x22a56ef in node_component_hot_halo_standard_outflowing_mass_rate
	at ./work/build/objects/nodes/components/hot_halo/standard/_class.p.F90:1386
#3  0x20cb924 in __galacticus_nodes_MOD_hothalostandardoutflowingmassrate
	at ./work/build/objects/nodes/_class.p.F90:53304
#4  0x1b6861e in __nodes_operators_MOD_stellarfeedbackdisksdifferentialevolution
	at ./work/build/nodes/operators/physics/stellar_feedback/disks.p.F90:417
#5  0x1abe6d0 in __nodes_operators_MOD_multidifferentialevolution
	at ./work/build/nodes/operators/multi.p.F90:329
#6  0x1abe6d0 in __nodes_operators_MOD_multidifferentialevolution
	at ./work/build/nodes/operators/multi.p.F90:319
#7  0x14fe676 in __merger_trees_evolve_node.mergertreenodeevolverstandard__MOD_standardderivativescompute
	at ./work/build/merger_trees/node_evolver/standard.p.F90:1767
#8  0x14fe9de in __merger_trees_evolve_node.mergertreenodeevolverstandard__MOD_standardodes
	at ./work/build/merger_trees/node_evolver/standard.p.F90:1591
#9  0x1e3a199 in derivativeswrapper
	at ./work/build/numerical/ODE_solver/solver.p.F90:763
#10  0x14df6f7335bc in rkck_apply
	at ode-initval/rkck.c:299
#11  0x14df6f734709 in gsl_odeiv2_step_apply
	at ode-initval2/step.c:73
#12  0x14df6f738577 in gsl_odeiv2_evolve_apply
	at ode-initval2/evolve.c:182
#13  0x4128f6 in gsl_odeiv2_driver2_apply
	at source/external/gslODEInitVal2/driver2.c:192
#14  0x1e60f7d in __numerical_ode_solvers_MOD_odesolversolve
	at ./work/build/numerical/ODE_solver/solver.p.F90:641
#15  0x151049d in __merger_trees_evolve_node_MOD_standardevolve
	at ./work/build/merger_trees/node_evolver/standard.p.F90:1326
#16  0x146f8c2 in __merger_trees_evolve_MOD_standardevolve
	at ./work/build/merger_trees/evolver/standard.p.F90:958
#17  0x392f892 in __tasks_MOD_evolveforestsperform._omp_fn.0
	at ./work/build/tasks/evolve_forests/_class.p.F90:1807
#18  0x14df6e97870d in gomp_thread_start
	at ../../../libgomp/team.c:129
#19  0x14df6e68b568 in ???
#20  0x14df6e71075f in ???
#21  0xffffffffffffffff in ???
 Galacticus experienced a floating point exception - will try to flush data before exiting.
  => Error occurred in thread            2
  => Command line was: /home/sackah/Galacticus/galacticus/Galacticus.exe /home/sackah/milkyway/parameter_files/baryonsMilkyWay.xml /home/sackah/milkyway/parameter_files/noLmcConstraint.xml
  => The following warnings were issued:
 Using default value for parameter '[errorWaitTime]'
 Using default value for parameter '[componentBlackHole/outputMergers]'
 Using default value for parameter '[componentDisk/toleranceAbsoluteMass]'
 Using default value for parameter '[componentHotHalo/starveSatellitesOutflowed]'
 Using default value for parameter '[componentSpheroid/toleranceRelativeMetallicity]'
 Using default value for parameter '[stellarPopulationSpectraPostprocessorBuilder/names]'
 Using default class for parameter '[stellarPopulationSpectraPostprocessor]'
 Using default class for parameter '[stellarPopulationSpectraPostprocessorBuilder]'
 Using default value for parameter '[task/countForestsMaximum]'
 Using default value for parameter '[mergerTreeConstructor/mergerTreeConstructor/timeSnapTolerance]'
 Using default value for parameter '[mergerTreeBuilder/mergerTreeBuilder/redshiftMaximum]'
 Using default value for parameter '[mergerTreeBranchingProbability/gamma4]'
 Using default value for parameter '[powerSpectrumPrimordial/runningRunning]'
 Using default value for parameter '[transferFunction/transferFunctionType]'
 Using default value for parameter '[cosmologicalMassVariance/integrationFailureIsFatal]'
 Using default value for parameter '[criticalOverdensity/criticalOverdensity/normalization]'
 Using default value for parameter '[criticalOverdensity/haloEnvironment/normalization]'
 Using default value for parameter '[haloEnvironment/massEnvironment]'
 Using default value for parameter '[mergerTreeBuilder/trialCountMaximum]'
 Using default value for parameter '[randomNumberGenerator/ompThreadOffset]'
 Using default value for parameter '[cosmologicalMassVariance/haloMassFunction/rootVarianceLogarithmicGradientTolerance]'
 Using default value for parameter '[criticalOverdensity/haloMassFunction/normalization]'
 Using default value for parameter '[mergerTreeBuildMasses/radiusTree]'
 Using default value for parameter '[virialDensityContrast/tableStore]'
 Using default class for parameter '[darkMatterHaloScale]'
 Using default value for parameter '[nodeOperator/nodeOperator/factorReset]'
 Using default value for parameter '[darkMatterProfileScaleRadius/darkMatterProfileScaleRadius/correlationRateDecay]'
 Using default value for parameter '[darkMatterProfileDMO/chandrasekharIntegralSuppressExtendedMass]'
 Using default value for parameter '[darkMatterProfileDMO/darkMatterProfileDMO/velocityDispersionUseSeriesExpansion]'
 Using default value for parameter '[darkMatterProfileHeating/coefficientSecondOrder2]'
 Using default value for parameter '[darkMatterProfileConcentration/darkMatterProfileScaleRadius/darkMatterProfileScaleRadius/darkMatterProfileScaleRadius/kappa]'
 Using default class for parameter '[satelliteMassBoundInitializor]'
 Using default value for parameter '[satelliteTidalStripping/useDynamicalTimeScale]'
 Using default value for parameter '[satelliteTidalStrippingRadius/efficiencyCentrifugal]'
 Using default class for parameter '[satelliteTidalStrippingRadius]'
 Using default class for parameter '[atomicIonizationRateCollisional]'
 Using default class for parameter '[atomicRecombinationRateRadiative]'
 Using default class for parameter '[atomicCrossSectionIonizationPhoto]'
 Using default value for parameter '[starFormationRateDisks/tolerance]'
 Using default value for parameter '[starFormationRateSurfaceDensityDisks/velocityDispersionDiskGas]'
 Using default value for parameter '[stellarPopulation/instantaneousRecyclingApproximation]'
 Using default value for parameter '[initialMassFunction/massUpper]'
 Using default value for parameter '[stellarAstrophysics/fileName]'
 Using default class for parameter '[stellarAstrophysics]'
 Using default value for parameter '[stellarFeedback/initialMassForSupernovaeTypeII]'
 Using default class for parameter '[supernovaeTypeIa]'
 Using default class for parameter '[supernovaePopulationIII]'
 Using default value for parameter '[stellarTracks/fileName]'
 Using default class for parameter '[stellarTracks]'
 Using default class for parameter '[stellarWinds]'
 Using default class for parameter '[stellarFeedback]'
 Using default value for parameter '[stellarPopulationSpectra/forceZeroMetallicity]'
 Using default value for parameter '[stellarPopulationBroadBandLuminosities/integrationToleranceRelative]'
 Using default class for parameter '[stellarPopulationBroadBandLuminosities]'
 Using default class for parameter '[starFormationHistory]'
 Using default class for parameter '[starFormationActiveMass]'
 Using default value for parameter '[galacticDynamicsBarInstability/nodeOperator/nodeOperator/timescaleMinimum]'
 Using default value for parameter '[darkMatterHaloMassAccretionHistory/formationRedshiftCompute]'
 Using default class for parameter '[darkMatterHaloMassAccretionHistory]'
 Using default value for parameter '[blackHoleAccretionRate/bondiHoyleAccretionEnhancementNuclearStarCluster]'
 Using default value for parameter '[accretionDisks/accretionRateTransitionWidth]'
 Using default value for parameter '[accretionDisksADAF/accretionDisks/fieldEnhancementOption]'
 Using default class for parameter '[blackHoleBinarySeparationGrowthRate]'
 Using default class for parameter '[chemicalState]'
 Using default class for parameter '[accretionHaloTotal]'
 Using default value for parameter '[accretionHalo/redshiftReionization]'
 Using default value for parameter '[intergalacticMediumFilteringMass/timeTooEarlyIsFatal]'
 Using default class for parameter '[coolingInfallRadius]'
 Using default value for parameter '[coolingSpecificAngularMomentum/useInteriorMean]'
 Using default value for parameter '[hotHaloRamPressureStripping/formFactor]'
 Using default class for parameter '[mergerTreeFilter]'
 Using default class for parameter '[mergerTreeOperator]'
 Using default class for parameter '[metaTreeProcessingTime]'
 Using default class for parameter '[universeOperator]'
 Using default value for parameter '[mergerTreeEvolver/allTreesExistAtFinalTime]'
 Using default value for parameter '[galacticStructureSolver/includeBaryonGravity]'
 Using default value for parameter '[mergerTreeNodeEvolver/odeJacobianStepSizeRelative]'
 Using default class for parameter '[mergerTreeEvolveProfiler]'
 Using default class for parameter '[mergerTreeInitializor]'
 Using default value for parameter '[mergerTreeOutputter/outputsGroupName]'
 Using default class for parameter '[galacticFilter]'
 Using default value for parameter '[blackHoleSeeds/mass]'
 Using default class for parameter '[blackHoleSeeds]'
 Using default class for parameter '[blackHoleBinaryRecoil]'
 Using default value for parameter '[blackHoleBinaryInitialSeparation/spheroidRadiusFraction]'
 Using default class for parameter '[blackHoleBinaryInitialSeparation]'
 Using default value for parameter '[darkMatterProfile/radiusFractionalPivot]'
 Using default value for parameter '[mergerMassMovements/destinationStarsMinorMerger]'
 Using default value for parameter '[massDistributionDisk/componentDisk/scaleHeight]'
 Using default value for parameter '[hotHaloMassDistribution/beta]'
 Using default value for parameter '[mergerRemnantSize/ignoreUnphysicalConditions]'
 Using default class for parameter '[mergerProgenitorProperties]'
 Using default value for parameter '[massDistributionSpheroid/componentSpheroid/densityNormalization]'
 Using default value for parameter '[blackHoleSeeds/mass]'
 Using default value for parameter '[blackHoleBinaryInitialSeparation/spheroidRadiusFraction]'
 Using default value for parameter '[darkMatterProfile/radiusFractionalPivot]'
 Using default value for parameter '[mergerMassMovements/destinationStarsMinorMerger]'
 Using default value for parameter '[massDistributionDisk/componentDisk/scaleHeight]'
 Using default value for parameter '[hotHaloMassDistribution/beta]'
 Using default value for parameter '[mergerRemnantSize/ignoreUnphysicalConditions]'
 Using default value for parameter '[massDistributionSpheroid/componentSpheroid/densityNormalization]'
 Using default value for parameter '[blackHoleSeeds/mass]'
 Using default value for parameter '[blackHoleBinaryInitialSeparation/spheroidRadiusFraction]'
 Using default value for parameter '[darkMatterProfile/radiusFractionalPivot]'
 Using default value for parameter '[mergerMassMovements/destinationStarsMinorMerger]'
 Using default value for parameter '[massDistributionDisk/componentDisk/scaleHeight]'
 Using default value for parameter '[hotHaloMassDistribution/beta]'
 Using default value for parameter '[mergerRemnantSize/ignoreUnphysicalConditions]'
 Using default value for parameter '[massDistributionSpheroid/componentSpheroid/densityNormalization]'
 Using default value for parameter '[blackHoleSeeds/mass]'
 Using default value for parameter '[blackHoleBinaryInitialSeparation/spheroidRadiusFraction]'
 Using default value for parameter '[darkMatterProfile/radiusFractionalPivot]'
 Using default value for parameter '[mergerMassMovements/destinationStarsMinorMerger]'
 Using default value for parameter '[massDistributionDisk/componentDisk/scaleHeight]'
 Using default value for parameter '[hotHaloMassDistribution/beta]'
 Using default value for parameter '[mergerRemnantSize/ignoreUnphysicalConditions]'
 Using default value for parameter '[massDistributionSpheroid/componentSpheroid/densityNormalization]'
 Using default value for parameter '[blackHoleSeeds/mass]'
 Using default value for parameter '[blackHoleBinaryInitialSeparation/spheroidRadiusFraction]'
 Using default value for parameter '[darkMatterProfile/radiusFractionalPivot]'
 Using default value for parameter '[mergerMassMovements/destinationStarsMinorMerger]'
 Using default value for parameter '[massDistributionDisk/componentDisk/scaleHeight]'
 Using default value for parameter '[hotHaloMassDistribution/beta]'
 Using default value for parameter '[mergerRemnantSize/ignoreUnphysicalConditions]'
 Using default value for parameter '[massDistributionSpheroid/componentSpheroid/densityNormalization]'
 Using default value for parameter '[blackHoleSeeds/mass]'
 Using default value for parameter '[blackHoleBinaryInitialSeparation/spheroidRadiusFraction]'
 Using default value for parameter '[darkMatterProfile/radiusFractionalPivot]'
 Using default value for parameter '[mergerMassMovements/destinationStarsMinorMerger]'
 Using default value for parameter '[massDistributionDisk/componentDisk/scaleHeight]'
 Using default value for parameter '[hotHaloMassDistribution/beta]'
 Using default value for parameter '[mergerRemnantSize/ignoreUnphysicalConditions]'
 Using default value for parameter '[massDistributionSpheroid/componentSpheroid/densityNormalization]'
 Using default value for parameter '[blackHoleSeeds/mass]'
 Using default value for parameter '[blackHoleBinaryInitialSeparation/spheroidRadiusFraction]'
 Using default value for parameter '[darkMatterProfile/radiusFractionalPivot]'
 Using default value for parameter '[mergerMassMovements/destinationStarsMinorMerger]'
 Using default value for parameter '[massDistributionDisk/componentDisk/scaleHeight]'
 Using default value for parameter '[hotHaloMassDistribution/beta]'
 Using default value for parameter '[mergerRemnantSize/ignoreUnphysicalConditions]'
 Using default value for parameter '[massDistributionSpheroid/componentSpheroid/densityNormalization]'
 Using default value for parameter '[blackHoleSeeds/mass]'
 Using default value for parameter '[blackHoleBinaryInitialSeparation/spheroidRadiusFraction]'
 Using default value for parameter '[darkMatterProfile/radiusFractionalPivot]'
 Using default value for parameter '[mergerMassMovements/destinationStarsMinorMerger]'
 Using default value for parameter '[massDistributionDisk/componentDisk/scaleHeight]'
 Using default value for parameter '[hotHaloMassDistribution/beta]'
 Using default value for parameter '[mergerRemnantSize/ignoreUnphysicalConditions]'
 Using default value for parameter '[massDistributionSpheroid/componentSpheroid/densityNormalization]'
 Using default value for parameter '[blackHoleSeeds/mass]'
 Using default value for parameter '[blackHoleBinaryInitialSeparation/spheroidRadiusFraction]'
 Using default value for parameter '[darkMatterProfile/radiusFractionalPivot]'
 Using default value for parameter '[mergerMassMovements/destinationStarsMinorMerger]'
 Using default value for parameter '[massDistributionDisk/componentDisk/scaleHeight]'
 Using default value for parameter '[hotHaloMassDistribution/beta]'
 Using default value for parameter '[mergerRemnantSize/ignoreUnphysicalConditions]'
 Using default value for parameter '[massDistributionSpheroid/componentSpheroid/densityNormalization]'
 Using default value for parameter '[blackHoleSeeds/mass]'
 Using default value for parameter '[blackHoleBinaryInitialSeparation/spheroidRadiusFraction]'
 Using default value for parameter '[darkMatterProfile/radiusFractionalPivot]'
 Using default value for parameter '[mergerMassMovements/destinationStarsMinorMerger]'
 Using default value for parameter '[massDistributionDisk/componentDisk/scaleHeight]'
 Using default value for parameter '[hotHaloMassDistribution/beta]'
 Using default value for parameter '[mergerRemnantSize/ignoreUnphysicalConditions]'
 Using default value for parameter '[massDistributionSpheroid/componentSpheroid/densityNormalization]'
 Using default value for parameter '[blackHoleSeeds/mass]'
 Using default value for parameter '[blackHoleBinaryInitialSeparation/spheroidRadiusFraction]'
 Using default value for parameter '[darkMatterProfile/radiusFractionalPivot]'
 Using default value for parameter '[mergerMassMovements/destinationStarsMinorMerger]'
 Using default value for parameter '[massDistributionDisk/componentDisk/scaleHeight]'
 Using default value for parameter '[hotHaloMassDistribution/beta]'
 Using default value for parameter '[mergerRemnantSize/ignoreUnphysicalConditions]'
 Using default value for parameter '[massDistributionSpheroid/componentSpheroid/densityNormalization]'
 Using default value for parameter '[blackHoleSeeds/mass]'
 Using default value for parameter '[blackHoleBinaryInitialSeparation/spheroidRadiusFraction]'
 Using default value for parameter '[darkMatterProfile/radiusFractionalPivot]'
 Using default value for parameter '[mergerMassMovements/destinationStarsMinorMerger]'
 Using default value for parameter '[massDistributionDisk/componentDisk/scaleHeight]'
 Using default value for parameter '[hotHaloMassDistribution/beta]'
 Using default value for parameter '[mergerRemnantSize/ignoreUnphysicalConditions]'
 Using default value for parameter '[massDistributionSpheroid/componentSpheroid/densityNormalization]'
 Using default value for parameter '[blackHoleSeeds/mass]'
 Using default value for parameter '[blackHoleBinaryInitialSeparation/spheroidRadiusFraction]'
 Using default value for parameter '[darkMatterProfile/radiusFractionalPivot]'
 Using default value for parameter '[mergerMassMovements/destinationStarsMinorMerger]'
 Using default value for parameter '[massDistributionDisk/componentDisk/scaleHeight]'
 Using default value for parameter '[hotHaloMassDistribution/beta]'
 Using default value for parameter '[mergerRemnantSize/ignoreUnphysicalConditions]'
 Using default value for parameter '[massDistributionSpheroid/componentSpheroid/densityNormalization]'
 Using default value for parameter '[blackHoleSeeds/mass]'
 Using default value for parameter '[blackHoleBinaryInitialSeparation/spheroidRadiusFraction]'
 Using default value for parameter '[darkMatterProfile/radiusFractionalPivot]'
 Using default value for parameter '[mergerMassMovements/destinationStarsMinorMerger]'
 Using default value for parameter '[massDistributionDisk/componentDisk/scaleHeight]'
 Using default value for parameter '[hotHaloMassDistribution/beta]'
 Using default value for parameter '[mergerRemnantSize/ignoreUnphysicalConditions]'
 Using default value for parameter '[massDistributionSpheroid/componentSpheroid/densityNormalization]'
 Using default value for parameter '[blackHoleSeeds/mass]'
 Using default value for parameter '[blackHoleBinaryInitialSeparation/spheroidRadiusFraction]'
 Using default value for parameter '[darkMatterProfile/radiusFractionalPivot]'
 Using default value for parameter '[mergerMassMovements/destinationStarsMinorMerger]'
 Using default value for parameter '[massDistributionDisk/componentDisk/scaleHeight]'
 Using default value for parameter '[hotHaloMassDistribution/beta]'
 Using default value for parameter '[mergerRemnantSize/ignoreUnphysicalConditions]'
 Using default value for parameter '[massDistributionSpheroid/componentSpheroid/densityNormalization]'
 Using default value for parameter '[blackHoleSeeds/mass]'
 Using default value for parameter '[blackHoleBinaryInitialSeparation/spheroidRadiusFraction]'
 Using default value for parameter '[darkMatterProfile/radiusFractionalPivot]'
 Using default value for parameter '[mergerMassMovements/destinationStarsMinorMerger]'
 Using default value for parameter '[massDistributionDisk/componentDisk/scaleHeight]'
 Using default value for parameter '[hotHaloMassDistribution/beta]'
 Using default value for parameter '[mergerRemnantSize/ignoreUnphysicalConditions]'
 Using default value for parameter '[massDistributionSpheroid/componentSpheroid/densityNormalization]'
 Using default value for parameter '[blackHoleSeeds/mass]'
 Using default value for parameter '[blackHoleBinaryInitialSeparation/spheroidRadiusFraction]'
 Using default value for parameter '[darkMatterProfile/radiusFractionalPivot]'
 Using default value for parameter '[mergerMassMovements/destinationStarsMinorMerger]'
 Using default value for parameter '[massDistributionDisk/componentDisk/scaleHeight]'
 Using default value for parameter '[hotHaloMassDistribution/beta]'
 Using default value for parameter '[mergerRemnantSize/ignoreUnphysicalConditions]'
 Using default value for parameter '[massDistributionSpheroid/componentSpheroid/densityNormalization]'
 Using default value for parameter '[blackHoleSeeds/mass]'
 Using default value for parameter '[blackHoleBinaryInitialSeparation/spheroidRadiusFraction]'
 Using default value for parameter '[darkMatterProfile/radiusFractionalPivot]'
 Using default value for parameter '[mergerMassMovements/destinationStarsMinorMerger]'
 Using default value for parameter '[massDistributionDisk/componentDisk/scaleHeight]'
 Using default value for parameter '[hotHaloMassDistribution/beta]'
 Using default value for parameter '[mergerRemnantSize/ignoreUnphysicalConditions]'
 Using default value for parameter '[massDistributionSpheroid/componentSpheroid/densityNormalization]'
 Using default value for parameter '[blackHoleSeeds/mass]'
 Using default value for parameter '[blackHoleBinaryInitialSeparation/spheroidRadiusFraction]'
 Using default value for parameter '[darkMatterProfile/radiusFractionalPivot]'
 Using default value for parameter '[mergerMassMovements/destinationStarsMinorMerger]'
 Using default value for parameter '[massDistributionDisk/componentDisk/scaleHeight]'
 Using default value for parameter '[hotHaloMassDistribution/beta]'
 Using default value for parameter '[mergerRemnantSize/ignoreUnphysicalConditions]'
 Using default value for parameter '[massDistributionSpheroid/componentSpheroid/densityNormalization]'
 Using default value for parameter '[blackHoleSeeds/mass]'
 Using default value for parameter '[blackHoleBinaryInitialSeparation/spheroidRadiusFraction]'
 Using default value for parameter '[darkMatterProfile/radiusFractionalPivot]'
 Using default value for parameter '[mergerMassMovements/destinationStarsMinorMerger]'
 Using default value for parameter '[massDistributionDisk/componentDisk/scaleHeight]'
 Using default value for parameter '[hotHaloMassDistribution/beta]'
 Using default value for parameter '[mergerRemnantSize/ignoreUnphysicalConditions]'
 Using default value for parameter '[massDistributionSpheroid/componentSpheroid/densityNormalization]'
 Using default value for parameter '[blackHoleSeeds/mass]'
 Using default value for parameter '[blackHoleBinaryInitialSeparation/spheroidRadiusFraction]'
 Using default value for parameter '[darkMatterProfile/radiusFractionalPivot]'
 Using default value for parameter '[mergerMassMovements/destinationStarsMinorMerger]'
 Using default value for parameter '[massDistributionDisk/componentDisk/scaleHeight]'
 Using default value for parameter '[hotHaloMassDistribution/beta]'
 Using default value for parameter '[mergerRemnantSize/ignoreUnphysicalConditions]'
 Using default value for parameter '[massDistributionSpheroid/componentSpheroid/densityNormalization]'
 Using default value for parameter '[blackHoleSeeds/mass]'
 Using default value for parameter '[blackHoleBinaryInitialSeparation/spheroidRadiusFraction]'
 Using default value for parameter '[darkMatterProfile/radiusFractionalPivot]'
 Using default value for parameter '[mergerMassMovements/destinationStarsMinorMerger]'
 Using default value for parameter '[massDistributionDisk/componentDisk/scaleHeight]'
 Using default value for parameter '[hotHaloMassDistribution/beta]'
 Using default value for parameter '[mergerRemnantSize/ignoreUnphysicalConditions]'
 Using default value for parameter '[massDistributionSpheroid/componentSpheroid/densityNormalization]'
 Using default value for parameter '[blackHoleSeeds/mass]'
 Using default value for parameter '[blackHoleBinaryInitialSeparation/spheroidRadiusFraction]'
 Using default value for parameter '[darkMatterProfile/radiusFractionalPivot]'
 Using default value for parameter '[mergerMassMovements/destinationStarsMinorMerger]'
 Using default value for parameter '[massDistributionDisk/componentDisk/scaleHeight]'
 Using default value for parameter '[hotHaloMassDistribution/beta]'
 Using default value for parameter '[mergerRemnantSize/ignoreUnphysicalConditions]'
 Using default value for parameter '[massDistributionSpheroid/componentSpheroid/densityNormalization]'
 Using default value for parameter '[blackHoleSeeds/mass]'
 Using default value for parameter '[blackHoleBinaryInitialSeparation/spheroidRadiusFraction]'
 Using default value for parameter '[darkMatterProfile/radiusFractionalPivot]'
 Using default value for parameter '[mergerMassMovements/destinationStarsMinorMerger]'
 Using default value for parameter '[massDistributionDisk/componentDisk/scaleHeight]'
 Using default value for parameter '[hotHaloMassDistribution/beta]'
 Using default value for parameter '[mergerRemnantSize/ignoreUnphysicalConditions]'
 Using default value for parameter '[massDistributionSpheroid/componentSpheroid/densityNormalization]'
 Using default value for parameter '[blackHoleSeeds/mass]'
 Using default value for parameter '[blackHoleBinaryInitialSeparation/spheroidRadiusFraction]'
 Using default value for parameter '[darkMatterProfile/radiusFractionalPivot]'
 Using default value for parameter '[mergerMassMovements/destinationStarsMinorMerger]'
 Using default value for parameter '[massDistributionDisk/componentDisk/scaleHeight]'
 Using default value for parameter '[hotHaloMassDistribution/beta]'
 Using default value for parameter '[mergerRemnantSize/ignoreUnphysicalConditions]'
 Using default value for parameter '[massDistributionSpheroid/componentSpheroid/densityNormalization]'
 Using default value for parameter '[blackHoleSeeds/mass]'
 Using default value for parameter '[blackHoleBinaryInitialSeparation/spheroidRadiusFraction]'
 Using default value for parameter '[darkMatterProfile/radiusFractionalPivot]'
 Using default value for parameter '[mergerMassMovements/destinationStarsMinorMerger]'
 Using default value for parameter '[massDistributionDisk/componentDisk/scaleHeight]'
 Using default value for parameter '[hotHaloMassDistribution/beta]'
 Using default value for parameter '[mergerRemnantSize/ignoreUnphysicalConditions]'
 Using default value for parameter '[massDistributionSpheroid/componentSpheroid/densityNormalization]'
 Using default value for parameter '[blackHoleSeeds/mass]'
 Using default value for parameter '[blackHoleBinaryInitialSeparation/spheroidRadiusFraction]'
 Using default value for parameter '[darkMatterProfile/radiusFractionalPivot]'
 Using default value for parameter '[mergerMassMovements/destinationStarsMinorMerger]'
 Using default value for parameter '[massDistributionDisk/componentDisk/scaleHeight]'
 Using default value for parameter '[hotHaloMassDistribution/beta]'
 Using default value for parameter '[mergerRemnantSize/ignoreUnphysicalConditions]'
 Using default value for parameter '[massDistributionSpheroid/componentSpheroid/densityNormalization]'
 Using default value for parameter '[blackHoleSeeds/mass]'
 Using default value for parameter '[blackHoleBinaryInitialSeparation/spheroidRadiusFraction]'
 Using default value for parameter '[darkMatterProfile/radiusFractionalPivot]'
 Using default value for parameter '[mergerMassMovements/destinationStarsMinorMerger]'
 Using default value for parameter '[massDistributionDisk/componentDisk/scaleHeight]'
 Using default value for parameter '[hotHaloMassDistribution/beta]'
 Using default value for parameter '[mergerRemnantSize/ignoreUnphysicalConditions]'
 Using default value for parameter '[massDistributionSpheroid/componentSpheroid/densityNormalization]'
 Using default value for parameter '[blackHoleSeeds/mass]'
 Using default value for parameter '[blackHoleBinaryInitialSeparation/spheroidRadiusFraction]'
 Using default value for parameter '[darkMatterProfile/radiusFractionalPivot]'
 Using default value for parameter '[mergerMassMovements/destinationStarsMinorMerger]'
 Using default value for parameter '[massDistributionDisk/componentDisk/scaleHeight]'
 Using default value for parameter '[hotHaloMassDistribution/beta]'
 Using default value for parameter '[mergerRemnantSize/ignoreUnphysicalConditions]'
 Using default value for parameter '[massDistributionSpheroid/componentSpheroid/densityNormalization]'
 Using default value for parameter '[blackHoleSeeds/mass]'
 Using default value for parameter '[blackHoleBinaryInitialSeparation/spheroidRadiusFraction]'
 Using default value for parameter '[darkMatterProfile/radiusFractionalPivot]'
 Using default value for parameter '[mergerMassMovements/destinationStarsMinorMerger]'
 Using default value for parameter '[massDistributionDisk/componentDisk/scaleHeight]'
 Using default value for parameter '[hotHaloMassDistribution/beta]'
 Using default value for parameter '[mergerRemnantSize/ignoreUnphysicalConditions]'
 Using default value for parameter '[massDistributionSpheroid/componentSpheroid/densityNormalization]'
 Using default value for parameter '[blackHoleSeeds/mass]'
 Using default value for parameter '[blackHoleBinaryInitialSeparation/spheroidRadiusFraction]'
 Using default value for parameter '[darkMatterProfile/radiusFractionalPivot]'
 Using default value for parameter '[mergerMassMovements/destinationStarsMinorMerger]'
 Using default value for parameter '[massDistributionDisk/componentDisk/scaleHeight]'
 Using default value for parameter '[hotHaloMassDistribution/beta]'
 Using default value for parameter '[mergerRemnantSize/ignoreUnphysicalConditions]'
 Using default value for parameter '[massDistributionSpheroid/componentSpheroid/densityNormalization]'
 Using default value for parameter '[blackHoleSeeds/mass]'
 Using default value for parameter '[blackHoleBinaryInitialSeparation/spheroidRadiusFraction]'
 Using default value for parameter '[darkMatterProfile/radiusFractionalPivot]'
 Using default value for parameter '[mergerMassMovements/destinationStarsMinorMerger]'
 Using default value for parameter '[massDistributionDisk/componentDisk/scaleHeight]'
 Using default value for parameter '[hotHaloMassDistribution/beta]'
 Using default value for parameter '[mergerRemnantSize/ignoreUnphysicalConditions]'
 Using default value for parameter '[massDistributionSpheroid/componentSpheroid/densityNormalization]'
 Using default value for parameter '[blackHoleSeeds/mass]'
 Using default value for parameter '[blackHoleBinaryInitialSeparation/spheroidRadiusFraction]'
 Using default value for parameter '[darkMatterProfile/radiusFractionalPivot]'
 Using default value for parameter '[mergerMassMovements/destinationStarsMinorMerger]'
 Using default value for parameter '[massDistributionDisk/componentDisk/scaleHeight]'
 Using default value for parameter '[hotHaloMassDistribution/beta]'
 Using default value for parameter '[mergerRemnantSize/ignoreUnphysicalConditions]'
 Using default value for parameter '[massDistributionSpheroid/componentSpheroid/densityNormalization]'
 Using default value for parameter '[blackHoleSeeds/mass]'
 Using default value for parameter '[blackHoleBinaryInitialSeparation/spheroidRadiusFraction]'
 Using default value for parameter '[darkMatterProfile/radiusFractionalPivot]'
 Using default value for parameter '[mergerMassMovements/destinationStarsMinorMerger]'
 Using default value for parameter '[massDistributionDisk/componentDisk/scaleHeight]'
 Using default value for parameter '[hotHaloMassDistribution/beta]'
 Using default value for parameter '[mergerRemnantSize/ignoreUnphysicalConditions]'
 Using default value for parameter '[massDistributionSpheroid/componentSpheroid/densityNormalization]'
 Using default value for parameter '[blackHoleSeeds/mass]'
 Using default value for parameter '[blackHoleBinaryInitialSeparation/spheroidRadiusFraction]'
 Using default value for parameter '[darkMatterProfile/radiusFractionalPivot]'
 Using default value for parameter '[mergerMassMovements/destinationStarsMinorMerger]'
 Using default value for parameter '[massDistributionDisk/componentDisk/scaleHeight]'
 Using default value for parameter '[hotHaloMassDistribution/beta]'
 Using default value for parameter '[mergerRemnantSize/ignoreUnphysicalConditions]'
 Using default value for parameter '[massDistributionSpheroid/componentSpheroid/densityNormalization]'
 Using default value for parameter '[blackHoleSeeds/mass]'
 Using default value for parameter '[blackHoleBinaryInitialSeparation/spheroidRadiusFraction]'
 Using default value for parameter '[darkMatterProfile/radiusFractionalPivot]'
 Using default value for parameter '[mergerMassMovements/destinationStarsMinorMerger]'
 Using default value for parameter '[massDistributionDisk/componentDisk/scaleHeight]'
 Using default value for parameter '[hotHaloMassDistribution/beta]'
 Using default value for parameter '[mergerRemnantSize/ignoreUnphysicalConditions]'
 Using default value for parameter '[massDistributionSpheroid/componentSpheroid/densityNormalization]'
 Using default value for parameter '[blackHoleSeeds/mass]'
 Using default value for parameter '[blackHoleBinaryInitialSeparation/spheroidRadiusFraction]'
 Using default value for parameter '[darkMatterProfile/radiusFractionalPivot]'
 Using default value for parameter '[mergerMassMovements/destinationStarsMinorMerger]'
 Using default value for parameter '[massDistributionDisk/componentDisk/scaleHeight]'
 Using default value for parameter '[hotHaloMassDistribution/beta]'
 Using default value for parameter '[mergerRemnantSize/ignoreUnphysicalConditions]'
 Using default value for parameter '[massDistributionSpheroid/componentSpheroid/densityNormalization]'
 Using default value for parameter '[blackHoleSeeds/mass]'
 Using default value for parameter '[blackHoleBinaryInitialSeparation/spheroidRadiusFraction]'
 Using default value for parameter '[darkMatterProfile/radiusFractionalPivot]'
 Using default value for parameter '[mergerMassMovements/destinationStarsMinorMerger]'
 Using default value for parameter '[massDistributionDisk/componentDisk/scaleHeight]'
 Using default value for parameter '[hotHaloMassDistribution/beta]'
 Using default value for parameter '[mergerRemnantSize/ignoreUnphysicalConditions]'
 Using default value for parameter '[massDistributionSpheroid/componentSpheroid/densityNormalization]'
 Using default value for parameter '[blackHoleSeeds/mass]'
 Using default value for parameter '[blackHoleBinaryInitialSeparation/spheroidRadiusFraction]'
 Using default value for parameter '[darkMatterProfile/radiusFractionalPivot]'
 Using default value for parameter '[mergerMassMovements/destinationStarsMinorMerger]'
 Using default value for parameter '[massDistributionDisk/componentDisk/scaleHeight]'
 Using default value for parameter '[hotHaloMassDistribution/beta]'
 Using default value for parameter '[mergerRemnantSize/ignoreUnphysicalConditions]'
 Using default value for parameter '[massDistributionSpheroid/componentSpheroid/densityNormalization]'
 Using default value for parameter '[blackHoleSeeds/mass]'
 Using default value for parameter '[blackHoleBinaryInitialSeparation/spheroidRadiusFraction]'
 Using default value for parameter '[darkMatterProfile/radiusFractionalPivot]'
 Using default value for parameter '[mergerMassMovements/destinationStarsMinorMerger]'
 Using default value for parameter '[massDistributionDisk/componentDisk/scaleHeight]'
 Using default value for parameter '[hotHaloMassDistribution/beta]'
 Using default value for parameter '[mergerRemnantSize/ignoreUnphysicalConditions]'
 Using default value for parameter '[massDistributionSpheroid/componentSpheroid/densityNormalization]'
 Using default value for parameter '[blackHoleSeeds/mass]'
 Using default value for parameter '[blackHoleBinaryInitialSeparation/spheroidRadiusFraction]'
 Using default value for parameter '[darkMatterProfile/radiusFractionalPivot]'
 Using default value for parameter '[mergerMassMovements/destinationStarsMinorMerger]'
 Using default value for parameter '[massDistributionDisk/componentDisk/scaleHeight]'
 Using default value for parameter '[hotHaloMassDistribution/beta]'
 Using default value for parameter '[mergerRemnantSize/ignoreUnphysicalConditions]'
 Using default value for parameter '[massDistributionSpheroid/componentSpheroid/densityNormalization]'
 Using default value for parameter '[blackHoleSeeds/mass]'
 Using default value for parameter '[blackHoleBinaryInitialSeparation/spheroidRadiusFraction]'
 Using default value for parameter '[darkMatterProfile/radiusFractionalPivot]'
 Using default value for parameter '[mergerMassMovements/destinationStarsMinorMerger]'
 Using default value for parameter '[massDistributionDisk/componentDisk/scaleHeight]'
 Using default value for parameter '[hotHaloMassDistribution/beta]'
 Using default value for parameter '[mergerRemnantSize/ignoreUnphysicalConditions]'
 Using default value for parameter '[massDistributionSpheroid/componentSpheroid/densityNormalization]'
 Using default value for parameter '[blackHoleSeeds/mass]'
 Using default value for parameter '[blackHoleBinaryInitialSeparation/spheroidRadiusFraction]'
 Using default value for parameter '[darkMatterProfile/radiusFractionalPivot]'
 Using default value for parameter '[mergerMassMovements/destinationStarsMinorMerger]'
 Using default value for parameter '[massDistributionDisk/componentDisk/scaleHeight]'
 Using default value for parameter '[hotHaloMassDistribution/beta]'
 Using default value for parameter '[mergerRemnantSize/ignoreUnphysicalConditions]'
 Using default value for parameter '[massDistributionSpheroid/componentSpheroid/densityNormalization]'
 Using default value for parameter '[blackHoleSeeds/mass]'
 Using default value for parameter '[blackHoleBinaryInitialSeparation/spheroidRadiusFraction]'
 Using default value for parameter '[darkMatterProfile/radiusFractionalPivot]'
 Using default value for parameter '[mergerMassMovements/destinationStarsMinorMerger]'
 Using default value for parameter '[massDistributionDisk/componentDisk/scaleHeight]'
 Using default value for parameter '[hotHaloMassDistribution/beta]'
 Using default value for parameter '[mergerRemnantSize/ignoreUnphysicalConditions]'
 Using default value for parameter '[massDistributionSpheroid/componentSpheroid/densityNormalization]'
 Using default value for parameter '[blackHoleSeeds/mass]'
 Using default value for parameter '[blackHoleBinaryInitialSeparation/spheroidRadiusFraction]'
 Using default value for parameter '[darkMatterProfile/radiusFractionalPivot]'
 Using default value for parameter '[mergerMassMovements/destinationStarsMinorMerger]'
 Using default value for parameter '[massDistributionDisk/componentDisk/scaleHeight]'
 Using default value for parameter '[hotHaloMassDistribution/beta]'
 Using default value for parameter '[mergerRemnantSize/ignoreUnphysicalConditions]'
 Using default value for parameter '[massDistributionSpheroid/componentSpheroid/densityNormalization]'
 Using default value for parameter '[blackHoleSeeds/mass]'
 Using default value for parameter '[blackHoleBinaryInitialSeparation/spheroidRadiusFraction]'
 Using default value for parameter '[darkMatterProfile/radiusFractionalPivot]'
 Using default value for parameter '[mergerMassMovements/destinationStarsMinorMerger]'
 Using default value for parameter '[massDistributionDisk/componentDisk/scaleHeight]'
 Using default value for parameter '[hotHaloMassDistribution/beta]'
 Using default value for parameter '[mergerRemnantSize/ignoreUnphysicalConditions]'
 Using default value for parameter '[massDistributionSpheroid/componentSpheroid/densityNormalization]'
 Using default value for parameter '[blackHoleSeeds/mass]'
 Using default value for parameter '[blackHoleBinaryInitialSeparation/spheroidRadiusFraction]'
 Using default value for parameter '[darkMatterProfile/radiusFractionalPivot]'
 Using default value for parameter '[mergerMassMovements/destinationStarsMinorMerger]'
 Using default value for parameter '[massDistributionDisk/componentDisk/scaleHeight]'
 Using default value for parameter '[hotHaloMassDistribution/beta]'
 Using default value for parameter '[mergerRemnantSize/ignoreUnphysicalConditions]'
 Using default value for parameter '[massDistributionSpheroid/componentSpheroid/densityNormalization]'
 Using default value for parameter '[blackHoleSeeds/mass]'
 Using default value for parameter '[blackHoleBinaryInitialSeparation/spheroidRadiusFraction]'
 Using default value for parameter '[darkMatterProfile/radiusFractionalPivot]'
 Using default value for parameter '[mergerMassMovements/destinationStarsMinorMerger]'
 Using default value for parameter '[massDistributionDisk/componentDisk/scaleHeight]'
 Using default value for parameter '[hotHaloMassDistribution/beta]'
 Using default value for parameter '[mergerRemnantSize/ignoreUnphysicalConditions]'
 Using default value for parameter '[massDistributionSpheroid/componentSpheroid/densityNormalization]'
 Using default value for parameter '[blackHoleSeeds/mass]'
 Using default value for parameter '[blackHoleBinaryInitialSeparation/spheroidRadiusFraction]'
 Using default value for parameter '[darkMatterProfile/radiusFractionalPivot]'
 Using default value for parameter '[mergerMassMovements/destinationStarsMinorMerger]'
 Using default value for parameter '[massDistributionDisk/componentDisk/scaleHeight]'
 Using default value for parameter '[hotHaloMassDistribution/beta]'
 Using default value for parameter '[mergerRemnantSize/ignoreUnphysicalConditions]'
 Using default value for parameter '[massDistributionSpheroid/componentSpheroid/densityNormalization]'
 Using default value for parameter '[blackHoleSeeds/mass]'
 Using default value for parameter '[blackHoleBinaryInitialSeparation/spheroidRadiusFraction]'
 Using default value for parameter '[darkMatterProfile/radiusFractionalPivot]'
 Using default value for parameter '[mergerMassMovements/destinationStarsMinorMerger]'
 Using default value for parameter '[massDistributionDisk/componentDisk/scaleHeight]'
 Using default value for parameter '[hotHaloMassDistribution/beta]'
 Using default value for parameter '[mergerRemnantSize/ignoreUnphysicalConditions]'
 Using default value for parameter '[massDistributionSpheroid/componentSpheroid/densityNormalization]'
 Using default value for parameter '[blackHoleSeeds/mass]'
 Using default value for parameter '[blackHoleBinaryInitialSeparation/spheroidRadiusFraction]'
 Using default value for parameter '[darkMatterProfile/radiusFractionalPivot]'
 Using default value for parameter '[mergerMassMovements/destinationStarsMinorMerger]'
 Using default value for parameter '[massDistributionDisk/componentDisk/scaleHeight]'
 Using default value for parameter '[hotHaloMassDistribution/beta]'
 Using default value for parameter '[mergerRemnantSize/ignoreUnphysicalConditions]'
 Using default value for parameter '[massDistributionSpheroid/componentSpheroid/densityNormalization]'
 Using default value for parameter '[blackHoleSeeds/mass]'
 Using default value for parameter '[blackHoleBinaryInitialSeparation/spheroidRadiusFraction]'
 Using default value for parameter '[darkMatterProfile/radiusFractionalPivot]'
 Using default value for parameter '[mergerMassMovements/destinationStarsMinorMerger]'
 Using default value for parameter '[massDistributionDisk/componentDisk/scaleHeight]'
 Using default value for parameter '[hotHaloMassDistribution/beta]'
 Using default value for parameter '[mergerRemnantSize/ignoreUnphysicalConditions]'
 Using default value for parameter '[massDistributionSpheroid/componentSpheroid/densityNormalization]'
 Using default value for parameter '[blackHoleSeeds/mass]'
 Using default value for parameter '[blackHoleBinaryInitialSeparation/spheroidRadiusFraction]'
 Using default value for parameter '[darkMatterProfile/radiusFractionalPivot]'
 Using default value for parameter '[mergerMassMovements/destinationStarsMinorMerger]'
 Using default value for parameter '[massDistributionDisk/componentDisk/scaleHeight]'
 Using default value for parameter '[hotHaloMassDistribution/beta]'
 Using default value for parameter '[mergerRemnantSize/ignoreUnphysicalConditions]'
 Using default value for parameter '[massDistributionSpheroid/componentSpheroid/densityNormalization]'
 Using default value for parameter '[blackHoleSeeds/mass]'
 Using default value for parameter '[blackHoleBinaryInitialSeparation/spheroidRadiusFraction]'
 Using default value for parameter '[darkMatterProfile/radiusFractionalPivot]'
 Using default value for parameter '[mergerMassMovements/destinationStarsMinorMerger]'
 Using default value for parameter '[massDistributionDisk/componentDisk/scaleHeight]'
 Using default value for parameter '[hotHaloMassDistribution/beta]'
 Using default value for parameter '[mergerRemnantSize/ignoreUnphysicalConditions]'
 Using default value for parameter '[massDistributionSpheroid/componentSpheroid/densityNormalization]'
 Using default value for parameter '[blackHoleSeeds/mass]'
 Using default value for parameter '[blackHoleBinaryInitialSeparation/spheroidRadiusFraction]'
 Using default value for parameter '[darkMatterProfile/radiusFractionalPivot]'
 Using default value for parameter '[mergerMassMovements/destinationStarsMinorMerger]'
 Using default value for parameter '[massDistributionDisk/componentDisk/scaleHeight]'
 Using default value for parameter '[hotHaloMassDistribution/beta]'
 Using default value for parameter '[mergerRemnantSize/ignoreUnphysicalConditions]'
 Using default value for parameter '[massDistributionSpheroid/componentSpheroid/densityNormalization]'
 Using default value for parameter '[blackHoleSeeds/mass]'
 Using default value for parameter '[blackHoleBinaryInitialSeparation/spheroidRadiusFraction]'
 Using default value for parameter '[darkMatterProfile/radiusFractionalPivot]'
 Using default value for parameter '[mergerMassMovements/destinationStarsMinorMerger]'
 Using default value for parameter '[massDistributionDisk/componentDisk/scaleHeight]'
 Using default value for parameter '[hotHaloMassDistribution/beta]'
 Using default value for parameter '[mergerRemnantSize/ignoreUnphysicalConditions]'
 Using default value for parameter '[massDistributionSpheroid/componentSpheroid/densityNormalization]'
 Using default value for parameter '[blackHoleSeeds/mass]'
 Using default value for parameter '[blackHoleBinaryInitialSeparation/spheroidRadiusFraction]'
 Using default value for parameter '[darkMatterProfile/radiusFractionalPivot]'
 Using default value for parameter '[mergerMassMovements/destinationStarsMinorMerger]'
 Using default value for parameter '[massDistributionDisk/componentDisk/scaleHeight]'
 Using default value for parameter '[hotHaloMassDistribution/beta]'
 Using default value for parameter '[mergerRemnantSize/ignoreUnphysicalConditions]'
 Using default value for parameter '[massDistributionSpheroid/componentSpheroid/densityNormalization]'
 Using default value for parameter '[blackHoleSeeds/mass]'
 Using default value for parameter '[blackHoleBinaryInitialSeparation/spheroidRadiusFraction]'
 Using default value for parameter '[darkMatterProfile/radiusFractionalPivot]'
 Using default value for parameter '[mergerMassMovements/destinationStarsMinorMerger]'
 Using default value for parameter '[massDistributionDisk/componentDisk/scaleHeight]'
 Using default value for parameter '[hotHaloMassDistribution/beta]'
 Using default value for parameter '[mergerRemnantSize/ignoreUnphysicalConditions]'
 Using default value for parameter '[massDistributionSpheroid/componentSpheroid/densityNormalization]'
 Using default value for parameter '[blackHoleSeeds/mass]'
 Using default value for parameter '[blackHoleBinaryInitialSeparation/spheroidRadiusFraction]'
 Using default value for parameter '[darkMatterProfile/radiusFractionalPivot]'
 Using default value for parameter '[mergerMassMovements/destinationStarsMinorMerger]'
 Using default value for parameter '[massDistributionDisk/componentDisk/scaleHeight]'
 Using default value for parameter '[hotHaloMassDistribution/beta]'
 Using default value for parameter '[mergerRemnantSize/ignoreUnphysicalConditions]'
 Using default value for parameter '[massDistributionSpheroid/componentSpheroid/densityNormalization]'
 Using default value for parameter '[blackHoleSeeds/mass]'
 Using default value for parameter '[blackHoleBinaryInitialSeparation/spheroidRadiusFraction]'
 Using default value for parameter '[darkMatterProfile/radiusFractionalPivot]'
 Using default value for parameter '[mergerMassMovements/destinationStarsMinorMerger]'
 Using default value for parameter '[massDistributionDisk/componentDisk/scaleHeight]'
 Using default value for parameter '[hotHaloMassDistribution/beta]'
 Using default value for parameter '[mergerRemnantSize/ignoreUnphysicalConditions]'
 Using default value for parameter '[massDistributionSpheroid/componentSpheroid/densityNormalization]'
 Using default value for parameter '[blackHoleSeeds/mass]'
 Using default value for parameter '[blackHoleBinaryInitialSeparation/spheroidRadiusFraction]'
 Using default value for parameter '[darkMatterProfile/radiusFractionalPivot]'
 Using default value for parameter '[mergerMassMovements/destinationStarsMinorMerger]'
 Using default value for parameter '[massDistributionDisk/componentDisk/scaleHeight]'
 Using default value for parameter '[hotHaloMassDistribution/beta]'
 Using default value for parameter '[mergerRemnantSize/ignoreUnphysicalConditions]'
 Using default value for parameter '[massDistributionSpheroid/componentSpheroid/densityNormalization]'
 Using default value for parameter '[blackHoleSeeds/mass]'
 Using default value for parameter '[blackHoleBinaryInitialSeparation/spheroidRadiusFraction]'
 Using default value for parameter '[darkMatterProfile/radiusFractionalPivot]'
 Using default value for parameter '[mergerMassMovements/destinationStarsMinorMerger]'
 Using default value for parameter '[massDistributionDisk/componentDisk/scaleHeight]'
 Using default value for parameter '[hotHaloMassDistribution/beta]'
 Using default value for parameter '[mergerRemnantSize/ignoreUnphysicalConditions]'
 Using default value for parameter '[massDistributionSpheroid/componentSpheroid/densityNormalization]'
 Using default value for parameter '[blackHoleSeeds/mass]'
 Using default value for parameter '[blackHoleBinaryInitialSeparation/spheroidRadiusFraction]'
 Using default value for parameter '[darkMatterProfile/radiusFractionalPivot]'
 Using default value for parameter '[mergerMassMovements/destinationStarsMinorMerger]'
 Using default value for parameter '[massDistributionDisk/componentDisk/scaleHeight]'
 Using default value for parameter '[hotHaloMassDistribution/beta]'
 Using default value for parameter '[mergerRemnantSize/ignoreUnphysicalConditions]'
 Using default value for parameter '[massDistributionSpheroid/componentSpheroid/densityNormalization]'
 Using default value for parameter '[blackHoleSeeds/mass]'
 Using default value for parameter '[blackHoleBinaryInitialSeparation/spheroidRadiusFraction]'
 Using default value for parameter '[darkMatterProfile/radiusFractionalPivot]'
 Using default value for parameter '[mergerMassMovements/destinationStarsMinorMerger]'
 Using default value for parameter '[massDistributionDisk/componentDisk/scaleHeight]'
 Using default value for parameter '[hotHaloMassDistribution/beta]'
 Using default value for parameter '[mergerRemnantSize/ignoreUnphysicalConditions]'
 Using default value for parameter '[massDistributionSpheroid/componentSpheroid/densityNormalization]'
 Using default value for parameter '[blackHoleSeeds/mass]'
 Using default value for parameter '[blackHoleBinaryInitialSeparation/spheroidRadiusFraction]'
 Using default value for parameter '[darkMatterProfile/radiusFractionalPivot]'
 Using default value for parameter '[mergerMassMovements/destinationStarsMinorMerger]'
 Using default value for parameter '[massDistributionDisk/componentDisk/scaleHeight]'
 Using default value for parameter '[hotHaloMassDistribution/beta]'
 Using default value for parameter '[mergerRemnantSize/ignoreUnphysicalConditions]'
 Using default value for parameter '[massDistributionSpheroid/componentSpheroid/densityNormalization]'
 Using default value for parameter '[blackHoleSeeds/mass]'
 Using default value for parameter '[blackHoleBinaryInitialSeparation/spheroidRadiusFraction]'
 Using default value for parameter '[darkMatterProfile/radiusFractionalPivot]'
 Using default value for parameter '[mergerMassMovements/destinationStarsMinorMerger]'
 Using default value for parameter '[massDistributionDisk/componentDisk/scaleHeight]'
 Using default value for parameter '[hotHaloMassDistribution/beta]'
 Using default value for parameter '[mergerRemnantSize/ignoreUnphysicalConditions]'
 Using default value for parameter '[massDistributionSpheroid/componentSpheroid/densityNormalization]'
 Using default value for parameter '[blackHoleSeeds/mass]'
 Using default value for parameter '[blackHoleBinaryInitialSeparation/spheroidRadiusFraction]'
 Using default value for parameter '[darkMatterProfile/radiusFractionalPivot]'
 Using default value for parameter '[mergerMassMovements/destinationStarsMinorMerger]'
 Using default value for parameter '[massDistributionDisk/componentDisk/scaleHeight]'
 Using default value for parameter '[hotHaloMassDistribution/beta]'
 Using default value for parameter '[mergerRemnantSize/ignoreUnphysicalConditions]'
 Using default value for parameter '[massDistributionSpheroid/componentSpheroid/densityNormalization]'
 Using default value for parameter '[blackHoleSeeds/mass]'
 Using default value for parameter '[blackHoleBinaryInitialSeparation/spheroidRadiusFraction]'
 Using default value for parameter '[darkMatterProfile/radiusFractionalPivot]'
 Using default value for parameter '[mergerMassMovements/destinationStarsMinorMerger]'
 Using default value for parameter '[massDistributionDisk/componentDisk/scaleHeight]'
 Using default value for parameter '[hotHaloMassDistribution/beta]'
 Using default value for parameter '[mergerRemnantSize/ignoreUnphysicalConditions]'
 Using default value for parameter '[massDistributionSpheroid/componentSpheroid/densityNormalization]'
 Using default value for parameter '[blackHoleSeeds/mass]'
 Using default value for parameter '[blackHoleBinaryInitialSeparation/spheroidRadiusFraction]'
 Using default value for parameter '[darkMatterProfile/radiusFractionalPivot]'
 Using default value for parameter '[mergerMassMovements/destinationStarsMinorMerger]'
 Using default value for parameter '[massDistributionDisk/componentDisk/scaleHeight]'
 Using default value for parameter '[hotHaloMassDistribution/beta]'
 Using default value for parameter '[mergerRemnantSize/ignoreUnphysicalConditions]'
 Using default value for parameter '[massDistributionSpheroid/componentSpheroid/densityNormalization]'
 Using default value for parameter '[blackHoleSeeds/mass]'
 Using default value for parameter '[blackHoleBinaryInitialSeparation/spheroidRadiusFraction]'
 Using default value for parameter '[darkMatterProfile/radiusFractionalPivot]'
 Using default value for parameter '[mergerMassMovements/destinationStarsMinorMerger]'
 Using default value for parameter '[massDistributionDisk/componentDisk/scaleHeight]'
 Using default value for parameter '[hotHaloMassDistribution/beta]'
 Using default value for parameter '[mergerRemnantSize/ignoreUnphysicalConditions]'
 Using default value for parameter '[massDistributionSpheroid/componentSpheroid/densityNormalization]'
 Using default value for parameter '[blackHoleSeeds/mass]'
 Using default value for parameter '[blackHoleBinaryInitialSeparation/spheroidRadiusFraction]'
 Using default value for parameter '[darkMatterProfile/radiusFractionalPivot]'
 Using default value for parameter '[mergerMassMovements/destinationStarsMinorMerger]'
 Using default value for parameter '[massDistributionDisk/componentDisk/scaleHeight]'
 Using default value for parameter '[hotHaloMassDistribution/beta]'
 Using default value for parameter '[mergerRemnantSize/ignoreUnphysicalConditions]'
 Using default value for parameter '[massDistributionSpheroid/componentSpheroid/densityNormalization]'
 Using default value for parameter '[blackHoleSeeds/mass]'
 Using default value for parameter '[blackHoleBinaryInitialSeparation/spheroidRadiusFraction]'
 Using default value for parameter '[darkMatterProfile/radiusFractionalPivot]'
 Using default value for parameter '[mergerMassMovements/destinationStarsMinorMerger]'
 Using default value for parameter '[massDistributionDisk/componentDisk/scaleHeight]'
 Using default value for parameter '[hotHaloMassDistribution/beta]'
 Using default value for parameter '[mergerRemnantSize/ignoreUnphysicalConditions]'
 Using default value for parameter '[massDistributionSpheroid/componentSpheroid/densityNormalization]'
 Using default value for parameter '[blackHoleSeeds/mass]'
 Using default value for parameter '[blackHoleBinaryInitialSeparation/spheroidRadiusFraction]'
 Using default value for parameter '[darkMatterProfile/radiusFractionalPivot]'
 Using default value for parameter '[mergerMassMovements/destinationStarsMinorMerger]'
 Using default value for parameter '[massDistributionDisk/componentDisk/scaleHeight]'
 Using default value for parameter '[hotHaloMassDistribution/beta]'
 Using default value for parameter '[mergerRemnantSize/ignoreUnphysicalConditions]'
 Using default value for parameter '[massDistributionSpheroid/componentSpheroid/densityNormalization]'
 Using default value for parameter '[blackHoleSeeds/mass]'
 Using default value for parameter '[blackHoleBinaryInitialSeparation/spheroidRadiusFraction]'
 Using default value for parameter '[darkMatterProfile/radiusFractionalPivot]'
 Using default value for parameter '[mergerMassMovements/destinationStarsMinorMerger]'
 Using default value for parameter '[massDistributionDisk/componentDisk/scaleHeight]'
 Using default value for parameter '[hotHaloMassDistribution/beta]'
 Using default value for parameter '[mergerRemnantSize/ignoreUnphysicalConditions]'
 Using default value for parameter '[massDistributionSpheroid/componentSpheroid/densityNormalization]'
 Using default value for parameter '[blackHoleSeeds/mass]'
 Using default value for parameter '[blackHoleBinaryInitialSeparation/spheroidRadiusFraction]'
 Using default value for parameter '[darkMatterProfile/radiusFractionalPivot]'
 Using default value for parameter '[mergerMassMovements/destinationStarsMinorMerger]'
 Using default value for parameter '[massDistributionDisk/componentDisk/scaleHeight]'
 Using default value for parameter '[hotHaloMassDistribution/beta]'
 Using default value for parameter '[mergerRemnantSize/ignoreUnphysicalConditions]'
 Using default value for parameter '[massDistributionSpheroid/componentSpheroid/densityNormalization]'
 Using default value for parameter '[blackHoleSeeds/mass]'
 Using default value for parameter '[blackHoleBinaryInitialSeparation/spheroidRadiusFraction]'
 Using default value for parameter '[darkMatterProfile/radiusFractionalPivot]'
 Using default value for parameter '[mergerMassMovements/destinationStarsMinorMerger]'
 Using default value for parameter '[massDistributionDisk/componentDisk/scaleHeight]'
 Using default value for parameter '[hotHaloMassDistribution/beta]'
 Using default value for parameter '[mergerRemnantSize/ignoreUnphysicalConditions]'
 Using default value for parameter '[massDistributionSpheroid/componentSpheroid/densityNormalization]'
 Using default value for parameter '[blackHoleSeeds/mass]'
 Using default value for parameter '[blackHoleBinaryInitialSeparation/spheroidRadiusFraction]'
 Using default value for parameter '[darkMatterProfile/radiusFractionalPivot]'
 Using default value for parameter '[mergerMassMovements/destinationStarsMinorMerger]'
 Using default value for parameter '[massDistributionDisk/componentDisk/scaleHeight]'
 Using default value for parameter '[hotHaloMassDistribution/beta]'
 Using default value for parameter '[mergerRemnantSize/ignoreUnphysicalConditions]'
 Using default value for parameter '[massDistributionSpheroid/componentSpheroid/densityNormalization]'
 Using default value for parameter '[blackHoleSeeds/mass]'
 Using default value for parameter '[blackHoleBinaryInitialSeparation/spheroidRadiusFraction]'
 Using default value for parameter '[darkMatterProfile/radiusFractionalPivot]'
 Using default value for parameter '[mergerMassMovements/destinationStarsMinorMerger]'
 Using default value for parameter '[massDistributionDisk/componentDisk/scaleHeight]'
 Using default value for parameter '[hotHaloMassDistribution/beta]'
 Using default value for parameter '[mergerRemnantSize/ignoreUnphysicalConditions]'
 Using default value for parameter '[massDistributionSpheroid/componentSpheroid/densityNormalization]'
 Using default value for parameter '[blackHoleSeeds/mass]'
 Using default value for parameter '[blackHoleBinaryInitialSeparation/spheroidRadiusFraction]'
 Using default value for parameter '[darkMatterProfile/radiusFractionalPivot]'
 Using default value for parameter '[mergerMassMovements/destinationStarsMinorMerger]'
 Using default value for parameter '[massDistributionDisk/componentDisk/scaleHeight]'
 Using default value for parameter '[hotHaloMassDistribution/beta]'
 Using default value for parameter '[mergerRemnantSize/ignoreUnphysicalConditions]'
 Using default value for parameter '[massDistributionSpheroid/componentSpheroid/densityNormalization]'
 Using default value for parameter '[blackHoleSeeds/mass]'
 Using default value for parameter '[blackHoleBinaryInitialSeparation/spheroidRadiusFraction]'
 Using default value for parameter '[darkMatterProfile/radiusFractionalPivot]'
 Using default value for parameter '[mergerMassMovements/destinationStarsMinorMerger]'
 Using default value for parameter '[massDistributionDisk/componentDisk/scaleHeight]'
 Using default value for parameter '[hotHaloMassDistribution/beta]'
 Using default value for parameter '[mergerRemnantSize/ignoreUnphysicalConditions]'
 Using default value for parameter '[massDistributionSpheroid/componentSpheroid/densityNormalization]'
 Using default value for parameter '[blackHoleSeeds/mass]'
 Using default value for parameter '[blackHoleBinaryInitialSeparation/spheroidRadiusFraction]'
 Using default value for parameter '[darkMatterProfile/radiusFractionalPivot]'
 Using default value for parameter '[mergerMassMovements/destinationStarsMinorMerger]'
 Using default value for parameter '[massDistributionDisk/componentDisk/scaleHeight]'
 Using default value for parameter '[hotHaloMassDistribution/beta]'
 Using default value for parameter '[mergerRemnantSize/ignoreUnphysicalConditions]'
 Using default value for parameter '[massDistributionSpheroid/componentSpheroid/densityNormalization]'
 Using default value for parameter '[blackHoleSeeds/mass]'
 Using default value for parameter '[blackHoleBinaryInitialSeparation/spheroidRadiusFraction]'
 Using default value for parameter '[darkMatterProfile/radiusFractionalPivot]'
 Using default value for parameter '[mergerMassMovements/destinationStarsMinorMerger]'
 Using default value for parameter '[massDistributionDisk/componentDisk/scaleHeight]'
 Using default value for parameter '[hotHaloMassDistribution/beta]'
 Using default value for parameter '[mergerRemnantSize/ignoreUnphysicalConditions]'
 Using default value for parameter '[massDistributionSpheroid/componentSpheroid/densityNormalization]'
 Using default value for parameter '[blackHoleSeeds/mass]'
 Using default value for parameter '[blackHoleBinaryInitialSeparation/spheroidRadiusFraction]'
 Using default value for parameter '[darkMatterProfile/radiusFractionalPivot]'
 Using default value for parameter '[mergerMassMovements/destinationStarsMinorMerger]'
 Using default value for parameter '[massDistributionDisk/componentDisk/scaleHeight]'
 Using default value for parameter '[hotHaloMassDistribution/beta]'
 Using default value for parameter '[mergerRemnantSize/ignoreUnphysicalConditions]'
 Using default value for parameter '[massDistributionSpheroid/componentSpheroid/densityNormalization]'
 Using default value for parameter '[blackHoleSeeds/mass]'
 Using default value for parameter '[blackHoleBinaryInitialSeparation/spheroidRadiusFraction]'
 Using default value for parameter '[darkMatterProfile/radiusFractionalPivot]'
 Using default value for parameter '[mergerMassMovements/destinationStarsMinorMerger]'
 Using default value for parameter '[massDistributionDisk/componentDisk/scaleHeight]'
 Using default value for parameter '[hotHaloMassDistribution/beta]'
 Using default value for parameter '[mergerRemnantSize/ignoreUnphysicalConditions]'
 Using default value for parameter '[massDistributionSpheroid/componentSpheroid/densityNormalization]'
 Using default value for parameter '[blackHoleSeeds/mass]'
 Using default value for parameter '[blackHoleBinaryInitialSeparation/spheroidRadiusFraction]'
 Using default value for parameter '[darkMatterProfile/radiusFractionalPivot]'
 Using default value for parameter '[mergerMassMovements/destinationStarsMinorMerger]'
 Using default value for parameter '[massDistributionDisk/componentDisk/scaleHeight]'
 Using default value for parameter '[hotHaloMassDistribution/beta]'
 Using default value for parameter '[mergerRemnantSize/ignoreUnphysicalConditions]'
 Using default value for parameter '[massDistributionSpheroid/componentSpheroid/densityNormalization]'
 Using default value for parameter '[blackHoleSeeds/mass]'
 Using default value for parameter '[blackHoleBinaryInitialSeparation/spheroidRadiusFraction]'
 Using default value for parameter '[darkMatterProfile/radiusFractionalPivot]'
 Using default value for parameter '[mergerMassMovements/destinationStarsMinorMerger]'
 Using default value for parameter '[massDistributionDisk/componentDisk/scaleHeight]'
 Using default value for parameter '[hotHaloMassDistribution/beta]'
 Using default value for parameter '[mergerRemnantSize/ignoreUnphysicalConditions]'
 Using default value for parameter '[massDistributionSpheroid/componentSpheroid/densityNormalization]'
 Using default value for parameter '[blackHoleSeeds/mass]'
 Using default value for parameter '[blackHoleBinaryInitialSeparation/spheroidRadiusFraction]'
 Using default value for parameter '[darkMatterProfile/radiusFractionalPivot]'
 Using default value for parameter '[mergerMassMovements/destinationStarsMinorMerger]'
 Using default value for parameter '[massDistributionDisk/componentDisk/scaleHeight]'
 Using default value for parameter '[hotHaloMassDistribution/beta]'
 Using default value for parameter '[mergerRemnantSize/ignoreUnphysicalConditions]'
 Using default value for parameter '[massDistributionSpheroid/componentSpheroid/densityNormalization]'
 Using default value for parameter '[blackHoleSeeds/mass]'
 Using default value for parameter '[blackHoleBinaryInitialSeparation/spheroidRadiusFraction]'
 Using default value for parameter '[darkMatterProfile/radiusFractionalPivot]'
 Using default value for parameter '[mergerMassMovements/destinationStarsMinorMerger]'
 Using default value for parameter '[massDistributionDisk/componentDisk/scaleHeight]'
 Using default value for parameter '[hotHaloMassDistribution/beta]'
 Using default value for parameter '[mergerRemnantSize/ignoreUnphysicalConditions]'
 Using default value for parameter '[massDistributionSpheroid/componentSpheroid/densityNormalization]'
 Using default value for parameter '[blackHoleSeeds/mass]'
 Using default value for parameter '[blackHoleBinaryInitialSeparation/spheroidRadiusFraction]'
 Using default value for parameter '[darkMatterProfile/radiusFractionalPivot]'
 Using default value for parameter '[mergerMassMovements/destinationStarsMinorMerger]'
 Using default value for parameter '[massDistributionDisk/componentDisk/scaleHeight]'
 Using default value for parameter '[hotHaloMassDistribution/beta]'
 Using default value for parameter '[mergerRemnantSize/ignoreUnphysicalConditions]'
 Using default value for parameter '[massDistributionSpheroid/componentSpheroid/densityNormalization]'
 Using default value for parameter '[blackHoleSeeds/mass]'
 Using default value for parameter '[blackHoleBinaryInitialSeparation/spheroidRadiusFraction]'
 Using default value for parameter '[darkMatterProfile/radiusFractionalPivot]'
 Using default value for parameter '[mergerMassMovements/destinationStarsMinorMerger]'
 Using default value for parameter '[massDistributionDisk/componentDisk/scaleHeight]'
 Using default value for parameter '[hotHaloMassDistribution/beta]'
 Using default value for parameter '[mergerRemnantSize/ignoreUnphysicalConditions]'
 Using default value for parameter '[massDistributionSpheroid/componentSpheroid/densityNormalization]'
 Using default value for parameter '[blackHoleSeeds/mass]'
 Using default value for parameter '[blackHoleBinaryInitialSeparation/spheroidRadiusFraction]'
 Using default value for parameter '[darkMatterProfile/radiusFractionalPivot]'
 Using default value for parameter '[mergerMassMovements/destinationStarsMinorMerger]'
 Using default value for parameter '[massDistributionDisk/componentDisk/scaleHeight]'
 Using default value for parameter '[hotHaloMassDistribution/beta]'
 Using default value for parameter '[mergerRemnantSize/ignoreUnphysicalConditions]'
 Using default value for parameter '[massDistributionSpheroid/componentSpheroid/densityNormalization]'
 Using default value for parameter '[blackHoleSeeds/mass]'
 Using default value for parameter '[blackHoleBinaryInitialSeparation/spheroidRadiusFraction]'
 Using default value for parameter '[darkMatterProfile/radiusFractionalPivot]'
 Using default value for parameter '[mergerMassMovements/destinationStarsMinorMerger]'
 Using default value for parameter '[massDistributionDisk/componentDisk/scaleHeight]'
 Using default value for parameter '[hotHaloMassDistribution/beta]'
 Using default value for parameter '[mergerRemnantSize/ignoreUnphysicalConditions]'
 Using default value for parameter '[massDistributionSpheroid/componentSpheroid/densityNormalization]'
 Using default value for parameter '[blackHoleSeeds/mass]'
 Using default value for parameter '[blackHoleBinaryInitialSeparation/spheroidRadiusFraction]'
 Using default value for parameter '[darkMatterProfile/radiusFractionalPivot]'
 Using default value for parameter '[mergerMassMovements/destinationStarsMinorMerger]'
 Using default value for parameter '[massDistributionDisk/componentDisk/scaleHeight]'
 Using default value for parameter '[hotHaloMassDistribution/beta]'
 Using default value for parameter '[mergerRemnantSize/ignoreUnphysicalConditions]'
 Using default value for parameter '[massDistributionSpheroid/componentSpheroid/densityNormalization]'
 Using default value for parameter '[blackHoleSeeds/mass]'
 Using default value for parameter '[blackHoleBinaryInitialSeparation/spheroidRadiusFraction]'
 Using default value for parameter '[darkMatterProfile/radiusFractionalPivot]'
 Using default value for parameter '[mergerMassMovements/destinationStarsMinorMerger]'
 Using default value for parameter '[massDistributionDisk/componentDisk/scaleHeight]'
 Using default value for parameter '[hotHaloMassDistribution/beta]'
 Using default value for parameter '[mergerRemnantSize/ignoreUnphysicalConditions]'
 Using default value for parameter '[massDistributionSpheroid/componentSpheroid/densityNormalization]'
 Using default value for parameter '[blackHoleSeeds/mass]'
 Using default value for parameter '[blackHoleBinaryInitialSeparation/spheroidRadiusFraction]'
 Using default value for parameter '[darkMatterProfile/radiusFractionalPivot]'
 Using default value for parameter '[mergerMassMovements/destinationStarsMinorMerger]'
 Using default value for parameter '[massDistributionDisk/componentDisk/scaleHeight]'
 Using default value for parameter '[hotHaloMassDistribution/beta]'
 Using default value for parameter '[mergerRemnantSize/ignoreUnphysicalConditions]'
 Using default value for parameter '[massDistributionSpheroid/componentSpheroid/densityNormalization]'
 Using default value for parameter '[blackHoleSeeds/mass]'
 Using default value for parameter '[blackHoleBinaryInitialSeparation/spheroidRadiusFraction]'
 Using default value for parameter '[darkMatterProfile/radiusFractionalPivot]'
 Using default value for parameter '[mergerMassMovements/destinationStarsMinorMerger]'
 Using default value for parameter '[massDistributionDisk/componentDisk/scaleHeight]'
 Using default value for parameter '[hotHaloMassDistribution/beta]'
 Using default value for parameter '[mergerRemnantSize/ignoreUnphysicalConditions]'
 Using default value for parameter '[massDistributionSpheroid/componentSpheroid/densityNormalization]'
 Using default value for parameter '[blackHoleSeeds/mass]'
 Using default value for parameter '[blackHoleBinaryInitialSeparation/spheroidRadiusFraction]'
 Using default value for parameter '[darkMatterProfile/radiusFractionalPivot]'
 Using default value for parameter '[mergerMassMovements/destinationStarsMinorMerger]'
 Using default value for parameter '[massDistributionDisk/componentDisk/scaleHeight]'
 Using default value for parameter '[hotHaloMassDistribution/beta]'
 Using default value for parameter '[mergerRemnantSize/ignoreUnphysicalConditions]'
 Using default value for parameter '[massDistributionSpheroid/componentSpheroid/densityNormalization]'
 Using default value for parameter '[blackHoleSeeds/mass]'
 Using default value for parameter '[blackHoleBinaryInitialSeparation/spheroidRadiusFraction]'
 Using default value for parameter '[darkMatterProfile/radiusFractionalPivot]'
 Using default value for parameter '[mergerMassMovements/destinationStarsMinorMerger]'
 Using default value for parameter '[massDistributionDisk/componentDisk/scaleHeight]'
 Using default value for parameter '[hotHaloMassDistribution/beta]'
 Using default value for parameter '[mergerRemnantSize/ignoreUnphysicalConditions]'
 Using default value for parameter '[massDistributionSpheroid/componentSpheroid/densityNormalization]'
 Using default value for parameter '[blackHoleSeeds/mass]'
 Using default value for parameter '[blackHoleBinaryInitialSeparation/spheroidRadiusFraction]'
 Using default value for parameter '[darkMatterProfile/radiusFractionalPivot]'
 Using default value for parameter '[mergerMassMovements/destinationStarsMinorMerger]'
 Using default value for parameter '[massDistributionDisk/componentDisk/scaleHeight]'
 Using default value for parameter '[hotHaloMassDistribution/beta]'
 Using default value for parameter '[mergerRemnantSize/ignoreUnphysicalConditions]'
 Using default value for parameter '[massDistributionSpheroid/componentSpheroid/densityNormalization]'
 Using default value for parameter '[blackHoleSeeds/mass]'
 Using default value for parameter '[blackHoleBinaryInitialSeparation/spheroidRadiusFraction]'
 Using default value for parameter '[darkMatterProfile/radiusFractionalPivot]'
 Using default value for parameter '[mergerMassMovements/destinationStarsMinorMerger]'
 Using default value for parameter '[massDistributionDisk/componentDisk/scaleHeight]'
 Using default value for parameter '[hotHaloMassDistribution/beta]'
 Using default value for parameter '[mergerRemnantSize/ignoreUnphysicalConditions]'
 Using default value for parameter '[massDistributionSpheroid/componentSpheroid/densityNormalization]'
 Using default value for parameter '[blackHoleSeeds/mass]'
 Using default value for parameter '[blackHoleBinaryInitialSeparation/spheroidRadiusFraction]'
 Using default value for parameter '[darkMatterProfile/radiusFractionalPivot]'
 Using default value for parameter '[mergerMassMovements/destinationStarsMinorMerger]'
 Using default value for parameter '[massDistributionDisk/componentDisk/scaleHeight]'
 Using default value for parameter '[hotHaloMassDistribution/beta]'
 Using default value for parameter '[mergerRemnantSize/ignoreUnphysicalConditions]'
 Using default value for parameter '[massDistributionSpheroid/componentSpheroid/densityNormalization]'
 Using default value for parameter '[blackHoleSeeds/mass]'
 Using default value for parameter '[blackHoleBinaryInitialSeparation/spheroidRadiusFraction]'
 Using default value for parameter '[darkMatterProfile/radiusFractionalPivot]'
 Using default value for parameter '[mergerMassMovements/destinationStarsMinorMerger]'
 Using default value for parameter '[massDistributionDisk/componentDisk/scaleHeight]'
 Using default value for parameter '[hotHaloMassDistribution/beta]'
 Using default value for parameter '[mergerRemnantSize/ignoreUnphysicalConditions]'
 Using default value for parameter '[massDistributionSpheroid/componentSpheroid/densityNormalization]'
 Using default value for parameter '[blackHoleSeeds/mass]'
 Using default value for parameter '[blackHoleBinaryInitialSeparation/spheroidRadiusFraction]'
 Using default value for parameter '[darkMatterProfile/radiusFractionalPivot]'
 Using default value for parameter '[mergerMassMovements/destinationStarsMinorMerger]'
 Using default value for parameter '[massDistributionDisk/componentDisk/scaleHeight]'
 Using default value for parameter '[hotHaloMassDistribution/beta]'
 Using default value for parameter '[mergerRemnantSize/ignoreUnphysicalConditions]'
 Using default value for parameter '[massDistributionSpheroid/componentSpheroid/densityNormalization]'
 Using default value for parameter '[blackHoleSeeds/mass]'
 Using default value for parameter '[blackHoleBinaryInitialSeparation/spheroidRadiusFraction]'
 Using default value for parameter '[darkMatterProfile/radiusFractionalPivot]'
 Using default value for parameter '[mergerMassMovements/destinationStarsMinorMerger]'
 Using default value for parameter '[massDistributionDisk/componentDisk/scaleHeight]'
 Using default value for parameter '[hotHaloMassDistribution/beta]'
 Using default value for parameter '[mergerRemnantSize/ignoreUnphysicalConditions]'
 Using default value for parameter '[massDistributionSpheroid/componentSpheroid/densityNormalization]'
 Using default value for parameter '[blackHoleSeeds/mass]'
 Using default value for parameter '[blackHoleBinaryInitialSeparation/spheroidRadiusFraction]'
 Using default value for parameter '[darkMatterProfile/radiusFractionalPivot]'
 Using default value for parameter '[mergerMassMovements/destinationStarsMinorMerger]'
 Using default value for parameter '[massDistributionDisk/componentDisk/scaleHeight]'
 Using default value for parameter '[hotHaloMassDistribution/beta]'
 Using default value for parameter '[mergerRemnantSize/ignoreUnphysicalConditions]'
 Using default value for parameter '[massDistributionSpheroid/componentSpheroid/densityNormalization]'
 Using default value for parameter '[blackHoleSeeds/mass]'
 Using default value for parameter '[blackHoleBinaryInitialSeparation/spheroidRadiusFraction]'
 Using default value for parameter '[darkMatterProfile/radiusFractionalPivot]'
 Using default value for parameter '[mergerMassMovements/destinationStarsMinorMerger]'
 Using default value for parameter '[massDistributionDisk/componentDisk/scaleHeight]'
 Using default value for parameter '[hotHaloMassDistribution/beta]'
 Using default value for parameter '[mergerRemnantSize/ignoreUnphysicalConditions]'
 Using default value for parameter '[massDistributionSpheroid/componentSpheroid/densityNormalization]'
 Using default value for parameter '[blackHoleSeeds/mass]'
 Using default value for parameter '[blackHoleBinaryInitialSeparation/spheroidRadiusFraction]'
 Using default value for parameter '[darkMatterProfile/radiusFractionalPivot]'
 Using default value for parameter '[mergerMassMovements/destinationStarsMinorMerger]'
 Using default value for parameter '[massDistributionDisk/componentDisk/scaleHeight]'
 Using default value for parameter '[hotHaloMassDistribution/beta]'
 Using default value for parameter '[mergerRemnantSize/ignoreUnphysicalConditions]'
 Using default value for parameter '[massDistributionSpheroid/componentSpheroid/densityNormalization]'
 Using default value for parameter '[blackHoleSeeds/mass]'
 Using default value for parameter '[blackHoleBinaryInitialSeparation/spheroidRadiusFraction]'
 Using default value for parameter '[darkMatterProfile/radiusFractionalPivot]'
 Using default value for parameter '[mergerMassMovements/destinationStarsMinorMerger]'
 Using default value for parameter '[massDistributionDisk/componentDisk/scaleHeight]'
 Using default value for parameter '[hotHaloMassDistribution/beta]'
 Using default value for parameter '[mergerRemnantSize/ignoreUnphysicalConditions]'
 Using default value for parameter '[massDistributionSpheroid/componentSpheroid/densityNormalization]'
 Using default value for parameter '[blackHoleSeeds/mass]'
 Using default value for parameter '[blackHoleBinaryInitialSeparation/spheroidRadiusFraction]'
 Using default value for parameter '[darkMatterProfile/radiusFractionalPivot]'
 Using default value for parameter '[mergerMassMovements/destinationStarsMinorMerger]'
 Using default value for parameter '[massDistributionDisk/componentDisk/scaleHeight]'
 Using default value for parameter '[hotHaloMassDistribution/beta]'
 Using default value for parameter '[mergerRemnantSize/ignoreUnphysicalConditions]'
 Using default value for parameter '[massDistributionSpheroid/componentSpheroid/densityNormalization]'
 Using default value for parameter '[blackHoleSeeds/mass]'
 Using default value for parameter '[blackHoleBinaryInitialSeparation/spheroidRadiusFraction]'
 Using default value for parameter '[darkMatterProfile/radiusFractionalPivot]'
 Using default value for parameter '[mergerMassMovements/destinationStarsMinorMerger]'
 Using default value for parameter '[massDistributionDisk/componentDisk/scaleHeight]'
 Using default value for parameter '[hotHaloMassDistribution/beta]'
 Using default value for parameter '[mergerRemnantSize/ignoreUnphysicalConditions]'
 Using default value for parameter '[massDistributionSpheroid/componentSpheroid/densityNormalization]'
 Using default value for parameter '[blackHoleSeeds/mass]'
 Using default value for parameter '[blackHoleBinaryInitialSeparation/spheroidRadiusFraction]'
 Using default value for parameter '[darkMatterProfile/radiusFractionalPivot]'
 Using default value for parameter '[mergerMassMovements/destinationStarsMinorMerger]'
 Using default value for parameter '[massDistributionDisk/componentDisk/scaleHeight]'
 Using default value for parameter '[hotHaloMassDistribution/beta]'
 Using default value for parameter '[mergerRemnantSize/ignoreUnphysicalConditions]'
 Using default value for parameter '[massDistributionSpheroid/componentSpheroid/densityNormalization]'
 Using default value for parameter '[blackHoleSeeds/mass]'
 Using default value for parameter '[blackHoleBinaryInitialSeparation/spheroidRadiusFraction]'
 Using default value for parameter '[darkMatterProfile/radiusFractionalPivot]'
 Using default value for parameter '[mergerMassMovements/destinationStarsMinorMerger]'
 Using default value for parameter '[massDistributionDisk/componentDisk/scaleHeight]'
 Using default value for parameter '[hotHaloMassDistribution/beta]'
 Using default value for parameter '[mergerRemnantSize/ignoreUnphysicalConditions]'
 Using default value for parameter '[massDistributionSpheroid/componentSpheroid/densityNormalization]'
 Using default value for parameter '[blackHoleSeeds/mass]'
 Using default value for parameter '[blackHoleBinaryInitialSeparation/spheroidRadiusFraction]'
 Using default value for parameter '[darkMatterProfile/radiusFractionalPivot]'
 Using default value for parameter '[mergerMassMovements/destinationStarsMinorMerger]'
 Using default value for parameter '[massDistributionDisk/componentDisk/scaleHeight]'
 Using default value for parameter '[hotHaloMassDistribution/beta]'
 Using default value for parameter '[mergerRemnantSize/ignoreUnphysicalConditions]'
 Using default value for parameter '[massDistributionSpheroid/componentSpheroid/densityNormalization]'
 Using default value for parameter '[blackHoleSeeds/mass]'
 Using default value for parameter '[blackHoleBinaryInitialSeparation/spheroidRadiusFraction]'
 Using default value for parameter '[darkMatterProfile/radiusFractionalPivot]'
 Using default value for parameter '[mergerMassMovements/destinationStarsMinorMerger]'
 Using default value for parameter '[massDistributionDisk/componentDisk/scaleHeight]'
 Using default value for parameter '[hotHaloMassDistribution/beta]'
 Using default value for parameter '[mergerRemnantSize/ignoreUnphysicalConditions]'
 Using default value for parameter '[massDistributionSpheroid/componentSpheroid/densityNormalization]'
 Using default value for parameter '[blackHoleSeeds/mass]'
 Using default value for parameter '[blackHoleBinaryInitialSeparation/spheroidRadiusFraction]'
 Using default value for parameter '[darkMatterProfile/radiusFractionalPivot]'
 Using default value for parameter '[mergerMassMovements/destinationStarsMinorMerger]'
 Using default value for parameter '[massDistributionDisk/componentDisk/scaleHeight]'
 Using default value for parameter '[hotHaloMassDistribution/beta]'
 Using default value for parameter '[mergerRemnantSize/ignoreUnphysicalConditions]'
 Using default value for parameter '[massDistributionSpheroid/componentSpheroid/densityNormalization]'
 Using default value for parameter '[blackHoleSeeds/mass]'
 Using default value for parameter '[blackHoleBinaryInitialSeparation/spheroidRadiusFraction]'
 Using default value for parameter '[darkMatterProfile/radiusFractionalPivot]'
 Using default value for parameter '[mergerMassMovements/destinationStarsMinorMerger]'
 Using default value for parameter '[massDistributionDisk/componentDisk/scaleHeight]'
 Using default value for parameter '[hotHaloMassDistribution/beta]'
 Using default value for parameter '[mergerRemnantSize/ignoreUnphysicalConditions]'
 Using default value for parameter '[massDistributionSpheroid/componentSpheroid/densityNormalization]'
 Using default value for parameter '[blackHoleSeeds/mass]'
 Using default value for parameter '[blackHoleBinaryInitialSeparation/spheroidRadiusFraction]'
 Using default value for parameter '[darkMatterProfile/radiusFractionalPivot]'
 Using default value for parameter '[mergerMassMovements/destinationStarsMinorMerger]'
 Using default value for parameter '[massDistributionDisk/componentDisk/scaleHeight]'
 Using default value for parameter '[hotHaloMassDistribution/beta]'
 Using default value for parameter '[mergerRemnantSize/ignoreUnphysicalConditions]'
 Using default value for parameter '[massDistributionSpheroid/componentSpheroid/densityNormalization]'
 Using default value for parameter '[blackHoleSeeds/mass]'
 Using default value for parameter '[blackHoleBinaryInitialSeparation/spheroidRadiusFraction]'
 Using default value for parameter '[darkMatterProfile/radiusFractionalPivot]'
 Using default value for parameter '[mergerMassMovements/destinationStarsMinorMerger]'
 Using default value for parameter '[massDistributionDisk/componentDisk/scaleHeight]'
 Using default value for parameter '[hotHaloMassDistribution/beta]'
 Using default value for parameter '[mergerRemnantSize/ignoreUnphysicalConditions]'
 Using default value for parameter '[massDistributionSpheroid/componentSpheroid/densityNormalization]'
 Using default value for parameter '[blackHoleSeeds/mass]'
 Using default value for parameter '[blackHoleBinaryInitialSeparation/spheroidRadiusFraction]'
 Using default value for parameter '[darkMatterProfile/radiusFractionalPivot]'
 Using default value for parameter '[mergerMassMovements/destinationStarsMinorMerger]'
 Using default value for parameter '[massDistributionDisk/componentDisk/scaleHeight]'
 Using default value for parameter '[hotHaloMassDistribution/beta]'
 Using default value for parameter '[mergerRemnantSize/ignoreUnphysicalConditions]'
 Using default value for parameter '[massDistributionSpheroid/componentSpheroid/densityNormalization]'
 Using default value for parameter '[blackHoleSeeds/mass]'
 Using default value for parameter '[blackHoleBinaryInitialSeparation/spheroidRadiusFraction]'
 Using default value for parameter '[darkMatterProfile/radiusFractionalPivot]'
 Using default value for parameter '[mergerMassMovements/destinationStarsMinorMerger]'
 Using default value for parameter '[massDistributionDisk/componentDisk/scaleHeight]'
 Using default value for parameter '[hotHaloMassDistribution/beta]'
 Using default value for parameter '[mergerRemnantSize/ignoreUnphysicalConditions]'
 Using default value for parameter '[massDistributionSpheroid/componentSpheroid/densityNormalization]'
 Using default value for parameter '[blackHoleSeeds/mass]'
 Using default value for parameter '[blackHoleBinaryInitialSeparation/spheroidRadiusFraction]'
 Using default value for parameter '[darkMatterProfile/radiusFractionalPivot]'
 Using default value for parameter '[mergerMassMovements/destinationStarsMinorMerger]'
 Using default value for parameter '[massDistributionDisk/componentDisk/scaleHeight]'
 Using default value for parameter '[hotHaloMassDistribution/beta]'
 Using default value for parameter '[mergerRemnantSize/ignoreUnphysicalConditions]'
 Using default value for parameter '[massDistributionSpheroid/componentSpheroid/densityNormalization]'
 Using default value for parameter '[blackHoleSeeds/mass]'
 Using default value for parameter '[blackHoleBinaryInitialSeparation/spheroidRadiusFraction]'
 Using default value for parameter '[darkMatterProfile/radiusFractionalPivot]'
 Using default value for parameter '[mergerMassMovements/destinationStarsMinorMerger]'
 Using default value for parameter '[massDistributionDisk/componentDisk/scaleHeight]'
 Using default value for parameter '[hotHaloMassDistribution/beta]'
 Using default value for parameter '[mergerRemnantSize/ignoreUnphysicalConditions]'
 Using default value for parameter '[massDistributionSpheroid/componentSpheroid/densityNormalization]'
 Using default value for parameter '[blackHoleSeeds/mass]'
 Using default value for parameter '[blackHoleBinaryInitialSeparation/spheroidRadiusFraction]'
 Using default value for parameter '[darkMatterProfile/radiusFractionalPivot]'
 Using default value for parameter '[mergerMassMovements/destinationStarsMinorMerger]'
 Using default value for parameter '[massDistributionDisk/componentDisk/scaleHeight]'
 Using default value for parameter '[hotHaloMassDistribution/beta]'
 Using default value for parameter '[mergerRemnantSize/ignoreUnphysicalConditions]'
 Using default value for parameter '[massDistributionSpheroid/componentSpheroid/densityNormalization]'
 Using default value for parameter '[blackHoleSeeds/mass]'
 Using default value for parameter '[blackHoleBinaryInitialSeparation/spheroidRadiusFraction]'
 Using default value for parameter '[darkMatterProfile/radiusFractionalPivot]'
 Using default value for parameter '[mergerMassMovements/destinationStarsMinorMerger]'
 Using default value for parameter '[massDistributionDisk/componentDisk/scaleHeight]'
 Using default value for parameter '[hotHaloMassDistribution/beta]'
 Using default value for parameter '[mergerRemnantSize/ignoreUnphysicalConditions]'
 Using default value for parameter '[massDistributionSpheroid/componentSpheroid/densityNormalization]'
 Using default value for parameter '[blackHoleSeeds/mass]'
 Using default value for parameter '[blackHoleBinaryInitialSeparation/spheroidRadiusFraction]'
 Using default value for parameter '[darkMatterProfile/radiusFractionalPivot]'
 Using default value for parameter '[mergerMassMovements/destinationStarsMinorMerger]'
 Using default value for parameter '[massDistributionDisk/componentDisk/scaleHeight]'
 Using default value for parameter '[hotHaloMassDistribution/beta]'
 Using default value for parameter '[mergerRemnantSize/ignoreUnphysicalConditions]'
 Using default value for parameter '[massDistributionSpheroid/componentSpheroid/densityNormalization]'
 Using default value for parameter '[blackHoleSeeds/mass]'
 Using default value for parameter '[blackHoleBinaryInitialSeparation/spheroidRadiusFraction]'
 Using default value for parameter '[darkMatterProfile/radiusFractionalPivot]'
 Using default value for parameter '[mergerMassMovements/destinationStarsMinorMerger]'
 Using default value for parameter '[massDistributionDisk/componentDisk/scaleHeight]'
 Using default value for parameter '[hotHaloMassDistribution/beta]'
 Using default value for parameter '[mergerRemnantSize/ignoreUnphysicalConditions]'
 Using default value for parameter '[massDistributionSpheroid/componentSpheroid/densityNormalization]'
 Using default value for parameter '[blackHoleSeeds/mass]'
 Using default value for parameter '[blackHoleBinaryInitialSeparation/spheroidRadiusFraction]'
 Using default value for parameter '[darkMatterProfile/radiusFractionalPivot]'
 Using default value for parameter '[mergerMassMovements/destinationStarsMinorMerger]'
 Using default value for parameter '[massDistributionDisk/componentDisk/scaleHeight]'
 Using default value for parameter '[hotHaloMassDistribution/beta]'
 Using default value for parameter '[mergerRemnantSize/ignoreUnphysicalConditions]'
004:     <- Finished tree
004:     Progress: 4612 trees processed; elapsed 1.12 d
089:         Output tree data at t=13.80 Gyr (output 1 of 1)
089:     <- Finished tree
089:     -> Evolving tree number 4791 {1}
004:     -> Evolving tree number 3980 {1}
108:         Output tree data at t=13.80 Gyr (output 1 of 1)
108:     <- Finished tree
108:     -> Evolving tree number 4644 {1}
083:         Output tree data at t=13.80 Gyr (output 1 of 1)
083:     <- Finished tree
083:     -> Evolving tree number 5949 {1}
105:         Output tree data at t=13.80 Gyr (output 1 of 1)
105:     <- Finished tree
105:     Progress: 4616 trees processed; elapsed 1.12 d
011:         Output tree data at t=13.80 Gyr (output 1 of 1)
011:     <- Finished tree
011:     -> Evolving tree number 4613 {1}
016:         Output tree data at t=13.80 Gyr (output 1 of 1)
016:     <- Finished tree
016:     -> Evolving tree number 3968 {1}
055:         Output tree data at t=13.80 Gyr (output 1 of 1)
055:     <- Finished tree
055:     Progress: 4619 trees processed; elapsed 1.12 d
034:         Output tree data at t=13.80 Gyr (output 1 of 1)
034:     <- Finished tree
055:     -> Evolving tree number 5721 {1}
105:     -> Evolving tree number 5415 {1}
034:     -> Evolving tree number 5230 {1}
 Using default value for parameter '[massDistributionSpheroid/componentSpheroid/densityNormalization]'
 Using default value for parameter '[blackHoleSeeds/mass]'
 Using default value for parameter '[blackHoleBinaryInitialSeparation/spheroidRadiusFraction]'
 Using default value for parameter '[darkMatterProfile/radiusFractionalPivot]'
 Using default value for parameter '[mergerMassMovements/destinationStarsMinorMerger]'
 Using default value for parameter '[massDistributionDisk/componentDisk/scaleHeight]'
 Using default value for parameter '[hotHaloMassDistribution/beta]'
 Using default value for parameter '[mergerRemnantSize/ignoreUnphysicalConditions]'
 Using default value for parameter '[massDistributionSpheroid/componentSpheroid/densityNormalization]'
 failed to find converged solution for galactic structure radii
 failed to find converged solution for galactic structure radii
 => For help diagnosing this error, see the troubleshooting guide:
      https://galacticus.readthedocs.io/en/latest/manuals/user-guide/troubleshooting/index.html
 => This is unexpected and most likely indicates a bug. Please report it (include the message and backtrace above, plus your parameter file):
      https://github.com/galacticusorg/galacticus/issues/new/choose
 => Note: backtrace line numbers refer to the preprocessed sources under work/build/ (files ending in .p.F90).
